Timestamp_ET,LeakRate_Lpm
2026-03-28 21:05:19.000,3.6
2026-03-28 21:05:25.000,3.6
2026-03-28 21:05:25.000,0
2026-03-28 21:05:33.000,0
2026-03-28 21:05:33.000,1.2
2026-03-28 21:05:39.000,1.2
2026-03-28 21:05:39.000,3.6
2026-03-28 21:05:43.000,3.6
2026-03-28 21:05:43.000,2.4
2026-03-28 21:05:47.000,2.4
2026-03-28 21:05:47.000,6
2026-03-28 21:05:49.000,6
2026-03-28 21:05:49.000,2.4
2026-03-28 21:05:51.000,2.4
2026-03-28 21:05:51.000,4.8
2026-03-28 21:05:53.000,4.8
2026-03-28 21:05:53.000,2.4
2026-03-28 21:05:55.000,2.4
2026-03-28 21:05:55.000,1.2
2026-03-28 21:05:57.000,1.2
2026-03-28 21:05:57.000,3.6
2026-03-28 21:06:01.000,3.6
2026-03-28 21:06:01.000,2.4
2026-03-28 21:06:03.000,2.4
2026-03-28 21:06:03.000,1.2
2026-03-28 21:06:05.000,1.2
2026-03-28 21:06:05.000,2.4
2026-03-28 21:06:07.000,2.4
2026-03-28 21:06:07.000,3.6
2026-03-28 21:06:13.000,3.6
2026-03-28 21:06:13.000,4.8
2026-03-28 21:06:19.000,4.8
2026-03-28 21:06:19.000,6
2026-03-28 21:06:23.000,6
2026-03-28 21:06:23.000,4.8
2026-03-28 21:06:25.000,4.8
2026-03-28 21:06:25.000,6
2026-03-28 21:06:27.000,6
2026-03-28 21:06:27.000,8.4
2026-03-28 21:06:29.000,8.4
2026-03-28 21:06:29.000,3.6
2026-03-28 21:06:31.000,3.6
2026-03-28 21:06:31.000,4.8
2026-03-28 21:06:33.000,4.8
2026-03-28 21:06:33.000,2.4
2026-03-28 21:06:35.000,2.4
2026-03-28 21:06:35.000,1.2
2026-03-28 21:06:49.000,1.2
2026-03-28 21:06:49.000,4.8
2026-03-28 21:06:51.000,4.8
2026-03-28 21:06:51.000,0
2026-03-28 21:07:07.000,0
2026-03-28 21:07:07.000,1.2
2026-03-28 21:07:21.000,1.2
2026-03-28 21:07:21.000,2.4
2026-03-28 21:07:23.000,2.4
2026-03-28 21:07:23.000,1.2
2026-03-28 21:07:25.000,1.2
2026-03-28 21:07:25.000,0
2026-03-28 21:07:27.000,0
2026-03-28 21:07:27.000,1.2
2026-03-28 21:07:47.000,1.2
2026-03-28 21:07:47.000,0
2026-03-28 21:07:49.000,0
2026-03-28 21:07:49.000,1.2
2026-03-28 21:07:51.000,1.2
2026-03-28 21:07:51.000,2.4
2026-03-28 21:07:59.000,2.4
2026-03-28 21:07:59.000,1.2
2026-03-28 21:08:03.000,1.2
2026-03-28 21:08:03.000,2.4
2026-03-28 21:08:09.000,2.4
2026-03-28 21:08:09.000,1.2
2026-03-28 21:08:13.000,1.2
2026-03-28 21:08:13.000,2.4
2026-03-28 21:08:17.000,2.4
2026-03-28 21:08:17.000,1.2
2026-03-28 21:08:27.000,1.2
2026-03-28 21:08:27.000,2.4
2026-03-28 21:08:31.000,2.4
2026-03-28 21:08:31.000,0
2026-03-28 21:08:49.000,0
2026-03-28 21:08:49.000,1.2
2026-03-28 21:09:01.000,1.2
2026-03-28 21:09:01.000,2.4
2026-03-28 21:09:07.000,2.4
2026-03-28 21:09:07.000,1.2
2026-03-28 21:09:19.000,1.2
2026-03-28 21:09:19.000,2.4
2026-03-28 21:09:25.000,2.4
2026-03-28 21:09:25.000,1.2
2026-03-28 21:09:41.000,1.2
2026-03-28 21:09:41.000,2.4
2026-03-28 21:09:43.000,2.4
2026-03-28 21:09:43.000,0
2026-03-28 21:09:47.000,0
2026-03-28 21:09:47.000,2.4
2026-03-28 21:09:49.000,2.4
2026-03-28 21:09:49.000,3.6
2026-03-28 21:09:51.000,3.6
2026-03-28 21:09:51.000,2.4
2026-03-28 21:09:53.000,2.4
2026-03-28 21:09:53.000,7.2
2026-03-28 21:09:55.000,7.2
2026-03-28 21:09:55.000,4.8
2026-03-28 21:09:57.000,4.8
2026-03-28 21:09:57.000,3.6
2026-03-28 21:09:59.000,3.6
2026-03-28 21:09:59.000,2.4
2026-03-28 21:10:01.000,2.4
2026-03-28 21:10:01.000,1.2
2026-03-28 21:10:03.000,1.2
2026-03-28 21:10:03.000,0
2026-03-28 21:10:13.000,0
2026-03-28 21:10:13.000,1.2
2026-03-28 21:10:31.000,1.2
2026-03-28 21:10:31.000,2.4
2026-03-28 21:10:33.000,2.4
2026-03-28 21:10:33.000,0
2026-03-28 21:10:35.000,0
2026-03-28 21:10:35.000,1.2
2026-03-28 21:10:37.000,1.2
2026-03-28 21:10:37.000,0
2026-03-28 21:10:43.000,0
2026-03-28 21:10:43.000,1.2
2026-03-28 21:10:45.000,1.2
2026-03-28 21:10:45.000,2.4
2026-03-28 21:10:53.000,2.4
2026-03-28 21:10:53.000,1.2
2026-03-28 21:11:41.000,1.2
2026-03-28 21:11:41.000,0
2026-03-28 21:11:43.000,0
2026-03-28 21:11:43.000,1.2
2026-03-28 21:11:49.000,1.2
2026-03-28 21:11:49.000,0
2026-03-28 21:11:51.000,0
2026-03-28 21:11:51.000,1.2
2026-03-28 21:12:11.000,1.2
2026-03-28 21:12:11.000,2.4
2026-03-28 21:12:15.000,2.4
2026-03-28 21:12:15.000,1.2
2026-03-28 21:12:39.000,1.2
2026-03-28 21:12:39.000,0
2026-03-28 21:12:41.000,0
2026-03-28 21:12:41.000,1.2
2026-03-28 21:12:43.000,1.2
2026-03-28 21:12:43.000,2.4
2026-03-28 21:12:47.000,2.4
2026-03-28 21:12:47.000,3.6
2026-03-28 21:12:55.000,3.6
2026-03-28 21:12:55.000,2.4
2026-03-28 21:12:57.000,2.4
2026-03-28 21:12:57.000,3.6
2026-03-28 21:13:03.000,3.6
2026-03-28 21:13:03.000,2.4
2026-03-28 21:13:05.000,2.4
2026-03-28 21:13:05.000,3.6
2026-03-28 21:13:07.000,3.6
2026-03-28 21:13:07.000,2.4
2026-03-28 21:13:11.000,2.4
2026-03-28 21:13:11.000,1.2
2026-03-28 21:13:17.000,1.2
2026-03-28 21:13:17.000,2.4
2026-03-28 21:13:31.000,2.4
2026-03-28 21:13:31.000,1.2
2026-03-28 21:14:01.000,1.2
2026-03-28 21:14:01.000,0
2026-03-28 21:14:05.000,0
2026-03-28 21:14:05.000,1.2
2026-03-28 21:14:13.000,1.2
2026-03-28 21:14:13.000,2.4
2026-03-28 21:14:21.000,2.4
2026-03-28 21:14:21.000,1.2
2026-03-28 21:14:47.000,1.2
2026-03-28 21:14:47.000,2.4
2026-03-28 21:14:55.000,2.4
2026-03-28 21:14:55.000,1.2
2026-03-28 21:15:03.000,1.2
2026-03-28 21:15:03.000,2.4
2026-03-28 21:15:07.000,2.4
2026-03-28 21:15:07.000,4.8
2026-03-28 21:15:09.000,4.8
2026-03-28 21:15:09.000,3.6
2026-03-28 21:15:11.000,3.6
2026-03-28 21:15:11.000,2.4
2026-03-28 21:15:13.000,2.4
2026-03-28 21:15:13.000,4.8
2026-03-28 21:15:17.000,4.8
2026-03-28 21:15:17.000,7.2
2026-03-28 21:15:19.000,7.2
2026-03-28 21:15:19.000,4.8
2026-03-28 21:15:21.000,4.8
2026-03-28 21:15:21.000,3.6
2026-03-28 21:15:25.000,3.6
2026-03-28 21:15:25.000,4.8
2026-03-28 21:15:29.000,4.8
2026-03-28 21:15:29.000,3.6
2026-03-28 21:15:31.000,3.6
2026-03-28 21:15:31.000,2.4
2026-03-28 21:15:35.000,2.4
2026-03-28 21:15:35.000,1.2
2026-03-28 21:15:43.000,1.2
2026-03-28 21:15:43.000,0
2026-03-28 21:15:47.000,0
2026-03-28 21:15:47.000,1.2
2026-03-28 21:15:51.000,1.2
2026-03-28 21:15:51.000,0
2026-03-28 21:15:57.000,0
2026-03-28 21:15:57.000,1.2
2026-03-28 21:16:11.000,1.2
2026-03-28 21:16:11.000,0
2026-03-28 21:16:23.000,0
2026-03-28 21:16:23.000,1.2
2026-03-28 21:16:25.000,1.2
2026-03-28 21:16:25.000,2.4
2026-03-28 21:16:27.000,2.4
2026-03-28 21:16:27.000,0
2026-03-28 21:16:55.000,0
2026-03-28 21:16:55.000,1.2
2026-03-28 21:17:33.000,1.2
2026-03-28 21:17:33.000,0
2026-03-28 21:17:37.000,0
2026-03-28 21:17:37.000,1.2
2026-03-28 21:17:49.000,1.2
2026-03-28 21:17:49.000,2.4
2026-03-28 21:17:55.000,2.4
2026-03-28 21:17:55.000,1.2
2026-03-28 21:18:03.000,1.2
2026-03-28 21:18:03.000,2.4
2026-03-28 21:18:05.000,2.4
2026-03-28 21:18:05.000,1.2
2026-03-28 21:18:07.000,1.2
2026-03-28 21:18:07.000,0
2026-03-28 21:18:45.000,0
2026-03-28 21:18:45.000,1.2
2026-03-28 21:18:49.000,1.2
2026-03-28 21:18:49.000,4.8
2026-03-28 21:18:53.000,4.8
2026-03-28 21:18:53.000,7.2
2026-03-28 21:18:55.000,7.2
2026-03-28 21:18:55.000,4.8
2026-03-28 21:18:59.000,4.8
2026-03-28 21:18:59.000,3.6
2026-03-28 21:19:03.000,3.6
2026-03-28 21:19:03.000,2.4
2026-03-28 21:19:05.000,2.4
2026-03-28 21:19:05.000,1.2
2026-03-28 21:19:11.000,1.2
2026-03-28 21:19:11.000,0
2026-03-28 21:19:15.000,0
2026-03-28 21:19:15.000,1.2
2026-03-28 21:19:19.000,1.2
2026-03-28 21:19:19.000,2.4
2026-03-28 21:19:21.000,2.4
2026-03-28 21:19:21.000,1.2
2026-03-28 21:19:27.000,1.2
2026-03-28 21:19:27.000,0
2026-03-28 21:19:29.000,0
2026-03-28 21:19:29.000,1.2
2026-03-28 21:19:43.000,1.2
2026-03-28 21:19:43.000,0
2026-03-28 21:19:47.000,0
2026-03-28 21:19:47.000,1.2
2026-03-28 21:19:53.000,1.2
2026-03-28 21:19:53.000,0
2026-03-28 21:19:59.000,0
2026-03-28 21:19:59.000,1.2
2026-03-28 21:20:57.000,1.2
2026-03-28 21:20:57.000,2.4
2026-03-28 21:20:59.000,2.4
2026-03-28 21:20:59.000,0
2026-03-28 21:21:03.000,0
2026-03-28 21:21:03.000,1.2
2026-03-28 21:21:05.000,1.2
2026-03-28 21:21:05.000,3.6
2026-03-28 21:21:11.000,3.6
2026-03-28 21:21:11.000,1.2
2026-03-28 21:21:13.000,1.2
2026-03-28 21:21:13.000,2.4
2026-03-28 21:21:15.000,2.4
2026-03-28 21:21:15.000,4.8
2026-03-28 21:21:17.000,4.8
2026-03-28 21:21:17.000,6
2026-03-28 21:21:19.000,6
2026-03-28 21:21:19.000,0
2026-03-28 21:21:33.000,0
2026-03-28 21:21:33.000,1.2
2026-03-28 21:21:35.000,1.2
2026-03-28 21:21:35.000,2.4
2026-03-28 21:21:39.000,2.4
2026-03-28 21:21:39.000,1.2
2026-03-28 21:21:41.000,1.2
2026-03-28 21:21:41.000,2.4
2026-03-28 21:21:43.000,2.4
2026-03-28 21:21:43.000,3.6
2026-03-28 21:21:47.000,3.6
2026-03-28 21:21:47.000,2.4
2026-03-28 21:21:49.000,2.4
2026-03-28 21:21:49.000,1.2
2026-03-28 21:21:55.000,1.2
2026-03-28 21:21:55.000,2.4
2026-03-28 21:22:03.000,2.4
2026-03-28 21:22:03.000,1.2
2026-03-28 21:22:07.000,1.2
2026-03-28 21:22:07.000,3.6
2026-03-28 21:22:15.000,3.6
2026-03-28 21:22:15.000,4.8
2026-03-28 21:22:25.000,4.8
2026-03-28 21:22:25.000,6
2026-03-28 21:22:27.000,6
2026-03-28 21:22:27.000,4.8
2026-03-28 21:22:31.000,4.8
2026-03-28 21:22:31.000,2.4
2026-03-28 21:22:35.000,2.4
2026-03-28 21:22:35.000,1.2
2026-03-28 21:22:37.000,1.2
2026-03-28 21:22:37.000,2.4
2026-03-28 21:22:43.000,2.4
2026-03-28 21:22:43.000,1.2
2026-03-28 21:22:45.000,1.2
2026-03-28 21:22:45.000,0
2026-03-28 21:22:49.000,0
2026-03-28 21:22:49.000,1.2
2026-03-28 21:22:51.000,1.2
2026-03-28 21:22:51.000,4.8
2026-03-28 21:22:53.000,4.8
2026-03-28 21:22:53.000,3.6
2026-03-28 21:22:59.000,3.6
2026-03-28 21:22:59.000,4.8
2026-03-28 21:23:01.000,4.8
2026-03-28 21:23:01.000,3.6
2026-03-28 21:23:03.000,3.6
2026-03-28 21:23:03.000,2.4
2026-03-28 21:23:05.000,2.4
2026-03-28 21:23:05.000,1.2
2026-03-28 21:23:09.000,1.2
2026-03-28 21:23:09.000,2.4
2026-03-28 21:23:13.000,2.4
2026-03-28 21:23:13.000,1.2
2026-03-28 21:23:17.000,1.2
2026-03-28 21:23:17.000,2.4
2026-03-28 21:23:19.000,2.4
2026-03-28 21:23:19.000,1.2
2026-03-28 21:23:25.000,1.2
2026-03-28 21:23:25.000,0
2026-03-28 21:23:29.000,0
2026-03-28 21:23:29.000,1.2
2026-03-28 21:23:33.000,1.2
2026-03-28 21:23:33.000,0
2026-03-28 21:23:41.000,0
2026-03-28 21:23:41.000,1.2
2026-03-28 21:23:45.000,1.2
2026-03-28 21:23:45.000,0
2026-03-28 21:23:47.000,0
2026-03-28 21:23:47.000,1.2
2026-03-28 21:23:53.000,1.2
2026-03-28 21:23:53.000,0
2026-03-28 21:24:05.000,0
2026-03-28 21:24:05.000,1.2
2026-03-28 21:24:07.000,1.2
2026-03-28 21:24:07.000,0
2026-03-28 21:24:13.000,0
2026-03-28 21:24:13.000,1.2
2026-03-28 21:24:19.000,1.2
2026-03-28 21:24:19.000,2.4
2026-03-28 21:24:23.000,2.4
2026-03-28 21:24:23.000,1.2
2026-03-28 21:24:25.000,1.2
2026-03-28 21:24:25.000,2.4
2026-03-28 21:24:29.000,2.4
2026-03-28 21:24:29.000,3.6
2026-03-28 21:24:31.000,3.6
2026-03-28 21:24:31.000,2.4
2026-03-28 21:24:35.000,2.4
2026-03-28 21:24:35.000,1.2
2026-03-28 21:24:37.000,1.2
2026-03-28 21:24:37.000,2.4
2026-03-28 21:24:39.000,2.4
2026-03-28 21:24:39.000,1.2
2026-03-28 21:24:49.000,1.2
2026-03-28 21:24:49.000,0
2026-03-28 21:24:51.000,0
2026-03-28 21:24:51.000,1.2
2026-03-28 21:24:59.000,1.2
2026-03-28 21:24:59.000,2.4
2026-03-28 21:25:01.000,2.4
2026-03-28 21:25:01.000,1.2
2026-03-28 21:25:03.000,1.2
2026-03-28 21:25:03.000,2.4
2026-03-28 21:25:07.000,2.4
2026-03-28 21:25:07.000,1.2
2026-03-28 21:25:09.000,1.2
2026-03-28 21:25:09.000,2.4
2026-03-28 21:25:11.000,2.4
2026-03-28 21:25:11.000,0
2026-03-28 21:25:39.000,0
2026-03-28 21:25:39.000,2.4
2026-03-28 21:25:41.000,2.4
2026-03-28 21:25:41.000,3.6
2026-03-28 21:25:45.000,3.6
2026-03-28 21:25:45.000,4.8
2026-03-28 21:25:47.000,4.8
2026-03-28 21:25:47.000,2.4
2026-03-28 21:25:49.000,2.4
2026-03-28 21:25:49.000,1.2
2026-03-28 21:25:51.000,1.2
2026-03-28 21:25:51.000,0
2026-03-28 21:25:53.000,0
2026-03-28 21:25:53.000,1.2
2026-03-28 21:25:55.000,1.2
2026-03-28 21:25:55.000,3.6
2026-03-28 21:25:57.000,3.6
2026-03-28 21:25:57.000,6
2026-03-28 21:25:59.000,6
2026-03-28 21:25:59.000,3.6
2026-03-28 21:26:03.000,3.6
2026-03-28 21:26:03.000,2.4
2026-03-28 21:26:11.000,2.4
2026-03-28 21:26:11.000,1.2
2026-03-28 21:26:21.000,1.2
2026-03-28 21:26:21.000,2.4
2026-03-28 21:26:31.000,2.4
2026-03-28 21:26:31.000,1.2
2026-03-28 21:26:35.000,1.2
2026-03-28 21:26:35.000,2.4
2026-03-28 21:26:37.000,2.4
2026-03-28 21:26:37.000,3.6
2026-03-28 21:26:41.000,3.6
2026-03-28 21:26:41.000,4.8
2026-03-28 21:26:43.000,4.8
2026-03-28 21:26:43.000,3.6
2026-03-28 21:26:49.000,3.6
2026-03-28 21:26:49.000,4.8
2026-03-28 21:26:51.000,4.8
2026-03-28 21:26:51.000,6
2026-03-28 21:26:53.000,6
2026-03-28 21:26:53.000,4.8
2026-03-28 21:26:55.000,4.8
2026-03-28 21:26:55.000,3.6
2026-03-28 21:26:57.000,3.6
2026-03-28 21:26:57.000,2.4
2026-03-28 21:27:01.000,2.4
2026-03-28 21:27:01.000,1.2
2026-03-28 21:27:19.000,1.2
2026-03-28 21:27:19.000,2.4
2026-03-28 21:27:27.000,2.4
2026-03-28 21:27:27.000,3.6
2026-03-28 21:27:39.000,3.6
2026-03-28 21:27:39.000,2.4
2026-03-28 21:27:41.000,2.4
2026-03-28 21:27:41.000,3.6
2026-03-28 21:27:47.000,3.6
2026-03-28 21:27:47.000,2.4
2026-03-28 21:27:49.000,2.4
2026-03-28 21:27:49.000,3.6
2026-03-28 21:27:59.000,3.6
2026-03-28 21:27:59.000,2.4
2026-03-28 21:28:05.000,2.4
2026-03-28 21:28:05.000,3.6
2026-03-28 21:28:15.000,3.6
2026-03-28 21:28:15.000,2.4
2026-03-28 21:28:19.000,2.4
2026-03-28 21:28:19.000,1.2
2026-03-28 21:28:23.000,1.2
2026-03-28 21:28:23.000,2.4
2026-03-28 21:28:25.000,2.4
2026-03-28 21:28:25.000,1.2
2026-03-28 21:28:29.000,1.2
2026-03-28 21:28:29.000,0
2026-03-28 21:28:39.000,0
2026-03-28 21:28:39.000,1.2
2026-03-28 21:28:55.000,1.2
2026-03-28 21:28:55.000,0
2026-03-28 21:29:01.000,0
2026-03-28 21:29:01.000,1.2
2026-03-28 21:29:05.000,1.2
2026-03-28 21:29:05.000,0
2026-03-28 21:29:09.000,0
2026-03-28 21:29:09.000,1.2
2026-03-28 21:29:27.000,1.2
2026-03-28 21:29:27.000,0
2026-03-28 21:29:31.000,0
2026-03-28 21:29:31.000,1.2
2026-03-28 21:29:37.000,1.2
2026-03-28 21:29:37.000,0
2026-03-28 21:29:39.000,0
2026-03-28 21:29:39.000,1.2
2026-03-28 21:29:43.000,1.2
2026-03-28 21:29:43.000,0
2026-03-28 21:29:47.000,0
2026-03-28 21:29:47.000,1.2
2026-03-28 21:29:49.000,1.2
2026-03-28 21:29:49.000,2.4
2026-03-28 21:29:55.000,2.4
2026-03-28 21:29:55.000,1.2
2026-03-28 21:29:57.000,1.2
2026-03-28 21:29:57.000,2.4
2026-03-28 21:30:07.000,2.4
2026-03-28 21:30:07.000,1.2
2026-03-28 21:30:09.000,1.2
2026-03-28 21:30:09.000,2.4
2026-03-28 21:30:11.000,2.4
2026-03-28 21:30:11.000,1.2
2026-03-28 21:30:23.000,1.2
2026-03-28 21:30:23.000,0
2026-03-28 21:30:25.000,0
2026-03-28 21:30:25.000,1.2
2026-03-28 21:30:37.000,1.2
2026-03-28 21:30:37.000,2.4
2026-03-28 21:30:43.000,2.4
2026-03-28 21:30:43.000,3.6
2026-03-28 21:30:49.000,3.6
2026-03-28 21:30:49.000,1.2
2026-03-28 21:30:51.000,1.2
2026-03-28 21:30:51.000,0
2026-03-28 21:30:53.000,0
2026-03-28 21:30:53.000,1.2
2026-03-28 21:30:57.000,1.2
2026-03-28 21:30:57.000,0
2026-03-28 21:31:11.000,0
2026-03-28 21:31:11.000,1.2
2026-03-28 21:31:33.000,1.2
2026-03-28 21:31:33.000,2.4
2026-03-28 21:31:43.000,2.4
2026-03-28 21:31:43.000,3.6
2026-03-28 21:31:49.000,3.6
2026-03-28 21:31:49.000,2.4
2026-03-28 21:31:57.000,2.4
2026-03-28 21:31:57.000,1.2
2026-03-28 21:32:05.000,1.2
2026-03-28 21:32:05.000,0
2026-03-28 21:32:15.000,0
2026-03-28 21:32:15.000,1.2
2026-03-28 21:32:19.000,1.2
2026-03-28 21:32:19.000,0
2026-03-28 21:32:27.000,0
2026-03-28 21:32:27.000,2.4
2026-03-28 21:32:29.000,2.4
2026-03-28 21:32:29.000,0
2026-03-28 21:32:31.000,0
2026-03-28 21:32:31.000,2.4
2026-03-28 21:32:33.000,2.4
2026-03-28 21:32:33.000,1.2
2026-03-28 21:32:41.000,1.2
2026-03-28 21:32:41.000,2.4
2026-03-28 21:32:43.000,2.4
2026-03-28 21:32:43.000,1.2
2026-03-28 21:32:45.000,1.2
2026-03-28 21:32:45.000,0
2026-03-28 21:32:49.000,0
2026-03-28 21:32:49.000,1.2
2026-03-28 21:33:09.000,1.2
2026-03-28 21:33:09.000,0
2026-03-28 21:33:23.000,0
2026-03-28 21:33:23.000,1.2
2026-03-28 21:33:33.000,1.2
2026-03-28 21:33:33.000,0
2026-03-28 21:33:35.000,0
2026-03-28 21:33:35.000,1.2
2026-03-28 21:33:39.000,1.2
2026-03-28 21:33:39.000,2.4
2026-03-28 21:33:41.000,2.4
2026-03-28 21:33:41.000,1.2
2026-03-28 21:33:43.000,1.2
2026-03-28 21:33:43.000,0
2026-03-28 21:33:47.000,0
2026-03-28 21:33:47.000,1.2
2026-03-28 21:33:59.000,1.2
2026-03-28 21:33:59.000,0
2026-03-28 21:34:01.000,0
2026-03-28 21:34:01.000,1.2
2026-03-28 21:34:05.000,1.2
2026-03-28 21:34:05.000,0
2026-03-28 21:34:09.000,0
2026-03-28 21:34:09.000,1.2
2026-03-28 21:34:15.000,1.2
2026-03-28 21:34:15.000,0
2026-03-28 21:34:23.000,0
2026-03-28 21:34:23.000,1.2
2026-03-28 21:34:41.000,1.2
2026-03-28 21:34:41.000,0
2026-03-28 21:34:43.000,0
2026-03-28 21:34:43.000,1.2
2026-03-28 21:34:57.000,1.2
2026-03-28 21:34:57.000,0
2026-03-28 21:35:07.000,0
2026-03-28 21:35:07.000,1.2
2026-03-28 21:35:15.000,1.2
2026-03-28 21:35:15.000,0
2026-03-28 21:35:31.000,0
2026-03-28 21:35:31.000,1.2
2026-03-28 21:35:35.000,1.2
2026-03-28 21:35:35.000,0
2026-03-28 21:35:41.000,0
2026-03-28 21:35:41.000,1.2
2026-03-28 21:35:59.000,1.2
2026-03-28 21:35:59.000,0
2026-03-28 21:36:01.000,0
2026-03-28 21:36:01.000,1.2
2026-03-28 21:36:03.000,1.2
2026-03-28 21:36:03.000,0
2026-03-28 21:36:05.000,0
2026-03-28 21:36:05.000,1.2
2026-03-28 21:36:07.000,1.2
2026-03-28 21:36:07.000,0
2026-03-28 21:36:31.000,0
2026-03-28 21:36:31.000,1.2
2026-03-28 21:36:35.000,1.2
2026-03-28 21:36:35.000,2.4
2026-03-28 21:36:39.000,2.4
2026-03-28 21:36:39.000,1.2
2026-03-28 21:37:03.000,1.2
2026-03-28 21:37:03.000,0
2026-03-28 21:37:17.000,0
2026-03-28 21:37:17.000,1.2
2026-03-28 21:37:29.000,1.2
2026-03-28 21:37:29.000,2.4
2026-03-28 21:37:31.000,2.4
2026-03-28 21:37:31.000,0
2026-03-28 21:37:39.000,0
2026-03-28 21:37:39.000,1.2
2026-03-28 21:37:41.000,1.2
2026-03-28 21:37:41.000,2.4
2026-03-28 21:37:43.000,2.4
2026-03-28 21:37:43.000,3.6
2026-03-28 21:37:45.000,3.6
2026-03-28 21:37:45.000,2.4
2026-03-28 21:37:51.000,2.4
2026-03-28 21:37:51.000,1.2
2026-03-28 21:37:59.000,1.2
2026-03-28 21:37:59.000,0
2026-03-28 21:38:03.000,0
2026-03-28 21:38:03.000,1.2
2026-03-28 21:38:19.000,1.2
2026-03-28 21:38:19.000,2.4
2026-03-28 21:38:21.000,2.4
2026-03-28 21:38:21.000,0
2026-03-28 21:38:23.000,0
2026-03-28 21:38:23.000,1.2
2026-03-28 21:38:25.000,1.2
2026-03-28 21:38:25.000,0
2026-03-28 21:38:35.000,0
2026-03-28 21:38:35.000,1.2
2026-03-28 21:38:39.000,1.2
2026-03-28 21:38:39.000,0
2026-03-28 21:38:47.000,0
2026-03-28 21:38:47.000,1.2
2026-03-28 21:38:49.000,1.2
2026-03-28 21:38:49.000,0
2026-03-28 21:39:31.000,0
2026-03-28 21:39:31.000,1.2
2026-03-28 21:39:35.000,1.2
2026-03-28 21:39:35.000,0
2026-03-28 21:39:49.000,0
2026-03-28 21:39:49.000,1.2
2026-03-28 21:39:51.000,1.2
2026-03-28 21:39:51.000,0
2026-03-28 21:39:53.000,0
2026-03-28 21:39:53.000,1.2
2026-03-28 21:39:55.000,1.2
2026-03-28 21:39:55.000,3.6
2026-03-28 21:40:03.000,3.6
2026-03-28 21:40:03.000,1.2
2026-03-28 21:40:07.000,1.2
2026-03-28 21:40:07.000,0
2026-03-28 21:40:11.000,0
2026-03-28 21:40:11.000,1.2
2026-03-28 21:40:17.000,1.2
2026-03-28 21:40:17.000,0
2026-03-28 21:40:25.000,0
2026-03-28 21:40:25.000,1.2
2026-03-28 21:40:27.000,1.2
2026-03-28 21:40:27.000,0
2026-03-28 21:40:31.000,0
2026-03-28 21:40:31.000,1.2
2026-03-28 21:40:35.000,1.2
2026-03-28 21:40:35.000,0
2026-03-28 21:41:21.000,0
2026-03-28 21:41:21.000,1.2
2026-03-28 21:41:29.000,1.2
2026-03-28 21:41:29.000,0
2026-03-28 21:41:31.000,0
2026-03-28 21:41:31.000,2.4
2026-03-28 21:41:35.000,2.4
2026-03-28 21:41:35.000,3.6
2026-03-28 21:41:37.000,3.6
2026-03-28 21:41:37.000,2.4
2026-03-28 21:41:39.000,2.4
2026-03-28 21:41:39.000,1.2
2026-03-28 21:41:41.000,1.2
2026-03-28 21:41:41.000,2.4
2026-03-28 21:41:45.000,2.4
2026-03-28 21:41:45.000,3.6
2026-03-28 21:41:47.000,3.6
2026-03-28 21:41:47.000,1.2
2026-03-28 21:41:51.000,1.2
2026-03-28 21:41:51.000,0
2026-03-28 21:42:17.000,0
2026-03-28 21:42:17.000,1.2
2026-03-28 21:42:19.000,1.2
2026-03-28 21:42:19.000,2.4
2026-03-28 21:42:21.000,2.4
2026-03-28 21:42:21.000,1.2
2026-03-28 21:42:27.000,1.2
2026-03-28 21:42:27.000,0
2026-03-28 21:42:37.000,0
2026-03-28 21:42:37.000,1.2
2026-03-28 21:42:39.000,1.2
2026-03-28 21:42:39.000,2.4
2026-03-28 21:42:41.000,2.4
2026-03-28 21:42:41.000,1.2
2026-03-28 21:42:43.000,1.2
2026-03-28 21:42:43.000,2.4
2026-03-28 21:42:49.000,2.4
2026-03-28 21:42:49.000,1.2
2026-03-28 21:42:51.000,1.2
2026-03-28 21:42:51.000,0
2026-03-28 21:42:53.000,0
2026-03-28 21:42:53.000,1.2
2026-03-28 21:42:57.000,1.2
2026-03-28 21:42:57.000,0
2026-03-28 21:43:03.000,0
2026-03-28 21:43:03.000,1.2
2026-03-28 21:43:05.000,1.2
2026-03-28 21:43:05.000,0
2026-03-28 21:43:37.000,0
2026-03-28 21:43:37.000,1.2
2026-03-28 21:43:41.000,1.2
2026-03-28 21:43:41.000,0
2026-03-28 21:44:11.000,0
2026-03-28 21:44:11.000,1.2
2026-03-28 21:44:13.000,1.2
2026-03-28 21:44:13.000,2.4
2026-03-28 21:44:17.000,2.4
2026-03-28 21:44:17.000,0
2026-03-28 21:44:19.000,0
2026-03-28 21:44:19.000,1.2
2026-03-28 21:44:21.000,1.2
2026-03-28 21:44:21.000,3.6
2026-03-28 21:44:25.000,3.6
2026-03-28 21:44:25.000,2.4
2026-03-28 21:44:27.000,2.4
2026-03-28 21:44:27.000,1.2
2026-03-28 21:44:33.000,1.2
2026-03-28 21:44:33.000,0
2026-03-28 21:44:37.000,0
2026-03-28 21:44:37.000,1.2
2026-03-28 21:44:43.000,1.2
2026-03-28 21:44:43.000,2.4
2026-03-28 21:44:51.000,2.4
2026-03-28 21:44:51.000,3.6
2026-03-28 21:44:57.000,3.6
2026-03-28 21:44:57.000,2.4
2026-03-28 21:44:59.000,2.4
2026-03-28 21:44:59.000,1.2
2026-03-28 21:45:09.000,1.2
2026-03-28 21:45:09.000,0
2026-03-28 21:45:13.000,0
2026-03-28 21:45:13.000,1.2
2026-03-28 21:45:19.000,1.2
2026-03-28 21:45:19.000,0
2026-03-28 21:45:25.000,0
2026-03-28 21:45:25.000,1.2
2026-03-28 21:45:31.000,1.2
2026-03-28 21:45:31.000,0
2026-03-28 21:45:33.000,0
2026-03-28 21:45:33.000,1.2
2026-03-28 21:45:37.000,1.2
2026-03-28 21:45:37.000,3.6
2026-03-28 21:45:39.000,3.6
2026-03-28 21:45:39.000,2.4
2026-03-28 21:45:41.000,2.4
2026-03-28 21:45:41.000,1.2
2026-03-28 21:45:51.000,1.2
2026-03-28 21:45:51.000,0
2026-03-28 21:45:53.000,0
2026-03-28 21:45:53.000,1.2
2026-03-28 21:45:57.000,1.2
2026-03-28 21:45:57.000,0
2026-03-28 21:46:01.000,0
2026-03-28 21:46:01.000,1.2
2026-03-28 21:46:05.000,1.2
2026-03-28 21:46:05.000,2.4
2026-03-28 21:46:09.000,2.4
2026-03-28 21:46:09.000,1.2
2026-03-28 21:46:13.000,1.2
2026-03-28 21:46:13.000,0
2026-03-28 21:46:29.000,0
2026-03-28 21:46:29.000,1.2
2026-03-28 21:46:33.000,1.2
2026-03-28 21:46:33.000,0
2026-03-28 21:46:59.000,0
2026-03-28 21:46:59.000,1.2
2026-03-28 21:47:03.000,1.2
2026-03-28 21:47:03.000,0
2026-03-28 21:47:15.000,0
2026-03-28 21:47:15.000,1.2
2026-03-28 21:47:19.000,1.2
2026-03-28 21:47:19.000,0
2026-03-28 21:47:41.000,0
2026-03-28 21:47:41.000,1.2
2026-03-28 21:47:43.000,1.2
2026-03-28 21:47:43.000,0
2026-03-28 21:48:03.000,0
2026-03-28 21:48:03.000,1.2
2026-03-28 21:48:05.000,1.2
2026-03-28 21:48:05.000,0
2026-03-28 21:48:07.000,0
2026-03-28 21:48:07.000,1.2
2026-03-28 21:48:09.000,1.2
2026-03-28 21:48:09.000,0
2026-03-28 21:48:27.000,0
2026-03-28 21:48:27.000,1.2
2026-03-28 21:48:31.000,1.2
2026-03-28 21:48:31.000,0
2026-03-28 21:48:45.000,0
2026-03-28 21:48:45.000,1.2
2026-03-28 21:48:47.000,1.2
2026-03-28 21:48:47.000,0
2026-03-28 21:48:49.000,0
2026-03-28 21:48:49.000,1.2
2026-03-28 21:48:51.000,1.2
2026-03-28 21:48:51.000,0
2026-03-28 21:49:05.000,0
2026-03-28 21:49:05.000,1.2
2026-03-28 21:49:07.000,1.2
2026-03-28 21:49:07.000,0
2026-03-28 21:49:29.000,0
2026-03-28 21:49:29.000,1.2
2026-03-28 21:49:31.000,1.2
2026-03-28 21:49:31.000,0
2026-03-28 21:49:37.000,0
2026-03-28 21:49:37.000,6
2026-03-28 21:49:39.000,6
2026-03-28 21:49:39.000,0
2026-03-28 21:50:15.000,0
2026-03-28 21:50:15.000,1.2
2026-03-28 21:50:19.000,1.2
2026-03-28 21:50:19.000,0
2026-03-28 21:50:31.000,0
2026-03-28 21:50:31.000,1.2
2026-03-28 21:50:33.000,1.2
2026-03-28 21:50:33.000,0
2026-03-28 21:50:49.000,0
2026-03-28 21:50:49.000,1.2
2026-03-28 21:50:55.000,1.2
2026-03-28 21:50:55.000,0
2026-03-28 21:51:15.000,0
2026-03-28 21:51:15.000,1.2
2026-03-28 21:51:17.000,1.2
2026-03-28 21:51:17.000,0
2026-03-28 21:51:19.000,0
2026-03-28 21:51:19.000,1.2
2026-03-28 21:51:21.000,1.2
2026-03-28 21:51:21.000,0
2026-03-28 21:51:23.000,0
2026-03-28 21:51:23.000,1.2
2026-03-28 21:51:25.000,1.2
2026-03-28 21:51:25.000,0
2026-03-28 21:51:45.000,0
2026-03-28 21:51:45.000,1.2
2026-03-28 21:51:47.000,1.2
2026-03-28 21:51:47.000,0
2026-03-28 21:52:03.000,0
2026-03-28 21:52:03.000,1.2
2026-03-28 21:52:11.000,1.2
2026-03-28 21:52:11.000,0
2026-03-28 21:52:33.000,0
2026-03-28 21:52:33.000,1.2
2026-03-28 21:52:35.000,1.2
2026-03-28 21:52:35.000,2.4
2026-03-28 21:52:37.000,2.4
2026-03-28 21:52:37.000,4.8
2026-03-28 21:52:39.000,4.8
2026-03-28 21:52:39.000,1.2
2026-03-28 21:52:41.000,1.2
2026-03-28 21:52:41.000,3.6
2026-03-28 21:52:43.000,3.6
2026-03-28 21:52:43.000,2.4
2026-03-28 21:52:45.000,2.4
2026-03-28 21:52:45.000,3.6
2026-03-28 21:52:47.000,3.6
2026-03-28 21:52:47.000,2.4
2026-03-28 21:52:51.000,2.4
2026-03-28 21:52:51.000,1.2
2026-03-28 21:53:19.000,1.2
2026-03-28 21:53:19.000,0
2026-03-28 21:53:33.000,0
2026-03-28 21:53:33.000,1.2
2026-03-28 21:53:35.000,1.2
2026-03-28 21:53:35.000,0
2026-03-28 21:53:49.000,0
2026-03-28 21:53:49.000,1.2
2026-03-28 21:53:53.000,1.2
2026-03-28 21:53:53.000,0
2026-03-28 21:53:59.000,0
2026-03-28 21:53:59.000,1.2
2026-03-28 21:54:03.000,1.2
2026-03-28 21:54:03.000,0
2026-03-28 21:54:09.000,0
2026-03-28 21:54:09.000,1.2
2026-03-28 21:54:15.000,1.2
2026-03-28 21:54:15.000,0
2026-03-28 21:54:21.000,0
2026-03-28 21:54:21.000,1.2
2026-03-28 21:54:25.000,1.2
2026-03-28 21:54:25.000,2.4
2026-03-28 21:54:31.000,2.4
2026-03-28 21:54:31.000,3.6
2026-03-28 21:54:41.000,3.6
2026-03-28 21:54:41.000,2.4
2026-03-28 21:54:47.000,2.4
2026-03-28 21:54:47.000,1.2
2026-03-28 21:54:57.000,1.2
2026-03-28 21:54:57.000,2.4
2026-03-28 21:55:05.000,2.4
2026-03-28 21:55:05.000,3.6
2026-03-28 21:55:09.000,3.6
2026-03-28 21:55:09.000,2.4
2026-03-28 21:55:19.000,2.4
2026-03-28 21:55:19.000,1.2
2026-03-28 21:55:25.000,1.2
2026-03-28 21:55:25.000,0
2026-03-28 21:55:27.000,0
2026-03-28 21:55:27.000,1.2
2026-03-28 21:55:29.000,1.2
2026-03-28 21:55:29.000,0
2026-03-28 21:55:33.000,0
2026-03-28 21:55:33.000,1.2
2026-03-28 21:55:45.000,1.2
2026-03-28 21:55:45.000,2.4
2026-03-28 21:55:47.000,2.4
2026-03-28 21:55:47.000,4.8
2026-03-28 21:55:49.000,4.8
2026-03-28 21:55:49.000,3.6
2026-03-28 21:55:55.000,3.6
2026-03-28 21:55:55.000,2.4
2026-03-28 21:55:57.000,2.4
2026-03-28 21:55:57.000,1.2
2026-03-28 21:56:07.000,1.2
2026-03-28 21:56:07.000,0
2026-03-28 21:56:15.000,0
2026-03-28 21:56:15.000,1.2
2026-03-28 21:56:23.000,1.2
2026-03-28 21:56:23.000,0
2026-03-28 21:56:37.000,0
2026-03-28 21:56:37.000,1.2
2026-03-28 21:56:43.000,1.2
2026-03-28 21:56:43.000,0
2026-03-28 21:56:57.000,0
2026-03-28 21:56:57.000,1.2
2026-03-28 21:56:59.000,1.2
2026-03-28 21:56:59.000,0
2026-03-28 21:57:15.000,0
2026-03-28 21:57:15.000,1.2
2026-03-28 21:57:23.000,1.2
2026-03-28 21:57:23.000,0
2026-03-28 21:57:27.000,0
2026-03-28 21:57:27.000,1.2
2026-03-28 21:57:29.000,1.2
2026-03-28 21:57:29.000,0
2026-03-28 21:57:31.000,0
2026-03-28 21:57:31.000,1.2
2026-03-28 21:57:33.000,1.2
2026-03-28 21:57:33.000,0
2026-03-28 21:57:35.000,0
2026-03-28 21:57:35.000,1.2
2026-03-28 21:57:47.000,1.2
2026-03-28 21:57:47.000,0
2026-03-28 21:57:51.000,0
2026-03-28 21:57:51.000,1.2
2026-03-28 21:57:53.000,1.2
2026-03-28 21:57:53.000,0
2026-03-28 21:57:55.000,0
2026-03-28 21:57:55.000,1.2
2026-03-28 21:57:57.000,1.2
2026-03-28 21:57:57.000,2.4
2026-03-28 21:58:01.000,2.4
2026-03-28 21:58:01.000,0
2026-03-28 21:58:03.000,0
2026-03-28 21:58:03.000,1.2
2026-03-28 21:58:15.000,1.2
2026-03-28 21:58:15.000,2.4
2026-03-28 21:58:17.000,2.4
2026-03-28 21:58:17.000,1.2
2026-03-28 21:58:27.000,1.2
2026-03-28 21:58:27.000,0
2026-03-28 21:58:55.000,0
2026-03-28 21:58:55.000,1.2
2026-03-28 21:58:59.000,1.2
2026-03-28 21:58:59.000,0
2026-03-28 21:59:11.000,0
2026-03-28 21:59:11.000,1.2
2026-03-28 21:59:15.000,1.2
2026-03-28 21:59:15.000,3.6
2026-03-28 21:59:17.000,3.6
2026-03-28 21:59:17.000,2.4
2026-03-28 21:59:19.000,2.4
2026-03-28 21:59:19.000,3.6
2026-03-28 21:59:21.000,3.6
2026-03-28 21:59:21.000,2.4
2026-03-28 21:59:43.000,2.4
2026-03-28 21:59:43.000,1.2
2026-03-28 21:59:51.000,1.2
2026-03-28 21:59:51.000,2.4
2026-03-28 21:59:57.000,2.4
2026-03-28 21:59:57.000,1.2
2026-03-28 22:00:17.000,1.2
2026-03-28 22:00:17.000,0
2026-03-28 22:00:19.000,0
2026-03-28 22:00:19.000,3.6
2026-03-28 22:00:21.000,3.6
2026-03-28 22:00:21.000,1.2
2026-03-28 22:00:23.000,1.2
2026-03-28 22:00:23.000,0
2026-03-28 22:00:39.000,0
2026-03-28 22:00:39.000,2.4
2026-03-28 22:00:41.000,2.4
2026-03-28 22:00:41.000,1.2
2026-03-28 22:00:43.000,1.2
2026-03-28 22:00:43.000,0
2026-03-28 22:00:49.000,0
2026-03-28 22:00:49.000,1.2
2026-03-28 22:00:55.000,1.2
2026-03-28 22:00:55.000,0
2026-03-28 22:01:01.000,0
2026-03-28 22:01:01.000,1.2
2026-03-28 22:01:03.000,1.2
2026-03-28 22:01:03.000,0
2026-03-28 22:01:05.000,0
2026-03-28 22:01:05.000,1.2
2026-03-28 22:01:09.000,1.2
2026-03-28 22:01:09.000,0
2026-03-28 22:01:11.000,0
2026-03-28 22:01:11.000,1.2
2026-03-28 22:01:13.000,1.2
2026-03-28 22:01:13.000,2.4
2026-03-28 22:01:19.000,2.4
2026-03-28 22:01:19.000,3.6
2026-03-28 22:01:27.000,3.6
2026-03-28 22:01:27.000,2.4
2026-03-28 22:01:39.000,2.4
2026-03-28 22:01:39.000,3.6
2026-03-28 22:01:45.000,3.6
2026-03-28 22:01:45.000,2.4
2026-03-28 22:01:57.000,2.4
2026-03-28 22:01:57.000,1.2
2026-03-28 22:02:07.000,1.2
2026-03-28 22:02:07.000,2.4
2026-03-28 22:02:11.000,2.4
2026-03-28 22:02:11.000,1.2
2026-03-28 22:02:15.000,1.2
2026-03-28 22:02:15.000,0
2026-03-28 22:02:19.000,0
2026-03-28 22:02:19.000,1.2
2026-03-28 22:02:25.000,1.2
2026-03-28 22:02:25.000,0
2026-03-28 22:02:27.000,0
2026-03-28 22:02:27.000,1.2
2026-03-28 22:02:35.000,1.2
2026-03-28 22:02:35.000,2.4
2026-03-28 22:02:37.000,2.4
2026-03-28 22:02:37.000,1.2
2026-03-28 22:03:05.000,1.2
2026-03-28 22:03:05.000,0
2026-03-28 22:03:33.000,0
2026-03-28 22:03:33.000,1.2
2026-03-28 22:03:39.000,1.2
2026-03-28 22:03:39.000,0
2026-03-28 22:03:53.000,0
2026-03-28 22:03:53.000,2.4
2026-03-28 22:03:55.000,2.4
2026-03-28 22:03:55.000,1.2
2026-03-28 22:04:05.000,1.2
2026-03-28 22:04:05.000,0
2026-03-28 22:04:11.000,0
2026-03-28 22:04:11.000,1.2
2026-03-28 22:04:19.000,1.2
2026-03-28 22:04:19.000,2.4
2026-03-28 22:04:25.000,2.4
2026-03-28 22:04:25.000,1.2
2026-03-28 22:04:31.000,1.2
2026-03-28 22:04:31.000,2.4
2026-03-28 22:04:37.000,2.4
2026-03-28 22:04:37.000,3.6
2026-03-28 22:04:41.000,3.6
2026-03-28 22:04:41.000,2.4
2026-03-28 22:04:43.000,2.4
2026-03-28 22:04:43.000,1.2
2026-03-28 22:04:47.000,1.2
2026-03-28 22:04:47.000,0
2026-03-28 22:04:49.000,0
2026-03-28 22:04:49.000,1.2
2026-03-28 22:04:53.000,1.2
2026-03-28 22:04:53.000,0
2026-03-28 22:04:59.000,0
2026-03-28 22:04:59.000,1.2
2026-03-28 22:05:01.000,1.2
2026-03-28 22:05:01.000,0
2026-03-28 22:05:13.000,0
2026-03-28 22:05:13.000,1.2
2026-03-28 22:05:15.000,1.2
2026-03-28 22:05:15.000,0
2026-03-28 22:05:17.000,0
2026-03-28 22:05:17.000,1.2
2026-03-28 22:05:19.000,1.2
2026-03-28 22:05:19.000,0
2026-03-28 22:05:35.000,0
2026-03-28 22:05:35.000,1.2
2026-03-28 22:05:37.000,1.2
2026-03-28 22:05:37.000,0
2026-03-28 22:05:41.000,0
2026-03-28 22:05:41.000,1.2
2026-03-28 22:05:43.000,1.2
2026-03-28 22:05:43.000,3.6
2026-03-28 22:05:45.000,3.6
2026-03-28 22:05:45.000,1.2
2026-03-28 22:05:47.000,1.2
2026-03-28 22:05:47.000,0
2026-03-28 22:05:51.000,0
2026-03-28 22:05:51.000,1.2
2026-03-28 22:05:55.000,1.2
2026-03-28 22:05:55.000,0
2026-03-28 22:05:59.000,0
2026-03-28 22:05:59.000,1.2
2026-03-28 22:06:09.000,1.2
2026-03-28 22:06:09.000,0
2026-03-28 22:06:29.000,0
2026-03-28 22:06:29.000,1.2
2026-03-28 22:06:31.000,1.2
2026-03-28 22:06:31.000,0
2026-03-28 22:06:37.000,0
2026-03-28 22:06:37.000,1.2
2026-03-28 22:06:39.000,1.2
2026-03-28 22:06:39.000,0
2026-03-28 22:06:55.000,0
2026-03-28 22:06:55.000,1.2
2026-03-28 22:06:59.000,1.2
2026-03-28 22:06:59.000,3.6
2026-03-28 22:07:01.000,3.6
2026-03-28 22:07:01.000,2.4
2026-03-28 22:07:07.000,2.4
2026-03-28 22:07:07.000,1.2
2026-03-28 22:07:21.000,1.2
2026-03-28 22:07:21.000,0
2026-03-28 22:07:27.000,0
2026-03-28 22:07:27.000,1.2
2026-03-28 22:07:39.000,1.2
2026-03-28 22:07:39.000,2.4
2026-03-28 22:07:41.000,2.4
2026-03-28 22:07:41.000,3.6
2026-03-28 22:07:43.000,3.6
2026-03-28 22:07:43.000,2.4
2026-03-28 22:07:47.000,2.4
2026-03-28 22:07:47.000,1.2
2026-03-28 22:07:51.000,1.2
2026-03-28 22:07:51.000,0
2026-03-28 22:08:03.000,0
2026-03-28 22:08:03.000,1.2
2026-03-28 22:08:05.000,1.2
2026-03-28 22:08:05.000,4.8
2026-03-28 22:08:07.000,4.8
2026-03-28 22:08:07.000,0
2026-03-28 22:08:25.000,0
2026-03-28 22:08:25.000,1.2
2026-03-28 22:08:27.000,1.2
2026-03-28 22:08:27.000,0
2026-03-28 22:08:35.000,0
2026-03-28 22:08:35.000,1.2
2026-03-28 22:08:43.000,1.2
2026-03-28 22:08:43.000,2.4
2026-03-28 22:08:47.000,2.4
2026-03-28 22:08:47.000,1.2
2026-03-28 22:08:53.000,1.2
2026-03-28 22:08:53.000,2.4
2026-03-28 22:08:57.000,2.4
2026-03-28 22:08:57.000,1.2
2026-03-28 22:09:07.000,1.2
2026-03-28 22:09:07.000,2.4
2026-03-28 22:09:13.000,2.4
2026-03-28 22:09:13.000,3.6
2026-03-28 22:09:15.000,3.6
2026-03-28 22:09:15.000,4.8
2026-03-28 22:09:17.000,4.8
2026-03-28 22:09:17.000,1.2
2026-03-28 22:09:21.000,1.2
2026-03-28 22:09:21.000,0
2026-03-28 22:09:41.000,0
2026-03-28 22:09:41.000,1.2
2026-03-28 22:09:47.000,1.2
2026-03-28 22:09:47.000,3.6
2026-03-28 22:09:49.000,3.6
2026-03-28 22:09:49.000,2.4
2026-03-28 22:09:57.000,2.4
2026-03-28 22:09:57.000,1.2
2026-03-28 22:10:23.000,1.2
2026-03-28 22:10:23.000,2.4
2026-03-28 22:10:25.000,2.4
2026-03-28 22:10:25.000,3.6
2026-03-28 22:10:29.000,3.6
2026-03-28 22:10:29.000,2.4
2026-03-28 22:10:31.000,2.4
2026-03-28 22:10:31.000,1.2
2026-03-28 22:10:37.000,1.2
2026-03-28 22:10:37.000,0
2026-03-28 22:10:41.000,0
2026-03-28 22:10:41.000,1.2
2026-03-28 22:10:45.000,1.2
2026-03-28 22:10:45.000,0
2026-03-28 22:10:47.000,0
2026-03-28 22:10:47.000,1.2
2026-03-28 22:10:49.000,1.2
2026-03-28 22:10:49.000,0
2026-03-28 22:10:51.000,0
2026-03-28 22:10:51.000,1.2
2026-03-28 22:10:53.000,1.2
2026-03-28 22:10:53.000,2.4
2026-03-28 22:11:01.000,2.4
2026-03-28 22:11:01.000,1.2
2026-03-28 22:11:07.000,1.2
2026-03-28 22:11:07.000,2.4
2026-03-28 22:11:11.000,2.4
2026-03-28 22:11:11.000,4.8
2026-03-28 22:11:13.000,4.8
2026-03-28 22:11:13.000,2.4
2026-03-28 22:11:15.000,2.4
2026-03-28 22:11:15.000,1.2
2026-03-28 22:11:17.000,1.2
2026-03-28 22:11:17.000,2.4
2026-03-28 22:11:21.000,2.4
2026-03-28 22:11:21.000,1.2
2026-03-28 22:11:25.000,1.2
2026-03-28 22:11:25.000,2.4
2026-03-28 22:11:29.000,2.4
2026-03-28 22:11:29.000,1.2
2026-03-28 22:11:39.000,1.2
2026-03-28 22:11:39.000,0
2026-03-28 22:11:49.000,0
2026-03-28 22:11:49.000,1.2
2026-03-28 22:12:01.000,1.2
2026-03-28 22:12:01.000,0
2026-03-28 22:12:11.000,0
2026-03-28 22:12:11.000,1.2
2026-03-28 22:12:17.000,1.2
2026-03-28 22:12:17.000,0
2026-03-28 22:12:19.000,0
2026-03-28 22:12:19.000,1.2
2026-03-28 22:12:29.000,1.2
2026-03-28 22:12:29.000,2.4
2026-03-28 22:12:31.000,2.4
2026-03-28 22:12:31.000,1.2
2026-03-28 22:12:35.000,1.2
2026-03-28 22:12:35.000,2.4
2026-03-28 22:12:39.000,2.4
2026-03-28 22:12:39.000,3.6
2026-03-28 22:12:45.000,3.6
2026-03-28 22:12:45.000,4.8
2026-03-28 22:12:49.000,4.8
2026-03-28 22:12:49.000,3.6
2026-03-28 22:12:51.000,3.6
2026-03-28 22:12:51.000,2.4
2026-03-28 22:12:53.000,2.4
2026-03-28 22:12:53.000,3.6
2026-03-28 22:12:55.000,3.6
2026-03-28 22:12:55.000,0
2026-03-28 22:12:57.000,0
2026-03-28 22:12:57.000,1.2
2026-03-28 22:12:59.000,1.2
2026-03-28 22:12:59.000,7.2
2026-03-28 22:13:01.000,7.2
2026-03-28 22:13:01.000,0
2026-03-28 22:13:33.000,0
2026-03-28 22:13:33.000,1.2
2026-03-28 22:13:37.000,1.2
2026-03-28 22:13:37.000,0
2026-03-28 22:13:55.000,0
2026-03-28 22:13:55.000,1.2
2026-03-28 22:13:57.000,1.2
2026-03-28 22:13:57.000,0
2026-03-28 22:14:09.000,0
2026-03-28 22:14:09.000,1.2
2026-03-28 22:14:33.000,1.2
2026-03-28 22:14:33.000,0
2026-03-28 22:14:37.000,0
2026-03-28 22:14:37.000,1.2
2026-03-28 22:14:39.000,1.2
2026-03-28 22:14:39.000,0
2026-03-28 22:14:41.000,0
2026-03-28 22:14:41.000,1.2
2026-03-28 22:14:43.000,1.2
2026-03-28 22:14:43.000,0
2026-03-28 22:14:45.000,0
2026-03-28 22:14:45.000,1.2
2026-03-28 22:14:47.000,1.2
2026-03-28 22:14:47.000,0
2026-03-28 22:14:51.000,0
2026-03-28 22:14:51.000,2.4
2026-03-28 22:14:53.000,2.4
2026-03-28 22:14:53.000,0
2026-03-28 22:15:17.000,0
2026-03-28 22:15:17.000,1.2
2026-03-28 22:15:19.000,1.2
2026-03-28 22:15:19.000,0
2026-03-28 22:16:09.000,0
2026-03-28 22:16:09.000,1.2
2026-03-28 22:16:21.000,1.2
2026-03-28 22:16:21.000,0
2026-03-28 22:16:29.000,0
2026-03-28 22:16:29.000,1.2
2026-03-28 22:16:35.000,1.2
2026-03-28 22:16:35.000,0
2026-03-28 22:16:37.000,0
2026-03-28 22:16:37.000,1.2
2026-03-28 22:16:41.000,1.2
2026-03-28 22:16:41.000,0
2026-03-28 22:16:43.000,0
2026-03-28 22:16:43.000,1.2
2026-03-28 22:16:47.000,1.2
2026-03-28 22:16:47.000,0
2026-03-28 22:17:05.000,0
2026-03-28 22:17:05.000,1.2
2026-03-28 22:17:07.000,1.2
2026-03-28 22:17:07.000,3.6
2026-03-28 22:17:09.000,3.6
2026-03-28 22:17:09.000,0
2026-03-28 22:17:11.000,0
2026-03-28 22:17:11.000,2.4
2026-03-28 22:17:13.000,2.4
2026-03-28 22:17:13.000,0
2026-03-28 22:18:41.000,0
2026-03-28 22:18:41.000,1.2
2026-03-28 22:18:51.000,1.2
2026-03-28 22:18:51.000,2.4
2026-03-28 22:18:53.000,2.4
2026-03-28 22:18:53.000,1.2
2026-03-28 22:19:07.000,1.2
2026-03-28 22:19:07.000,0
2026-03-28 22:19:29.000,0
2026-03-28 22:19:29.000,1.2
2026-03-28 22:19:37.000,1.2
2026-03-28 22:19:37.000,2.4
2026-03-28 22:19:39.000,2.4
2026-03-28 22:19:39.000,3.6
2026-03-28 22:19:41.000,3.6
2026-03-28 22:19:41.000,2.4
2026-03-28 22:19:43.000,2.4
2026-03-28 22:19:43.000,3.6
2026-03-28 22:19:45.000,3.6
2026-03-28 22:19:45.000,2.4
2026-03-28 22:19:51.000,2.4
2026-03-28 22:19:51.000,1.2
2026-03-28 22:19:53.000,1.2
2026-03-28 22:19:53.000,0
2026-03-28 22:19:55.000,0
2026-03-28 22:19:55.000,3.6
2026-03-28 22:19:57.000,3.6
2026-03-28 22:19:57.000,1.2
2026-03-28 22:19:59.000,1.2
2026-03-28 22:19:59.000,2.4
2026-03-28 22:20:01.000,2.4
2026-03-28 22:20:01.000,1.2
2026-03-28 22:20:07.000,1.2
2026-03-28 22:20:07.000,0
2026-03-28 22:20:19.000,0
2026-03-28 22:20:19.000,1.2
2026-03-28 22:20:27.000,1.2
2026-03-28 22:20:27.000,2.4
2026-03-28 22:20:29.000,2.4
2026-03-28 22:20:29.000,1.2
2026-03-28 22:20:31.000,1.2
2026-03-28 22:20:31.000,3.6
2026-03-28 22:20:33.000,3.6
2026-03-28 22:20:33.000,1.2
2026-03-28 22:20:37.000,1.2
2026-03-28 22:20:37.000,0
2026-03-28 22:20:41.000,0
2026-03-28 22:20:41.000,1.2
2026-03-28 22:20:45.000,1.2
2026-03-28 22:20:45.000,0
2026-03-28 22:20:49.000,0
2026-03-28 22:20:49.000,1.2
2026-03-28 22:20:59.000,1.2
2026-03-28 22:20:59.000,0
2026-03-28 22:21:13.000,0
2026-03-28 22:21:13.000,1.2
2026-03-28 22:21:15.000,1.2
2026-03-28 22:21:15.000,0
2026-03-28 22:21:19.000,0
2026-03-28 22:21:19.000,1.2
2026-03-28 22:21:23.000,1.2
2026-03-28 22:21:23.000,3.6
2026-03-28 22:21:25.000,3.6
2026-03-28 22:21:25.000,2.4
2026-03-28 22:21:31.000,2.4
2026-03-28 22:21:31.000,1.2
2026-03-28 22:21:47.000,1.2
2026-03-28 22:21:47.000,2.4
2026-03-28 22:21:51.000,2.4
2026-03-28 22:21:51.000,1.2
2026-03-28 22:21:55.000,1.2
2026-03-28 22:21:55.000,2.4
2026-03-28 22:21:59.000,2.4
2026-03-28 22:21:59.000,3.6
2026-03-28 22:22:01.000,3.6
2026-03-28 22:22:01.000,2.4
2026-03-28 22:22:11.000,2.4
2026-03-28 22:22:11.000,1.2
2026-03-28 22:22:25.000,1.2
2026-03-28 22:22:25.000,2.4
2026-03-28 22:22:27.000,2.4
2026-03-28 22:22:27.000,1.2
2026-03-28 22:22:47.000,1.2
2026-03-28 22:22:47.000,0
2026-03-28 22:22:49.000,0
2026-03-28 22:22:49.000,1.2
2026-03-28 22:23:15.000,1.2
2026-03-28 22:23:15.000,2.4
2026-03-28 22:23:35.000,2.4
2026-03-28 22:23:35.000,1.2
2026-03-28 22:23:37.000,1.2
2026-03-28 22:23:37.000,0
2026-03-28 22:23:41.000,0
2026-03-28 22:23:41.000,1.2
2026-03-28 22:23:43.000,1.2
2026-03-28 22:23:43.000,0
2026-03-28 22:23:45.000,0
2026-03-28 22:23:45.000,1.2
2026-03-28 22:23:47.000,1.2
2026-03-28 22:23:47.000,0
2026-03-28 22:24:19.000,0
2026-03-28 22:24:19.000,1.2
2026-03-28 22:24:21.000,1.2
2026-03-28 22:24:21.000,0
2026-03-28 22:25:47.000,0
2026-03-28 22:25:47.000,1.2
2026-03-28 22:25:49.000,1.2
2026-03-28 22:25:49.000,0
2026-03-28 22:25:51.000,0
2026-03-28 22:25:51.000,1.2
2026-03-28 22:25:59.000,1.2
2026-03-28 22:25:59.000,0
2026-03-28 22:26:03.000,0
2026-03-28 22:26:03.000,1.2
2026-03-28 22:26:09.000,1.2
2026-03-28 22:26:09.000,0
2026-03-28 22:27:49.000,0
2026-03-28 22:27:49.000,1.2
2026-03-28 22:27:55.000,1.2
2026-03-28 22:27:55.000,0
2026-03-28 22:27:57.000,0
2026-03-28 22:27:57.000,1.2
2026-03-28 22:27:59.000,1.2
2026-03-28 22:27:59.000,0
2026-03-28 22:28:01.000,0
2026-03-28 22:28:01.000,1.2
2026-03-28 22:28:03.000,1.2
2026-03-28 22:28:03.000,0
2026-03-28 22:28:15.000,0
2026-03-28 22:28:15.000,1.2
2026-03-28 22:28:23.000,1.2
2026-03-28 22:28:23.000,2.4
2026-03-28 22:28:25.000,2.4
2026-03-28 22:28:25.000,1.2
2026-03-28 22:28:27.000,1.2
2026-03-28 22:28:27.000,2.4
2026-03-28 22:28:29.000,2.4
2026-03-28 22:28:29.000,1.2
2026-03-28 22:28:33.000,1.2
2026-03-28 22:28:33.000,0
2026-03-28 22:28:43.000,0
2026-03-28 22:28:43.000,1.2
2026-03-28 22:28:45.000,1.2
2026-03-28 22:28:45.000,0
2026-03-28 22:28:51.000,0
2026-03-28 22:28:51.000,1.2
2026-03-28 22:28:53.000,1.2
2026-03-28 22:28:53.000,2.4
2026-03-28 22:28:55.000,2.4
2026-03-28 22:28:55.000,1.2
2026-03-28 22:29:03.000,1.2
2026-03-28 22:29:03.000,0
2026-03-28 22:29:33.000,0
2026-03-28 22:29:33.000,2.4
2026-03-28 22:29:35.000,2.4
2026-03-28 22:29:35.000,0
2026-03-28 22:30:21.000,0
2026-03-28 22:30:21.000,1.2
2026-03-28 22:30:23.000,1.2
2026-03-28 22:30:23.000,2.4
2026-03-28 22:30:25.000,2.4
2026-03-28 22:30:25.000,0
2026-03-28 22:30:43.000,0
2026-03-28 22:30:43.000,1.2
2026-03-28 22:30:49.000,1.2
2026-03-28 22:30:49.000,0
2026-03-28 22:31:15.000,0
2026-03-28 22:31:15.000,1.2
2026-03-28 22:31:19.000,1.2
2026-03-28 22:31:19.000,2.4
2026-03-28 22:31:25.000,2.4
2026-03-28 22:31:25.000,4.8
2026-03-28 22:31:27.000,4.8
2026-03-28 22:31:27.000,3.6
2026-03-28 22:31:31.000,3.6
2026-03-28 22:31:31.000,1.2
2026-03-28 22:31:33.000,1.2
2026-03-28 22:31:33.000,0
2026-03-28 22:33:15.000,0
2026-03-28 22:33:15.000,1.2
2026-03-28 22:33:21.000,1.2
2026-03-28 22:33:21.000,0
2026-03-28 22:33:59.000,0
2026-03-28 22:33:59.000,2.4
2026-03-28 22:34:01.000,2.4
2026-03-28 22:34:01.000,0
2026-03-28 22:34:19.000,0
2026-03-28 22:34:19.000,1.2
2026-03-28 22:34:35.000,1.2
2026-03-28 22:34:35.000,0
2026-03-28 22:34:49.000,0
2026-03-28 22:34:49.000,1.2
2026-03-28 22:34:57.000,1.2
2026-03-28 22:34:57.000,0
2026-03-28 22:35:09.000,0
2026-03-28 22:35:09.000,1.2
2026-03-28 22:35:17.000,1.2
2026-03-28 22:35:17.000,0
2026-03-28 22:36:21.000,0
2026-03-28 22:36:21.000,1.2
2026-03-28 22:36:27.000,1.2
2026-03-28 22:36:27.000,0
2026-03-28 22:37:41.000,0
2026-03-28 22:37:41.000,1.2
2026-03-28 22:37:45.000,1.2
2026-03-28 22:37:45.000,4.8
2026-03-28 22:37:47.000,4.8
2026-03-28 22:37:47.000,2.4
2026-03-28 22:37:51.000,2.4
2026-03-28 22:37:51.000,1.2
2026-03-28 22:37:53.000,1.2
2026-03-28 22:37:53.000,0
2026-03-28 22:37:55.000,0
2026-03-28 22:37:55.000,2.4
2026-03-28 22:37:57.000,2.4
2026-03-28 22:37:57.000,0
2026-03-28 22:38:07.000,0
2026-03-28 22:38:07.000,3.6
2026-03-28 22:38:09.000,3.6
2026-03-28 22:38:09.000,2.4
2026-03-28 22:38:19.000,2.4
2026-03-28 22:38:19.000,1.2
2026-03-28 22:38:31.000,1.2
2026-03-28 22:38:31.000,0
2026-03-28 22:38:35.000,0
2026-03-28 22:38:35.000,1.2
2026-03-28 22:38:45.000,1.2
2026-03-28 22:38:45.000,3.6
2026-03-28 22:38:47.000,3.6
2026-03-28 22:38:47.000,2.4
2026-03-28 22:38:49.000,2.4
2026-03-28 22:38:49.000,1.2
2026-03-28 22:38:51.000,1.2
2026-03-28 22:38:51.000,0
2026-03-28 22:38:59.000,0
2026-03-28 22:38:59.000,1.2
2026-03-28 22:39:05.000,1.2
2026-03-28 22:39:05.000,0
2026-03-28 22:39:15.000,0
2026-03-28 22:39:15.000,1.2
2026-03-28 22:39:19.000,1.2
2026-03-28 22:39:19.000,0
2026-03-28 22:39:29.000,0
2026-03-28 22:39:29.000,3.6
2026-03-28 22:39:31.000,3.6
2026-03-28 22:39:31.000,1.2
2026-03-28 22:39:33.000,1.2
2026-03-28 22:39:33.000,2.4
2026-03-28 22:39:35.000,2.4
2026-03-28 22:39:35.000,1.2
2026-03-28 22:39:41.000,1.2
2026-03-28 22:39:41.000,0
2026-03-28 22:39:49.000,0
2026-03-28 22:39:49.000,1.2
2026-03-28 22:39:55.000,1.2
2026-03-28 22:39:55.000,2.4
2026-03-28 22:39:57.000,2.4
2026-03-28 22:39:57.000,0
2026-03-28 22:40:11.000,0
2026-03-28 22:40:11.000,1.2
2026-03-28 22:40:13.000,1.2
2026-03-28 22:40:13.000,0
2026-03-28 22:41:27.000,0
2026-03-28 22:41:27.000,2.4
2026-03-28 22:41:29.000,2.4
2026-03-28 22:41:29.000,1.2
2026-03-28 22:41:37.000,1.2
2026-03-28 22:41:37.000,2.4
2026-03-28 22:41:39.000,2.4
2026-03-28 22:41:39.000,3.6
2026-03-28 22:41:43.000,3.6
2026-03-28 22:41:43.000,4.8
2026-03-28 22:41:45.000,4.8
2026-03-28 22:41:45.000,3.6
2026-03-28 22:41:47.000,3.6
2026-03-28 22:41:47.000,4.8
2026-03-28 22:41:49.000,4.8
2026-03-28 22:41:49.000,3.6
2026-03-28 22:41:53.000,3.6
2026-03-28 22:41:53.000,2.4
2026-03-28 22:41:55.000,2.4
2026-03-28 22:41:55.000,1.2
2026-03-28 22:41:57.000,1.2
2026-03-28 22:41:57.000,0
2026-03-28 22:42:17.000,0
2026-03-28 22:42:17.000,1.2
2026-03-28 22:42:19.000,1.2
2026-03-28 22:42:19.000,4.8
2026-03-28 22:42:21.000,4.8
2026-03-28 22:42:21.000,2.4
2026-03-28 22:42:25.000,2.4
2026-03-28 22:42:25.000,1.2
2026-03-28 22:42:31.000,1.2
2026-03-28 22:42:31.000,0
2026-03-28 22:42:51.000,0
2026-03-28 22:42:51.000,1.2
2026-03-28 22:42:53.000,1.2
2026-03-28 22:42:53.000,0
2026-03-28 22:43:39.000,0
2026-03-28 22:43:39.000,1.2
2026-03-28 22:43:41.000,1.2
2026-03-28 22:43:41.000,0
2026-03-28 22:44:55.000,0
2026-03-28 22:44:55.000,1.2
2026-03-28 22:44:59.000,1.2
2026-03-28 22:44:59.000,0
2026-03-28 22:45:13.000,0
2026-03-28 22:45:13.000,1.2
2026-03-28 22:45:19.000,1.2
2026-03-28 22:45:19.000,0
2026-03-28 22:45:21.000,0
2026-03-28 22:45:21.000,2.4
2026-03-28 22:45:23.000,2.4
2026-03-28 22:45:23.000,0
2026-03-28 22:45:41.000,0
2026-03-28 22:45:41.000,2.4
2026-03-28 22:45:43.000,2.4
2026-03-28 22:45:43.000,1.2
2026-03-28 22:45:45.000,1.2
2026-03-28 22:45:45.000,2.4
2026-03-28 22:45:47.000,2.4
2026-03-28 22:45:47.000,0
2026-03-28 22:45:49.000,0
2026-03-28 22:45:49.000,3.6
2026-03-28 22:45:51.000,3.6
2026-03-28 22:45:51.000,1.2
2026-03-28 22:45:53.000,1.2
2026-03-28 22:45:53.000,0
2026-03-28 22:45:55.000,0
2026-03-28 22:45:55.000,1.2
2026-03-28 22:45:57.000,1.2
2026-03-28 22:45:57.000,0
2026-03-28 22:46:03.000,0
2026-03-28 22:46:03.000,1.2
2026-03-28 22:46:05.000,1.2
2026-03-28 22:46:05.000,2.4
2026-03-28 22:46:09.000,2.4
2026-03-28 22:46:09.000,1.2
2026-03-28 22:46:25.000,1.2
2026-03-28 22:46:25.000,0
2026-03-28 22:46:31.000,0
2026-03-28 22:46:31.000,1.2
2026-03-28 22:46:33.000,1.2
2026-03-28 22:46:33.000,0
2026-03-28 22:46:45.000,0
2026-03-28 22:46:45.000,4.8
2026-03-28 22:46:49.000,4.8
2026-03-28 22:46:49.000,3.6
2026-03-28 22:46:51.000,3.6
2026-03-28 22:46:51.000,4.8
2026-03-28 22:46:57.000,4.8
2026-03-28 22:46:57.000,3.6
2026-03-28 22:46:59.000,3.6
2026-03-28 22:46:59.000,2.4
2026-03-28 22:47:05.000,2.4
2026-03-28 22:47:05.000,1.2
2026-03-28 22:47:29.000,1.2
2026-03-28 22:47:29.000,0
2026-03-28 22:47:35.000,0
2026-03-28 22:47:35.000,1.2
2026-03-28 22:47:37.000,1.2
2026-03-28 22:47:37.000,0
2026-03-28 22:47:45.000,0
2026-03-28 22:47:45.000,1.2
2026-03-28 22:47:53.000,1.2
2026-03-28 22:47:53.000,0
2026-03-28 22:48:51.000,0
2026-03-28 22:48:51.000,2.4
2026-03-28 22:48:53.000,2.4
2026-03-28 22:48:53.000,0
2026-03-28 22:49:11.000,0
2026-03-28 22:49:11.000,2.4
2026-03-28 22:49:15.000,2.4
2026-03-28 22:49:15.000,1.2
2026-03-28 22:49:19.000,1.2
2026-03-28 22:49:19.000,0
2026-03-28 22:49:43.000,0
2026-03-28 22:49:43.000,1.2
2026-03-28 22:49:45.000,1.2
2026-03-28 22:49:45.000,0
2026-03-28 22:49:47.000,0
2026-03-28 22:49:47.000,1.2
2026-03-28 22:49:55.000,1.2
2026-03-28 22:49:55.000,0
2026-03-28 22:50:07.000,0
2026-03-28 22:50:07.000,3.6
2026-03-28 22:50:09.000,3.6
2026-03-28 22:50:09.000,0
2026-03-28 22:51:01.000,0
2026-03-28 22:51:01.000,2.4
2026-03-28 22:51:03.000,2.4
2026-03-28 22:51:03.000,3.6
2026-03-28 22:51:05.000,3.6
2026-03-28 22:51:05.000,2.4
2026-03-28 22:51:09.000,2.4
2026-03-28 22:51:09.000,1.2
2026-03-28 22:51:11.000,1.2
2026-03-28 22:51:11.000,0
2026-03-28 22:51:13.000,0
2026-03-28 22:51:13.000,1.2
2026-03-28 22:51:15.000,1.2
2026-03-28 22:51:15.000,0
2026-03-28 22:51:21.000,0
2026-03-28 22:51:21.000,1.2
2026-03-28 22:51:29.000,1.2
2026-03-28 22:51:29.000,0
2026-03-28 22:51:47.000,0
2026-03-28 22:51:47.000,1.2
2026-03-28 22:51:49.000,1.2
2026-03-28 22:51:49.000,2.4
2026-03-28 22:51:53.000,2.4
2026-03-28 22:51:53.000,3.6
2026-03-28 22:51:55.000,3.6
2026-03-28 22:51:55.000,1.2
2026-03-28 22:51:57.000,1.2
2026-03-28 22:51:57.000,0
2026-03-28 22:51:59.000,0
2026-03-28 22:51:59.000,2.4
2026-03-28 22:52:05.000,2.4
2026-03-28 22:52:05.000,3.6
2026-03-28 22:52:09.000,3.6
2026-03-28 22:52:09.000,4.8
2026-03-28 22:52:13.000,4.8
2026-03-28 22:52:13.000,3.6
2026-03-28 22:52:21.000,3.6
2026-03-28 22:52:21.000,2.4
2026-03-28 22:52:23.000,2.4
2026-03-28 22:52:23.000,6
2026-03-28 22:52:29.000,6
2026-03-28 22:52:29.000,4.8
2026-03-28 22:52:37.000,4.8
2026-03-28 22:52:37.000,3.6
2026-03-28 22:52:39.000,3.6
2026-03-28 22:52:39.000,2.4
2026-03-28 22:52:41.000,2.4
2026-03-28 22:52:41.000,1.2
2026-03-28 22:52:55.000,1.2
2026-03-28 22:52:55.000,0
2026-03-28 22:53:05.000,0
2026-03-28 22:53:05.000,1.2
2026-03-28 22:53:09.000,1.2
2026-03-28 22:53:09.000,0
2026-03-28 22:53:53.000,0
2026-03-28 22:53:53.000,1.2
2026-03-28 22:53:59.000,1.2
2026-03-28 22:53:59.000,0
2026-03-28 22:54:25.000,0
2026-03-28 22:54:25.000,1.2
2026-03-28 22:54:27.000,1.2
2026-03-28 22:54:27.000,0
2026-03-28 22:54:45.000,0
2026-03-28 22:54:45.000,1.2
2026-03-28 22:54:47.000,1.2
2026-03-28 22:54:47.000,0
2026-03-28 22:55:27.000,0
2026-03-28 22:55:27.000,1.2
2026-03-28 22:55:29.000,1.2
2026-03-28 22:55:29.000,0
2026-03-28 22:55:35.000,0
2026-03-28 22:55:35.000,1.2
2026-03-28 22:55:39.000,1.2
2026-03-28 22:55:39.000,0
2026-03-28 22:56:09.000,0
2026-03-28 22:56:09.000,1.2
2026-03-28 22:56:13.000,1.2
2026-03-28 22:56:13.000,0
2026-03-28 22:57:17.000,0
2026-03-28 22:57:17.000,1.2
2026-03-28 22:57:19.000,1.2
2026-03-28 22:57:19.000,0
2026-03-28 22:57:37.000,0
2026-03-28 22:57:37.000,1.2
2026-03-28 22:57:39.000,1.2
2026-03-28 22:57:39.000,0
2026-03-28 22:58:27.000,0
2026-03-28 22:58:27.000,1.2
2026-03-28 22:58:29.000,1.2
2026-03-28 22:58:29.000,0
2026-03-28 22:58:45.000,0
2026-03-28 22:58:45.000,1.2
2026-03-28 22:58:47.000,1.2
2026-03-28 22:58:47.000,0
2026-03-28 22:58:57.000,0
2026-03-28 22:58:57.000,1.2
2026-03-28 22:59:01.000,1.2
2026-03-28 22:59:01.000,0
2026-03-28 22:59:21.000,0
2026-03-28 22:59:21.000,1.2
2026-03-28 22:59:27.000,1.2
2026-03-28 22:59:27.000,2.4
2026-03-28 22:59:29.000,2.4
2026-03-28 22:59:29.000,3.6
2026-03-28 22:59:31.000,3.6
2026-03-28 22:59:31.000,2.4
2026-03-28 22:59:37.000,2.4
2026-03-28 22:59:37.000,1.2
2026-03-28 22:59:49.000,1.2
2026-03-28 22:59:49.000,0
2026-03-28 23:00:21.000,0
2026-03-28 23:00:21.000,1.2
2026-03-28 23:00:23.000,1.2
2026-03-28 23:00:23.000,0
2026-03-28 23:00:25.000,0
2026-03-28 23:00:25.000,2.4
2026-03-28 23:00:27.000,2.4
2026-03-28 23:00:27.000,1.2
2026-03-28 23:00:35.000,1.2
2026-03-28 23:00:35.000,0
2026-03-28 23:00:43.000,0
2026-03-28 23:00:43.000,1.2
2026-03-28 23:00:45.000,1.2
2026-03-28 23:00:45.000,0
2026-03-28 23:01:13.000,0
2026-03-28 23:01:13.000,1.2
2026-03-28 23:01:15.000,1.2
2026-03-28 23:01:15.000,0
2026-03-28 23:01:21.000,0
2026-03-28 23:01:21.000,1.2
2026-03-28 23:01:25.000,1.2
2026-03-28 23:01:25.000,2.4
2026-03-28 23:01:27.000,2.4
2026-03-28 23:01:27.000,1.2
2026-03-28 23:01:29.000,1.2
2026-03-28 23:01:29.000,2.4
2026-03-28 23:01:31.000,2.4
2026-03-28 23:01:31.000,3.6
2026-03-28 23:01:33.000,3.6
2026-03-28 23:01:33.000,1.2
2026-03-28 23:01:35.000,1.2
2026-03-28 23:01:35.000,0
2026-03-28 23:01:39.000,0
2026-03-28 23:01:39.000,1.2
2026-03-28 23:01:47.000,1.2
2026-03-28 23:01:47.000,0
2026-03-28 23:01:57.000,0
2026-03-28 23:01:57.000,2.4
2026-03-28 23:01:59.000,2.4
2026-03-28 23:01:59.000,0
2026-03-28 23:03:39.000,0
2026-03-28 23:03:39.000,1.2
2026-03-28 23:03:41.000,1.2
2026-03-28 23:03:41.000,0
2026-03-28 23:03:43.000,0
2026-03-28 23:03:43.000,1.2
2026-03-28 23:03:45.000,1.2
2026-03-28 23:03:45.000,0
2026-03-28 23:03:49.000,0
2026-03-28 23:03:49.000,1.2
2026-03-28 23:03:51.000,1.2
2026-03-28 23:03:51.000,0
2026-03-28 23:03:55.000,0
2026-03-28 23:03:55.000,1.2
2026-03-28 23:04:03.000,1.2
2026-03-28 23:04:03.000,0
2026-03-28 23:04:19.000,0
2026-03-28 23:04:19.000,7.2
2026-03-28 23:04:21.000,7.2
2026-03-28 23:04:21.000,0
2026-03-28 23:04:55.000,0
2026-03-28 23:04:55.000,1.2
2026-03-28 23:04:57.000,1.2
2026-03-28 23:04:57.000,0
2026-03-28 23:05:59.000,0
2026-03-28 23:05:59.000,1.2
2026-03-28 23:06:01.000,1.2
2026-03-28 23:06:01.000,0
2026-03-28 23:06:03.000,0
2026-03-28 23:06:03.000,1.2
2026-03-28 23:06:05.000,1.2
2026-03-28 23:06:05.000,0
2026-03-28 23:06:45.000,0
2026-03-28 23:06:45.000,1.2
2026-03-28 23:06:49.000,1.2
2026-03-28 23:06:49.000,0
2026-03-28 23:07:19.000,0
2026-03-28 23:07:19.000,1.2
2026-03-28 23:07:21.000,1.2
2026-03-28 23:07:21.000,0
2026-03-28 23:08:03.000,0
2026-03-28 23:08:03.000,1.2
2026-03-28 23:08:07.000,1.2
2026-03-28 23:08:07.000,0
2026-03-28 23:08:23.000,0
2026-03-28 23:08:23.000,6
2026-03-28 23:08:25.000,6
2026-03-28 23:08:25.000,0
2026-03-28 23:09:25.000,0
2026-03-28 23:09:25.000,1.2
2026-03-28 23:09:27.000,1.2
2026-03-28 23:09:27.000,0
2026-03-28 23:09:49.000,0
2026-03-28 23:09:49.000,1.2
2026-03-28 23:09:51.000,1.2
2026-03-28 23:09:51.000,0
2026-03-28 23:10:33.000,0
2026-03-28 23:10:33.000,1.2
2026-03-28 23:10:35.000,1.2
2026-03-28 23:10:35.000,0
2026-03-28 23:11:07.000,0
2026-03-28 23:11:07.000,1.2
2026-03-28 23:11:11.000,1.2
2026-03-28 23:11:11.000,0
2026-03-28 23:11:53.000,0
2026-03-28 23:11:53.000,1.2
2026-03-28 23:11:55.000,1.2
2026-03-28 23:11:55.000,0
2026-03-28 23:13:11.000,0
2026-03-28 23:13:11.000,1.2
2026-03-28 23:13:15.000,1.2
2026-03-28 23:13:15.000,0
2026-03-28 23:13:23.000,0
2026-03-28 23:13:23.000,1.2
2026-03-28 23:13:25.000,1.2
2026-03-28 23:13:25.000,0
2026-03-28 23:14:03.000,0
2026-03-28 23:14:03.000,2.4
2026-03-28 23:14:05.000,2.4
2026-03-28 23:14:05.000,0
2026-03-28 23:14:35.000,0
2026-03-28 23:14:35.000,1.2
2026-03-28 23:14:37.000,1.2
2026-03-28 23:14:37.000,0
2026-03-28 23:14:39.000,0
2026-03-28 23:14:39.000,1.2
2026-03-28 23:14:41.000,1.2
2026-03-28 23:14:41.000,0
2026-03-28 23:15:13.000,0
2026-03-28 23:15:13.000,1.2
2026-03-28 23:15:17.000,1.2
2026-03-28 23:15:17.000,2.4
2026-03-28 23:15:23.000,2.4
2026-03-28 23:15:23.000,1.2
2026-03-28 23:15:27.000,1.2
2026-03-28 23:15:27.000,0
2026-03-28 23:15:55.000,0
2026-03-28 23:15:55.000,1.2
2026-03-28 23:16:01.000,1.2
2026-03-28 23:16:01.000,0
2026-03-28 23:17:55.000,0
2026-03-28 23:17:55.000,1.2
2026-03-28 23:17:59.000,1.2
2026-03-28 23:17:59.000,2.4
2026-03-28 23:21:29.000,2.4
2026-03-28 23:21:29.000,3.6
2026-03-28 23:21:31.000,3.6
2026-03-28 23:21:31.000,2.4
2026-03-28 23:22:11.000,2.4
2026-03-28 23:22:11.000,3.6
2026-03-28 23:22:13.000,3.6
2026-03-28 23:22:13.000,2.4
2026-03-28 23:24:01.000,2.4
2026-03-28 23:24:01.000,3.6
2026-03-28 23:24:03.000,3.6
2026-03-28 23:24:03.000,2.4
2026-03-28 23:27:03.000,2.4
2026-03-28 23:27:03.000,3.6
2026-03-28 23:27:07.000,3.6
2026-03-28 23:27:07.000,2.4
2026-03-28 23:27:11.000,2.4
2026-03-28 23:27:11.000,3.6
2026-03-28 23:27:13.000,3.6
2026-03-28 23:27:13.000,2.4
2026-03-28 23:27:17.000,2.4
2026-03-28 23:27:17.000,1.2
2026-03-28 23:27:21.000,1.2
2026-03-28 23:27:21.000,2.4
2026-03-28 23:27:43.000,2.4
2026-03-28 23:27:43.000,3.6
2026-03-28 23:27:49.000,3.6
2026-03-28 23:27:49.000,2.4
2026-03-28 23:40:17.000,2.4
2026-03-28 23:40:17.000,3.6
2026-03-28 23:40:19.000,3.6
2026-03-28 23:40:19.000,2.4
2026-03-28 23:43:25.000,2.4
2026-03-28 23:43:25.000,3.6
2026-03-28 23:43:29.000,3.6
2026-03-28 23:43:29.000,2.4
2026-03-28 23:48:47.000,2.4
2026-03-28 23:48:47.000,3.6
2026-03-28 23:48:59.000,3.6
2026-03-28 23:48:59.000,2.4
2026-03-28 23:49:03.000,2.4
2026-03-28 23:49:03.000,1.2
2026-03-28 23:49:07.000,1.2
2026-03-28 23:49:07.000,2.4
2026-03-28 23:49:13.000,2.4
2026-03-28 23:49:13.000,1.2
2026-03-28 23:49:29.000,1.2
2026-03-28 23:49:29.000,2.4
2026-03-28 23:49:31.000,2.4
2026-03-28 23:49:31.000,1.2
2026-03-28 23:49:47.000,1.2
2026-03-28 23:49:47.000,2.4
2026-03-28 23:49:55.000,2.4
2026-03-28 23:49:55.000,1.2
2026-03-28 23:50:21.000,1.2
2026-03-28 23:50:21.000,2.4
2026-03-28 23:50:41.000,2.4
2026-03-28 23:50:41.000,1.2
2026-03-28 23:50:53.000,1.2
2026-03-28 23:50:53.000,2.4
2026-03-28 23:50:57.000,2.4
2026-03-28 23:50:57.000,1.2
2026-03-28 23:51:09.000,1.2
2026-03-28 23:51:09.000,2.4
2026-03-28 23:51:11.000,2.4
2026-03-28 23:51:11.000,1.2
2026-03-28 23:51:19.000,1.2
2026-03-28 23:51:19.000,2.4
2026-03-28 23:51:35.000,2.4
2026-03-28 23:51:35.000,3.6
2026-03-28 23:51:39.000,3.6
2026-03-28 23:51:39.000,2.4
2026-03-28 23:51:49.000,2.4
2026-03-28 23:51:49.000,0
2026-03-28 23:51:51.000,0
2026-03-28 23:51:51.000,1.2
2026-03-28 23:52:03.000,1.2
2026-03-28 23:52:03.000,2.4
2026-03-28 23:52:07.000,2.4
2026-03-28 23:52:07.000,1.2
2026-03-28 23:52:09.000,1.2
2026-03-28 23:52:09.000,2.4
2026-03-28 23:52:13.000,2.4
2026-03-28 23:52:13.000,3.6
2026-03-28 23:52:17.000,3.6
2026-03-28 23:52:17.000,2.4
2026-03-28 23:52:23.000,2.4
2026-03-28 23:52:23.000,1.2
2026-03-28 23:52:35.000,1.2
2026-03-28 23:52:35.000,2.4
2026-03-28 23:52:39.000,2.4
2026-03-28 23:52:39.000,1.2
2026-03-28 23:52:45.000,1.2
2026-03-28 23:52:45.000,2.4
2026-03-28 23:52:47.000,2.4
2026-03-28 23:52:47.000,1.2
2026-03-28 23:52:51.000,1.2
2026-03-28 23:52:51.000,0
2026-03-28 23:52:59.000,0
2026-03-28 23:52:59.000,1.2
2026-03-28 23:53:09.000,1.2
2026-03-28 23:53:09.000,2.4
2026-03-28 23:53:29.000,2.4
2026-03-28 23:53:29.000,1.2
2026-03-28 23:53:37.000,1.2
2026-03-28 23:53:37.000,2.4
2026-03-28 23:53:39.000,2.4
2026-03-28 23:53:39.000,1.2
2026-03-28 23:54:01.000,1.2
2026-03-28 23:54:01.000,2.4
2026-03-28 23:54:11.000,2.4
2026-03-28 23:54:11.000,3.6
2026-03-28 23:54:13.000,3.6
2026-03-28 23:54:13.000,4.8
2026-03-28 23:54:19.000,4.8
2026-03-28 23:54:19.000,3.6
2026-03-28 23:54:21.000,3.6
2026-03-28 23:54:21.000,2.4
2026-03-28 23:54:39.000,2.4
2026-03-28 23:54:39.000,1.2
2026-03-28 23:54:49.000,1.2
2026-03-28 23:54:49.000,2.4
2026-03-28 23:54:51.000,2.4
2026-03-28 23:54:51.000,1.2
2026-03-28 23:55:13.000,1.2
2026-03-28 23:55:13.000,2.4
2026-03-28 23:55:31.000,2.4
2026-03-28 23:55:31.000,1.2
2026-03-28 23:55:53.000,1.2
2026-03-28 23:55:53.000,2.4
2026-03-28 23:56:13.000,2.4
2026-03-28 23:56:13.000,1.2
2026-03-28 23:56:37.000,1.2
2026-03-28 23:56:37.000,2.4
2026-03-28 23:56:53.000,2.4
2026-03-28 23:56:53.000,1.2
2026-03-28 23:56:59.000,1.2
2026-03-28 23:56:59.000,2.4
2026-03-28 23:57:07.000,2.4
2026-03-28 23:57:07.000,3.6
2026-03-28 23:57:09.000,3.6
2026-03-28 23:57:09.000,2.4
2026-03-28 23:57:13.000,2.4
2026-03-28 23:57:13.000,1.2
2026-03-28 23:57:19.000,1.2
2026-03-28 23:57:19.000,2.4
2026-03-28 23:57:23.000,2.4
2026-03-28 23:57:23.000,3.6
2026-03-28 23:57:25.000,3.6
2026-03-28 23:57:25.000,2.4
2026-03-28 23:57:29.000,2.4
2026-03-28 23:57:29.000,1.2
2026-03-28 23:57:53.000,1.2
2026-03-28 23:57:53.000,2.4
2026-03-28 23:58:05.000,2.4
2026-03-28 23:58:05.000,1.2
2026-03-28 23:58:35.000,1.2
2026-03-28 23:58:35.000,2.4
2026-03-28 23:58:51.000,2.4
2026-03-28 23:58:51.000,1.2
2026-03-28 23:59:15.000,1.2
2026-03-28 23:59:15.000,2.4
2026-03-28 23:59:23.000,2.4
2026-03-28 23:59:23.000,3.6
2026-03-28 23:59:31.000,3.6
2026-03-28 23:59:31.000,2.4
2026-03-28 23:59:41.000,2.4
2026-03-28 23:59:41.000,1.2
2026-03-28 23:59:45.000,1.2
2026-03-28 23:59:45.000,3.6
2026-03-28 23:59:47.000,3.6
2026-03-28 23:59:47.000,2.4
2026-03-28 23:59:49.000,2.4
2026-03-28 23:59:49.000,1.2
2026-03-28 23:59:51.000,1.2
2026-03-28 23:59:51.000,2.4
2026-03-28 23:59:59.000,2.4
2026-03-28 23:59:59.000,1.2
2026-03-29 00:00:03.000,1.2
2026-03-29 00:00:03.000,2.4
2026-03-29 00:00:05.000,2.4
2026-03-29 00:00:05.000,1.2
2026-03-29 00:00:07.000,1.2
2026-03-29 00:00:07.000,2.4
2026-03-29 00:00:19.000,2.4
2026-03-29 00:00:19.000,3.6
2026-03-29 00:00:21.000,3.6
2026-03-29 00:00:21.000,0
2026-03-29 00:00:39.000,0
2026-03-29 00:00:39.000,1.2
2026-03-29 00:00:43.000,1.2
2026-03-29 00:00:43.000,2.4
2026-03-29 00:00:47.000,2.4
2026-03-29 00:00:47.000,3.6
2026-03-29 00:00:51.000,3.6
2026-03-29 00:00:51.000,2.4
2026-03-29 00:00:59.000,2.4
2026-03-29 00:00:59.000,1.2
2026-03-29 00:01:13.000,1.2
2026-03-29 00:01:13.000,2.4
2026-03-29 00:01:33.000,2.4
2026-03-29 00:01:33.000,0
2026-03-29 00:01:35.000,0
2026-03-29 00:01:35.000,2.4
2026-03-29 00:01:37.000,2.4
2026-03-29 00:01:37.000,1.2
2026-03-29 00:01:39.000,1.2
2026-03-29 00:01:39.000,0
2026-03-29 00:01:43.000,0
2026-03-29 00:01:43.000,1.2
2026-03-29 00:01:49.000,1.2
2026-03-29 00:01:49.000,2.4
2026-03-29 00:01:51.000,2.4
2026-03-29 00:01:51.000,1.2
2026-03-29 00:02:29.000,1.2
2026-03-29 00:02:29.000,2.4
2026-03-29 00:02:33.000,2.4
2026-03-29 00:02:33.000,1.2
2026-03-29 00:02:55.000,1.2
2026-03-29 00:02:55.000,2.4
2026-03-29 00:03:07.000,2.4
2026-03-29 00:03:07.000,1.2
2026-03-29 00:03:27.000,1.2
2026-03-29 00:03:27.000,2.4
2026-03-29 00:03:33.000,2.4
2026-03-29 00:03:33.000,1.2
2026-03-29 00:03:39.000,1.2
2026-03-29 00:03:39.000,2.4
2026-03-29 00:03:41.000,2.4
2026-03-29 00:03:41.000,4.8
2026-03-29 00:03:43.000,4.8
2026-03-29 00:03:43.000,3.6
2026-03-29 00:03:47.000,3.6
2026-03-29 00:03:47.000,2.4
2026-03-29 00:03:49.000,2.4
2026-03-29 00:03:49.000,1.2
2026-03-29 00:03:59.000,1.2
2026-03-29 00:03:59.000,0
2026-03-29 00:04:03.000,0
2026-03-29 00:04:03.000,1.2
2026-03-29 00:04:15.000,1.2
2026-03-29 00:04:15.000,2.4
2026-03-29 00:04:21.000,2.4
2026-03-29 00:04:21.000,1.2
2026-03-29 00:04:31.000,1.2
2026-03-29 00:04:31.000,0
2026-03-29 00:04:33.000,0
2026-03-29 00:04:33.000,1.2
2026-03-29 00:04:47.000,1.2
2026-03-29 00:04:47.000,2.4
2026-03-29 00:05:03.000,2.4
2026-03-29 00:05:03.000,1.2
2026-03-29 00:05:33.000,1.2
2026-03-29 00:05:33.000,2.4
2026-03-29 00:05:51.000,2.4
2026-03-29 00:05:51.000,1.2
2026-03-29 00:05:53.000,1.2
2026-03-29 00:05:53.000,2.4
2026-03-29 00:06:11.000,2.4
2026-03-29 00:06:11.000,1.2
2026-03-29 00:06:45.000,1.2
2026-03-29 00:06:45.000,2.4
2026-03-29 00:07:03.000,2.4
2026-03-29 00:07:03.000,1.2
2026-03-29 00:07:27.000,1.2
2026-03-29 00:07:27.000,2.4
2026-03-29 00:07:29.000,2.4
2026-03-29 00:07:29.000,1.2
2026-03-29 00:07:33.000,1.2
2026-03-29 00:07:33.000,2.4
2026-03-29 00:07:51.000,2.4
2026-03-29 00:07:51.000,1.2
2026-03-29 00:08:35.000,1.2
2026-03-29 00:08:35.000,2.4
2026-03-29 00:08:43.000,2.4
2026-03-29 00:08:43.000,1.2
2026-03-29 00:08:57.000,1.2
2026-03-29 00:08:57.000,2.4
2026-03-29 00:08:59.000,2.4
2026-03-29 00:08:59.000,1.2
2026-03-29 00:09:25.000,1.2
2026-03-29 00:09:25.000,2.4
2026-03-29 00:09:27.000,2.4
2026-03-29 00:09:27.000,1.2
2026-03-29 00:09:29.000,1.2
2026-03-29 00:09:29.000,2.4
2026-03-29 00:09:33.000,2.4
2026-03-29 00:09:33.000,1.2
2026-03-29 00:09:51.000,1.2
2026-03-29 00:09:51.000,2.4
2026-03-29 00:09:55.000,2.4
2026-03-29 00:09:55.000,1.2
2026-03-29 00:10:35.000,1.2
2026-03-29 00:10:35.000,2.4
2026-03-29 00:10:37.000,2.4
2026-03-29 00:10:37.000,1.2
2026-03-29 00:10:39.000,1.2
2026-03-29 00:10:39.000,2.4
2026-03-29 00:10:43.000,2.4
2026-03-29 00:10:43.000,1.2
2026-03-29 00:10:59.000,1.2
2026-03-29 00:10:59.000,2.4
2026-03-29 00:11:01.000,2.4
2026-03-29 00:11:01.000,1.2
2026-03-29 00:11:39.000,1.2
2026-03-29 00:11:39.000,2.4
2026-03-29 00:11:41.000,2.4
2026-03-29 00:11:41.000,1.2
2026-03-29 00:11:47.000,1.2
2026-03-29 00:11:47.000,2.4
2026-03-29 00:11:49.000,2.4
2026-03-29 00:11:49.000,1.2
2026-03-29 00:11:51.000,1.2
2026-03-29 00:11:51.000,3.6
2026-03-29 00:11:53.000,3.6
2026-03-29 00:11:53.000,2.4
2026-03-29 00:11:55.000,2.4
2026-03-29 00:11:55.000,3.6
2026-03-29 00:11:57.000,3.6
2026-03-29 00:11:57.000,2.4
2026-03-29 00:12:01.000,2.4
2026-03-29 00:12:01.000,1.2
2026-03-29 00:12:05.000,1.2
2026-03-29 00:12:05.000,0
2026-03-29 00:12:07.000,0
2026-03-29 00:12:07.000,1.2
2026-03-29 00:12:15.000,1.2
2026-03-29 00:12:15.000,2.4
2026-03-29 00:12:17.000,2.4
2026-03-29 00:12:17.000,1.2
2026-03-29 00:12:19.000,1.2
2026-03-29 00:12:19.000,6
2026-03-29 00:12:21.000,6
2026-03-29 00:12:21.000,0
2026-03-29 00:12:31.000,0
2026-03-29 00:12:31.000,2.4
2026-03-29 00:12:33.000,2.4
2026-03-29 00:12:33.000,0
2026-03-29 00:12:35.000,0
2026-03-29 00:12:35.000,1.2
2026-03-29 00:12:37.000,1.2
2026-03-29 00:12:37.000,0
2026-03-29 00:12:41.000,0
2026-03-29 00:12:41.000,1.2
2026-03-29 00:12:47.000,1.2
2026-03-29 00:12:47.000,0
2026-03-29 00:12:49.000,0
2026-03-29 00:12:49.000,1.2
2026-03-29 00:12:51.000,1.2
2026-03-29 00:12:51.000,2.4
2026-03-29 00:12:55.000,2.4
2026-03-29 00:12:55.000,3.6
2026-03-29 00:12:57.000,3.6
2026-03-29 00:12:57.000,6
2026-03-29 00:12:59.000,6
2026-03-29 00:12:59.000,0
2026-03-29 00:13:13.000,0
2026-03-29 00:13:13.000,1.2
2026-03-29 00:13:27.000,1.2
2026-03-29 00:13:27.000,0
2026-03-29 00:13:31.000,0
2026-03-29 00:13:31.000,1.2
2026-03-29 00:13:49.000,1.2
2026-03-29 00:13:49.000,0
2026-03-29 00:13:51.000,0
2026-03-29 00:13:51.000,1.2
2026-03-29 00:13:53.000,1.2
2026-03-29 00:13:53.000,0
2026-03-29 00:13:55.000,0
2026-03-29 00:13:55.000,1.2
2026-03-29 00:13:59.000,1.2
2026-03-29 00:13:59.000,2.4
2026-03-29 00:14:01.000,2.4
2026-03-29 00:14:01.000,1.2
2026-03-29 00:14:03.000,1.2
2026-03-29 00:14:03.000,2.4
2026-03-29 00:14:05.000,2.4
2026-03-29 00:14:05.000,1.2
2026-03-29 00:14:09.000,1.2
2026-03-29 00:14:09.000,2.4
2026-03-29 00:14:13.000,2.4
2026-03-29 00:14:13.000,1.2
2026-03-29 00:14:15.000,1.2
2026-03-29 00:14:15.000,2.4
2026-03-29 00:14:29.000,2.4
2026-03-29 00:14:29.000,1.2
2026-03-29 00:14:31.000,1.2
2026-03-29 00:14:31.000,2.4
2026-03-29 00:14:35.000,2.4
2026-03-29 00:14:35.000,1.2
2026-03-29 00:14:39.000,1.2
2026-03-29 00:14:39.000,2.4
2026-03-29 00:14:43.000,2.4
2026-03-29 00:14:43.000,1.2
2026-03-29 00:14:49.000,1.2
2026-03-29 00:14:49.000,2.4
2026-03-29 00:14:55.000,2.4
2026-03-29 00:14:55.000,1.2
2026-03-29 00:14:57.000,1.2
2026-03-29 00:14:57.000,2.4
2026-03-29 00:15:01.000,2.4
2026-03-29 00:15:01.000,1.2
2026-03-29 00:15:13.000,1.2
2026-03-29 00:15:13.000,0
2026-03-29 00:15:21.000,0
2026-03-29 00:15:21.000,1.2
2026-03-29 00:15:39.000,1.2
2026-03-29 00:15:39.000,2.4
2026-03-29 00:15:41.000,2.4
2026-03-29 00:15:41.000,3.6
2026-03-29 00:15:43.000,3.6
2026-03-29 00:15:43.000,7.2
2026-03-29 00:15:45.000,7.2
2026-03-29 00:15:45.000,6
2026-03-29 00:15:47.000,6
2026-03-29 00:15:47.000,4.8
2026-03-29 00:15:49.000,4.8
2026-03-29 00:15:49.000,6
2026-03-29 00:15:51.000,6
2026-03-29 00:15:51.000,8.4
2026-03-29 00:15:53.000,8.4
2026-03-29 00:15:53.000,6
2026-03-29 00:15:55.000,6
2026-03-29 00:15:55.000,4.8
2026-03-29 00:15:57.000,4.8
2026-03-29 00:15:57.000,7.2
2026-03-29 00:15:59.000,7.2
2026-03-29 00:15:59.000,6
2026-03-29 00:16:03.000,6
2026-03-29 00:16:03.000,3.6
2026-03-29 00:16:07.000,3.6
2026-03-29 00:16:07.000,0
2026-03-29 00:16:09.000,0
2026-03-29 00:16:09.000,1.2
2026-03-29 00:16:11.000,1.2
2026-03-29 00:16:11.000,0
2026-03-29 00:16:15.000,0
2026-03-29 00:16:15.000,1.2
2026-03-29 00:16:19.000,1.2
2026-03-29 00:16:19.000,0
2026-03-29 00:16:21.000,0
2026-03-29 00:16:21.000,2.4
2026-03-29 00:16:23.000,2.4
2026-03-29 00:16:23.000,4.8
2026-03-29 00:16:25.000,4.8
2026-03-29 00:16:25.000,0
2026-03-29 00:16:33.000,0
2026-03-29 00:16:33.000,1.2
2026-03-29 00:16:35.000,1.2
2026-03-29 00:16:35.000,0
2026-03-29 00:16:37.000,0
2026-03-29 00:16:37.000,1.2
2026-03-29 00:16:47.000,1.2
2026-03-29 00:16:47.000,0
2026-03-29 00:16:49.000,0
2026-03-29 00:16:49.000,1.2
2026-03-29 00:16:51.000,1.2
2026-03-29 00:16:51.000,0
2026-03-29 00:16:53.000,0
2026-03-29 00:16:53.000,1.2
2026-03-29 00:16:55.000,1.2
2026-03-29 00:16:55.000,4.8
2026-03-29 00:16:57.000,4.8
2026-03-29 00:16:57.000,0
2026-03-29 00:17:01.000,0
2026-03-29 00:17:01.000,1.2
2026-03-29 00:17:03.000,1.2
2026-03-29 00:17:03.000,0
2026-03-29 00:17:09.000,0
2026-03-29 00:17:09.000,1.2
2026-03-29 00:17:11.000,1.2
2026-03-29 00:17:11.000,0
2026-03-29 00:17:31.000,0
2026-03-29 00:17:31.000,1.2
2026-03-29 00:17:35.000,1.2
2026-03-29 00:17:35.000,2.4
2026-03-29 00:17:37.000,2.4
2026-03-29 00:17:37.000,3.6
2026-03-29 00:17:43.000,3.6
2026-03-29 00:17:43.000,1.2
2026-03-29 00:17:51.000,1.2
2026-03-29 00:17:51.000,0
2026-03-29 00:17:59.000,0
2026-03-29 00:17:59.000,1.2
2026-03-29 00:18:03.000,1.2
2026-03-29 00:18:03.000,2.4
2026-03-29 00:18:13.000,2.4
2026-03-29 00:18:13.000,1.2
2026-03-29 00:18:33.000,1.2
2026-03-29 00:18:33.000,2.4
2026-03-29 00:18:35.000,2.4
2026-03-29 00:18:35.000,3.6
2026-03-29 00:18:41.000,3.6
2026-03-29 00:18:41.000,4.8
2026-03-29 00:18:43.000,4.8
2026-03-29 00:18:43.000,2.4
2026-03-29 00:18:47.000,2.4
2026-03-29 00:18:47.000,1.2
2026-03-29 00:19:15.000,1.2
2026-03-29 00:19:15.000,2.4
2026-03-29 00:19:23.000,2.4
2026-03-29 00:19:23.000,3.6
2026-03-29 00:19:25.000,3.6
2026-03-29 00:19:25.000,2.4
2026-03-29 00:19:35.000,2.4
2026-03-29 00:19:35.000,1.2
2026-03-29 00:19:55.000,1.2
2026-03-29 00:19:55.000,2.4
2026-03-29 00:20:11.000,2.4
2026-03-29 00:20:11.000,1.2
2026-03-29 00:20:15.000,1.2
2026-03-29 00:20:15.000,2.4
2026-03-29 00:20:17.000,2.4
2026-03-29 00:20:17.000,1.2
2026-03-29 00:20:21.000,1.2
2026-03-29 00:20:21.000,2.4
2026-03-29 00:20:23.000,2.4
2026-03-29 00:20:23.000,1.2
2026-03-29 00:20:33.000,1.2
2026-03-29 00:20:33.000,2.4
2026-03-29 00:20:41.000,2.4
2026-03-29 00:20:41.000,3.6
2026-03-29 00:20:43.000,3.6
2026-03-29 00:20:43.000,2.4
2026-03-29 00:20:45.000,2.4
2026-03-29 00:20:45.000,3.6
2026-03-29 00:20:47.000,3.6
2026-03-29 00:20:47.000,2.4
2026-03-29 00:21:03.000,2.4
2026-03-29 00:21:03.000,1.2
2026-03-29 00:21:09.000,1.2
2026-03-29 00:21:09.000,6
2026-03-29 00:21:11.000,6
2026-03-29 00:21:11.000,0
2026-03-29 00:21:29.000,0
2026-03-29 00:21:29.000,1.2
2026-03-29 00:21:31.000,1.2
2026-03-29 00:21:31.000,0
2026-03-29 00:21:35.000,0
2026-03-29 00:21:35.000,1.2
2026-03-29 00:21:43.000,1.2
2026-03-29 00:21:43.000,0
2026-03-29 00:21:59.000,0
2026-03-29 00:21:59.000,1.2
2026-03-29 00:22:07.000,1.2
2026-03-29 00:22:07.000,0
2026-03-29 00:22:15.000,0
2026-03-29 00:22:15.000,1.2
2026-03-29 00:22:29.000,1.2
2026-03-29 00:22:29.000,0
2026-03-29 00:22:35.000,0
2026-03-29 00:22:35.000,1.2
2026-03-29 00:22:51.000,1.2
2026-03-29 00:22:51.000,2.4
2026-03-29 00:22:57.000,2.4
2026-03-29 00:22:57.000,1.2
2026-03-29 00:23:05.000,1.2
2026-03-29 00:23:05.000,2.4
2026-03-29 00:23:07.000,2.4
2026-03-29 00:23:07.000,6
2026-03-29 00:23:09.000,6
2026-03-29 00:23:09.000,0
2026-03-29 00:23:41.000,0
2026-03-29 00:23:41.000,1.2
2026-03-29 00:23:45.000,1.2
2026-03-29 00:23:45.000,3.6
2026-03-29 00:23:53.000,3.6
2026-03-29 00:23:53.000,1.2
2026-03-29 00:23:55.000,1.2
2026-03-29 00:23:55.000,0
2026-03-29 00:24:05.000,0
2026-03-29 00:24:05.000,1.2
2026-03-29 00:24:15.000,1.2
2026-03-29 00:24:15.000,2.4
2026-03-29 00:24:17.000,2.4
2026-03-29 00:24:17.000,3.6
2026-03-29 00:24:23.000,3.6
2026-03-29 00:24:23.000,2.4
2026-03-29 00:24:25.000,2.4
2026-03-29 00:24:25.000,3.6
2026-03-29 00:24:27.000,3.6
2026-03-29 00:24:27.000,2.4
2026-03-29 00:24:29.000,2.4
2026-03-29 00:24:29.000,3.6
2026-03-29 00:24:31.000,3.6
2026-03-29 00:24:31.000,1.2
2026-03-29 00:24:35.000,1.2
2026-03-29 00:24:35.000,0
2026-03-29 00:24:37.000,0
2026-03-29 00:24:37.000,1.2
2026-03-29 00:24:39.000,1.2
2026-03-29 00:24:39.000,0
2026-03-29 00:25:03.000,0
2026-03-29 00:25:03.000,1.2
2026-03-29 00:25:09.000,1.2
2026-03-29 00:25:09.000,3.6
2026-03-29 00:25:11.000,3.6
2026-03-29 00:25:11.000,2.4
2026-03-29 00:25:15.000,2.4
2026-03-29 00:25:15.000,1.2
2026-03-29 00:25:21.000,1.2
2026-03-29 00:25:21.000,0
2026-03-29 00:25:35.000,0
2026-03-29 00:25:35.000,1.2
2026-03-29 00:25:47.000,1.2
2026-03-29 00:25:47.000,0
2026-03-29 00:25:55.000,0
2026-03-29 00:25:55.000,1.2
2026-03-29 00:26:13.000,1.2
2026-03-29 00:26:13.000,2.4
2026-03-29 00:26:23.000,2.4
2026-03-29 00:26:23.000,0
2026-03-29 00:26:43.000,0
2026-03-29 00:26:43.000,1.2
2026-03-29 00:26:59.000,1.2
2026-03-29 00:26:59.000,0
2026-03-29 00:27:29.000,0
2026-03-29 00:27:29.000,1.2
2026-03-29 00:27:45.000,1.2
2026-03-29 00:27:45.000,0
2026-03-29 00:28:15.000,0
2026-03-29 00:28:15.000,1.2
2026-03-29 00:28:33.000,1.2
2026-03-29 00:28:33.000,0
2026-03-29 00:28:57.000,0
2026-03-29 00:28:57.000,1.2
2026-03-29 00:29:05.000,1.2
2026-03-29 00:29:05.000,2.4
2026-03-29 00:29:09.000,2.4
2026-03-29 00:29:09.000,1.2
2026-03-29 00:29:13.000,1.2
2026-03-29 00:29:13.000,0
2026-03-29 00:29:39.000,0
2026-03-29 00:29:39.000,1.2
2026-03-29 00:29:57.000,1.2
2026-03-29 00:29:57.000,0
2026-03-29 00:30:51.000,0
2026-03-29 00:30:51.000,1.2
2026-03-29 00:30:59.000,1.2
2026-03-29 00:30:59.000,0
2026-03-29 00:31:59.000,0
2026-03-29 00:31:59.000,1.2
2026-03-29 00:32:05.000,1.2
2026-03-29 00:32:05.000,0
2026-03-29 00:32:43.000,0
2026-03-29 00:32:43.000,1.2
2026-03-29 00:32:45.000,1.2
2026-03-29 00:32:45.000,0
2026-03-29 00:33:07.000,0
2026-03-29 00:33:07.000,1.2
2026-03-29 00:33:09.000,1.2
2026-03-29 00:33:09.000,0
2026-03-29 00:33:23.000,0
2026-03-29 00:33:23.000,1.2
2026-03-29 00:33:25.000,1.2
2026-03-29 00:33:25.000,0
2026-03-29 00:34:13.000,0
2026-03-29 00:34:13.000,1.2
2026-03-29 00:34:17.000,1.2
2026-03-29 00:34:17.000,0
2026-03-29 00:34:21.000,0
2026-03-29 00:34:21.000,1.2
2026-03-29 00:34:27.000,1.2
2026-03-29 00:34:27.000,0
2026-03-29 00:35:45.000,0
2026-03-29 00:35:45.000,1.2
2026-03-29 00:35:47.000,1.2
2026-03-29 00:35:47.000,0
2026-03-29 00:36:39.000,0
2026-03-29 00:36:39.000,1.2
2026-03-29 00:36:47.000,1.2
2026-03-29 00:36:47.000,0
2026-03-29 00:37:25.000,0
2026-03-29 00:37:25.000,1.2
2026-03-29 00:37:31.000,1.2
2026-03-29 00:37:31.000,0
2026-03-29 00:37:33.000,0
2026-03-29 00:37:33.000,1.2
2026-03-29 00:37:37.000,1.2
2026-03-29 00:37:37.000,0
2026-03-29 00:37:47.000,0
2026-03-29 00:37:47.000,1.2
2026-03-29 00:37:51.000,1.2
2026-03-29 00:37:51.000,0
2026-03-29 00:38:17.000,0
2026-03-29 00:38:17.000,1.2
2026-03-29 00:38:19.000,1.2
2026-03-29 00:38:19.000,0
2026-03-29 00:38:23.000,0
2026-03-29 00:38:23.000,1.2
2026-03-29 00:38:25.000,1.2
2026-03-29 00:38:25.000,0
2026-03-29 00:39:27.000,0
2026-03-29 00:39:27.000,1.2
2026-03-29 00:39:29.000,1.2
2026-03-29 00:39:29.000,0
2026-03-29 00:39:35.000,0
2026-03-29 00:39:35.000,1.2
2026-03-29 00:39:43.000,1.2
2026-03-29 00:39:43.000,0
2026-03-29 00:39:45.000,0
2026-03-29 00:39:45.000,1.2
2026-03-29 00:39:47.000,1.2
2026-03-29 00:39:47.000,0
2026-03-29 00:40:37.000,0
2026-03-29 00:40:37.000,1.2
2026-03-29 00:40:41.000,1.2
2026-03-29 00:40:41.000,0
2026-03-29 00:40:43.000,0
2026-03-29 00:40:43.000,1.2
2026-03-29 00:40:57.000,1.2
2026-03-29 00:40:57.000,0
2026-03-29 00:41:11.000,0
2026-03-29 00:41:11.000,1.2
2026-03-29 00:41:41.000,1.2
2026-03-29 00:41:41.000,0
2026-03-29 00:41:55.000,0
2026-03-29 00:41:55.000,1.2
2026-03-29 00:42:19.000,1.2
2026-03-29 00:42:19.000,0
2026-03-29 00:42:21.000,0
2026-03-29 00:42:21.000,1.2
2026-03-29 00:42:25.000,1.2
2026-03-29 00:42:25.000,0
2026-03-29 00:42:27.000,0
2026-03-29 00:42:27.000,1.2
2026-03-29 00:42:31.000,1.2
2026-03-29 00:42:31.000,2.4
2026-03-29 00:42:33.000,2.4
2026-03-29 00:42:33.000,3.6
2026-03-29 00:42:37.000,3.6
2026-03-29 00:42:37.000,2.4
2026-03-29 00:42:39.000,2.4
2026-03-29 00:42:39.000,1.2
2026-03-29 00:42:41.000,1.2
2026-03-29 00:42:41.000,3.6
2026-03-29 00:42:43.000,3.6
2026-03-29 00:42:43.000,1.2
2026-03-29 00:42:45.000,1.2
2026-03-29 00:42:45.000,0
2026-03-29 00:43:15.000,0
2026-03-29 00:43:15.000,1.2
2026-03-29 00:43:21.000,1.2
2026-03-29 00:43:21.000,2.4
2026-03-29 00:43:27.000,2.4
2026-03-29 00:43:27.000,1.2
2026-03-29 01:07:09.000,1.2
2026-03-29 01:07:09.000,2.4
2026-03-29 01:07:11.000,2.4
2026-03-29 01:07:11.000,3.6
2026-03-29 01:07:13.000,3.6
2026-03-29 01:07:13.000,0
2026-03-29 01:07:33.000,0
2026-03-29 01:07:33.000,1.2
2026-03-29 01:07:37.000,1.2
2026-03-29 01:07:37.000,2.4
2026-03-29 01:07:47.000,2.4
2026-03-29 01:07:47.000,1.2
2026-03-29 01:09:57.000,1.2
2026-03-29 01:09:57.000,2.4
2026-03-29 01:10:03.000,2.4
2026-03-29 01:10:03.000,1.2
2026-03-29 01:11:09.000,1.2
2026-03-29 01:11:09.000,2.4
2026-03-29 01:11:11.000,2.4
2026-03-29 01:11:11.000,1.2
2026-03-29 01:12:25.000,1.2
2026-03-29 01:12:25.000,2.4
2026-03-29 01:12:39.000,2.4
2026-03-29 01:12:39.000,1.2
2026-03-29 01:12:57.000,1.2
2026-03-29 01:12:57.000,2.4
2026-03-29 01:13:07.000,2.4
2026-03-29 01:13:07.000,1.2
2026-03-29 01:13:29.000,1.2
2026-03-29 01:13:29.000,2.4
2026-03-29 01:13:33.000,2.4
2026-03-29 01:13:33.000,1.2
2026-03-29 01:13:39.000,1.2
2026-03-29 01:13:39.000,2.4
2026-03-29 01:13:41.000,2.4
2026-03-29 01:13:41.000,1.2
2026-03-29 01:14:41.000,1.2
2026-03-29 01:14:41.000,2.4
2026-03-29 01:14:55.000,2.4
2026-03-29 01:14:55.000,1.2
2026-03-29 01:15:25.000,1.2
2026-03-29 01:15:25.000,2.4
2026-03-29 01:15:39.000,2.4
2026-03-29 01:15:39.000,1.2
2026-03-29 01:15:59.000,1.2
2026-03-29 01:15:59.000,0
2026-03-29 01:16:03.000,0
2026-03-29 01:16:03.000,1.2
2026-03-29 01:16:11.000,1.2
2026-03-29 01:16:11.000,2.4
2026-03-29 01:16:15.000,2.4
2026-03-29 01:16:15.000,1.2
2026-03-29 01:18:05.000,1.2
2026-03-29 01:18:05.000,2.4
2026-03-29 01:18:29.000,2.4
2026-03-29 01:18:29.000,1.2
2026-03-29 01:18:43.000,1.2
2026-03-29 01:18:43.000,2.4
2026-03-29 01:18:49.000,2.4
2026-03-29 01:18:49.000,1.2
2026-03-29 01:18:51.000,1.2
2026-03-29 01:18:51.000,2.4
2026-03-29 01:18:53.000,2.4
2026-03-29 01:18:53.000,3.6
2026-03-29 01:18:55.000,3.6
2026-03-29 01:18:55.000,6
2026-03-29 01:18:57.000,6
2026-03-29 01:18:57.000,8.4
2026-03-29 01:19:01.000,8.4
2026-03-29 01:19:01.000,7.2
2026-03-29 01:19:03.000,7.2
2026-03-29 01:19:03.000,6
2026-03-29 01:19:05.000,6
2026-03-29 01:19:05.000,4.8
2026-03-29 01:19:09.000,4.8
2026-03-29 01:19:09.000,3.6
2026-03-29 01:19:13.000,3.6
2026-03-29 01:19:13.000,2.4
2026-03-29 01:19:19.000,2.4
2026-03-29 01:19:19.000,1.2
2026-03-29 01:19:27.000,1.2
2026-03-29 01:19:27.000,2.4
2026-03-29 01:19:31.000,2.4
2026-03-29 01:19:31.000,1.2
2026-03-29 01:19:43.000,1.2
2026-03-29 01:19:43.000,0
2026-03-29 01:19:53.000,0
2026-03-29 01:19:53.000,1.2
2026-03-29 01:20:07.000,1.2
2026-03-29 01:20:07.000,0
2026-03-29 01:20:19.000,0
2026-03-29 01:20:19.000,1.2
2026-03-29 01:20:49.000,1.2
2026-03-29 01:20:49.000,2.4
2026-03-29 01:20:51.000,2.4
2026-03-29 01:20:51.000,3.6
2026-03-29 01:20:53.000,3.6
2026-03-29 01:20:53.000,4.8
2026-03-29 01:20:55.000,4.8
2026-03-29 01:20:55.000,6
2026-03-29 01:20:57.000,6
2026-03-29 01:20:57.000,7.2
2026-03-29 01:21:01.000,7.2
2026-03-29 01:21:01.000,8.4
2026-03-29 01:21:05.000,8.4
2026-03-29 01:21:05.000,9.6
2026-03-29 01:21:11.000,9.6
2026-03-29 01:21:11.000,10.8
2026-03-29 01:21:23.000,10.8
2026-03-29 01:21:23.000,12
2026-03-29 01:21:37.000,12
2026-03-29 01:21:37.000,10.8
2026-03-29 01:21:43.000,10.8
2026-03-29 01:21:43.000,9.6
2026-03-29 01:21:45.000,9.6
2026-03-29 01:21:45.000,8.4
2026-03-29 01:21:47.000,8.4
2026-03-29 01:21:47.000,7.2
2026-03-29 01:21:55.000,7.2
2026-03-29 01:21:55.000,8.4
2026-03-29 01:21:57.000,8.4
2026-03-29 01:21:57.000,7.2
2026-03-29 01:22:05.000,7.2
2026-03-29 01:22:05.000,8.4
2026-03-29 01:22:13.000,8.4
2026-03-29 01:22:13.000,9.6
2026-03-29 01:22:17.000,9.6
2026-03-29 01:22:17.000,8.4
2026-03-29 01:22:19.000,8.4
2026-03-29 01:22:19.000,7.2
2026-03-29 01:22:21.000,7.2
2026-03-29 01:22:21.000,6
2026-03-29 01:22:23.000,6
2026-03-29 01:22:23.000,4.8
2026-03-29 01:22:25.000,4.8
2026-03-29 01:22:25.000,3.6
2026-03-29 01:22:27.000,3.6
2026-03-29 01:22:27.000,2.4
2026-03-29 01:22:29.000,2.4
2026-03-29 01:22:29.000,3.6
2026-03-29 01:22:31.000,3.6
2026-03-29 01:22:31.000,2.4
2026-03-29 01:22:43.000,2.4
2026-03-29 01:22:43.000,1.2
2026-03-29 01:23:01.000,1.2
2026-03-29 01:23:01.000,0
2026-03-29 01:23:07.000,0
2026-03-29 01:23:07.000,1.2
2026-03-29 01:23:35.000,1.2
2026-03-29 01:23:35.000,2.4
2026-03-29 01:23:45.000,2.4
2026-03-29 01:23:45.000,1.2
2026-03-29 01:23:51.000,1.2
2026-03-29 01:23:51.000,2.4
2026-03-29 01:23:53.000,2.4
2026-03-29 01:23:53.000,3.6
2026-03-29 01:23:55.000,3.6
2026-03-29 01:23:55.000,6
2026-03-29 01:23:57.000,6
2026-03-29 01:23:57.000,4.8
2026-03-29 01:23:59.000,4.8
2026-03-29 01:23:59.000,7.2
2026-03-29 01:24:03.000,7.2
2026-03-29 01:24:03.000,8.4
2026-03-29 01:24:07.000,8.4
2026-03-29 01:24:07.000,9.6
2026-03-29 01:24:09.000,9.6
2026-03-29 01:24:09.000,10.8
2026-03-29 01:24:11.000,10.8
2026-03-29 01:24:11.000,12
2026-03-29 01:24:13.000,12
2026-03-29 01:24:13.000,10.8
2026-03-29 01:24:15.000,10.8
2026-03-29 01:24:15.000,8.4
2026-03-29 01:24:17.000,8.4
2026-03-29 01:24:17.000,6
2026-03-29 01:24:19.000,6
2026-03-29 01:24:19.000,2.4
2026-03-29 01:24:21.000,2.4
2026-03-29 01:24:21.000,3.6
2026-03-29 01:24:23.000,3.6
2026-03-29 01:24:23.000,1.2
2026-03-29 01:24:25.000,1.2
2026-03-29 01:24:25.000,2.4
2026-03-29 01:24:27.000,2.4
2026-03-29 01:24:27.000,1.2
2026-03-29 01:24:47.000,1.2
2026-03-29 01:24:47.000,0
2026-03-29 01:24:51.000,0
2026-03-29 01:24:51.000,1.2
2026-03-29 01:25:09.000,1.2
2026-03-29 01:25:09.000,2.4
2026-03-29 01:25:13.000,2.4
2026-03-29 01:25:13.000,3.6
2026-03-29 01:25:15.000,3.6
2026-03-29 01:25:15.000,4.8
2026-03-29 01:25:17.000,4.8
2026-03-29 01:25:17.000,6
2026-03-29 01:25:27.000,6
2026-03-29 01:25:27.000,7.2
2026-03-29 01:25:29.000,7.2
2026-03-29 01:25:29.000,6
2026-03-29 01:25:41.000,6
2026-03-29 01:25:41.000,4.8
2026-03-29 01:25:49.000,4.8
2026-03-29 01:25:49.000,3.6
2026-03-29 01:26:03.000,3.6
2026-03-29 01:26:03.000,4.8
2026-03-29 01:26:15.000,4.8
2026-03-29 01:26:15.000,3.6
2026-03-29 01:26:19.000,3.6
2026-03-29 01:26:19.000,4.8
2026-03-29 01:26:21.000,4.8
2026-03-29 01:26:21.000,3.6
2026-03-29 01:26:25.000,3.6
2026-03-29 01:26:25.000,4.8
2026-03-29 01:26:43.000,4.8
2026-03-29 01:26:43.000,6
2026-03-29 01:26:49.000,6
2026-03-29 01:26:49.000,4.8
2026-03-29 01:26:53.000,4.8
2026-03-29 01:26:53.000,3.6
2026-03-29 01:26:57.000,3.6
2026-03-29 01:26:57.000,2.4
2026-03-29 01:27:21.000,2.4
2026-03-29 01:27:21.000,1.2
2026-03-29 01:27:31.000,1.2
2026-03-29 01:27:31.000,0
2026-03-29 01:27:41.000,0
2026-03-29 01:27:41.000,1.2
2026-03-29 01:27:45.000,1.2
2026-03-29 01:27:45.000,2.4
2026-03-29 01:27:49.000,2.4
2026-03-29 01:27:49.000,3.6
2026-03-29 01:27:59.000,3.6
2026-03-29 01:27:59.000,4.8
2026-03-29 01:28:11.000,4.8
2026-03-29 01:28:11.000,6
2026-03-29 01:28:13.000,6
2026-03-29 01:28:13.000,4.8
2026-03-29 01:28:19.000,4.8
2026-03-29 01:28:19.000,6
2026-03-29 01:28:23.000,6
2026-03-29 01:28:23.000,4.8
2026-03-29 01:28:25.000,4.8
2026-03-29 01:28:25.000,6
2026-03-29 01:29:35.000,6
2026-03-29 01:29:35.000,7.2
2026-03-29 01:29:49.000,7.2
2026-03-29 01:29:49.000,8.4
2026-03-29 01:29:51.000,8.4
2026-03-29 01:29:51.000,2.4
2026-03-29 01:29:53.000,2.4
2026-03-29 01:29:53.000,6
2026-03-29 01:29:55.000,6
2026-03-29 01:29:55.000,0
2026-03-29 01:30:21.000,0
2026-03-29 01:30:21.000,1.2
2026-03-29 01:30:25.000,1.2
2026-03-29 01:30:25.000,0
2026-03-29 01:32:09.000,0
2026-03-29 01:32:09.000,1.2
2026-03-29 01:32:13.000,1.2
2026-03-29 01:32:13.000,0
2026-03-29 01:32:53.000,0
2026-03-29 01:32:53.000,1.2
2026-03-29 01:33:07.000,1.2
2026-03-29 01:33:07.000,0
2026-03-29 01:33:47.000,0
2026-03-29 01:33:47.000,1.2
2026-03-29 01:33:49.000,1.2
2026-03-29 01:33:49.000,0
2026-03-29 01:34:21.000,0
2026-03-29 01:34:21.000,1.2
2026-03-29 01:34:23.000,1.2
2026-03-29 01:34:23.000,0
2026-03-29 01:35:15.000,0
2026-03-29 01:35:15.000,1.2
2026-03-29 01:35:25.000,1.2
2026-03-29 01:35:25.000,0
2026-03-29 01:36:15.000,0
2026-03-29 01:36:15.000,1.2
2026-03-29 01:36:29.000,1.2
2026-03-29 01:36:29.000,0
2026-03-29 01:36:33.000,0
2026-03-29 01:36:33.000,1.2
2026-03-29 01:36:35.000,1.2
2026-03-29 01:36:35.000,0
2026-03-29 01:37:23.000,0
2026-03-29 01:37:23.000,1.2
2026-03-29 01:37:35.000,1.2
2026-03-29 01:37:35.000,0
2026-03-29 01:38:51.000,0
2026-03-29 01:38:51.000,1.2
2026-03-29 01:39:03.000,1.2
2026-03-29 01:39:03.000,0
2026-03-29 01:39:29.000,0
2026-03-29 01:39:29.000,1.2
2026-03-29 01:39:31.000,1.2
2026-03-29 01:39:31.000,0
2026-03-29 01:39:33.000,0
2026-03-29 01:39:33.000,1.2
2026-03-29 01:39:45.000,1.2
2026-03-29 01:39:45.000,0
2026-03-29 01:39:57.000,0
2026-03-29 01:39:57.000,1.2
2026-03-29 01:40:09.000,1.2
2026-03-29 01:40:09.000,0
2026-03-29 01:40:13.000,0
2026-03-29 01:40:13.000,1.2
2026-03-29 01:40:15.000,1.2
2026-03-29 01:40:15.000,0
2026-03-29 01:40:29.000,0
2026-03-29 01:40:29.000,1.2
2026-03-29 01:40:31.000,1.2
2026-03-29 01:40:31.000,0
2026-03-29 01:40:49.000,0
2026-03-29 01:40:49.000,1.2
2026-03-29 01:41:15.000,1.2
2026-03-29 01:41:15.000,0
2026-03-29 01:41:19.000,0
2026-03-29 01:41:19.000,2.4
2026-03-29 01:41:21.000,2.4
2026-03-29 01:41:21.000,3.6
2026-03-29 01:41:23.000,3.6
2026-03-29 01:41:23.000,4.8
2026-03-29 01:41:25.000,4.8
2026-03-29 01:41:25.000,7.2
2026-03-29 01:41:27.000,7.2
2026-03-29 01:41:27.000,8.4
2026-03-29 01:41:29.000,8.4
2026-03-29 01:41:29.000,9.6
2026-03-29 01:41:31.000,9.6
2026-03-29 01:41:31.000,10.8
2026-03-29 01:41:35.000,10.8
2026-03-29 01:41:35.000,12
2026-03-29 01:41:51.000,12
2026-03-29 01:41:51.000,13.2
2026-03-29 01:41:59.000,13.2
2026-03-29 01:41:59.000,12
2026-03-29 01:42:01.000,12
2026-03-29 01:42:01.000,10.8
2026-03-29 01:42:03.000,10.8
2026-03-29 01:42:03.000,6
2026-03-29 01:42:05.000,6
2026-03-29 01:42:05.000,4.8
2026-03-29 01:42:07.000,4.8
2026-03-29 01:42:07.000,1.2
2026-03-29 01:42:23.000,1.2
2026-03-29 01:42:23.000,3.6
2026-03-29 01:42:25.000,3.6
2026-03-29 01:42:25.000,6
2026-03-29 01:42:27.000,6
2026-03-29 01:42:27.000,10.8
2026-03-29 01:42:31.000,10.8
2026-03-29 01:42:31.000,13.2
2026-03-29 01:42:33.000,13.2
2026-03-29 01:42:33.000,12
2026-03-29 01:43:17.000,12
2026-03-29 01:43:17.000,10.8
2026-03-29 01:44:01.000,10.8
2026-03-29 01:44:01.000,9.6
2026-03-29 01:44:05.000,9.6
2026-03-29 01:44:05.000,4.8
2026-03-29 01:44:07.000,4.8
2026-03-29 01:44:07.000,6
2026-03-29 01:44:09.000,6
2026-03-29 01:44:09.000,2.4
2026-03-29 01:44:11.000,2.4
2026-03-29 01:44:11.000,3.6
2026-03-29 01:44:29.000,3.6
2026-03-29 01:44:29.000,4.8
2026-03-29 01:44:31.000,4.8
2026-03-29 01:44:31.000,6
2026-03-29 01:44:33.000,6
2026-03-29 01:44:33.000,7.2
2026-03-29 01:44:37.000,7.2
2026-03-29 01:44:37.000,8.4
2026-03-29 01:44:39.000,8.4
2026-03-29 01:44:39.000,9.6
2026-03-29 01:44:41.000,9.6
2026-03-29 01:44:41.000,10.8
2026-03-29 01:44:51.000,10.8
2026-03-29 01:44:51.000,12
2026-03-29 01:45:19.000,12
2026-03-29 01:45:19.000,10.8
2026-03-29 01:45:21.000,10.8
2026-03-29 01:45:21.000,8.4
2026-03-29 01:45:23.000,8.4
2026-03-29 01:45:23.000,4.8
2026-03-29 01:45:27.000,4.8
2026-03-29 01:45:27.000,1.2
2026-03-29 01:45:29.000,1.2
2026-03-29 01:45:29.000,2.4
2026-03-29 01:45:31.000,2.4
2026-03-29 01:45:31.000,1.2
2026-03-29 01:45:33.000,1.2
2026-03-29 01:45:33.000,0
2026-03-29 01:45:53.000,0
2026-03-29 01:45:53.000,1.2
2026-03-29 01:45:57.000,1.2
2026-03-29 01:45:57.000,0
2026-03-29 01:45:59.000,0
2026-03-29 01:45:59.000,1.2
2026-03-29 01:46:21.000,1.2
2026-03-29 01:46:21.000,2.4
2026-03-29 01:46:31.000,2.4
2026-03-29 01:46:31.000,1.2
2026-03-29 01:46:41.000,1.2
2026-03-29 01:46:41.000,0
2026-03-29 01:46:47.000,0
2026-03-29 01:46:47.000,1.2
2026-03-29 01:46:57.000,1.2
2026-03-29 01:46:57.000,2.4
2026-03-29 01:47:03.000,2.4
2026-03-29 01:47:03.000,1.2
2026-03-29 01:47:11.000,1.2
2026-03-29 01:47:11.000,0
2026-03-29 01:47:25.000,0
2026-03-29 01:47:25.000,1.2
2026-03-29 01:48:21.000,1.2
2026-03-29 01:48:21.000,0
2026-03-29 01:48:23.000,0
2026-03-29 01:48:23.000,1.2
2026-03-29 01:48:27.000,1.2
2026-03-29 01:48:27.000,0
2026-03-29 01:48:31.000,0
2026-03-29 01:48:31.000,1.2
2026-03-29 01:48:39.000,1.2
2026-03-29 01:48:39.000,0
2026-03-29 01:48:41.000,0
2026-03-29 01:48:41.000,1.2
2026-03-29 01:49:05.000,1.2
2026-03-29 01:49:05.000,0
2026-03-29 01:49:11.000,0
2026-03-29 01:49:11.000,1.2
2026-03-29 01:49:15.000,1.2
2026-03-29 01:49:15.000,0
2026-03-29 01:49:21.000,0
2026-03-29 01:49:21.000,1.2
2026-03-29 01:49:51.000,1.2
2026-03-29 01:49:51.000,0
2026-03-29 01:50:07.000,0
2026-03-29 01:50:07.000,1.2
2026-03-29 01:50:43.000,1.2
2026-03-29 01:50:43.000,0
2026-03-29 01:50:47.000,0
2026-03-29 01:50:47.000,1.2
2026-03-29 01:50:53.000,1.2
2026-03-29 01:50:53.000,0
2026-03-29 01:50:57.000,0
2026-03-29 01:50:57.000,1.2
2026-03-29 01:50:59.000,1.2
2026-03-29 01:50:59.000,0
2026-03-29 01:51:03.000,0
2026-03-29 01:51:03.000,1.2
2026-03-29 01:51:29.000,1.2
2026-03-29 01:51:29.000,0
2026-03-29 01:51:37.000,0
2026-03-29 01:51:37.000,1.2
2026-03-29 01:52:19.000,1.2
2026-03-29 01:52:19.000,0
2026-03-29 01:52:21.000,0
2026-03-29 01:52:21.000,1.2
2026-03-29 01:52:23.000,1.2
2026-03-29 01:52:23.000,0
2026-03-29 01:52:43.000,0
2026-03-29 01:52:43.000,1.2
2026-03-29 01:52:51.000,1.2
2026-03-29 01:52:51.000,2.4
2026-03-29 01:52:53.000,2.4
2026-03-29 01:52:53.000,1.2
2026-03-29 01:53:09.000,1.2
2026-03-29 01:53:09.000,0
2026-03-29 01:53:19.000,0
2026-03-29 01:53:19.000,1.2
2026-03-29 01:53:53.000,1.2
2026-03-29 01:53:53.000,0
2026-03-29 01:53:57.000,0
2026-03-29 01:53:57.000,1.2
2026-03-29 01:55:15.000,1.2
2026-03-29 01:55:15.000,0
2026-03-29 01:55:17.000,0
2026-03-29 01:55:17.000,1.2
2026-03-29 01:56:29.000,1.2
2026-03-29 01:56:29.000,0
2026-03-29 01:56:31.000,0
2026-03-29 01:56:31.000,1.2
2026-03-29 02:11:03.000,1.2
2026-03-29 02:11:03.000,0
2026-03-29 02:11:05.000,0
2026-03-29 02:11:05.000,1.2
2026-03-29 02:12:25.000,1.2
2026-03-29 02:12:25.000,6
2026-03-29 02:12:27.000,6
2026-03-29 02:12:27.000,0
2026-03-29 02:12:29.000,0
2026-03-29 02:12:29.000,3.6
2026-03-29 02:12:33.000,3.6
2026-03-29 02:12:33.000,1.2
2026-03-29 02:12:35.000,1.2
2026-03-29 02:12:35.000,0
2026-03-29 02:12:51.000,0
2026-03-29 02:12:51.000,1.2
2026-03-29 02:13:01.000,1.2
2026-03-29 02:13:01.000,0
2026-03-29 02:13:39.000,0
2026-03-29 02:13:39.000,1.2
2026-03-29 02:13:41.000,1.2
2026-03-29 02:13:41.000,0
2026-03-29 02:14:21.000,0
2026-03-29 02:14:21.000,1.2
2026-03-29 02:14:23.000,1.2
2026-03-29 02:14:23.000,0
2026-03-29 02:19:19.000,0
2026-03-29 02:19:19.000,1.2
2026-03-29 02:19:21.000,1.2
2026-03-29 02:19:21.000,0
2026-03-29 02:22:49.000,0
2026-03-29 02:22:49.000,1.2
2026-03-29 02:22:51.000,1.2
2026-03-29 02:22:51.000,0
2026-03-29 02:24:31.000,0
2026-03-29 02:24:31.000,1.2
2026-03-29 02:24:35.000,1.2
2026-03-29 02:24:35.000,3.6
2026-03-29 02:24:37.000,3.6
2026-03-29 02:24:37.000,2.4
2026-03-29 02:24:39.000,2.4
2026-03-29 02:24:39.000,0
2026-03-29 02:24:59.000,0
2026-03-29 02:24:59.000,1.2
2026-03-29 02:25:03.000,1.2
2026-03-29 02:25:03.000,2.4
2026-03-29 02:25:07.000,2.4
2026-03-29 02:25:07.000,1.2
2026-03-29 02:25:09.000,1.2
2026-03-29 02:25:09.000,2.4
2026-03-29 02:25:11.000,2.4
2026-03-29 02:25:11.000,1.2
2026-03-29 02:25:13.000,1.2
2026-03-29 02:25:13.000,0
2026-03-29 02:25:33.000,0
2026-03-29 02:25:33.000,1.2
2026-03-29 02:25:53.000,1.2
2026-03-29 02:25:53.000,0
2026-03-29 02:26:15.000,0
2026-03-29 02:26:15.000,1.2
2026-03-29 02:26:45.000,1.2
2026-03-29 02:26:45.000,0
2026-03-29 02:26:49.000,0
2026-03-29 02:26:49.000,1.2
2026-03-29 02:26:53.000,1.2
2026-03-29 02:26:53.000,0
2026-03-29 02:27:03.000,0
2026-03-29 02:27:03.000,1.2
2026-03-29 02:27:29.000,1.2
2026-03-29 02:27:29.000,0
2026-03-29 02:27:49.000,0
2026-03-29 02:27:49.000,1.2
2026-03-29 02:28:11.000,1.2
2026-03-29 02:28:11.000,0
2026-03-29 02:28:13.000,0
2026-03-29 02:28:13.000,1.2
2026-03-29 02:28:33.000,1.2
2026-03-29 02:28:33.000,0
2026-03-29 02:29:01.000,0
2026-03-29 02:29:01.000,1.2
2026-03-29 02:29:15.000,1.2
2026-03-29 02:29:15.000,0
2026-03-29 02:29:17.000,0
2026-03-29 02:29:17.000,1.2
2026-03-29 02:29:19.000,1.2
2026-03-29 02:29:19.000,0
2026-03-29 02:29:21.000,0
2026-03-29 02:29:21.000,1.2
2026-03-29 02:29:23.000,1.2
2026-03-29 02:29:23.000,0
2026-03-29 02:29:27.000,0
2026-03-29 02:29:27.000,1.2
2026-03-29 02:29:31.000,1.2
2026-03-29 02:29:31.000,0
2026-03-29 02:29:47.000,0
2026-03-29 02:29:47.000,1.2
2026-03-29 02:29:53.000,1.2
2026-03-29 02:29:53.000,0
2026-03-29 02:29:55.000,0
2026-03-29 02:29:55.000,1.2
2026-03-29 02:29:59.000,1.2
2026-03-29 02:29:59.000,0
2026-03-29 02:30:17.000,0
2026-03-29 02:30:17.000,1.2
2026-03-29 02:30:19.000,1.2
2026-03-29 02:30:19.000,0
2026-03-29 02:30:25.000,0
2026-03-29 02:30:25.000,1.2
2026-03-29 02:30:29.000,1.2
2026-03-29 02:30:29.000,0
2026-03-29 02:30:31.000,0
2026-03-29 02:30:31.000,1.2
2026-03-29 02:30:33.000,1.2
2026-03-29 02:30:33.000,0
2026-03-29 02:30:35.000,0
2026-03-29 02:30:35.000,1.2
2026-03-29 02:30:41.000,1.2
2026-03-29 02:30:41.000,0
2026-03-29 02:30:59.000,0
2026-03-29 02:30:59.000,1.2
2026-03-29 02:31:05.000,1.2
2026-03-29 02:31:05.000,0
2026-03-29 02:31:07.000,0
2026-03-29 02:31:07.000,1.2
2026-03-29 02:31:15.000,1.2
2026-03-29 02:31:15.000,0
2026-03-29 02:31:29.000,0
2026-03-29 02:31:29.000,1.2
2026-03-29 02:31:31.000,1.2
2026-03-29 02:31:31.000,0
2026-03-29 02:31:33.000,0
2026-03-29 02:31:33.000,1.2
2026-03-29 02:31:35.000,1.2
2026-03-29 02:31:35.000,0
2026-03-29 02:31:39.000,0
2026-03-29 02:31:39.000,1.2
2026-03-29 02:31:41.000,1.2
2026-03-29 02:31:41.000,0
2026-03-29 02:31:53.000,0
2026-03-29 02:31:53.000,1.2
2026-03-29 02:31:55.000,1.2
2026-03-29 02:31:55.000,0
2026-03-29 02:32:11.000,0
2026-03-29 02:32:11.000,1.2
2026-03-29 02:32:15.000,1.2
2026-03-29 02:32:15.000,0
2026-03-29 02:32:21.000,0
2026-03-29 02:32:21.000,1.2
2026-03-29 02:32:23.000,1.2
2026-03-29 02:32:23.000,0
2026-03-29 02:32:49.000,0
2026-03-29 02:32:49.000,1.2
2026-03-29 02:33:07.000,1.2
2026-03-29 02:33:07.000,0
2026-03-29 02:33:13.000,0
2026-03-29 02:33:13.000,1.2
2026-03-29 02:33:17.000,1.2
2026-03-29 02:33:17.000,0
2026-03-29 02:33:27.000,0
2026-03-29 02:33:27.000,1.2
2026-03-29 02:33:31.000,1.2
2026-03-29 02:33:31.000,0
2026-03-29 02:34:41.000,0
2026-03-29 02:34:41.000,1.2
2026-03-29 02:34:53.000,1.2
2026-03-29 02:34:53.000,0
2026-03-29 02:35:15.000,0
2026-03-29 02:35:15.000,1.2
2026-03-29 02:35:25.000,1.2
2026-03-29 02:35:25.000,0
2026-03-29 02:35:27.000,0
2026-03-29 02:35:27.000,1.2
2026-03-29 02:35:31.000,1.2
2026-03-29 02:35:31.000,0
2026-03-29 02:35:33.000,0
2026-03-29 02:35:33.000,1.2
2026-03-29 02:35:35.000,1.2
2026-03-29 02:35:35.000,0
2026-03-29 02:35:43.000,0
2026-03-29 02:35:43.000,1.2
2026-03-29 02:35:45.000,1.2
2026-03-29 02:35:45.000,0
2026-03-29 02:36:19.000,0
2026-03-29 02:36:19.000,1.2
2026-03-29 02:36:21.000,1.2
2026-03-29 02:36:21.000,0
2026-03-29 02:36:23.000,0
2026-03-29 02:36:23.000,1.2
2026-03-29 02:36:31.000,1.2
2026-03-29 02:36:31.000,0
2026-03-29 02:36:41.000,0
2026-03-29 02:36:41.000,1.2
2026-03-29 02:36:43.000,1.2
2026-03-29 02:36:43.000,0
2026-03-29 02:36:57.000,0
2026-03-29 02:36:57.000,1.2
2026-03-29 02:36:59.000,1.2
2026-03-29 02:36:59.000,0
2026-03-29 02:37:05.000,0
2026-03-29 02:37:05.000,1.2
2026-03-29 02:37:11.000,1.2
2026-03-29 02:37:11.000,0
2026-03-29 02:37:17.000,0
2026-03-29 02:37:17.000,1.2
2026-03-29 02:37:19.000,1.2
2026-03-29 02:37:19.000,0
2026-03-29 02:37:47.000,0
2026-03-29 02:37:47.000,1.2
2026-03-29 02:37:53.000,1.2
2026-03-29 02:37:53.000,0
2026-03-29 02:38:01.000,0
2026-03-29 02:38:01.000,1.2
2026-03-29 02:38:03.000,1.2
2026-03-29 02:38:03.000,0
2026-03-29 02:38:07.000,0
2026-03-29 02:38:07.000,1.2
2026-03-29 02:38:11.000,1.2
2026-03-29 02:38:11.000,0
2026-03-29 02:38:19.000,0
2026-03-29 02:38:19.000,1.2
2026-03-29 02:38:25.000,1.2
2026-03-29 02:38:25.000,0
2026-03-29 02:38:43.000,0
2026-03-29 02:38:43.000,1.2
2026-03-29 02:38:45.000,1.2
2026-03-29 02:38:45.000,0
2026-03-29 02:39:05.000,0
2026-03-29 02:39:05.000,1.2
2026-03-29 02:39:17.000,1.2
2026-03-29 02:39:17.000,0
2026-03-29 02:39:25.000,0
2026-03-29 02:39:25.000,1.2
2026-03-29 02:39:29.000,1.2
2026-03-29 02:39:29.000,2.4
2026-03-29 02:39:33.000,2.4
2026-03-29 02:39:33.000,3.6
2026-03-29 02:39:37.000,3.6
2026-03-29 02:39:37.000,4.8
2026-03-29 02:39:45.000,4.8
2026-03-29 02:39:45.000,6
2026-03-29 02:39:47.000,6
2026-03-29 02:39:47.000,4.8
2026-03-29 02:39:51.000,4.8
2026-03-29 02:39:51.000,6
2026-03-29 02:40:39.000,6
2026-03-29 02:40:39.000,4.8
2026-03-29 02:40:55.000,4.8
2026-03-29 02:40:55.000,3.6
2026-03-29 02:41:23.000,3.6
2026-03-29 02:41:23.000,4.8
2026-03-29 02:41:25.000,4.8
2026-03-29 02:41:25.000,6
2026-03-29 02:41:27.000,6
2026-03-29 02:41:27.000,4.8
2026-03-29 02:41:29.000,4.8
2026-03-29 02:41:29.000,2.4
2026-03-29 02:41:31.000,2.4
2026-03-29 02:41:31.000,0
2026-03-29 02:41:37.000,0
2026-03-29 02:41:37.000,3.6
2026-03-29 02:41:39.000,3.6
2026-03-29 02:41:39.000,0
2026-03-29 02:42:03.000,0
2026-03-29 02:42:03.000,1.2
2026-03-29 02:42:05.000,1.2
2026-03-29 02:42:05.000,0
2026-03-29 02:42:57.000,0
2026-03-29 02:42:57.000,1.2
2026-03-29 02:43:07.000,1.2
2026-03-29 02:43:07.000,2.4
2026-03-29 02:43:09.000,2.4
2026-03-29 02:43:09.000,1.2
2026-03-29 02:43:13.000,1.2
2026-03-29 02:43:13.000,0
2026-03-29 02:43:29.000,0
2026-03-29 02:43:29.000,1.2
2026-03-29 02:43:37.000,1.2
2026-03-29 02:43:37.000,0
2026-03-29 02:46:49.000,0
2026-03-29 02:46:49.000,1.2
2026-03-29 02:46:51.000,1.2
2026-03-29 02:46:51.000,4.8
2026-03-29 02:46:53.000,4.8
2026-03-29 02:46:53.000,1.2
2026-03-29 02:46:55.000,1.2
2026-03-29 02:46:55.000,0
2026-03-29 02:47:17.000,0
2026-03-29 02:47:17.000,1.2
2026-03-29 02:47:31.000,1.2
2026-03-29 02:47:31.000,0
2026-03-29 02:47:53.000,0
2026-03-29 02:47:53.000,1.2
2026-03-29 02:48:13.000,1.2
2026-03-29 02:48:13.000,0
2026-03-29 02:48:17.000,0
2026-03-29 02:48:17.000,1.2
2026-03-29 02:48:23.000,1.2
2026-03-29 02:48:23.000,0
2026-03-29 02:48:29.000,0
2026-03-29 02:48:29.000,1.2
2026-03-29 02:48:31.000,1.2
2026-03-29 02:48:31.000,0
2026-03-29 02:48:33.000,0
2026-03-29 02:48:33.000,1.2
2026-03-29 02:48:39.000,1.2
2026-03-29 02:48:39.000,0
2026-03-29 02:48:41.000,0
2026-03-29 02:48:41.000,1.2
2026-03-29 02:48:57.000,1.2
2026-03-29 02:48:57.000,0
2026-03-29 02:49:19.000,0
2026-03-29 02:49:19.000,1.2
2026-03-29 02:49:29.000,1.2
2026-03-29 02:49:29.000,0
2026-03-29 02:50:05.000,0
2026-03-29 02:50:05.000,1.2
2026-03-29 02:50:09.000,1.2
2026-03-29 02:50:09.000,0
2026-03-29 02:50:13.000,0
2026-03-29 02:50:13.000,1.2
2026-03-29 02:50:17.000,1.2
2026-03-29 02:50:17.000,2.4
2026-03-29 02:50:21.000,2.4
2026-03-29 02:50:21.000,1.2
2026-03-29 02:50:23.000,1.2
2026-03-29 02:50:23.000,0
2026-03-29 02:50:39.000,0
2026-03-29 02:50:39.000,1.2
2026-03-29 02:50:43.000,1.2
2026-03-29 02:50:43.000,2.4
2026-03-29 02:50:47.000,2.4
2026-03-29 02:50:47.000,1.2
2026-03-29 02:51:01.000,1.2
2026-03-29 02:51:01.000,0
2026-03-29 02:51:19.000,0
2026-03-29 02:51:19.000,1.2
2026-03-29 02:51:33.000,1.2
2026-03-29 02:51:33.000,0
2026-03-29 02:51:45.000,0
2026-03-29 02:51:45.000,1.2
2026-03-29 02:51:49.000,1.2
2026-03-29 02:51:49.000,0
2026-03-29 02:51:55.000,0
2026-03-29 02:51:55.000,1.2
2026-03-29 02:52:01.000,1.2
2026-03-29 02:52:01.000,0
2026-03-29 02:52:19.000,0
2026-03-29 02:52:19.000,1.2
2026-03-29 02:52:23.000,1.2
2026-03-29 02:52:23.000,0
2026-03-29 02:52:27.000,0
2026-03-29 02:52:27.000,1.2
2026-03-29 02:52:31.000,1.2
2026-03-29 02:52:31.000,0
2026-03-29 02:52:43.000,0
2026-03-29 02:52:43.000,1.2
2026-03-29 02:52:51.000,1.2
2026-03-29 02:52:51.000,0
2026-03-29 02:52:53.000,0
2026-03-29 02:52:53.000,1.2
2026-03-29 02:53:01.000,1.2
2026-03-29 02:53:01.000,0
2026-03-29 02:53:23.000,0
2026-03-29 02:53:23.000,1.2
2026-03-29 02:53:43.000,1.2
2026-03-29 02:53:43.000,0
2026-03-29 02:54:03.000,0
2026-03-29 02:54:03.000,1.2
2026-03-29 02:54:33.000,1.2
2026-03-29 02:54:33.000,0
2026-03-29 02:54:39.000,0
2026-03-29 02:54:39.000,1.2
2026-03-29 02:54:43.000,1.2
2026-03-29 02:54:43.000,0
2026-03-29 02:54:53.000,0
2026-03-29 02:54:53.000,2.4
2026-03-29 02:54:55.000,2.4
2026-03-29 02:54:55.000,1.2
2026-03-29 02:54:59.000,1.2
2026-03-29 02:54:59.000,0
2026-03-29 02:55:01.000,0
2026-03-29 02:55:01.000,1.2
2026-03-29 02:55:09.000,1.2
2026-03-29 02:55:09.000,0
2026-03-29 02:55:15.000,0
2026-03-29 02:55:15.000,2.4
2026-03-29 02:55:21.000,2.4
2026-03-29 02:55:21.000,1.2
2026-03-29 02:55:25.000,1.2
2026-03-29 02:55:25.000,0
2026-03-29 02:55:49.000,0
2026-03-29 02:55:49.000,2.4
2026-03-29 02:55:51.000,2.4
2026-03-29 02:55:51.000,9.6
2026-03-29 02:55:53.000,9.6
2026-03-29 02:55:53.000,10.8
2026-03-29 02:55:55.000,10.8
2026-03-29 02:55:55.000,4.8
2026-03-29 02:55:59.000,4.8
2026-03-29 02:55:59.000,1.2
2026-03-29 02:56:01.000,1.2
2026-03-29 02:56:01.000,2.4
2026-03-29 02:56:03.000,2.4
2026-03-29 02:56:03.000,1.2
2026-03-29 02:56:07.000,1.2
2026-03-29 02:56:07.000,0
2026-03-29 02:56:13.000,0
2026-03-29 02:56:13.000,1.2
2026-03-29 02:56:17.000,1.2
2026-03-29 02:56:17.000,0
2026-03-29 02:58:55.000,0
2026-03-29 02:58:55.000,1.2
2026-03-29 02:58:57.000,1.2
2026-03-29 02:58:57.000,0
2026-03-29 02:59:25.000,0
2026-03-29 02:59:25.000,1.2
2026-03-29 02:59:27.000,1.2
2026-03-29 02:59:27.000,0
2026-03-29 03:00:01.000,0
2026-03-29 03:00:01.000,1.2
2026-03-29 03:00:03.000,1.2
2026-03-29 03:00:03.000,0
2026-03-29 03:01:25.000,0
2026-03-29 03:01:25.000,1.2
2026-03-29 03:01:33.000,1.2
2026-03-29 03:01:33.000,0
2026-03-29 03:02:49.000,0
2026-03-29 03:02:49.000,1.2
2026-03-29 03:02:53.000,1.2
2026-03-29 03:02:53.000,0
2026-03-29 03:04:35.000,0
2026-03-29 03:04:35.000,1.2
2026-03-29 03:04:39.000,1.2
2026-03-29 03:04:39.000,0
2026-03-29 03:04:49.000,0
2026-03-29 03:04:49.000,1.2
2026-03-29 03:04:51.000,1.2
2026-03-29 03:04:51.000,0
2026-03-29 03:04:59.000,0
2026-03-29 03:04:59.000,1.2
2026-03-29 03:05:01.000,1.2
2026-03-29 03:05:01.000,0
2026-03-29 03:05:03.000,0
2026-03-29 03:05:03.000,1.2
2026-03-29 03:05:09.000,1.2
2026-03-29 03:05:09.000,2.4
2026-03-29 03:05:11.000,2.4
2026-03-29 03:05:11.000,1.2
2026-03-29 03:05:13.000,1.2
2026-03-29 03:05:13.000,0
2026-03-29 03:05:33.000,0
2026-03-29 03:05:33.000,1.2
2026-03-29 03:05:35.000,1.2
2026-03-29 03:05:35.000,2.4
2026-03-29 03:05:39.000,2.4
2026-03-29 03:05:39.000,3.6
2026-03-29 03:05:43.000,3.6
2026-03-29 03:05:43.000,4.8
2026-03-29 03:05:45.000,4.8
2026-03-29 03:05:45.000,6
2026-03-29 03:05:47.000,6
2026-03-29 03:05:47.000,7.2
2026-03-29 03:05:49.000,7.2
2026-03-29 03:05:49.000,9.6
2026-03-29 03:06:21.000,9.6
2026-03-29 03:06:21.000,10.8
2026-03-29 03:06:23.000,10.8
2026-03-29 03:06:23.000,9.6
2026-03-29 03:06:33.000,9.6
2026-03-29 03:06:33.000,10.8
2026-03-29 03:06:35.000,10.8
2026-03-29 03:06:35.000,9.6
2026-03-29 03:06:47.000,9.6
2026-03-29 03:06:47.000,10.8
2026-03-29 03:06:53.000,10.8
2026-03-29 03:06:53.000,9.6
2026-03-29 03:06:55.000,9.6
2026-03-29 03:06:55.000,7.2
2026-03-29 03:06:57.000,7.2
2026-03-29 03:06:57.000,6
2026-03-29 03:06:59.000,6
2026-03-29 03:06:59.000,7.2
2026-03-29 03:07:03.000,7.2
2026-03-29 03:07:03.000,8.4
2026-03-29 03:07:07.000,8.4
2026-03-29 03:07:07.000,9.6
2026-03-29 03:07:15.000,9.6
2026-03-29 03:07:15.000,10.8
2026-03-29 03:07:25.000,10.8
2026-03-29 03:07:25.000,9.6
2026-03-29 03:07:27.000,9.6
2026-03-29 03:07:27.000,8.4
2026-03-29 03:07:29.000,8.4
2026-03-29 03:07:29.000,7.2
2026-03-29 03:07:31.000,7.2
2026-03-29 03:07:31.000,3.6
2026-03-29 03:07:33.000,3.6
2026-03-29 03:07:33.000,4.8
2026-03-29 03:07:35.000,4.8
2026-03-29 03:07:35.000,2.4
2026-03-29 03:07:37.000,2.4
2026-03-29 03:07:37.000,0
2026-03-29 03:07:47.000,0
2026-03-29 03:07:47.000,1.2
2026-03-29 03:07:53.000,1.2
2026-03-29 03:07:53.000,0
2026-03-29 03:10:21.000,0
2026-03-29 03:10:21.000,1.2
2026-03-29 03:10:27.000,1.2
2026-03-29 03:10:27.000,0
2026-03-29 03:11:29.000,0
2026-03-29 03:11:29.000,1.2
2026-03-29 03:11:35.000,1.2
2026-03-29 03:11:35.000,0
2026-03-29 03:12:09.000,0
2026-03-29 03:12:09.000,1.2
2026-03-29 03:12:19.000,1.2
2026-03-29 03:12:19.000,0
2026-03-29 03:14:15.000,0
2026-03-29 03:14:15.000,1.2
2026-03-29 03:14:19.000,1.2
2026-03-29 03:14:19.000,0
2026-03-29 03:15:23.000,0
2026-03-29 03:15:23.000,1.2
2026-03-29 03:15:25.000,1.2
2026-03-29 03:15:25.000,0
2026-03-29 03:15:27.000,0
2026-03-29 03:15:27.000,1.2
2026-03-29 03:15:29.000,1.2
2026-03-29 03:15:29.000,0
2026-03-29 03:17:05.000,0
2026-03-29 03:17:05.000,1.2
2026-03-29 03:17:07.000,1.2
2026-03-29 03:17:07.000,0
2026-03-29 03:17:09.000,0
2026-03-29 03:17:09.000,1.2
2026-03-29 03:17:25.000,1.2
2026-03-29 03:17:25.000,0
2026-03-29 03:18:41.000,0
2026-03-29 03:18:41.000,1.2
2026-03-29 03:18:49.000,1.2
2026-03-29 03:18:49.000,0
2026-03-29 03:19:29.000,0
2026-03-29 03:19:29.000,1.2
2026-03-29 03:19:39.000,1.2
2026-03-29 03:19:39.000,0
2026-03-29 03:20:17.000,0
2026-03-29 03:20:17.000,1.2
2026-03-29 03:20:25.000,1.2
2026-03-29 03:20:25.000,0
2026-03-29 03:20:49.000,0
2026-03-29 03:20:49.000,1.2
2026-03-29 03:20:53.000,1.2
2026-03-29 03:20:53.000,0
2026-03-29 03:21:17.000,0
2026-03-29 03:21:17.000,2.4
2026-03-29 03:21:21.000,2.4
2026-03-29 03:21:21.000,1.2
2026-03-29 03:21:25.000,1.2
2026-03-29 03:21:25.000,0
2026-03-29 03:22:21.000,0
2026-03-29 03:22:21.000,1.2
2026-03-29 03:22:23.000,1.2
2026-03-29 03:22:23.000,2.4
2026-03-29 03:22:25.000,2.4
2026-03-29 03:22:25.000,3.6
2026-03-29 03:22:27.000,3.6
2026-03-29 03:22:27.000,4.8
2026-03-29 03:22:33.000,4.8
2026-03-29 03:22:33.000,6
2026-03-29 03:22:35.000,6
2026-03-29 03:22:35.000,7.2
2026-03-29 03:22:41.000,7.2
2026-03-29 03:22:41.000,8.4
2026-03-29 03:23:01.000,8.4
2026-03-29 03:23:01.000,7.2
2026-03-29 03:23:19.000,7.2
2026-03-29 03:23:19.000,8.4
2026-03-29 03:23:57.000,8.4
2026-03-29 03:23:57.000,9.6
2026-03-29 03:24:07.000,9.6
2026-03-29 03:24:07.000,8.4
2026-03-29 03:24:17.000,8.4
2026-03-29 03:24:17.000,7.2
2026-03-29 03:24:19.000,7.2
2026-03-29 03:24:19.000,3.6
2026-03-29 03:24:25.000,3.6
2026-03-29 03:24:25.000,4.8
2026-03-29 03:24:27.000,4.8
2026-03-29 03:24:27.000,3.6
2026-03-29 03:24:29.000,3.6
2026-03-29 03:24:29.000,2.4
2026-03-29 03:24:33.000,2.4
2026-03-29 03:24:33.000,1.2
2026-03-29 03:24:41.000,1.2
2026-03-29 03:24:41.000,0
2026-03-29 03:24:43.000,0
2026-03-29 03:24:43.000,1.2
2026-03-29 03:24:51.000,1.2
2026-03-29 03:24:51.000,0
2026-03-29 03:25:03.000,0
2026-03-29 03:25:03.000,1.2
2026-03-29 03:25:09.000,1.2
2026-03-29 03:25:09.000,0
2026-03-29 03:26:03.000,0
2026-03-29 03:26:03.000,1.2
2026-03-29 03:26:05.000,1.2
2026-03-29 03:26:05.000,0
2026-03-29 03:26:13.000,0
2026-03-29 03:26:13.000,1.2
2026-03-29 03:26:15.000,1.2
2026-03-29 03:26:15.000,0
2026-03-29 03:26:59.000,0
2026-03-29 03:26:59.000,1.2
2026-03-29 03:27:03.000,1.2
2026-03-29 03:27:03.000,0
2026-03-29 03:27:05.000,0
2026-03-29 03:27:05.000,1.2
2026-03-29 03:27:07.000,1.2
2026-03-29 03:27:07.000,0
2026-03-29 03:27:29.000,0
2026-03-29 03:27:29.000,1.2
2026-03-29 03:27:45.000,1.2
2026-03-29 03:27:45.000,0
2026-03-29 03:28:09.000,0
2026-03-29 03:28:09.000,1.2
2026-03-29 03:28:17.000,1.2
2026-03-29 03:28:17.000,0
2026-03-29 03:29:01.000,0
2026-03-29 03:29:01.000,1.2
2026-03-29 03:29:07.000,1.2
2026-03-29 03:29:07.000,2.4
2026-03-29 03:29:13.000,2.4
2026-03-29 03:29:13.000,3.6
2026-03-29 03:29:17.000,3.6
2026-03-29 03:29:17.000,2.4
2026-03-29 03:29:19.000,2.4
2026-03-29 03:29:19.000,3.6
2026-03-29 03:29:23.000,3.6
2026-03-29 03:29:23.000,2.4
2026-03-29 03:29:25.000,2.4
2026-03-29 03:29:25.000,3.6
2026-03-29 03:29:41.000,3.6
2026-03-29 03:29:41.000,4.8
2026-03-29 03:29:49.000,4.8
2026-03-29 03:29:49.000,3.6
2026-03-29 03:29:51.000,3.6
2026-03-29 03:29:51.000,2.4
2026-03-29 03:29:55.000,2.4
2026-03-29 03:29:55.000,1.2
2026-03-29 03:29:57.000,1.2
2026-03-29 03:29:57.000,0
2026-03-29 03:30:27.000,0
2026-03-29 03:30:27.000,1.2
2026-03-29 03:30:29.000,1.2
2026-03-29 03:30:29.000,2.4
2026-03-29 03:30:33.000,2.4
2026-03-29 03:30:33.000,3.6
2026-03-29 03:30:35.000,3.6
2026-03-29 03:30:35.000,4.8
2026-03-29 03:30:39.000,4.8
2026-03-29 03:30:39.000,6
2026-03-29 03:30:51.000,6
2026-03-29 03:30:51.000,7.2
2026-03-29 03:31:13.000,7.2
2026-03-29 03:31:13.000,8.4
2026-03-29 03:31:19.000,8.4
2026-03-29 03:31:19.000,7.2
2026-03-29 03:31:37.000,7.2
2026-03-29 03:31:37.000,8.4
2026-03-29 03:31:43.000,8.4
2026-03-29 03:31:43.000,7.2
2026-03-29 03:31:53.000,7.2
2026-03-29 03:31:53.000,8.4
2026-03-29 03:32:01.000,8.4
2026-03-29 03:32:01.000,7.2
2026-03-29 03:32:07.000,7.2
2026-03-29 03:32:07.000,8.4
2026-03-29 03:32:29.000,8.4
2026-03-29 03:32:29.000,7.2
2026-03-29 03:32:31.000,7.2
2026-03-29 03:32:31.000,8.4
2026-03-29 03:32:47.000,8.4
2026-03-29 03:32:47.000,7.2
2026-03-29 03:32:49.000,7.2
2026-03-29 03:32:49.000,8.4
2026-03-29 03:32:53.000,8.4
2026-03-29 03:32:53.000,7.2
2026-03-29 03:32:55.000,7.2
2026-03-29 03:32:55.000,8.4
2026-03-29 03:34:29.000,8.4
2026-03-29 03:34:29.000,7.2
2026-03-29 03:34:31.000,7.2
2026-03-29 03:34:31.000,8.4
2026-03-29 03:34:39.000,8.4
2026-03-29 03:34:39.000,7.2
2026-03-29 03:34:43.000,7.2
2026-03-29 03:34:43.000,8.4
2026-03-29 03:34:45.000,8.4
2026-03-29 03:34:45.000,7.2
2026-03-29 03:36:21.000,7.2
2026-03-29 03:36:21.000,6
2026-03-29 03:36:23.000,6
2026-03-29 03:36:23.000,7.2
2026-03-29 03:36:37.000,7.2
2026-03-29 03:36:37.000,6
2026-03-29 03:36:45.000,6
2026-03-29 03:36:45.000,4.8
2026-03-29 03:36:49.000,4.8
2026-03-29 03:36:49.000,2.4
2026-03-29 03:36:53.000,2.4
2026-03-29 03:36:53.000,1.2
2026-03-29 03:36:57.000,1.2
2026-03-29 03:36:57.000,0
2026-03-29 03:36:59.000,0
2026-03-29 03:36:59.000,1.2
2026-03-29 03:37:03.000,1.2
2026-03-29 03:37:03.000,0
2026-03-29 03:37:09.000,0
2026-03-29 03:37:09.000,1.2
2026-03-29 03:37:11.000,1.2
2026-03-29 03:37:11.000,2.4
2026-03-29 03:37:13.000,2.4
2026-03-29 03:37:13.000,3.6
2026-03-29 03:37:15.000,3.6
2026-03-29 03:37:15.000,4.8
2026-03-29 03:37:17.000,4.8
2026-03-29 03:37:17.000,6
2026-03-29 03:37:21.000,6
2026-03-29 03:37:21.000,7.2
2026-03-29 03:37:31.000,7.2
2026-03-29 03:37:31.000,8.4
2026-03-29 03:37:43.000,8.4
2026-03-29 03:37:43.000,9.6
2026-03-29 03:37:45.000,9.6
2026-03-29 03:37:45.000,10.8
2026-03-29 03:37:49.000,10.8
2026-03-29 03:37:49.000,12
2026-03-29 03:37:51.000,12
2026-03-29 03:37:51.000,10.8
2026-03-29 03:37:57.000,10.8
2026-03-29 03:37:57.000,12
2026-03-29 03:38:09.000,12
2026-03-29 03:38:09.000,10.8
2026-03-29 03:38:15.000,10.8
2026-03-29 03:38:15.000,12
2026-03-29 03:38:21.000,12
2026-03-29 03:38:21.000,13.2
2026-03-29 03:38:33.000,13.2
2026-03-29 03:38:33.000,14.4
2026-03-29 03:38:53.000,14.4
2026-03-29 03:38:53.000,15.6
2026-03-29 03:38:55.000,15.6
2026-03-29 03:38:55.000,14.4
2026-03-29 03:38:57.000,14.4
2026-03-29 03:38:57.000,15.6
2026-03-29 03:38:59.000,15.6
2026-03-29 03:38:59.000,14.4
2026-03-29 03:39:19.000,14.4
2026-03-29 03:39:19.000,13.2
2026-03-29 03:39:23.000,13.2
2026-03-29 03:39:23.000,10.8
2026-03-29 03:39:25.000,10.8
2026-03-29 03:39:25.000,6
2026-03-29 03:39:27.000,6
2026-03-29 03:39:27.000,2.4
2026-03-29 03:39:31.000,2.4
2026-03-29 03:39:31.000,1.2
2026-03-29 03:39:37.000,1.2
2026-03-29 03:39:37.000,0
2026-03-29 03:41:23.000,0
2026-03-29 03:41:23.000,1.2
2026-03-29 03:41:25.000,1.2
2026-03-29 03:41:25.000,0
2026-03-29 03:50:55.000,0
2026-03-29 03:50:55.000,1.2
2026-03-29 03:50:59.000,1.2
2026-03-29 03:50:59.000,0
2026-03-29 03:51:19.000,0
2026-03-29 03:51:19.000,1.2
2026-03-29 03:51:21.000,1.2
2026-03-29 03:51:21.000,0
2026-03-29 04:05:07.000,0
2026-03-29 04:05:07.000,3.6
2026-03-29 04:05:09.000,3.6
2026-03-29 04:05:09.000,0
2026-03-29 04:05:37.000,0
2026-03-29 04:05:37.000,1.2
2026-03-29 04:05:45.000,1.2
2026-03-29 04:05:45.000,0
2026-03-29 04:26:35.000,0
2026-03-29 04:26:35.000,2.4
2026-03-29 04:26:41.000,2.4
2026-03-29 04:26:41.000,0
2026-03-29 04:27:07.000,0
2026-03-29 04:27:07.000,1.2
2026-03-29 04:27:09.000,1.2
2026-03-29 04:27:09.000,3.6
2026-03-29 04:27:11.000,3.6
2026-03-29 04:27:11.000,1.2
2026-03-29 04:27:13.000,1.2
2026-03-29 04:27:13.000,0
2026-03-29 04:27:19.000,0
2026-03-29 04:27:19.000,1.2
2026-03-29 04:27:21.000,1.2
2026-03-29 04:27:21.000,0
2026-03-29 04:28:33.000,0
2026-03-29 04:28:33.000,1.2
2026-03-29 04:28:35.000,1.2
2026-03-29 04:28:35.000,0
2026-03-29 04:29:05.000,0
2026-03-29 04:29:05.000,1.2
2026-03-29 04:29:17.000,1.2
2026-03-29 04:29:17.000,0
2026-03-29 04:29:37.000,0
2026-03-29 04:29:37.000,1.2
2026-03-29 04:29:49.000,1.2
2026-03-29 04:29:49.000,2.4
2026-03-29 04:29:53.000,2.4
2026-03-29 04:29:53.000,1.2
2026-03-29 04:30:03.000,1.2
2026-03-29 04:30:03.000,0
2026-03-29 04:30:13.000,0
2026-03-29 04:30:13.000,1.2
2026-03-29 04:32:03.000,1.2
2026-03-29 04:32:03.000,2.4
2026-03-29 04:32:09.000,2.4
2026-03-29 04:32:09.000,1.2
2026-03-29 04:32:15.000,1.2
2026-03-29 04:32:15.000,0
2026-03-29 04:32:19.000,0
2026-03-29 04:32:19.000,1.2
2026-03-29 04:35:03.000,1.2
2026-03-29 04:35:03.000,2.4
2026-03-29 04:35:05.000,2.4
2026-03-29 04:35:05.000,1.2
2026-03-29 04:35:49.000,1.2
2026-03-29 04:35:49.000,2.4
2026-03-29 04:36:01.000,2.4
2026-03-29 04:36:01.000,1.2
2026-03-29 04:36:03.000,1.2
2026-03-29 04:36:03.000,2.4
2026-03-29 04:36:07.000,2.4
2026-03-29 04:36:07.000,1.2
2026-03-29 04:36:29.000,1.2
2026-03-29 04:36:29.000,2.4
2026-03-29 04:36:37.000,2.4
2026-03-29 04:36:37.000,1.2
2026-03-29 04:36:39.000,1.2
2026-03-29 04:36:39.000,2.4
2026-03-29 04:36:43.000,2.4
2026-03-29 04:36:43.000,1.2
2026-03-29 04:36:45.000,1.2
2026-03-29 04:36:45.000,2.4
2026-03-29 04:36:47.000,2.4
2026-03-29 04:36:47.000,1.2
2026-03-29 04:36:49.000,1.2
2026-03-29 04:36:49.000,2.4
2026-03-29 04:36:53.000,2.4
2026-03-29 04:36:53.000,1.2
2026-03-29 04:37:01.000,1.2
2026-03-29 04:37:01.000,2.4
2026-03-29 04:37:09.000,2.4
2026-03-29 04:37:09.000,1.2
2026-03-29 04:37:13.000,1.2
2026-03-29 04:37:13.000,2.4
2026-03-29 04:37:21.000,2.4
2026-03-29 04:37:21.000,4.8
2026-03-29 04:37:25.000,4.8
2026-03-29 04:37:25.000,0
2026-03-29 04:37:53.000,0
2026-03-29 04:37:53.000,1.2
2026-03-29 04:38:01.000,1.2
2026-03-29 04:38:01.000,0
2026-03-29 04:38:45.000,0
2026-03-29 04:38:45.000,1.2
2026-03-29 04:38:57.000,1.2
2026-03-29 04:38:57.000,0
2026-03-29 04:39:35.000,0
2026-03-29 04:39:35.000,1.2
2026-03-29 04:39:37.000,1.2
2026-03-29 04:39:37.000,0
2026-03-29 04:39:49.000,0
2026-03-29 04:39:49.000,1.2
2026-03-29 04:39:51.000,1.2
2026-03-29 04:39:51.000,2.4
2026-03-29 04:39:55.000,2.4
2026-03-29 04:39:55.000,3.6
2026-03-29 04:39:59.000,3.6
2026-03-29 04:39:59.000,2.4
2026-03-29 04:40:01.000,2.4
2026-03-29 04:40:01.000,0
2026-03-29 04:40:03.000,0
2026-03-29 04:40:03.000,4.8
2026-03-29 04:40:05.000,4.8
2026-03-29 04:40:05.000,0
2026-03-29 04:40:13.000,0
2026-03-29 04:40:13.000,2.4
2026-03-29 04:40:15.000,2.4
2026-03-29 04:40:15.000,3.6
2026-03-29 04:40:17.000,3.6
2026-03-29 04:40:17.000,4.8
2026-03-29 04:40:19.000,4.8
2026-03-29 05:01:56.000,91.2
2026-03-29 05:01:58.000,91.2
2026-03-29 05:01:58.000,38.4
2026-03-29 05:02:00.000,38.4
2026-03-29 05:02:00.000,46.8
2026-03-29 05:02:02.000,46.8
2026-03-29 05:02:02.000,26.4
2026-03-29 05:02:04.000,26.4
2026-03-29 05:02:04.000,27.6
2026-03-29 05:02:06.000,27.6
2026-03-29 05:02:06.000,6
2026-03-29 05:02:08.000,6
2026-03-29 05:02:08.000,0
2026-03-29 05:02:16.000,0
2026-03-29 05:02:16.000,2.4
2026-03-29 05:02:18.000,2.4
2026-03-29 05:02:18.000,9.6
2026-03-29 05:02:20.000,9.6
2026-03-29 05:02:20.000,0
2026-03-29 05:02:22.000,0
2026-03-29 05:02:22.000,2.4
2026-03-29 05:02:24.000,2.4
2026-03-29 05:02:24.000,8.4
2026-03-29 05:02:26.000,8.4
2026-03-29 05:02:26.000,4.8
2026-03-29 05:02:28.000,4.8
2026-03-29 05:02:28.000,2.4
2026-03-29 05:02:30.000,2.4
2026-03-29 05:02:30.000,6
2026-03-29 05:02:32.000,6
2026-03-29 05:02:32.000,7.2
2026-03-29 05:02:34.000,7.2
2026-03-29 05:02:34.000,2.4
2026-03-29 05:02:38.000,2.4
2026-03-29 05:02:38.000,3.6
2026-03-29 05:02:40.000,3.6
2026-03-29 05:02:40.000,7.2
2026-03-29 05:02:42.000,7.2
2026-03-29 05:02:42.000,2.4
2026-03-29 05:02:44.000,2.4
2026-03-29 05:02:44.000,0
2026-03-29 05:02:46.000,0
2026-03-29 05:02:46.000,3.6
2026-03-29 05:02:50.000,3.6
2026-03-29 05:02:50.000,2.4
2026-03-29 05:02:58.000,2.4
2026-03-29 05:02:58.000,1.2
2026-03-29 05:03:24.000,1.2
2026-03-29 05:03:24.000,0
2026-03-29 05:03:28.000,0
2026-03-29 05:03:28.000,1.2
2026-03-29 05:03:30.000,1.2
2026-03-29 05:03:30.000,3.6
2026-03-29 05:03:32.000,3.6
2026-03-29 05:03:32.000,2.4
2026-03-29 05:03:36.000,2.4
2026-03-29 05:03:36.000,1.2
2026-03-29 05:03:42.000,1.2
2026-03-29 05:03:42.000,2.4
2026-03-29 05:03:50.000,2.4
2026-03-29 05:03:50.000,1.2
2026-03-29 05:04:02.000,1.2
2026-03-29 05:04:02.000,2.4
2026-03-29 05:04:40.000,2.4
2026-03-29 05:04:40.000,3.6
2026-03-29 05:04:46.000,3.6
2026-03-29 05:04:46.000,1.2
2026-03-29 05:05:00.000,1.2
2026-03-29 05:05:00.000,2.4
2026-03-29 05:05:08.000,2.4
2026-03-29 05:05:08.000,3.6
2026-03-29 05:05:12.000,3.6
2026-03-29 05:05:12.000,4.8
2026-03-29 05:05:14.000,4.8
2026-03-29 05:05:14.000,6
2026-03-29 05:05:16.000,6
2026-03-29 05:05:16.000,3.6
2026-03-29 05:05:18.000,3.6
2026-03-29 05:05:18.000,6
2026-03-29 05:05:20.000,6
2026-03-29 05:05:20.000,2.4
2026-03-29 05:05:24.000,2.4
2026-03-29 05:05:24.000,4.8
2026-03-29 05:05:26.000,4.8
2026-03-29 05:05:26.000,1.2
2026-03-29 05:05:28.000,1.2
2026-03-29 05:05:28.000,2.4
2026-03-29 05:05:30.000,2.4
2026-03-29 05:05:30.000,0
2026-03-29 05:05:32.000,0
2026-03-29 05:05:32.000,1.2
2026-03-29 05:05:52.000,1.2
2026-03-29 05:05:52.000,2.4
2026-03-29 05:05:58.000,2.4
2026-03-29 05:05:58.000,3.6
2026-03-29 05:06:06.000,3.6
2026-03-29 05:06:06.000,2.4
2026-03-29 05:06:14.000,2.4
2026-03-29 05:06:14.000,1.2
2026-03-29 05:06:22.000,1.2
2026-03-29 05:06:22.000,2.4
2026-03-29 05:06:28.000,2.4
2026-03-29 05:06:28.000,1.2
2026-03-29 05:06:30.000,1.2
2026-03-29 05:06:30.000,2.4
2026-03-29 05:07:12.000,2.4
2026-03-29 05:07:12.000,1.2
2026-03-29 05:07:16.000,1.2
2026-03-29 05:07:16.000,2.4
2026-03-29 05:16:10.000,2.4
2026-03-29 05:16:10.000,3.6
2026-03-29 05:16:12.000,3.6
2026-03-29 05:16:12.000,2.4
2026-03-29 05:16:14.000,2.4
2026-03-29 05:16:14.000,3.6
2026-03-29 05:16:16.000,3.6
2026-03-29 05:16:16.000,2.4
2026-03-29 05:16:18.000,2.4
2026-03-29 05:16:18.000,3.6
2026-03-29 05:16:36.000,3.6
2026-03-29 05:16:36.000,4.8
2026-03-29 05:16:42.000,4.8
2026-03-29 05:16:42.000,1.2
2026-03-29 05:16:52.000,1.2
2026-03-29 05:16:52.000,2.4
2026-03-29 05:16:54.000,2.4
2026-03-29 05:16:54.000,3.6
2026-03-29 05:16:56.000,3.6
2026-03-29 05:16:56.000,4.8
2026-03-29 05:16:58.000,4.8
2026-03-29 05:16:58.000,6
2026-03-29 05:17:00.000,6
2026-03-29 05:17:00.000,7.2
2026-03-29 05:17:02.000,7.2
2026-03-29 05:17:02.000,8.4
2026-03-29 05:17:04.000,8.4
2026-03-29 05:17:04.000,9.6
2026-03-29 05:17:06.000,9.6
2026-03-29 05:17:06.000,10.8
2026-03-29 05:17:08.000,10.8
2026-03-29 05:17:08.000,12
2026-03-29 05:17:12.000,12
2026-03-29 05:17:12.000,13.2
2026-03-29 05:17:18.000,13.2
2026-03-29 05:17:18.000,14.4
2026-03-29 05:17:24.000,14.4
2026-03-29 05:17:24.000,15.6
2026-03-29 05:17:32.000,15.6
2026-03-29 05:17:32.000,16.8
2026-03-29 05:17:40.000,16.8
2026-03-29 05:17:40.000,18
2026-03-29 05:17:54.000,18
2026-03-29 05:17:54.000,16.8
2026-03-29 05:17:58.000,16.8
2026-03-29 05:17:58.000,15.6
2026-03-29 05:18:02.000,15.6
2026-03-29 05:18:02.000,14.4
2026-03-29 05:18:04.000,14.4
2026-03-29 05:18:04.000,6
2026-03-29 05:18:06.000,6
2026-03-29 05:18:06.000,2.4
2026-03-29 05:18:08.000,2.4
2026-03-29 05:18:08.000,9.6
2026-03-29 05:18:10.000,9.6
2026-03-29 05:18:10.000,6
2026-03-29 05:18:12.000,6
2026-03-29 05:18:12.000,2.4
2026-03-29 05:18:14.000,2.4
2026-03-29 05:18:14.000,1.2
2026-03-29 05:18:16.000,1.2
2026-03-29 05:18:16.000,0
2026-03-29 05:18:24.000,0
2026-03-29 05:18:24.000,1.2
2026-03-29 05:18:26.000,1.2
2026-03-29 05:18:26.000,0
2026-03-29 05:18:48.000,0
2026-03-29 05:18:48.000,1.2
2026-03-29 05:18:52.000,1.2
2026-03-29 05:18:52.000,2.4
2026-03-29 05:19:00.000,2.4
2026-03-29 05:19:00.000,1.2
2026-03-29 05:19:06.000,1.2
2026-03-29 05:19:06.000,0
2026-03-29 05:19:32.000,0
2026-03-29 05:19:32.000,1.2
2026-03-29 05:19:36.000,1.2
2026-03-29 05:19:36.000,2.4
2026-03-29 05:19:48.000,2.4
2026-03-29 05:19:48.000,3.6
2026-03-29 05:19:52.000,3.6
2026-03-29 05:19:52.000,4.8
2026-03-29 05:19:54.000,4.8
2026-03-29 05:19:54.000,2.4
2026-03-29 05:19:58.000,2.4
2026-03-29 05:19:58.000,1.2
2026-03-29 05:20:26.000,1.2
2026-03-29 05:20:26.000,2.4
2026-03-29 05:20:30.000,2.4
2026-03-29 05:20:30.000,3.6
2026-03-29 05:20:34.000,3.6
2026-03-29 05:20:34.000,2.4
2026-03-29 05:20:42.000,2.4
2026-03-29 05:20:42.000,1.2
2026-03-29 05:21:04.000,1.2
2026-03-29 05:21:04.000,2.4
2026-03-29 05:21:18.000,2.4
2026-03-29 05:21:18.000,1.2
2026-03-29 05:21:56.000,1.2
2026-03-29 05:21:56.000,2.4
2026-03-29 05:22:04.000,2.4
2026-03-29 05:22:04.000,1.2
2026-03-29 05:22:06.000,1.2
2026-03-29 05:22:06.000,2.4
2026-03-29 05:24:52.000,2.4
2026-03-29 05:24:52.000,3.6
2026-03-29 05:25:00.000,3.6
2026-03-29 05:25:00.000,4.8
2026-03-29 05:25:04.000,4.8
2026-03-29 05:25:04.000,3.6
2026-03-29 05:25:06.000,3.6
2026-03-29 05:25:06.000,1.2
2026-03-29 05:25:08.000,1.2
2026-03-29 05:25:08.000,2.4
2026-03-29 05:25:10.000,2.4
2026-03-29 05:25:10.000,1.2
2026-03-29 05:25:12.000,1.2
2026-03-29 05:25:12.000,0
2026-03-29 05:25:38.000,0
2026-03-29 05:25:38.000,1.2
2026-03-29 05:25:44.000,1.2
2026-03-29 05:25:44.000,0
2026-03-29 05:25:52.000,0
2026-03-29 05:25:52.000,1.2
2026-03-29 05:25:58.000,1.2
2026-03-29 05:25:58.000,0
2026-03-29 05:26:00.000,0
2026-03-29 05:26:00.000,2.4
2026-03-29 05:26:02.000,2.4
2026-03-29 05:26:02.000,0
2026-03-29 05:26:06.000,0
2026-03-29 05:26:06.000,1.2
2026-03-29 05:26:08.000,1.2
2026-03-29 05:26:08.000,0
2026-03-29 05:26:30.000,0
2026-03-29 05:26:30.000,2.4
2026-03-29 05:26:32.000,2.4
2026-03-29 05:26:32.000,1.2
2026-03-29 05:26:44.000,1.2
2026-03-29 05:26:44.000,0
2026-03-29 05:27:12.000,0
2026-03-29 05:27:12.000,1.2
2026-03-29 05:27:24.000,1.2
2026-03-29 05:27:24.000,2.4
2026-03-29 05:27:26.000,2.4
2026-03-29 05:27:26.000,4.8
2026-03-29 05:27:28.000,4.8
2026-03-29 05:27:28.000,2.4
2026-03-29 05:27:30.000,2.4
2026-03-29 05:27:30.000,0
2026-03-29 05:27:58.000,0
2026-03-29 05:27:58.000,2.4
2026-03-29 05:28:02.000,2.4
2026-03-29 05:28:02.000,3.6
2026-03-29 05:28:06.000,3.6
2026-03-29 05:28:06.000,2.4
2026-03-29 05:28:10.000,2.4
2026-03-29 05:28:10.000,1.2
2026-03-29 05:28:12.000,1.2
2026-03-29 05:28:12.000,0
2026-03-29 05:28:42.000,0
2026-03-29 05:28:42.000,1.2
2026-03-29 05:29:00.000,1.2
2026-03-29 05:29:00.000,0
2026-03-29 05:29:30.000,0
2026-03-29 05:29:30.000,1.2
2026-03-29 05:29:42.000,1.2
2026-03-29 05:29:42.000,0
2026-03-29 05:30:08.000,0
2026-03-29 05:30:08.000,1.2
2026-03-29 05:30:26.000,1.2
2026-03-29 05:30:26.000,0
2026-03-29 05:30:54.000,0
2026-03-29 05:30:54.000,1.2
2026-03-29 05:30:56.000,1.2
2026-03-29 05:30:56.000,0
2026-03-29 05:33:40.000,0
2026-03-29 05:33:40.000,1.2
2026-03-29 05:33:42.000,1.2
2026-03-29 05:33:42.000,2.4
2026-03-29 05:33:48.000,2.4
2026-03-29 05:33:48.000,0
2026-03-29 05:34:08.000,0
2026-03-29 05:34:08.000,1.2
2026-03-29 05:34:14.000,1.2
2026-03-29 05:34:14.000,0
2026-03-29 05:34:50.000,0
2026-03-29 05:34:50.000,1.2
2026-03-29 05:34:54.000,1.2
2026-03-29 05:34:54.000,3.6
2026-03-29 05:34:56.000,3.6
2026-03-29 05:34:56.000,2.4
2026-03-29 05:35:04.000,2.4
2026-03-29 05:35:04.000,0
2026-03-29 05:35:28.000,0
2026-03-29 05:35:28.000,1.2
2026-03-29 05:35:48.000,1.2
2026-03-29 05:35:48.000,0
2026-03-29 05:36:12.000,0
2026-03-29 05:36:12.000,1.2
2026-03-29 05:36:40.000,1.2
2026-03-29 05:36:40.000,0
2026-03-29 05:37:04.000,0
2026-03-29 05:37:04.000,1.2
2026-03-29 05:37:20.000,1.2
2026-03-29 05:37:20.000,0
2026-03-29 05:37:44.000,0
2026-03-29 05:37:44.000,1.2
2026-03-29 05:38:08.000,1.2
2026-03-29 05:38:08.000,0
2026-03-29 05:38:28.000,0
2026-03-29 05:38:28.000,1.2
2026-03-29 05:38:48.000,1.2
2026-03-29 05:38:48.000,0
2026-03-29 05:38:54.000,0
2026-03-29 05:38:54.000,1.2
2026-03-29 05:39:00.000,1.2
2026-03-29 05:39:00.000,0
2026-03-29 05:39:22.000,0
2026-03-29 05:39:22.000,1.2
2026-03-29 05:39:44.000,1.2
2026-03-29 05:39:44.000,0
2026-03-29 05:39:48.000,0
2026-03-29 05:39:48.000,1.2
2026-03-29 05:39:50.000,1.2
2026-03-29 05:39:50.000,0
2026-03-29 05:40:12.000,0
2026-03-29 05:40:12.000,1.2
2026-03-29 05:40:32.000,1.2
2026-03-29 05:40:32.000,0
2026-03-29 05:40:58.000,0
2026-03-29 05:40:58.000,1.2
2026-03-29 05:41:14.000,1.2
2026-03-29 05:41:14.000,0
2026-03-29 05:41:46.000,0
2026-03-29 05:41:46.000,1.2
2026-03-29 05:41:48.000,1.2
2026-03-29 05:41:48.000,0
2026-03-29 05:41:52.000,0
2026-03-29 05:41:52.000,1.2
2026-03-29 05:41:54.000,1.2
2026-03-29 05:41:54.000,0
2026-03-29 05:42:10.000,0
2026-03-29 05:42:10.000,1.2
2026-03-29 05:42:14.000,1.2
2026-03-29 05:42:14.000,0
2026-03-29 05:42:26.000,0
2026-03-29 05:42:26.000,1.2
2026-03-29 05:42:30.000,1.2
2026-03-29 05:42:30.000,0
2026-03-29 05:42:32.000,0
2026-03-29 05:42:32.000,1.2
2026-03-29 05:42:36.000,1.2
2026-03-29 05:42:36.000,0
2026-03-29 05:42:50.000,0
2026-03-29 05:42:50.000,1.2
2026-03-29 05:42:52.000,1.2
2026-03-29 05:42:52.000,0
2026-03-29 05:42:56.000,0
2026-03-29 05:42:56.000,1.2
2026-03-29 05:43:00.000,1.2
2026-03-29 05:43:00.000,0
2026-03-29 05:43:02.000,0
2026-03-29 05:43:02.000,1.2
2026-03-29 05:43:06.000,1.2
2026-03-29 05:43:06.000,0
2026-03-29 05:43:30.000,0
2026-03-29 05:43:30.000,1.2
2026-03-29 05:43:52.000,1.2
2026-03-29 05:43:52.000,0
2026-03-29 05:44:00.000,0
2026-03-29 05:44:00.000,1.2
2026-03-29 05:44:06.000,1.2
2026-03-29 05:44:06.000,0
2026-03-29 05:44:14.000,0
2026-03-29 05:44:14.000,1.2
2026-03-29 05:44:30.000,1.2
2026-03-29 05:44:30.000,0
2026-03-29 05:44:38.000,0
2026-03-29 05:44:38.000,1.2
2026-03-29 05:44:46.000,1.2
2026-03-29 05:44:46.000,0
2026-03-29 05:44:48.000,0
2026-03-29 05:44:48.000,1.2
2026-03-29 05:44:56.000,1.2
2026-03-29 05:44:56.000,0
2026-03-29 05:45:14.000,0
2026-03-29 05:45:14.000,1.2
2026-03-29 05:45:16.000,1.2
2026-03-29 05:45:16.000,0
2026-03-29 05:45:22.000,0
2026-03-29 05:45:22.000,1.2
2026-03-29 05:45:32.000,1.2
2026-03-29 05:45:32.000,0
2026-03-29 05:45:36.000,0
2026-03-29 05:45:36.000,1.2
2026-03-29 05:45:42.000,1.2
2026-03-29 05:45:42.000,0
2026-03-29 05:45:44.000,0
2026-03-29 05:45:44.000,1.2
2026-03-29 05:45:50.000,1.2
2026-03-29 05:45:50.000,0
2026-03-29 05:46:00.000,0
2026-03-29 05:46:00.000,1.2
2026-03-29 05:46:02.000,1.2
2026-03-29 05:46:02.000,0
2026-03-29 05:46:18.000,0
2026-03-29 05:46:18.000,1.2
2026-03-29 05:46:38.000,1.2
2026-03-29 05:46:38.000,0
2026-03-29 05:47:00.000,0
2026-03-29 05:47:00.000,1.2
2026-03-29 05:47:20.000,1.2
2026-03-29 05:47:20.000,0
2026-03-29 05:47:24.000,0
2026-03-29 05:47:24.000,1.2
2026-03-29 05:47:28.000,1.2
2026-03-29 05:47:28.000,0
2026-03-29 05:47:44.000,0
2026-03-29 05:47:44.000,1.2
2026-03-29 05:47:48.000,1.2
2026-03-29 05:47:48.000,0
2026-03-29 05:47:52.000,0
2026-03-29 05:47:52.000,1.2
2026-03-29 05:48:08.000,1.2
2026-03-29 05:48:08.000,0
2026-03-29 05:48:26.000,0
2026-03-29 05:48:26.000,1.2
2026-03-29 05:48:36.000,1.2
2026-03-29 05:48:36.000,0
2026-03-29 05:48:42.000,0
2026-03-29 05:48:42.000,1.2
2026-03-29 05:48:46.000,1.2
2026-03-29 05:48:46.000,0
2026-03-29 05:48:54.000,0
2026-03-29 05:48:54.000,1.2
2026-03-29 05:48:56.000,1.2
2026-03-29 05:48:56.000,0
2026-03-29 05:49:06.000,0
2026-03-29 05:49:06.000,1.2
2026-03-29 05:49:34.000,1.2
2026-03-29 05:49:34.000,0
2026-03-29 05:49:50.000,0
2026-03-29 05:49:50.000,1.2
2026-03-29 05:49:54.000,1.2
2026-03-29 05:49:54.000,2.4
2026-03-29 05:49:56.000,2.4
2026-03-29 05:49:56.000,1.2
2026-03-29 05:50:00.000,1.2
2026-03-29 05:50:00.000,0
2026-03-29 05:50:16.000,0
2026-03-29 05:50:16.000,2.4
2026-03-29 05:50:18.000,2.4
2026-03-29 05:50:18.000,1.2
2026-03-29 05:50:22.000,1.2
2026-03-29 05:50:22.000,0
2026-03-29 05:50:28.000,0
2026-03-29 05:50:28.000,1.2
2026-03-29 05:50:32.000,1.2
2026-03-29 05:50:32.000,0
2026-03-29 05:50:56.000,0
2026-03-29 05:50:56.000,1.2
2026-03-29 05:51:08.000,1.2
2026-03-29 05:51:08.000,0
2026-03-29 05:51:46.000,0
2026-03-29 05:51:46.000,1.2
2026-03-29 05:52:00.000,1.2
2026-03-29 05:52:00.000,0
2026-03-29 05:52:20.000,0
2026-03-29 05:52:20.000,1.2
2026-03-29 05:52:26.000,1.2
2026-03-29 05:52:26.000,2.4
2026-03-29 05:52:32.000,2.4
2026-03-29 05:52:32.000,4.8
2026-03-29 05:52:34.000,4.8
2026-03-29 05:52:34.000,0
2026-03-29 05:53:00.000,0
2026-03-29 05:53:00.000,1.2
2026-03-29 05:53:10.000,1.2
2026-03-29 05:53:10.000,2.4
2026-03-29 05:53:14.000,2.4
2026-03-29 05:53:14.000,1.2
2026-03-29 05:53:28.000,1.2
2026-03-29 05:53:28.000,0
2026-03-29 05:53:42.000,0
2026-03-29 05:53:42.000,1.2
2026-03-29 05:53:52.000,1.2
2026-03-29 05:53:52.000,2.4
2026-03-29 05:54:00.000,2.4
2026-03-29 05:54:00.000,1.2
2026-03-29 05:54:18.000,1.2
2026-03-29 05:54:18.000,0
2026-03-29 05:54:34.000,0
2026-03-29 05:54:34.000,1.2
2026-03-29 05:54:36.000,1.2
2026-03-29 05:54:36.000,0
2026-03-29 05:54:38.000,0
2026-03-29 05:54:38.000,9.6
2026-03-29 05:54:40.000,9.6
2026-03-29 05:54:40.000,7.2
2026-03-29 05:54:42.000,7.2
2026-03-29 05:54:42.000,6
2026-03-29 05:54:46.000,6
2026-03-29 05:54:46.000,7.2
2026-03-29 05:54:48.000,7.2
2026-03-29 05:54:48.000,6
2026-03-29 05:54:50.000,6
2026-03-29 05:54:50.000,7.2
2026-03-29 05:54:52.000,7.2
2026-03-29 05:54:52.000,4.8
2026-03-29 05:54:54.000,4.8
2026-03-29 05:54:54.000,3.6
2026-03-29 05:54:56.000,3.6
2026-03-29 05:54:56.000,2.4
2026-03-29 05:54:58.000,2.4
2026-03-29 05:54:58.000,0
2026-03-29 05:55:00.000,0
2026-03-29 05:55:00.000,1.2
2026-03-29 05:55:02.000,1.2
2026-03-29 05:55:02.000,0
2026-03-29 05:55:38.000,0
2026-03-29 05:55:38.000,1.2
2026-03-29 05:55:40.000,1.2
2026-03-29 05:55:40.000,0
2026-03-29 05:56:28.000,0
2026-03-29 05:56:28.000,1.2
2026-03-29 05:56:30.000,1.2
2026-03-29 05:56:30.000,0
2026-03-29 05:56:58.000,0
2026-03-29 05:56:58.000,1.2
2026-03-29 05:57:00.000,1.2
2026-03-29 05:57:00.000,0
2026-03-29 05:57:02.000,0
2026-03-29 05:57:02.000,1.2
2026-03-29 05:57:04.000,1.2
2026-03-29 05:57:04.000,0
2026-03-29 05:57:20.000,0
2026-03-29 05:57:20.000,3.6
2026-03-29 05:57:22.000,3.6
2026-03-29 05:57:22.000,4.8
2026-03-29 05:57:24.000,4.8
2026-03-29 05:57:24.000,0
2026-03-29 05:57:26.000,0
2026-03-29 05:57:26.000,1.2
2026-03-29 05:57:28.000,1.2
2026-03-29 05:57:28.000,4.8
2026-03-29 05:57:30.000,4.8
2026-03-29 05:57:30.000,3.6
2026-03-29 05:57:32.000,3.6
2026-03-29 05:57:32.000,0
2026-03-29 05:57:34.000,0
2026-03-29 05:57:34.000,1.2
2026-03-29 05:57:36.000,1.2
2026-03-29 05:57:36.000,3.6
2026-03-29 05:57:38.000,3.6
2026-03-29 05:57:38.000,2.4
2026-03-29 05:57:40.000,2.4
2026-03-29 05:57:40.000,1.2
2026-03-29 05:57:42.000,1.2
2026-03-29 05:57:42.000,2.4
2026-03-29 05:57:46.000,2.4
2026-03-29 05:57:46.000,3.6
2026-03-29 05:57:48.000,3.6
2026-03-29 05:57:48.000,2.4
2026-03-29 05:57:50.000,2.4
2026-03-29 05:57:50.000,1.2
2026-03-29 05:57:52.000,1.2
2026-03-29 05:57:52.000,2.4
2026-03-29 05:57:54.000,2.4
2026-03-29 05:57:54.000,1.2
2026-03-29 05:58:10.000,1.2
2026-03-29 05:58:10.000,0
2026-03-29 05:59:24.000,0
2026-03-29 05:59:24.000,1.2
2026-03-29 05:59:26.000,1.2
2026-03-29 05:59:26.000,0
2026-03-29 05:59:32.000,0
2026-03-29 05:59:32.000,1.2
2026-03-29 05:59:34.000,1.2
2026-03-29 05:59:34.000,0
2026-03-29 06:00:02.000,0
2026-03-29 06:00:02.000,1.2
2026-03-29 06:00:04.000,1.2
2026-03-29 06:00:04.000,0
2026-03-29 06:00:22.000,0
2026-03-29 06:00:22.000,1.2
2026-03-29 06:00:30.000,1.2
2026-03-29 06:00:30.000,0
2026-03-29 06:00:32.000,0
2026-03-29 06:00:32.000,1.2
2026-03-29 06:00:34.000,1.2
2026-03-29 06:00:34.000,0
2026-03-29 06:02:20.000,0
2026-03-29 06:02:20.000,1.2
2026-03-29 06:02:22.000,1.2
2026-03-29 06:02:22.000,0
2026-03-29 06:05:16.000,0
2026-03-29 06:05:16.000,1.2
2026-03-29 06:05:18.000,1.2
2026-03-29 06:05:18.000,0
2026-03-29 06:05:22.000,0
2026-03-29 06:05:22.000,2.4
2026-03-29 06:05:24.000,2.4
2026-03-29 06:05:24.000,0
2026-03-29 06:05:44.000,0
2026-03-29 06:05:44.000,1.2
2026-03-29 06:05:52.000,1.2
2026-03-29 06:05:52.000,0
2026-03-29 06:06:08.000,0
2026-03-29 06:06:08.000,1.2
2026-03-29 06:06:10.000,1.2
2026-03-29 06:06:10.000,0
2026-03-29 06:07:02.000,0
2026-03-29 06:07:02.000,1.2
2026-03-29 06:07:04.000,1.2
2026-03-29 06:07:04.000,0
2026-03-29 06:07:06.000,0
2026-03-29 06:07:06.000,1.2
2026-03-29 06:07:12.000,1.2
2026-03-29 06:07:12.000,0
2026-03-29 06:08:18.000,0
2026-03-29 06:08:18.000,1.2
2026-03-29 06:08:20.000,1.2
2026-03-29 06:08:20.000,0
2026-03-29 06:08:22.000,0
2026-03-29 06:08:22.000,1.2
2026-03-29 06:08:28.000,1.2
2026-03-29 06:08:28.000,0
2026-03-29 06:09:00.000,0
2026-03-29 06:09:00.000,1.2
2026-03-29 06:09:08.000,1.2
2026-03-29 06:09:08.000,0
2026-03-29 06:09:12.000,0
2026-03-29 06:09:12.000,1.2
2026-03-29 06:09:18.000,1.2
2026-03-29 06:09:18.000,2.4
2026-03-29 06:09:20.000,2.4
2026-03-29 06:09:20.000,4.8
2026-03-29 06:09:22.000,4.8
2026-03-29 06:09:22.000,3.6
2026-03-29 06:09:26.000,3.6
2026-03-29 06:09:26.000,2.4
2026-03-29 06:09:28.000,2.4
2026-03-29 06:09:28.000,0
2026-03-29 06:09:30.000,0
2026-03-29 06:09:30.000,1.2
2026-03-29 06:09:32.000,1.2
2026-03-29 06:09:32.000,0
2026-03-29 06:10:48.000,0
2026-03-29 06:10:48.000,1.2
2026-03-29 06:10:56.000,1.2
2026-03-29 06:10:56.000,0
2026-03-29 06:11:00.000,0
2026-03-29 06:11:00.000,1.2
2026-03-29 06:11:02.000,1.2
2026-03-29 06:11:02.000,0
2026-03-29 06:11:04.000,0
2026-03-29 06:11:04.000,1.2
2026-03-29 06:11:16.000,1.2
2026-03-29 06:11:16.000,2.4
2026-03-29 06:11:20.000,2.4
2026-03-29 06:11:20.000,1.2
2026-03-29 06:11:24.000,1.2
2026-03-29 06:11:24.000,0
2026-03-29 06:11:28.000,0
2026-03-29 06:11:28.000,1.2
2026-03-29 06:11:30.000,1.2
2026-03-29 06:11:30.000,0
2026-03-29 06:11:32.000,0
2026-03-29 06:11:32.000,1.2
2026-03-29 06:11:34.000,1.2
2026-03-29 06:11:34.000,0
2026-03-29 06:11:38.000,0
2026-03-29 06:11:38.000,1.2
2026-03-29 06:11:42.000,1.2
2026-03-29 06:11:42.000,0
2026-03-29 06:11:54.000,0
2026-03-29 06:11:54.000,1.2
2026-03-29 06:11:56.000,1.2
2026-03-29 06:11:56.000,0
2026-03-29 06:12:08.000,0
2026-03-29 06:12:08.000,1.2
2026-03-29 06:12:10.000,1.2
2026-03-29 06:12:10.000,0
2026-03-29 06:12:22.000,0
2026-03-29 06:12:22.000,1.2
2026-03-29 06:12:24.000,1.2
2026-03-29 06:12:24.000,0
2026-03-29 06:12:52.000,0
2026-03-29 06:12:52.000,1.2
2026-03-29 06:12:58.000,1.2
2026-03-29 06:12:58.000,0
2026-03-29 06:13:00.000,0
2026-03-29 06:13:00.000,1.2
2026-03-29 06:13:04.000,1.2
2026-03-29 06:13:04.000,0
2026-03-29 06:13:18.000,0
2026-03-29 06:13:18.000,1.2
2026-03-29 06:13:24.000,1.2
2026-03-29 06:13:24.000,0
2026-03-29 06:13:28.000,0
2026-03-29 06:13:28.000,1.2
2026-03-29 06:13:42.000,1.2
2026-03-29 06:13:42.000,0
2026-03-29 06:14:02.000,0
2026-03-29 06:14:02.000,1.2
2026-03-29 06:14:10.000,1.2
2026-03-29 06:14:10.000,0
2026-03-29 06:14:20.000,0
2026-03-29 06:14:20.000,1.2
2026-03-29 06:14:26.000,1.2
2026-03-29 06:14:26.000,0
2026-03-29 06:14:30.000,0
2026-03-29 06:14:30.000,1.2
2026-03-29 06:14:36.000,1.2
2026-03-29 06:14:36.000,0
2026-03-29 06:14:48.000,0
2026-03-29 06:14:48.000,1.2
2026-03-29 06:14:50.000,1.2
2026-03-29 06:14:50.000,0
2026-03-29 06:14:52.000,0
2026-03-29 06:14:52.000,1.2
2026-03-29 06:15:08.000,1.2
2026-03-29 06:15:08.000,0
2026-03-29 06:15:14.000,0
2026-03-29 06:15:14.000,1.2
2026-03-29 06:15:16.000,1.2
2026-03-29 06:15:16.000,0
2026-03-29 06:15:36.000,0
2026-03-29 06:15:36.000,1.2
2026-03-29 06:15:38.000,1.2
2026-03-29 06:15:38.000,0
2026-03-29 06:15:42.000,0
2026-03-29 06:15:42.000,2.4
2026-03-29 06:15:46.000,2.4
2026-03-29 06:15:46.000,1.2
2026-03-29 06:15:56.000,1.2
2026-03-29 06:15:56.000,0
2026-03-29 06:15:58.000,0
2026-03-29 06:15:58.000,3.6
2026-03-29 06:16:00.000,3.6
2026-03-29 06:16:00.000,2.4
2026-03-29 06:16:02.000,2.4
2026-03-29 06:16:02.000,3.6
2026-03-29 06:16:04.000,3.6
2026-03-29 06:16:04.000,4.8
2026-03-29 06:16:06.000,4.8
2026-03-29 06:16:06.000,7.2
2026-03-29 06:16:08.000,7.2
2026-03-29 06:16:08.000,1.2
2026-03-29 06:16:10.000,1.2
2026-03-29 06:16:10.000,3.6
2026-03-29 06:16:12.000,3.6
2026-03-29 06:16:12.000,0
2026-03-29 06:16:16.000,0
2026-03-29 06:16:16.000,1.2
2026-03-29 06:16:18.000,1.2
2026-03-29 06:16:18.000,0
2026-03-29 06:16:50.000,0
2026-03-29 06:16:50.000,1.2
2026-03-29 06:17:12.000,1.2
2026-03-29 06:17:12.000,0
2026-03-29 06:17:14.000,0
2026-03-29 06:17:14.000,1.2
2026-03-29 06:17:34.000,1.2
2026-03-29 06:17:34.000,2.4
2026-03-29 06:17:46.000,2.4
2026-03-29 06:17:46.000,3.6
2026-03-29 06:17:48.000,3.6
2026-03-29 06:17:48.000,2.4
2026-03-29 06:17:52.000,2.4
2026-03-29 06:17:52.000,1.2
2026-03-29 06:17:58.000,1.2
2026-03-29 06:17:58.000,0
2026-03-29 06:18:12.000,0
2026-03-29 06:18:12.000,1.2
2026-03-29 06:18:24.000,1.2
2026-03-29 06:18:24.000,2.4
2026-03-29 06:18:46.000,2.4
2026-03-29 06:18:46.000,1.2
2026-03-29 06:18:48.000,1.2
2026-03-29 06:18:48.000,3.6
2026-03-29 06:18:50.000,3.6
2026-03-29 06:18:50.000,8.4
2026-03-29 06:18:52.000,8.4
2026-03-29 06:18:52.000,2.4
2026-03-29 06:18:54.000,2.4
2026-03-29 06:18:54.000,0
2026-03-29 06:19:24.000,0
2026-03-29 06:19:24.000,6
2026-03-29 06:19:26.000,6
2026-03-29 06:19:26.000,8.4
2026-03-29 06:19:28.000,8.4
2026-03-29 06:19:28.000,0
2026-03-29 06:19:30.000,0
2026-03-29 06:19:30.000,1.2
2026-03-29 06:19:34.000,1.2
2026-03-29 06:19:34.000,0
2026-03-29 06:20:02.000,0
2026-03-29 06:20:02.000,1.2
2026-03-29 06:20:14.000,1.2
2026-03-29 06:20:14.000,0
2026-03-29 06:20:40.000,0
2026-03-29 06:20:40.000,1.2
2026-03-29 06:20:44.000,1.2
2026-03-29 06:20:44.000,2.4
2026-03-29 06:20:50.000,2.4
2026-03-29 06:20:50.000,1.2
2026-03-29 06:20:56.000,1.2
2026-03-29 06:20:56.000,0
2026-03-29 06:21:04.000,0
2026-03-29 06:21:04.000,1.2
2026-03-29 06:21:14.000,1.2
2026-03-29 06:21:14.000,0
2026-03-29 06:21:22.000,0
2026-03-29 06:21:22.000,1.2
2026-03-29 06:21:24.000,1.2
2026-03-29 06:21:24.000,2.4
2026-03-29 06:21:38.000,2.4
2026-03-29 06:21:38.000,1.2
2026-03-29 06:21:54.000,1.2
2026-03-29 06:21:54.000,2.4
2026-03-29 06:22:02.000,2.4
2026-03-29 06:22:02.000,3.6
2026-03-29 06:22:08.000,3.6
2026-03-29 06:22:08.000,2.4
2026-03-29 06:22:12.000,2.4
2026-03-29 06:22:12.000,3.6
2026-03-29 06:22:14.000,3.6
2026-03-29 06:22:14.000,2.4
2026-03-29 06:22:18.000,2.4
2026-03-29 06:22:18.000,1.2
2026-03-29 06:22:20.000,1.2
2026-03-29 06:22:20.000,2.4
2026-03-29 06:22:22.000,2.4
2026-03-29 06:22:22.000,1.2
2026-03-29 06:22:24.000,1.2
2026-03-29 06:22:24.000,2.4
2026-03-29 06:22:28.000,2.4
2026-03-29 06:22:28.000,1.2
2026-03-29 06:22:34.000,1.2
2026-03-29 06:22:34.000,2.4
2026-03-29 06:22:40.000,2.4
2026-03-29 06:22:40.000,1.2
2026-03-29 06:22:44.000,1.2
2026-03-29 06:22:44.000,0
2026-03-29 06:22:58.000,0
2026-03-29 06:22:58.000,1.2
2026-03-29 06:23:08.000,1.2
2026-03-29 06:23:08.000,2.4
2026-03-29 06:23:10.000,2.4
2026-03-29 06:23:10.000,1.2
2026-03-29 06:23:12.000,1.2
2026-03-29 06:23:12.000,2.4
2026-03-29 06:23:20.000,2.4
2026-03-29 06:23:20.000,1.2
2026-03-29 06:23:22.000,1.2
2026-03-29 06:23:22.000,0
2026-03-29 06:23:54.000,0
2026-03-29 06:23:54.000,1.2
2026-03-29 06:23:58.000,1.2
2026-03-29 06:23:58.000,4.8
2026-03-29 06:24:00.000,4.8
2026-03-29 06:24:00.000,0
2026-03-29 06:24:04.000,0
2026-03-29 06:24:04.000,1.2
2026-03-29 06:24:06.000,1.2
2026-03-29 06:24:06.000,0
2026-03-29 06:24:26.000,0
2026-03-29 06:24:26.000,4.8
2026-03-29 06:24:28.000,4.8
2026-03-29 06:24:28.000,0
2026-03-29 06:24:30.000,0
2026-03-29 06:24:30.000,9.6
2026-03-29 06:24:32.000,9.6
2026-03-29 06:24:32.000,2.4
2026-03-29 06:24:36.000,2.4
2026-03-29 06:24:36.000,1.2
2026-03-29 06:24:38.000,1.2
2026-03-29 06:24:38.000,0
2026-03-29 06:25:14.000,0
2026-03-29 06:25:14.000,1.2
2026-03-29 06:25:36.000,1.2
2026-03-29 06:25:36.000,0
2026-03-29 06:25:38.000,0
2026-03-29 06:25:38.000,1.2
2026-03-29 06:25:42.000,1.2
2026-03-29 06:25:42.000,0
2026-03-29 06:25:52.000,0
2026-03-29 06:25:52.000,1.2
2026-03-29 06:25:54.000,1.2
2026-03-29 06:25:54.000,2.4
2026-03-29 06:25:56.000,2.4
2026-03-29 06:25:56.000,1.2
2026-03-29 06:26:04.000,1.2
2026-03-29 06:26:04.000,2.4
2026-03-29 06:26:08.000,2.4
2026-03-29 06:26:08.000,1.2
2026-03-29 06:26:10.000,1.2
2026-03-29 06:26:10.000,0
2026-03-29 06:26:24.000,0
2026-03-29 06:26:24.000,1.2
2026-03-29 06:26:36.000,1.2
2026-03-29 06:26:36.000,0
2026-03-29 06:26:40.000,0
2026-03-29 06:26:40.000,1.2
2026-03-29 06:26:48.000,1.2
2026-03-29 06:26:48.000,0
2026-03-29 06:26:52.000,0
2026-03-29 06:26:52.000,1.2
2026-03-29 06:26:54.000,1.2
2026-03-29 06:26:54.000,0
2026-03-29 06:27:00.000,0
2026-03-29 06:27:00.000,1.2
2026-03-29 06:27:08.000,1.2
2026-03-29 06:27:08.000,2.4
2026-03-29 06:27:12.000,2.4
2026-03-29 06:27:12.000,1.2
2026-03-29 06:27:16.000,1.2
2026-03-29 06:27:16.000,0
2026-03-29 06:27:20.000,0
2026-03-29 06:27:20.000,1.2
2026-03-29 06:27:36.000,1.2
2026-03-29 06:27:36.000,2.4
2026-03-29 06:27:38.000,2.4
2026-03-29 06:27:38.000,3.6
2026-03-29 06:27:40.000,3.6
2026-03-29 06:27:40.000,2.4
2026-03-29 06:27:44.000,2.4
2026-03-29 06:27:44.000,1.2
2026-03-29 06:27:48.000,1.2
2026-03-29 06:27:48.000,0
2026-03-29 06:27:58.000,0
2026-03-29 06:27:58.000,1.2
2026-03-29 06:28:00.000,1.2
2026-03-29 06:28:00.000,2.4
2026-03-29 06:28:02.000,2.4
2026-03-29 06:28:02.000,4.8
2026-03-29 06:28:04.000,4.8
2026-03-29 06:28:04.000,3.6
2026-03-29 06:28:08.000,3.6
2026-03-29 06:28:08.000,2.4
2026-03-29 06:28:10.000,2.4
2026-03-29 06:28:10.000,1.2
2026-03-29 06:28:14.000,1.2
2026-03-29 06:28:14.000,0
2026-03-29 06:28:30.000,0
2026-03-29 06:28:30.000,4.8
2026-03-29 06:28:40.000,4.8
2026-03-29 06:28:40.000,2.4
2026-03-29 06:28:42.000,2.4
2026-03-29 06:28:42.000,3.6
2026-03-29 06:28:48.000,3.6
2026-03-29 06:28:48.000,2.4
2026-03-29 06:28:56.000,2.4
2026-03-29 06:28:56.000,3.6
2026-03-29 06:28:58.000,3.6
2026-03-29 06:28:58.000,2.4
2026-03-29 06:29:04.000,2.4
2026-03-29 06:29:04.000,1.2
2026-03-29 06:29:18.000,1.2
2026-03-29 06:29:18.000,2.4
2026-03-29 06:29:24.000,2.4
2026-03-29 06:29:24.000,1.2
2026-03-29 06:29:28.000,1.2
2026-03-29 06:29:28.000,0
2026-03-29 06:29:44.000,0
2026-03-29 06:29:44.000,1.2
2026-03-29 06:30:00.000,1.2
2026-03-29 06:30:00.000,0
2026-03-29 06:30:22.000,0
2026-03-29 06:30:22.000,1.2
2026-03-29 06:30:26.000,1.2
2026-03-29 06:30:26.000,2.4
2026-03-29 06:30:30.000,2.4
2026-03-29 06:30:30.000,1.2
2026-03-29 06:30:32.000,1.2
2026-03-29 06:30:32.000,2.4
2026-03-29 06:30:38.000,2.4
2026-03-29 06:30:38.000,1.2
2026-03-29 06:30:44.000,1.2
2026-03-29 06:30:44.000,0
2026-03-29 06:30:58.000,0
2026-03-29 06:30:58.000,1.2
2026-03-29 06:31:02.000,1.2
2026-03-29 06:31:02.000,2.4
2026-03-29 06:31:08.000,2.4
2026-03-29 06:31:08.000,1.2
2026-03-29 06:31:12.000,1.2
2026-03-29 06:31:12.000,0
2026-03-29 06:31:42.000,0
2026-03-29 06:31:42.000,1.2
2026-03-29 06:31:44.000,1.2
2026-03-29 06:31:44.000,0
2026-03-29 06:31:46.000,0
2026-03-29 06:31:46.000,3.6
2026-03-29 06:31:48.000,3.6
2026-03-29 06:31:48.000,2.4
2026-03-29 06:31:50.000,2.4
2026-03-29 06:31:50.000,3.6
2026-03-29 06:31:52.000,3.6
2026-03-29 06:31:52.000,6
2026-03-29 06:31:54.000,6
2026-03-29 06:31:54.000,4.8
2026-03-29 06:31:56.000,4.8
2026-03-29 06:31:56.000,3.6
2026-03-29 06:32:04.000,3.6
2026-03-29 06:32:04.000,2.4
2026-03-29 06:32:18.000,2.4
2026-03-29 06:32:18.000,4.8
2026-03-29 06:32:20.000,4.8
2026-03-29 06:32:20.000,6
2026-03-29 06:32:22.000,6
2026-03-29 06:32:22.000,4.8
2026-03-29 06:32:26.000,4.8
2026-03-29 06:32:26.000,3.6
2026-03-29 06:32:32.000,3.6
2026-03-29 06:32:32.000,2.4
2026-03-29 06:32:34.000,2.4
2026-03-29 06:32:34.000,0
2026-03-29 06:32:58.000,0
2026-03-29 06:32:58.000,1.2
2026-03-29 06:33:00.000,1.2
2026-03-29 06:33:00.000,2.4
2026-03-29 06:33:02.000,2.4
2026-03-29 06:33:02.000,1.2
2026-03-29 06:33:04.000,1.2
2026-03-29 06:33:04.000,2.4
2026-03-29 06:33:08.000,2.4
2026-03-29 06:33:08.000,1.2
2026-03-29 06:33:10.000,1.2
2026-03-29 06:33:10.000,0
2026-03-29 06:33:26.000,0
2026-03-29 06:33:26.000,1.2
2026-03-29 06:33:28.000,1.2
2026-03-29 06:33:28.000,2.4
2026-03-29 06:33:30.000,2.4
2026-03-29 06:33:30.000,3.6
2026-03-29 06:33:32.000,3.6
2026-03-29 06:33:32.000,1.2
2026-03-29 06:33:40.000,1.2
2026-03-29 06:33:40.000,2.4
2026-03-29 06:34:04.000,2.4
2026-03-29 06:34:04.000,1.2
2026-03-29 06:34:06.000,1.2
2026-03-29 06:34:06.000,0
2026-03-29 06:34:20.000,0
2026-03-29 06:34:20.000,1.2
2026-03-29 06:34:22.000,1.2
2026-03-29 06:34:22.000,2.4
2026-03-29 06:34:24.000,2.4
2026-03-29 06:34:24.000,3.6
2026-03-29 06:34:26.000,3.6
2026-03-29 06:34:26.000,2.4
2026-03-29 06:34:28.000,2.4
2026-03-29 06:34:28.000,1.2
2026-03-29 06:34:30.000,1.2
2026-03-29 06:34:30.000,0
2026-03-29 06:34:36.000,0
2026-03-29 06:34:36.000,1.2
2026-03-29 06:34:38.000,1.2
2026-03-29 06:34:38.000,3.6
2026-03-29 06:34:40.000,3.6
2026-03-29 06:34:40.000,0
2026-03-29 06:34:42.000,0
2026-03-29 06:34:42.000,2.4
2026-03-29 06:34:44.000,2.4
2026-03-29 06:34:44.000,0
2026-03-29 06:35:04.000,0
2026-03-29 06:35:04.000,1.2
2026-03-29 06:35:06.000,1.2
2026-03-29 06:35:06.000,3.6
2026-03-29 06:35:10.000,3.6
2026-03-29 06:35:10.000,4.8
2026-03-29 06:35:20.000,4.8
2026-03-29 06:35:20.000,3.6
2026-03-29 06:35:24.000,3.6
2026-03-29 06:35:24.000,2.4
2026-03-29 06:35:34.000,2.4
2026-03-29 06:35:34.000,3.6
2026-03-29 06:35:36.000,3.6
2026-03-29 06:35:36.000,2.4
2026-03-29 06:35:40.000,2.4
2026-03-29 06:35:40.000,1.2
2026-03-29 06:35:56.000,1.2
2026-03-29 06:35:56.000,2.4
2026-03-29 06:36:02.000,2.4
2026-03-29 06:36:02.000,1.2
2026-03-29 06:36:16.000,1.2
2026-03-29 06:36:16.000,2.4
2026-03-29 06:36:28.000,2.4
2026-03-29 06:36:28.000,1.2
2026-03-29 06:36:30.000,1.2
2026-03-29 06:36:30.000,0
2026-03-29 06:36:32.000,0
2026-03-29 06:36:32.000,2.4
2026-03-29 06:36:34.000,2.4
2026-03-29 06:36:34.000,3.6
2026-03-29 06:36:36.000,3.6
2026-03-29 06:36:36.000,2.4
2026-03-29 06:36:38.000,2.4
2026-03-29 06:36:38.000,3.6
2026-03-29 06:36:40.000,3.6
2026-03-29 06:36:40.000,2.4
2026-03-29 06:36:48.000,2.4
2026-03-29 06:36:48.000,0
2026-03-29 06:36:50.000,0
2026-03-29 06:36:50.000,1.2
2026-03-29 06:36:52.000,1.2
2026-03-29 06:36:52.000,2.4
2026-03-29 06:37:02.000,2.4
2026-03-29 06:37:02.000,1.2
2026-03-29 06:37:04.000,1.2
2026-03-29 06:37:04.000,2.4
2026-03-29 06:37:10.000,2.4
2026-03-29 06:37:10.000,3.6
2026-03-29 06:37:12.000,3.6
2026-03-29 06:37:12.000,2.4
2026-03-29 06:37:14.000,2.4
2026-03-29 06:37:14.000,1.2
2026-03-29 06:37:16.000,1.2
2026-03-29 06:37:16.000,0
2026-03-29 06:37:28.000,0
2026-03-29 06:37:28.000,2.4
2026-03-29 06:37:34.000,2.4
2026-03-29 06:37:34.000,3.6
2026-03-29 06:37:42.000,3.6
2026-03-29 06:37:42.000,2.4
2026-03-29 06:37:46.000,2.4
2026-03-29 06:37:46.000,1.2
2026-03-29 06:37:58.000,1.2
2026-03-29 06:37:58.000,0
2026-03-29 06:38:10.000,0
2026-03-29 06:38:10.000,3.6
2026-03-29 06:38:12.000,3.6
2026-03-29 06:38:12.000,2.4
2026-03-29 06:38:16.000,2.4
2026-03-29 06:38:16.000,1.2
2026-03-29 06:38:18.000,1.2
2026-03-29 06:38:18.000,2.4
2026-03-29 06:38:20.000,2.4
2026-03-29 06:38:20.000,3.6
2026-03-29 06:38:22.000,3.6
2026-03-29 06:38:22.000,1.2
2026-03-29 06:38:24.000,1.2
2026-03-29 06:38:24.000,6
2026-03-29 06:38:26.000,6
2026-03-29 06:38:26.000,2.4
2026-03-29 06:38:32.000,2.4
2026-03-29 06:38:32.000,1.2
2026-03-29 06:38:34.000,1.2
2026-03-29 06:38:34.000,2.4
2026-03-29 06:38:44.000,2.4
2026-03-29 06:38:44.000,1.2
2026-03-29 06:38:54.000,1.2
2026-03-29 06:38:54.000,2.4
2026-03-29 06:39:08.000,2.4
2026-03-29 06:39:08.000,3.6
2026-03-29 06:39:18.000,3.6
2026-03-29 06:39:18.000,4.8
2026-03-29 06:39:20.000,4.8
2026-03-29 06:39:20.000,3.6
2026-03-29 06:39:22.000,3.6
2026-03-29 06:39:22.000,2.4
2026-03-29 06:39:52.000,2.4
2026-03-29 06:39:52.000,3.6
2026-03-29 06:40:14.000,3.6
2026-03-29 06:40:14.000,2.4
2026-03-29 06:40:16.000,2.4
2026-03-29 06:40:16.000,3.6
2026-03-29 06:40:18.000,3.6
2026-03-29 06:40:18.000,2.4
2026-03-29 06:40:20.000,2.4
2026-03-29 06:40:20.000,3.6
2026-03-29 06:40:26.000,3.6
2026-03-29 06:40:26.000,1.2
2026-03-29 06:40:28.000,1.2
2026-03-29 06:40:28.000,3.6
2026-03-29 06:40:30.000,3.6
2026-03-29 06:40:30.000,2.4
2026-03-29 06:40:42.000,2.4
2026-03-29 06:40:42.000,3.6
2026-03-29 06:40:44.000,3.6
2026-03-29 06:40:44.000,4.8
2026-03-29 06:40:48.000,4.8
2026-03-29 06:40:48.000,6
2026-03-29 06:40:50.000,6
2026-03-29 06:40:50.000,4.8
2026-03-29 06:40:52.000,4.8
2026-03-29 06:40:52.000,3.6
2026-03-29 06:40:58.000,3.6
2026-03-29 06:40:58.000,2.4
2026-03-29 06:41:02.000,2.4
2026-03-29 06:41:02.000,3.6
2026-03-29 06:41:06.000,3.6
2026-03-29 06:41:06.000,4.8
2026-03-29 06:41:08.000,4.8
2026-03-29 06:41:08.000,3.6
2026-03-29 06:41:10.000,3.6
2026-03-29 06:41:10.000,2.4
2026-03-29 06:41:46.000,2.4
2026-03-29 06:41:46.000,1.2
2026-03-29 06:41:54.000,1.2
2026-03-29 06:41:54.000,2.4
2026-03-29 06:41:56.000,2.4
2026-03-29 06:41:56.000,1.2
2026-03-29 06:41:58.000,1.2
2026-03-29 06:41:58.000,2.4
2026-03-29 06:42:24.000,2.4
2026-03-29 06:42:24.000,1.2
2026-03-29 06:42:34.000,1.2
2026-03-29 06:42:34.000,0
2026-03-29 06:42:42.000,0
2026-03-29 06:42:42.000,1.2
2026-03-29 06:42:52.000,1.2
2026-03-29 06:42:52.000,2.4
2026-03-29 06:43:14.000,2.4
2026-03-29 06:43:14.000,1.2
2026-03-29 06:43:32.000,1.2
2026-03-29 06:43:32.000,2.4
2026-03-29 06:44:02.000,2.4
2026-03-29 06:44:02.000,1.2
2026-03-29 06:44:04.000,1.2
2026-03-29 06:44:04.000,2.4
2026-03-29 06:44:10.000,2.4
2026-03-29 06:44:10.000,1.2
2026-03-29 06:44:30.000,1.2
2026-03-29 06:44:30.000,2.4
2026-03-29 06:44:40.000,2.4
2026-03-29 06:44:40.000,1.2
2026-03-29 06:44:54.000,1.2
2026-03-29 06:44:54.000,2.4
2026-03-29 06:45:12.000,2.4
2026-03-29 06:45:12.000,1.2
2026-03-29 06:45:30.000,1.2
2026-03-29 06:45:30.000,2.4
2026-03-29 06:45:34.000,2.4
2026-03-29 06:45:34.000,1.2
2026-03-29 06:45:44.000,1.2
2026-03-29 06:45:44.000,2.4
2026-03-29 06:45:58.000,2.4
2026-03-29 06:45:58.000,1.2
2026-03-29 06:46:28.000,1.2
2026-03-29 06:46:28.000,2.4
2026-03-29 06:46:32.000,2.4
2026-03-29 06:46:32.000,1.2
2026-03-29 06:46:38.000,1.2
2026-03-29 06:46:38.000,2.4
2026-03-29 06:46:40.000,2.4
2026-03-29 06:46:40.000,1.2
2026-03-29 06:46:42.000,1.2
2026-03-29 06:46:42.000,2.4
2026-03-29 06:46:50.000,2.4
2026-03-29 06:46:50.000,1.2
2026-03-29 06:47:04.000,1.2
2026-03-29 06:47:04.000,2.4
2026-03-29 06:47:10.000,2.4
2026-03-29 06:47:10.000,1.2
2026-03-29 06:47:12.000,1.2
2026-03-29 06:47:12.000,2.4
2026-03-29 06:47:14.000,2.4
2026-03-29 06:47:14.000,1.2
2026-03-29 06:47:24.000,1.2
2026-03-29 06:47:24.000,2.4
2026-03-29 06:47:26.000,2.4
2026-03-29 06:47:26.000,1.2
2026-03-29 06:47:28.000,1.2
2026-03-29 06:47:28.000,2.4
2026-03-29 06:47:32.000,2.4
2026-03-29 06:47:32.000,1.2
2026-03-29 06:47:38.000,1.2
2026-03-29 06:47:38.000,2.4
2026-03-29 06:47:48.000,2.4
2026-03-29 06:47:48.000,1.2
2026-03-29 06:48:12.000,1.2
2026-03-29 06:48:12.000,2.4
2026-03-29 06:48:18.000,2.4
2026-03-29 06:48:18.000,1.2
2026-03-29 06:48:28.000,1.2
2026-03-29 06:48:28.000,2.4
2026-03-29 06:48:32.000,2.4
2026-03-29 06:48:32.000,1.2
2026-03-29 06:48:38.000,1.2
2026-03-29 06:48:38.000,2.4
2026-03-29 06:48:48.000,2.4
2026-03-29 06:48:48.000,1.2
2026-03-29 06:49:06.000,1.2
2026-03-29 06:49:06.000,2.4
2026-03-29 06:49:14.000,2.4
2026-03-29 06:49:14.000,1.2
2026-03-29 06:49:18.000,1.2
2026-03-29 06:49:18.000,2.4
2026-03-29 06:49:32.000,2.4
2026-03-29 06:49:32.000,1.2
2026-03-29 06:49:34.000,1.2
2026-03-29 06:49:34.000,2.4
2026-03-29 06:49:42.000,2.4
2026-03-29 06:49:42.000,1.2
2026-03-29 06:49:44.000,1.2
2026-03-29 06:49:44.000,2.4
2026-03-29 06:49:46.000,2.4
2026-03-29 06:49:46.000,3.6
2026-03-29 06:49:50.000,3.6
2026-03-29 06:49:50.000,2.4
2026-03-29 06:50:10.000,2.4
2026-03-29 06:50:10.000,1.2
2026-03-29 06:50:12.000,1.2
2026-03-29 06:50:12.000,2.4
2026-03-29 06:50:30.000,2.4
2026-03-29 06:50:30.000,1.2
2026-03-29 06:50:48.000,1.2
2026-03-29 06:50:48.000,2.4
2026-03-29 06:51:04.000,2.4
2026-03-29 06:51:04.000,1.2
2026-03-29 06:51:12.000,1.2
2026-03-29 06:51:12.000,2.4
2026-03-29 06:51:22.000,2.4
2026-03-29 06:51:22.000,1.2
2026-03-29 06:51:46.000,1.2
2026-03-29 06:51:46.000,2.4
2026-03-29 06:51:50.000,2.4
2026-03-29 06:51:50.000,1.2
2026-03-29 06:51:52.000,1.2
2026-03-29 06:51:52.000,2.4
2026-03-29 06:51:54.000,2.4
2026-03-29 06:51:54.000,1.2
2026-03-29 06:52:00.000,1.2
2026-03-29 06:52:00.000,2.4
2026-03-29 06:52:02.000,2.4
2026-03-29 06:52:02.000,1.2
2026-03-29 06:52:06.000,1.2
2026-03-29 06:52:06.000,2.4
2026-03-29 06:52:08.000,2.4
2026-03-29 06:52:08.000,1.2
2026-03-29 06:52:24.000,1.2
2026-03-29 06:52:24.000,2.4
2026-03-29 06:52:40.000,2.4
2026-03-29 06:52:40.000,1.2
2026-03-29 06:52:48.000,1.2
2026-03-29 06:52:48.000,2.4
2026-03-29 06:52:50.000,2.4
2026-03-29 06:52:50.000,1.2
2026-03-29 06:53:24.000,1.2
2026-03-29 06:53:24.000,2.4
2026-03-29 06:53:38.000,2.4
2026-03-29 06:53:38.000,1.2
2026-03-29 06:53:42.000,1.2
2026-03-29 06:53:42.000,2.4
2026-03-29 06:53:46.000,2.4
2026-03-29 06:53:46.000,1.2
2026-03-29 06:53:52.000,1.2
2026-03-29 06:53:52.000,2.4
2026-03-29 06:53:56.000,2.4
2026-03-29 06:53:56.000,1.2
2026-03-29 06:54:04.000,1.2
2026-03-29 06:54:04.000,2.4
2026-03-29 06:54:06.000,2.4
2026-03-29 06:54:06.000,1.2
2026-03-29 06:54:08.000,1.2
2026-03-29 06:54:08.000,2.4
2026-03-29 06:54:10.000,2.4
2026-03-29 06:54:10.000,1.2
2026-03-29 06:54:12.000,1.2
2026-03-29 06:54:12.000,2.4
2026-03-29 06:54:38.000,2.4
2026-03-29 06:54:38.000,1.2
2026-03-29 06:54:48.000,1.2
2026-03-29 06:54:48.000,2.4
2026-03-29 06:55:14.000,2.4
2026-03-29 06:55:14.000,1.2
2026-03-29 06:55:36.000,1.2
2026-03-29 06:55:36.000,2.4
2026-03-29 06:56:04.000,2.4
2026-03-29 06:56:04.000,1.2
2026-03-29 06:56:10.000,1.2
2026-03-29 06:56:10.000,2.4
2026-03-29 06:56:18.000,2.4
2026-03-29 06:56:18.000,1.2
2026-03-29 06:56:28.000,1.2
2026-03-29 06:56:28.000,2.4
2026-03-29 06:56:32.000,2.4
2026-03-29 06:56:32.000,1.2
2026-03-29 06:56:50.000,1.2
2026-03-29 06:56:50.000,2.4
2026-03-29 06:56:54.000,2.4
2026-03-29 06:56:54.000,1.2
2026-03-29 06:57:04.000,1.2
2026-03-29 06:57:04.000,2.4
2026-03-29 06:57:18.000,2.4
2026-03-29 06:57:18.000,1.2
2026-03-29 06:57:30.000,1.2
2026-03-29 06:57:30.000,2.4
2026-03-29 06:57:56.000,2.4
2026-03-29 06:57:56.000,1.2
2026-03-29 06:58:06.000,1.2
2026-03-29 06:58:06.000,2.4
2026-03-29 06:58:14.000,2.4
2026-03-29 06:58:14.000,1.2
2026-03-29 06:58:16.000,1.2
2026-03-29 06:58:16.000,2.4
2026-03-29 06:58:20.000,2.4
2026-03-29 06:58:20.000,1.2
2026-03-29 06:58:28.000,1.2
2026-03-29 06:58:28.000,2.4
2026-03-29 06:58:46.000,2.4
2026-03-29 06:58:46.000,1.2
2026-03-29 06:59:00.000,1.2
2026-03-29 06:59:00.000,2.4
2026-03-29 06:59:16.000,2.4
2026-03-29 06:59:16.000,1.2
2026-03-29 06:59:32.000,1.2
2026-03-29 06:59:32.000,2.4
2026-03-29 06:59:40.000,2.4
2026-03-29 06:59:40.000,1.2
2026-03-29 06:59:42.000,1.2
2026-03-29 06:59:42.000,2.4
2026-03-29 06:59:44.000,2.4
2026-03-29 06:59:44.000,1.2
2026-03-29 06:59:52.000,1.2
2026-03-29 06:59:52.000,2.4
2026-03-29 06:59:58.000,2.4
2026-03-29 06:59:58.000,1.2
2026-03-29 07:00:02.000,1.2
2026-03-29 07:00:02.000,2.4
2026-03-29 07:00:18.000,2.4
2026-03-29 07:00:18.000,1.2
2026-03-29 07:00:50.000,1.2
2026-03-29 07:00:50.000,2.4
2026-03-29 07:00:56.000,2.4
2026-03-29 07:00:56.000,3.6
2026-03-29 07:00:58.000,3.6
2026-03-29 07:00:58.000,4.8
2026-03-29 07:01:02.000,4.8
2026-03-29 07:01:02.000,6
2026-03-29 07:01:04.000,6
2026-03-29 07:01:04.000,7.2
2026-03-29 07:01:06.000,7.2
2026-03-29 07:01:06.000,8.4
2026-03-29 07:01:10.000,8.4
2026-03-29 07:01:10.000,9.6
2026-03-29 07:01:16.000,9.6
2026-03-29 07:01:16.000,10.8
2026-03-29 07:01:22.000,10.8
2026-03-29 07:01:22.000,12
2026-03-29 07:01:40.000,12
2026-03-29 07:01:40.000,10.8
2026-03-29 07:01:42.000,10.8
2026-03-29 07:01:42.000,12
2026-03-29 07:01:52.000,12
2026-03-29 07:01:52.000,10.8
2026-03-29 07:02:22.000,10.8
2026-03-29 07:02:22.000,9.6
2026-03-29 07:02:26.000,9.6
2026-03-29 07:02:26.000,8.4
2026-03-29 07:02:28.000,8.4
2026-03-29 07:02:28.000,9.6
2026-03-29 07:02:34.000,9.6
2026-03-29 07:02:34.000,10.8
2026-03-29 07:02:42.000,10.8
2026-03-29 07:02:42.000,12
2026-03-29 07:03:00.000,12
2026-03-29 07:03:00.000,13.2
2026-03-29 07:03:02.000,13.2
2026-03-29 07:03:02.000,12
2026-03-29 07:03:14.000,12
2026-03-29 07:03:14.000,10.8
2026-03-29 07:03:16.000,10.8
2026-03-29 07:03:16.000,8.4
2026-03-29 07:03:18.000,8.4
2026-03-29 07:03:18.000,0
2026-03-29 07:03:20.000,0
2026-03-29 07:03:20.000,6
2026-03-29 07:03:22.000,6
2026-03-29 07:03:22.000,4.8
2026-03-29 07:03:26.000,4.8
2026-03-29 07:03:26.000,3.6
2026-03-29 07:03:30.000,3.6
2026-03-29 07:03:30.000,2.4
2026-03-29 07:03:32.000,2.4
2026-03-29 07:03:32.000,1.2
2026-03-29 07:03:54.000,1.2
2026-03-29 07:03:54.000,2.4
2026-03-29 07:03:58.000,2.4
2026-03-29 07:03:58.000,3.6
2026-03-29 07:04:02.000,3.6
2026-03-29 07:04:02.000,4.8
2026-03-29 07:04:08.000,4.8
2026-03-29 07:04:08.000,6
2026-03-29 07:04:14.000,6
2026-03-29 07:04:14.000,7.2
2026-03-29 07:04:52.000,7.2
2026-03-29 07:04:52.000,6
2026-03-29 07:04:56.000,6
2026-03-29 07:04:56.000,4.8
2026-03-29 07:04:58.000,4.8
2026-03-29 07:04:58.000,3.6
2026-03-29 07:05:00.000,3.6
2026-03-29 07:05:00.000,0
2026-03-29 07:05:04.000,0
2026-03-29 07:05:04.000,2.4
2026-03-29 07:05:08.000,2.4
2026-03-29 07:05:08.000,1.2
2026-03-29 07:05:20.000,1.2
2026-03-29 07:05:20.000,2.4
2026-03-29 07:05:22.000,2.4
2026-03-29 07:05:22.000,1.2
2026-03-29 07:05:24.000,1.2
2026-03-29 07:05:24.000,2.4
2026-03-29 07:05:30.000,2.4
2026-03-29 07:05:30.000,3.6
2026-03-29 07:05:32.000,3.6
2026-03-29 07:05:32.000,7.2
2026-03-29 07:05:34.000,7.2
2026-03-29 07:05:34.000,9.6
2026-03-29 07:05:36.000,9.6
2026-03-29 07:05:36.000,14.4
2026-03-29 07:05:40.000,14.4
2026-03-29 07:05:40.000,16.8
2026-03-29 07:05:42.000,16.8
2026-03-29 07:05:42.000,18
2026-03-29 07:05:48.000,18
2026-03-29 07:05:48.000,19.2
2026-03-29 07:06:02.000,19.2
2026-03-29 07:06:02.000,20.4
2026-03-29 07:06:04.000,20.4
2026-03-29 07:06:04.000,19.2
2026-03-29 07:06:16.000,19.2
2026-03-29 07:06:16.000,20.4
2026-03-29 07:06:20.000,20.4
2026-03-29 07:06:20.000,19.2
2026-03-29 07:06:24.000,19.2
2026-03-29 07:06:24.000,20.4
2026-03-29 07:06:30.000,20.4
2026-03-29 07:06:30.000,19.2
2026-03-29 07:06:44.000,19.2
2026-03-29 07:06:44.000,20.4
2026-03-29 07:06:52.000,20.4
2026-03-29 07:06:52.000,19.2
2026-03-29 07:06:54.000,19.2
2026-03-29 07:06:54.000,18
2026-03-29 07:06:58.000,18
2026-03-29 07:06:58.000,20.4
2026-03-29 07:07:02.000,20.4
2026-03-29 07:07:02.000,21.6
2026-03-29 07:07:08.000,21.6
2026-03-29 07:07:08.000,22.8
2026-03-29 07:07:24.000,22.8
2026-03-29 07:07:24.000,21.6
2026-03-29 07:07:32.000,21.6
2026-03-29 07:07:32.000,19.2
2026-03-29 07:07:34.000,19.2
2026-03-29 07:07:34.000,15.6
2026-03-29 07:07:36.000,15.6
2026-03-29 07:07:36.000,14.4
2026-03-29 07:07:38.000,14.4
2026-03-29 07:07:38.000,12
2026-03-29 07:07:40.000,12
2026-03-29 07:07:40.000,10.8
2026-03-29 07:07:44.000,10.8
2026-03-29 07:07:44.000,9.6
2026-03-29 07:07:50.000,9.6
2026-03-29 07:07:50.000,10.8
2026-03-29 07:07:52.000,10.8
2026-03-29 07:07:52.000,9.6
2026-03-29 07:08:10.000,9.6
2026-03-29 07:08:10.000,10.8
2026-03-29 07:08:22.000,10.8
2026-03-29 07:08:22.000,12
2026-03-29 07:08:54.000,12
2026-03-29 07:08:54.000,10.8
2026-03-29 07:08:56.000,10.8
2026-03-29 07:08:56.000,8.4
2026-03-29 07:08:58.000,8.4
2026-03-29 07:08:58.000,12
2026-03-29 07:09:00.000,12
2026-03-29 07:09:00.000,9.6
2026-03-29 07:09:02.000,9.6
2026-03-29 07:09:02.000,10.8
2026-03-29 07:09:04.000,10.8
2026-03-29 07:09:04.000,9.6
2026-03-29 07:09:06.000,9.6
2026-03-29 07:09:06.000,10.8
2026-03-29 07:09:16.000,10.8
2026-03-29 07:09:16.000,7.2
2026-03-29 07:09:18.000,7.2
2026-03-29 07:09:18.000,3.6
2026-03-29 07:09:20.000,3.6
2026-03-29 07:09:20.000,2.4
2026-03-29 07:09:22.000,2.4
2026-03-29 07:09:22.000,4.8
2026-03-29 07:09:24.000,4.8
2026-03-29 07:09:24.000,2.4
2026-03-29 07:10:08.000,2.4
2026-03-29 07:10:08.000,1.2
2026-03-29 07:10:10.000,1.2
2026-03-29 07:10:10.000,2.4
2026-03-29 07:10:16.000,2.4
2026-03-29 07:10:16.000,1.2
2026-03-29 07:10:24.000,1.2
2026-03-29 07:10:24.000,2.4
2026-03-29 07:10:58.000,2.4
2026-03-29 07:10:58.000,3.6
2026-03-29 07:11:02.000,3.6
2026-03-29 07:11:02.000,4.8
2026-03-29 07:11:04.000,4.8
2026-03-29 07:11:04.000,3.6
2026-03-29 07:11:12.000,3.6
2026-03-29 07:11:12.000,2.4
2026-03-29 07:11:16.000,2.4
2026-03-29 07:11:16.000,1.2
2026-03-29 07:11:44.000,1.2
2026-03-29 07:11:44.000,2.4
2026-03-29 07:11:46.000,2.4
2026-03-29 07:11:46.000,3.6
2026-03-29 07:11:48.000,3.6
2026-03-29 07:11:48.000,4.8
2026-03-29 07:11:50.000,4.8
2026-03-29 07:11:50.000,6
2026-03-29 07:11:52.000,6
2026-03-29 07:11:52.000,8.4
2026-03-29 07:11:56.000,8.4
2026-03-29 07:11:56.000,9.6
2026-03-29 07:12:00.000,9.6
2026-03-29 07:12:00.000,10.8
2026-03-29 07:12:16.000,10.8
2026-03-29 07:12:16.000,12
2026-03-29 07:12:34.000,12
2026-03-29 07:12:34.000,10.8
2026-03-29 07:12:36.000,10.8
2026-03-29 07:12:36.000,9.6
2026-03-29 07:12:38.000,9.6
2026-03-29 07:12:38.000,8.4
2026-03-29 07:12:40.000,8.4
2026-03-29 07:12:40.000,7.2
2026-03-29 07:12:44.000,7.2
2026-03-29 07:12:44.000,6
2026-03-29 07:12:52.000,6
2026-03-29 07:12:52.000,7.2
2026-03-29 07:13:08.000,7.2
2026-03-29 07:13:08.000,8.4
2026-03-29 07:13:30.000,8.4
2026-03-29 07:13:30.000,7.2
2026-03-29 07:13:32.000,7.2
2026-03-29 07:13:32.000,8.4
2026-03-29 07:13:40.000,8.4
2026-03-29 07:13:40.000,9.6
2026-03-29 07:14:00.000,9.6
2026-03-29 07:14:00.000,10.8
2026-03-29 07:14:12.000,10.8
2026-03-29 07:14:12.000,9.6
2026-03-29 07:14:20.000,9.6
2026-03-29 07:14:20.000,10.8
2026-03-29 07:14:40.000,10.8
2026-03-29 07:14:40.000,9.6
2026-03-29 07:15:02.000,9.6
2026-03-29 07:15:02.000,10.8
2026-03-29 07:15:22.000,10.8
2026-03-29 07:15:22.000,9.6
2026-03-29 07:15:42.000,9.6
2026-03-29 07:15:42.000,7.2
2026-03-29 07:15:44.000,7.2
2026-03-29 07:15:44.000,3.6
2026-03-29 07:15:48.000,3.6
2026-03-29 07:15:48.000,2.4
2026-03-29 07:15:52.000,2.4
2026-03-29 07:15:52.000,1.2
2026-03-29 07:16:02.000,1.2
2026-03-29 07:16:02.000,2.4
2026-03-29 07:16:04.000,2.4
2026-03-29 07:16:04.000,6
2026-03-29 07:16:06.000,6
2026-03-29 07:16:06.000,9.6
2026-03-29 07:16:10.000,9.6
2026-03-29 07:16:10.000,13.2
2026-03-29 07:16:14.000,13.2
2026-03-29 07:16:14.000,14.4
2026-03-29 07:16:18.000,14.4
2026-03-29 07:16:18.000,15.6
2026-03-29 07:16:24.000,15.6
2026-03-29 07:16:24.000,16.8
2026-03-29 07:16:34.000,16.8
2026-03-29 07:16:34.000,15.6
2026-03-29 07:17:00.000,15.6
2026-03-29 07:17:00.000,16.8
2026-03-29 07:17:02.000,16.8
2026-03-29 07:17:02.000,15.6
2026-03-29 07:17:04.000,15.6
2026-03-29 07:17:04.000,16.8
2026-03-29 07:17:06.000,16.8
2026-03-29 07:17:06.000,15.6
2026-03-29 07:17:34.000,15.6
2026-03-29 07:17:34.000,14.4
2026-03-29 07:17:40.000,14.4
2026-03-29 07:17:40.000,15.6
2026-03-29 07:18:12.000,15.6
2026-03-29 07:18:12.000,14.4
2026-03-29 07:18:16.000,14.4
2026-03-29 07:18:16.000,13.2
2026-03-29 07:18:28.000,13.2
2026-03-29 07:18:28.000,14.4
2026-03-29 07:18:32.000,14.4
2026-03-29 07:18:32.000,13.2
2026-03-29 07:18:34.000,13.2
2026-03-29 07:18:34.000,14.4
2026-03-29 07:18:44.000,14.4
2026-03-29 07:18:44.000,15.6
2026-03-29 07:18:48.000,15.6
2026-03-29 07:18:48.000,14.4
2026-03-29 07:18:50.000,14.4
2026-03-29 07:18:50.000,15.6
2026-03-29 07:18:58.000,15.6
2026-03-29 07:18:58.000,14.4
2026-03-29 07:19:08.000,14.4
2026-03-29 07:19:08.000,15.6
2026-03-29 07:19:10.000,15.6
2026-03-29 07:19:10.000,14.4
2026-03-29 07:19:14.000,14.4
2026-03-29 07:19:14.000,15.6
2026-03-29 07:19:16.000,15.6
2026-03-29 07:19:16.000,13.2
2026-03-29 07:19:18.000,13.2
2026-03-29 07:19:18.000,0
2026-03-29 07:19:20.000,0
2026-03-29 07:19:20.000,6
2026-03-29 07:19:22.000,6
2026-03-29 07:19:22.000,0
2026-03-29 07:19:28.000,0
2026-03-29 07:19:28.000,1.2
2026-03-29 07:19:30.000,1.2
2026-03-29 07:19:30.000,0
2026-03-29 07:19:32.000,0
2026-03-29 07:19:32.000,1.2
2026-03-29 07:19:34.000,1.2
2026-03-29 07:19:34.000,2.4
2026-03-29 07:19:38.000,2.4
2026-03-29 07:19:38.000,4.8
2026-03-29 07:19:40.000,4.8
2026-03-29 07:19:40.000,3.6
2026-03-29 07:19:44.000,3.6
2026-03-29 07:19:44.000,2.4
2026-03-29 07:20:02.000,2.4
2026-03-29 07:20:02.000,1.2
2026-03-29 07:20:18.000,1.2
2026-03-29 07:20:18.000,2.4
2026-03-29 07:21:08.000,2.4
2026-03-29 07:21:08.000,1.2
2026-03-29 07:21:10.000,1.2
2026-03-29 07:21:10.000,2.4
2026-03-29 07:21:48.000,2.4
2026-03-29 07:21:48.000,1.2
2026-03-29 07:21:52.000,1.2
2026-03-29 07:21:52.000,2.4
2026-03-29 07:21:54.000,2.4
2026-03-29 07:21:54.000,1.2
2026-03-29 07:22:12.000,1.2
2026-03-29 07:22:12.000,2.4
2026-03-29 07:24:00.000,2.4
2026-03-29 07:24:00.000,1.2
2026-03-29 07:24:06.000,1.2
2026-03-29 07:24:06.000,2.4
2026-03-29 07:24:12.000,2.4
2026-03-29 07:24:12.000,3.6
2026-03-29 07:24:16.000,3.6
2026-03-29 07:24:16.000,2.4
2026-03-29 07:24:40.000,2.4
2026-03-29 07:24:40.000,1.2
2026-03-29 07:25:02.000,1.2
2026-03-29 07:25:02.000,2.4
2026-03-29 07:25:12.000,2.4
2026-03-29 07:25:12.000,3.6
2026-03-29 07:25:18.000,3.6
2026-03-29 07:25:18.000,2.4
2026-03-29 07:25:20.000,2.4
2026-03-29 07:25:20.000,3.6
2026-03-29 07:25:26.000,3.6
2026-03-29 07:25:26.000,4.8
2026-03-29 07:25:30.000,4.8
2026-03-29 07:25:30.000,6
2026-03-29 07:25:36.000,6
2026-03-29 07:25:36.000,7.2
2026-03-29 07:25:44.000,7.2
2026-03-29 07:25:44.000,8.4
2026-03-29 07:25:52.000,8.4
2026-03-29 07:25:52.000,9.6
2026-03-29 07:26:04.000,9.6
2026-03-29 07:26:04.000,10.8
2026-03-29 07:26:12.000,10.8
2026-03-29 07:26:12.000,12
2026-03-29 07:26:20.000,12
2026-03-29 07:26:20.000,10.8
2026-03-29 07:26:26.000,10.8
2026-03-29 07:26:26.000,12
2026-03-29 07:26:36.000,12
2026-03-29 07:26:36.000,13.2
2026-03-29 07:26:48.000,13.2
2026-03-29 07:26:48.000,14.4
2026-03-29 07:27:18.000,14.4
2026-03-29 07:27:18.000,15.6
2026-03-29 07:27:30.000,15.6
2026-03-29 07:27:30.000,16.8
2026-03-29 07:27:56.000,16.8
2026-03-29 07:27:56.000,13.2
2026-03-29 07:27:58.000,13.2
2026-03-29 07:27:58.000,9.6
2026-03-29 07:28:00.000,9.6
2026-03-29 07:28:00.000,7.2
2026-03-29 07:28:04.000,7.2
2026-03-29 07:28:04.000,3.6
2026-03-29 07:28:06.000,3.6
2026-03-29 07:28:06.000,9.6
2026-03-29 07:28:08.000,9.6
2026-03-29 07:28:08.000,7.2
2026-03-29 07:28:10.000,7.2
2026-03-29 07:28:10.000,9.6
2026-03-29 07:28:12.000,9.6
2026-03-29 07:28:12.000,7.2
2026-03-29 07:28:16.000,7.2
2026-03-29 07:28:16.000,3.6
2026-03-29 07:28:18.000,3.6
2026-03-29 07:28:18.000,4.8
2026-03-29 07:28:20.000,4.8
2026-03-29 07:28:20.000,3.6
2026-03-29 07:28:22.000,3.6
2026-03-29 07:28:22.000,4.8
2026-03-29 07:29:34.000,4.8
2026-03-29 07:29:34.000,6
2026-03-29 07:29:38.000,6
2026-03-29 07:29:38.000,7.2
2026-03-29 07:29:44.000,7.2
2026-03-29 07:29:44.000,8.4
2026-03-29 07:29:50.000,8.4
2026-03-29 07:29:50.000,9.6
2026-03-29 07:30:02.000,9.6
2026-03-29 07:30:02.000,10.8
2026-03-29 07:30:10.000,10.8
2026-03-29 07:30:10.000,12
2026-03-29 07:30:14.000,12
2026-03-29 07:30:14.000,13.2
2026-03-29 07:30:22.000,13.2
2026-03-29 07:30:22.000,14.4
2026-03-29 07:30:30.000,14.4
2026-03-29 07:30:30.000,15.6
2026-03-29 07:30:36.000,15.6
2026-03-29 07:30:36.000,14.4
2026-03-29 07:30:40.000,14.4
2026-03-29 07:30:40.000,15.6
2026-03-29 07:30:48.000,15.6
2026-03-29 07:30:48.000,16.8
2026-03-29 07:30:50.000,16.8
2026-03-29 07:30:50.000,18
2026-03-29 07:30:52.000,18
2026-03-29 07:30:52.000,19.2
2026-03-29 07:30:56.000,19.2
2026-03-29 07:30:56.000,20.4
2026-03-29 07:30:58.000,20.4
2026-03-29 07:30:58.000,21.6
2026-03-29 07:31:12.000,21.6
2026-03-29 07:31:12.000,22.8
2026-03-29 07:31:44.000,22.8
2026-03-29 07:31:44.000,24
2026-03-29 07:31:56.000,24
2026-03-29 07:31:56.000,22.8
2026-03-29 07:32:48.000,22.8
2026-03-29 07:32:48.000,24
2026-03-29 07:32:54.000,24
2026-03-29 07:32:54.000,22.8
2026-03-29 07:32:56.000,22.8
2026-03-29 07:32:56.000,20.4
2026-03-29 07:33:00.000,20.4
2026-03-29 07:33:00.000,19.2
2026-03-29 07:33:06.000,19.2
2026-03-29 07:33:06.000,18
2026-03-29 07:33:38.000,18
2026-03-29 07:33:38.000,16.8
2026-03-29 07:33:40.000,16.8
2026-03-29 07:33:40.000,18
2026-03-29 07:33:42.000,18
2026-03-29 07:33:42.000,15.6
2026-03-29 07:33:46.000,15.6
2026-03-29 07:33:46.000,14.4
2026-03-29 07:33:48.000,14.4
2026-03-29 07:33:48.000,15.6
2026-03-29 07:34:00.000,15.6
2026-03-29 07:34:00.000,16.8
2026-03-29 07:34:18.000,16.8
2026-03-29 07:34:18.000,18
2026-03-29 07:34:20.000,18
2026-03-29 07:34:20.000,16.8
2026-03-29 07:34:46.000,16.8
2026-03-29 07:34:46.000,18
2026-03-29 07:34:54.000,18
2026-03-29 07:34:54.000,16.8
2026-03-29 07:34:58.000,16.8
2026-03-29 07:34:58.000,18
2026-03-29 07:35:32.000,18
2026-03-29 07:35:32.000,16.8
2026-03-29 07:35:54.000,16.8
2026-03-29 07:35:54.000,18
2026-03-29 07:36:28.000,18
2026-03-29 07:36:28.000,15.6
2026-03-29 07:36:30.000,15.6
2026-03-29 07:36:30.000,13.2
2026-03-29 07:36:32.000,13.2
2026-03-29 07:36:32.000,10.8
2026-03-29 07:36:34.000,10.8
2026-03-29 07:36:34.000,9.6
2026-03-29 07:36:36.000,9.6
2026-03-29 07:36:36.000,8.4
2026-03-29 07:36:38.000,8.4
2026-03-29 07:36:38.000,10.8
2026-03-29 07:36:46.000,10.8
2026-03-29 07:36:46.000,9.6
2026-03-29 07:36:48.000,9.6
2026-03-29 07:36:48.000,8.4
2026-03-29 07:36:50.000,8.4
2026-03-29 07:36:50.000,7.2
2026-03-29 07:36:52.000,7.2
2026-03-29 07:36:52.000,8.4
2026-03-29 07:36:58.000,8.4
2026-03-29 07:36:58.000,7.2
2026-03-29 07:37:00.000,7.2
2026-03-29 07:37:00.000,3.6
2026-03-29 07:37:02.000,3.6
2026-03-29 07:37:02.000,1.2
2026-03-29 07:37:04.000,1.2
2026-03-29 07:37:04.000,3.6
2026-03-29 07:37:06.000,3.6
2026-03-29 07:37:06.000,1.2
2026-03-29 07:37:32.000,1.2
2026-03-29 07:37:32.000,2.4
2026-03-29 07:37:34.000,2.4
2026-03-29 07:37:34.000,1.2
2026-03-29 07:38:14.000,1.2
2026-03-29 07:38:14.000,2.4
2026-03-29 07:38:16.000,2.4
2026-03-29 07:38:16.000,3.6
2026-03-29 07:38:18.000,3.6
2026-03-29 07:38:18.000,2.4
2026-03-29 07:38:20.000,2.4
2026-03-29 07:38:20.000,3.6
2026-03-29 07:38:26.000,3.6
2026-03-29 07:38:26.000,2.4
2026-03-29 07:38:28.000,2.4
2026-03-29 07:38:28.000,1.2
2026-03-29 07:38:30.000,1.2
2026-03-29 07:38:30.000,3.6
2026-03-29 07:38:34.000,3.6
2026-03-29 07:38:34.000,6
2026-03-29 07:38:36.000,6
2026-03-29 07:38:36.000,4.8
2026-03-29 07:38:38.000,4.8
2026-03-29 07:38:38.000,6
2026-03-29 07:38:40.000,6
2026-03-29 07:38:40.000,4.8
2026-03-29 07:38:42.000,4.8
2026-03-29 07:38:42.000,6
2026-03-29 07:38:44.000,6
2026-03-29 07:38:44.000,4.8
2026-03-29 07:38:46.000,4.8
2026-03-29 07:38:46.000,3.6
2026-03-29 07:38:48.000,3.6
2026-03-29 07:38:48.000,1.2
2026-03-29 07:38:50.000,1.2
2026-03-29 07:38:50.000,2.4
2026-03-29 07:38:52.000,2.4
2026-03-29 07:38:52.000,1.2
2026-03-29 07:38:56.000,1.2
2026-03-29 07:38:56.000,2.4
2026-03-29 07:38:58.000,2.4
2026-03-29 07:38:58.000,1.2
2026-03-29 07:39:00.000,1.2
2026-03-29 07:39:00.000,2.4
2026-03-29 07:39:08.000,2.4
2026-03-29 07:39:08.000,4.8
2026-03-29 07:39:10.000,4.8
2026-03-29 07:39:10.000,3.6
2026-03-29 07:39:14.000,3.6
2026-03-29 07:39:14.000,1.2
2026-03-29 07:39:16.000,1.2
2026-03-29 07:39:16.000,0
2026-03-29 07:39:18.000,0
2026-03-29 07:39:18.000,1.2
2026-03-29 07:39:20.000,1.2
2026-03-29 07:39:20.000,2.4
2026-03-29 07:39:22.000,2.4
2026-03-29 07:39:22.000,1.2
2026-03-29 07:39:40.000,1.2
2026-03-29 07:39:40.000,6
2026-03-29 07:39:42.000,6
2026-03-29 07:39:42.000,3.6
2026-03-29 07:39:44.000,3.6
2026-03-29 07:39:44.000,4.8
2026-03-29 07:39:46.000,4.8
2026-03-29 07:39:46.000,2.4
2026-03-29 07:39:48.000,2.4
2026-03-29 07:39:48.000,3.6
2026-03-29 07:39:50.000,3.6
2026-03-29 07:39:50.000,1.2
2026-03-29 07:40:06.000,1.2
2026-03-29 07:40:06.000,2.4
2026-03-29 07:40:34.000,2.4
2026-03-29 07:40:34.000,1.2
2026-03-29 07:40:44.000,1.2
2026-03-29 07:40:44.000,2.4
2026-03-29 07:40:50.000,2.4
2026-03-29 07:40:50.000,3.6
2026-03-29 07:41:04.000,3.6
2026-03-29 07:41:04.000,2.4
2026-03-29 07:41:08.000,2.4
2026-03-29 07:41:08.000,1.2
2026-03-29 07:41:28.000,1.2
2026-03-29 07:41:28.000,2.4
2026-03-29 07:41:30.000,2.4
2026-03-29 07:41:30.000,3.6
2026-03-29 07:41:40.000,3.6
2026-03-29 07:41:40.000,2.4
2026-03-29 07:41:42.000,2.4
2026-03-29 07:41:42.000,1.2
2026-03-29 07:41:48.000,1.2
2026-03-29 07:41:48.000,2.4
2026-03-29 07:41:58.000,2.4
2026-03-29 07:41:58.000,3.6
2026-03-29 07:42:00.000,3.6
2026-03-29 07:42:00.000,2.4
2026-03-29 07:42:02.000,2.4
2026-03-29 07:42:02.000,3.6
2026-03-29 07:42:06.000,3.6
2026-03-29 07:42:06.000,2.4
2026-03-29 07:42:10.000,2.4
2026-03-29 07:42:10.000,1.2
2026-03-29 07:42:28.000,1.2
2026-03-29 07:42:28.000,2.4
2026-03-29 07:42:42.000,2.4
2026-03-29 07:42:42.000,1.2
2026-03-29 07:43:04.000,1.2
2026-03-29 07:43:04.000,2.4
2026-03-29 07:43:06.000,2.4
2026-03-29 07:43:06.000,1.2
2026-03-29 07:43:08.000,1.2
2026-03-29 07:43:08.000,2.4
2026-03-29 07:43:22.000,2.4
2026-03-29 07:43:22.000,1.2
2026-03-29 07:43:50.000,1.2
2026-03-29 07:43:50.000,2.4
2026-03-29 07:43:56.000,2.4
2026-03-29 07:43:56.000,3.6
2026-03-29 07:44:00.000,3.6
2026-03-29 07:44:00.000,2.4
2026-03-29 07:44:06.000,2.4
2026-03-29 07:44:06.000,1.2
2026-03-29 07:44:28.000,1.2
2026-03-29 07:44:28.000,2.4
2026-03-29 07:44:46.000,2.4
2026-03-29 07:44:46.000,1.2
2026-03-29 07:45:08.000,1.2
2026-03-29 07:45:08.000,2.4
2026-03-29 07:45:28.000,2.4
2026-03-29 07:45:28.000,1.2
2026-03-29 07:45:48.000,1.2
2026-03-29 07:45:48.000,2.4
2026-03-29 07:46:06.000,2.4
2026-03-29 07:46:06.000,1.2
2026-03-29 07:46:22.000,1.2
2026-03-29 07:46:22.000,2.4
2026-03-29 07:46:38.000,2.4
2026-03-29 07:46:38.000,1.2
2026-03-29 07:46:46.000,1.2
2026-03-29 07:46:46.000,2.4
2026-03-29 07:46:56.000,2.4
2026-03-29 07:46:56.000,1.2
2026-03-29 07:47:18.000,1.2
2026-03-29 07:47:18.000,2.4
2026-03-29 07:47:34.000,2.4
2026-03-29 07:47:34.000,1.2
2026-03-29 07:48:00.000,1.2
2026-03-29 07:48:00.000,2.4
2026-03-29 07:48:16.000,2.4
2026-03-29 07:48:16.000,1.2
2026-03-29 07:48:32.000,1.2
2026-03-29 07:48:32.000,2.4
2026-03-29 07:48:34.000,2.4
2026-03-29 07:48:34.000,1.2
2026-03-29 07:48:36.000,1.2
2026-03-29 07:48:36.000,2.4
2026-03-29 07:48:52.000,2.4
2026-03-29 07:48:52.000,1.2
2026-03-29 07:48:56.000,1.2
2026-03-29 07:48:56.000,2.4
2026-03-29 07:49:10.000,2.4
2026-03-29 07:49:10.000,1.2
2026-03-29 07:49:24.000,1.2
2026-03-29 07:49:24.000,2.4
2026-03-29 07:50:00.000,2.4
2026-03-29 07:50:00.000,1.2
2026-03-29 07:50:10.000,1.2
2026-03-29 07:50:10.000,2.4
2026-03-29 07:50:14.000,2.4
2026-03-29 07:50:14.000,1.2
2026-03-29 07:50:16.000,1.2
2026-03-29 07:50:16.000,2.4
2026-03-29 07:50:50.000,2.4
2026-03-29 07:50:50.000,1.2
2026-03-29 07:51:00.000,1.2
2026-03-29 07:51:00.000,2.4
2026-03-29 07:51:02.000,2.4
2026-03-29 07:51:02.000,1.2
2026-03-29 07:51:04.000,1.2
2026-03-29 07:51:04.000,2.4
2026-03-29 07:51:24.000,2.4
2026-03-29 07:51:24.000,1.2
2026-03-29 07:51:42.000,1.2
2026-03-29 07:51:42.000,2.4
2026-03-29 07:52:14.000,2.4
2026-03-29 07:52:14.000,1.2
2026-03-29 07:52:16.000,1.2
2026-03-29 07:52:16.000,2.4
2026-03-29 07:52:56.000,2.4
