Timestamp_ET,LeakRate_Lpm
2026-03-12 23:41:34.000,0
2026-03-12 23:41:36.000,0
2026-03-12 23:41:36.000,12
2026-03-12 23:41:38.000,12
2026-03-12 23:41:38.000,10.8
2026-03-12 23:41:40.000,10.8
2026-03-12 23:41:40.000,9.6
2026-03-12 23:41:42.000,9.6
2026-03-12 23:41:42.000,10.8
2026-03-12 23:41:44.000,10.8
2026-03-12 23:41:44.000,9.6
2026-03-12 23:41:50.000,9.6
2026-03-12 23:41:50.000,10.8
2026-03-12 23:42:06.000,10.8
2026-03-12 23:42:06.000,9.6
2026-03-12 23:42:12.000,9.6
2026-03-12 23:42:12.000,10.8
2026-03-12 23:42:16.000,10.8
2026-03-12 23:42:16.000,9.6
2026-03-12 23:42:32.000,9.6
2026-03-12 23:42:32.000,10.8
2026-03-12 23:42:46.000,10.8
2026-03-12 23:42:46.000,9.6
2026-03-12 23:43:12.000,9.6
2026-03-12 23:43:12.000,10.8
2026-03-12 23:43:16.000,10.8
2026-03-12 23:43:16.000,9.6
2026-03-12 23:43:34.000,9.6
2026-03-12 23:43:34.000,10.8
2026-03-12 23:43:38.000,10.8
2026-03-12 23:43:38.000,9.6
2026-03-12 23:43:42.000,9.6
2026-03-12 23:43:42.000,10.8
2026-03-12 23:43:46.000,10.8
2026-03-12 23:43:46.000,9.6
2026-03-12 23:43:56.000,9.6
2026-03-12 23:43:56.000,10.8
2026-03-12 23:44:02.000,10.8
2026-03-12 23:44:02.000,9.6
2026-03-12 23:44:28.000,9.6
2026-03-12 23:44:28.000,10.8
2026-03-12 23:44:30.000,10.8
2026-03-12 23:44:30.000,9.6
2026-03-12 23:44:32.000,9.6
2026-03-12 23:44:32.000,10.8
2026-03-12 23:44:34.000,10.8
2026-03-12 23:44:34.000,12
2026-03-12 23:44:46.000,12
2026-03-12 23:44:46.000,10.8
2026-03-12 23:44:56.000,10.8
2026-03-12 23:44:56.000,12
2026-03-12 23:45:08.000,12
2026-03-12 23:45:08.000,10.8
2026-03-12 23:45:16.000,10.8
2026-03-12 23:45:16.000,9.6
2026-03-12 23:45:24.000,9.6
2026-03-12 23:45:24.000,13.2
2026-03-12 23:45:26.000,13.2
2026-03-12 23:45:26.000,12
2026-03-12 23:45:28.000,12
2026-03-12 23:45:28.000,9.6
2026-03-12 23:45:32.000,9.6
2026-03-12 23:45:32.000,7.2
2026-03-12 23:45:34.000,7.2
2026-03-12 23:45:34.000,6
2026-03-12 23:45:36.000,6
2026-03-12 23:45:36.000,7.2
2026-03-12 23:45:42.000,7.2
2026-03-12 23:45:42.000,8.4
2026-03-12 23:45:54.000,8.4
2026-03-12 23:45:54.000,9.6
2026-03-12 23:46:06.000,9.6
2026-03-12 23:46:06.000,10.8
2026-03-12 23:46:14.000,10.8
2026-03-12 23:46:14.000,9.6
2026-03-12 23:46:32.000,9.6
2026-03-12 23:46:32.000,8.4
2026-03-12 23:48:20.000,8.4
2026-03-12 23:48:20.000,7.2
2026-03-12 23:48:28.000,7.2
2026-03-12 23:48:28.000,8.4
2026-03-12 23:48:38.000,8.4
2026-03-12 23:48:38.000,9.6
2026-03-12 23:48:46.000,9.6
2026-03-12 23:48:46.000,8.4
2026-03-12 23:48:50.000,8.4
2026-03-12 23:48:50.000,7.2
2026-03-12 23:48:52.000,7.2
2026-03-12 23:48:52.000,8.4
2026-03-12 23:48:56.000,8.4
2026-03-12 23:48:56.000,9.6
2026-03-12 23:49:06.000,9.6
2026-03-12 23:49:06.000,8.4
2026-03-12 23:49:24.000,8.4
2026-03-12 23:49:24.000,9.6
2026-03-12 23:49:58.000,9.6
2026-03-12 23:49:58.000,8.4
2026-03-12 23:50:08.000,8.4
2026-03-12 23:50:08.000,9.6
2026-03-12 23:50:40.000,9.6
2026-03-12 23:50:40.000,8.4
2026-03-12 23:50:44.000,8.4
2026-03-12 23:50:44.000,9.6
2026-03-12 23:50:58.000,9.6
2026-03-12 23:50:58.000,8.4
2026-03-12 23:51:02.000,8.4
2026-03-12 23:51:02.000,9.6
2026-03-12 23:51:10.000,9.6
2026-03-12 23:51:10.000,10.8
2026-03-12 23:51:12.000,10.8
2026-03-12 23:51:12.000,12
2026-03-12 23:51:14.000,12
2026-03-12 23:51:14.000,8.4
2026-03-12 23:51:16.000,8.4
2026-03-12 23:51:16.000,9.6
2026-03-12 23:51:18.000,9.6
2026-03-12 23:51:18.000,7.2
2026-03-12 23:51:20.000,7.2
2026-03-12 23:51:20.000,8.4
2026-03-12 23:51:24.000,8.4
2026-03-12 23:51:24.000,9.6
2026-03-12 23:51:26.000,9.6
2026-03-12 23:51:26.000,10.8
2026-03-12 23:51:30.000,10.8
2026-03-12 23:51:30.000,12
2026-03-12 23:51:36.000,12
2026-03-12 23:51:36.000,10.8
2026-03-12 23:51:40.000,10.8
2026-03-12 23:51:40.000,12
2026-03-12 23:51:44.000,12
2026-03-12 23:51:44.000,10.8
2026-03-12 23:51:58.000,10.8
2026-03-12 23:51:58.000,12
2026-03-12 23:52:06.000,12
2026-03-12 23:52:06.000,10.8
2026-03-12 23:52:08.000,10.8
2026-03-12 23:52:08.000,12
2026-03-12 23:52:10.000,12
2026-03-12 23:52:10.000,10.8
2026-03-12 23:52:22.000,10.8
2026-03-12 23:52:22.000,12
2026-03-12 23:52:24.000,12
2026-03-12 23:52:24.000,10.8
2026-03-12 23:52:30.000,10.8
2026-03-12 23:52:30.000,12
2026-03-12 23:52:34.000,12
2026-03-12 23:52:34.000,10.8
2026-03-12 23:52:36.000,10.8
2026-03-12 23:52:36.000,12
2026-03-12 23:52:38.000,12
2026-03-12 23:52:38.000,13.2
2026-03-12 23:52:40.000,13.2
2026-03-12 23:52:40.000,12
2026-03-12 23:52:42.000,12
2026-03-12 23:52:42.000,10.8
2026-03-12 23:52:54.000,10.8
2026-03-12 23:52:54.000,12
2026-03-12 23:53:06.000,12
2026-03-12 23:53:06.000,10.8
2026-03-12 23:53:10.000,10.8
2026-03-12 23:53:10.000,12
2026-03-12 23:53:22.000,12
2026-03-12 23:53:22.000,13.2
2026-03-12 23:53:36.000,13.2
2026-03-12 23:53:36.000,14.4
2026-03-12 23:53:38.000,14.4
2026-03-12 23:53:38.000,13.2
2026-03-12 23:53:42.000,13.2
2026-03-12 23:53:42.000,12
2026-03-12 23:53:56.000,12
2026-03-12 23:53:56.000,13.2
2026-03-12 23:54:00.000,13.2
2026-03-12 23:54:00.000,12
2026-03-12 23:54:02.000,12
2026-03-12 23:54:02.000,13.2
2026-03-12 23:54:18.000,13.2
2026-03-12 23:54:18.000,14.4
2026-03-12 23:54:20.000,14.4
2026-03-12 23:54:20.000,16.8
2026-03-12 23:54:22.000,16.8
2026-03-12 23:54:22.000,15.6
2026-03-12 23:54:24.000,15.6
2026-03-12 23:54:24.000,12
2026-03-12 23:54:34.000,12
2026-03-12 23:54:34.000,13.2
2026-03-12 23:54:50.000,13.2
2026-03-12 23:54:50.000,12
2026-03-12 23:55:04.000,12
2026-03-12 23:55:04.000,14.4
2026-03-12 23:55:06.000,14.4
2026-03-12 23:55:06.000,9.6
2026-03-12 23:55:08.000,9.6
2026-03-12 23:55:08.000,6
2026-03-12 23:55:10.000,6
2026-03-12 23:55:10.000,7.2
2026-03-12 23:55:12.000,7.2
2026-03-12 23:55:12.000,9.6
2026-03-12 23:55:16.000,9.6
2026-03-12 23:55:16.000,10.8
2026-03-12 23:55:28.000,10.8
2026-03-12 23:55:28.000,12
2026-03-12 23:55:44.000,12
2026-03-12 23:55:44.000,13.2
2026-03-12 23:55:54.000,13.2
2026-03-12 23:55:54.000,12
2026-03-12 23:55:58.000,12
2026-03-12 23:55:58.000,13.2
2026-03-12 23:56:08.000,13.2
2026-03-12 23:56:08.000,14.4
2026-03-12 23:56:12.000,14.4
2026-03-12 23:56:12.000,13.2
2026-03-12 23:56:30.000,13.2
2026-03-12 23:56:30.000,14.4
2026-03-12 23:57:10.000,14.4
2026-03-12 23:57:10.000,13.2
2026-03-12 23:57:30.000,13.2
2026-03-12 23:57:30.000,14.4
2026-03-12 23:57:32.000,14.4
2026-03-12 23:57:32.000,13.2
2026-03-12 23:58:10.000,13.2
2026-03-12 23:58:10.000,14.4
2026-03-12 23:58:20.000,14.4
2026-03-12 23:58:20.000,13.2
2026-03-12 23:58:50.000,13.2
2026-03-12 23:58:50.000,14.4
2026-03-12 23:58:54.000,14.4
2026-03-12 23:58:54.000,13.2
2026-03-12 23:59:34.000,13.2
2026-03-12 23:59:34.000,14.4
2026-03-12 23:59:38.000,14.4
2026-03-12 23:59:38.000,13.2
2026-03-13 00:00:00.000,13.2
2026-03-13 00:00:00.000,14.4
2026-03-13 00:00:02.000,14.4
2026-03-13 00:00:02.000,13.2
2026-03-13 00:00:14.000,13.2
2026-03-13 00:00:14.000,14.4
2026-03-13 00:00:18.000,14.4
2026-03-13 00:00:18.000,13.2
2026-03-13 00:00:30.000,13.2
2026-03-13 00:00:30.000,14.4
2026-03-13 00:00:36.000,14.4
2026-03-13 00:00:36.000,13.2
2026-03-13 00:01:04.000,13.2
2026-03-13 00:01:04.000,14.4
2026-03-13 00:01:12.000,14.4
2026-03-13 00:01:12.000,13.2
2026-03-13 00:01:36.000,13.2
2026-03-13 00:01:36.000,14.4
2026-03-13 00:01:52.000,14.4
2026-03-13 00:01:52.000,13.2
2026-03-13 00:02:00.000,13.2
2026-03-13 00:02:00.000,14.4
2026-03-13 00:02:08.000,14.4
2026-03-13 00:02:08.000,13.2
2026-03-13 00:02:10.000,13.2
2026-03-13 00:02:10.000,14.4
2026-03-13 00:02:12.000,14.4
2026-03-13 00:02:12.000,13.2
2026-03-13 00:02:16.000,13.2
2026-03-13 00:02:16.000,14.4
2026-03-13 00:02:18.000,14.4
2026-03-13 00:02:18.000,13.2
2026-03-13 00:02:22.000,13.2
2026-03-13 00:02:22.000,14.4
2026-03-13 00:02:24.000,14.4
2026-03-13 00:02:24.000,13.2
2026-03-13 00:02:32.000,13.2
2026-03-13 00:02:32.000,14.4
2026-03-13 00:02:40.000,14.4
2026-03-13 00:02:40.000,13.2
2026-03-13 00:02:48.000,13.2
2026-03-13 00:02:48.000,14.4
2026-03-13 00:02:52.000,14.4
2026-03-13 00:02:52.000,13.2
2026-03-13 00:03:10.000,13.2
2026-03-13 00:03:10.000,14.4
2026-03-13 00:03:20.000,14.4
2026-03-13 00:03:20.000,13.2
2026-03-13 00:03:34.000,13.2
2026-03-13 00:03:34.000,14.4
2026-03-13 00:03:40.000,14.4
2026-03-13 00:03:40.000,13.2
2026-03-13 00:03:46.000,13.2
2026-03-13 00:03:46.000,14.4
2026-03-13 00:04:04.000,14.4
2026-03-13 00:04:04.000,13.2
2026-03-13 00:04:08.000,13.2
2026-03-13 00:04:08.000,14.4
2026-03-13 00:04:16.000,14.4
2026-03-13 00:04:16.000,13.2
2026-03-13 00:04:30.000,13.2
2026-03-13 00:04:30.000,14.4
2026-03-13 00:04:52.000,14.4
2026-03-13 00:04:52.000,15.6
2026-03-13 00:04:54.000,15.6
2026-03-13 00:04:54.000,14.4
2026-03-13 00:05:00.000,14.4
2026-03-13 00:05:00.000,13.2
2026-03-13 00:05:18.000,13.2
2026-03-13 00:05:18.000,14.4
2026-03-13 00:05:32.000,14.4
2026-03-13 00:05:32.000,13.2
2026-03-13 00:05:56.000,13.2
2026-03-13 00:05:56.000,14.4
2026-03-13 00:06:02.000,14.4
2026-03-13 00:06:02.000,13.2
2026-03-13 00:06:30.000,13.2
2026-03-13 00:06:30.000,14.4
2026-03-13 00:06:36.000,14.4
2026-03-13 00:06:36.000,13.2
2026-03-13 00:06:40.000,13.2
2026-03-13 00:06:40.000,14.4
2026-03-13 00:06:48.000,14.4
2026-03-13 00:06:48.000,13.2
2026-03-13 00:06:52.000,13.2
2026-03-13 00:06:52.000,14.4
2026-03-13 00:06:54.000,14.4
2026-03-13 00:06:54.000,13.2
2026-03-13 00:07:04.000,13.2
2026-03-13 00:07:04.000,14.4
2026-03-13 00:07:06.000,14.4
2026-03-13 00:07:06.000,13.2
2026-03-13 00:07:08.000,13.2
2026-03-13 00:07:08.000,14.4
2026-03-13 00:08:32.000,14.4
2026-03-13 00:08:32.000,13.2
2026-03-13 00:08:36.000,13.2
2026-03-13 00:08:36.000,12
2026-03-13 00:08:40.000,12
2026-03-13 00:08:40.000,13.2
2026-03-13 00:08:48.000,13.2
2026-03-13 00:08:48.000,14.4
2026-03-13 00:09:04.000,14.4
2026-03-13 00:09:04.000,15.6
2026-03-13 00:09:08.000,15.6
2026-03-13 00:09:08.000,14.4
2026-03-13 00:13:36.000,14.4
2026-03-13 00:13:36.000,15.6
2026-03-13 00:13:38.000,15.6
2026-03-13 00:13:38.000,14.4
2026-03-13 00:32:36.000,14.4
2026-03-13 00:32:36.000,15.6
2026-03-13 00:32:40.000,15.6
2026-03-13 00:32:40.000,14.4
2026-03-13 00:36:52.000,14.4
2026-03-13 00:36:52.000,7.2
2026-03-13 00:36:54.000,7.2
2026-03-13 00:36:54.000,0
2026-03-13 00:36:56.000,0
2026-03-13 00:36:56.000,7.2
2026-03-13 00:36:58.000,7.2
2026-03-13 00:36:58.000,8.4
2026-03-13 00:37:00.000,8.4
2026-03-13 00:37:00.000,9.6
2026-03-13 00:37:02.000,9.6
2026-03-13 00:37:02.000,12
2026-03-13 00:37:06.000,12
2026-03-13 00:37:06.000,13.2
2026-03-13 00:37:16.000,13.2
2026-03-13 00:37:16.000,14.4
2026-03-13 00:37:20.000,14.4
2026-03-13 00:37:20.000,15.6
2026-03-13 00:37:34.000,15.6
2026-03-13 00:37:34.000,14.4
2026-03-13 00:37:54.000,14.4
2026-03-13 00:37:54.000,15.6
2026-03-13 00:38:00.000,15.6
2026-03-13 00:38:00.000,14.4
2026-03-13 00:40:54.000,14.4
2026-03-13 00:40:54.000,15.6
2026-03-13 00:41:02.000,15.6
2026-03-13 00:41:02.000,14.4
2026-03-13 00:45:06.000,14.4
2026-03-13 00:45:06.000,15.6
2026-03-13 00:45:10.000,15.6
2026-03-13 00:45:10.000,14.4
2026-03-13 00:45:12.000,14.4
2026-03-13 00:45:12.000,12
2026-03-13 00:45:14.000,12
2026-03-13 00:45:14.000,10.8
2026-03-13 00:45:20.000,10.8
2026-03-13 00:45:20.000,9.6
2026-03-13 00:45:28.000,9.6
2026-03-13 00:45:28.000,10.8
2026-03-13 00:45:34.000,10.8
2026-03-13 00:45:34.000,12
2026-03-13 00:45:44.000,12
2026-03-13 00:45:44.000,10.8
2026-03-13 00:45:48.000,10.8
2026-03-13 00:45:48.000,9.6
2026-03-13 00:45:52.000,9.6
2026-03-13 00:45:52.000,10.8
2026-03-13 00:49:36.000,10.8
2026-03-13 00:49:36.000,12
2026-03-13 00:49:40.000,12
2026-03-13 00:49:40.000,10.8
2026-03-13 00:50:54.000,10.8
2026-03-13 00:50:54.000,12
2026-03-13 00:51:00.000,12
2026-03-13 00:51:00.000,13.2
2026-03-13 00:51:08.000,13.2
2026-03-13 00:51:08.000,14.4
2026-03-13 00:51:18.000,14.4
2026-03-13 00:51:18.000,15.6
2026-03-13 00:51:28.000,15.6
2026-03-13 00:51:28.000,16.8
2026-03-13 00:51:34.000,16.8
2026-03-13 00:51:34.000,18
2026-03-13 00:52:00.000,18
2026-03-13 00:52:00.000,19.2
2026-03-13 00:52:06.000,19.2
2026-03-13 00:52:06.000,20.4
2026-03-13 00:52:10.000,20.4
2026-03-13 00:52:10.000,19.2
2026-03-13 00:52:12.000,19.2
2026-03-13 00:52:12.000,20.4
2026-03-13 00:52:16.000,20.4
2026-03-13 00:52:16.000,21.6
2026-03-13 00:52:20.000,21.6
2026-03-13 00:52:20.000,22.8
2026-03-13 00:52:24.000,22.8
2026-03-13 00:52:24.000,24
2026-03-13 00:52:28.000,24
2026-03-13 00:52:28.000,25.2
2026-03-13 00:52:32.000,25.2
2026-03-13 00:52:32.000,26.4
2026-03-13 00:52:36.000,26.4
2026-03-13 00:52:36.000,27.6
2026-03-13 00:52:40.000,27.6
2026-03-13 00:52:40.000,26.4
2026-03-13 00:52:46.000,26.4
2026-03-13 00:52:46.000,27.6
2026-03-13 00:52:48.000,27.6
2026-03-13 00:52:48.000,28.8
2026-03-13 00:52:52.000,28.8
2026-03-13 00:52:52.000,27.6
2026-03-13 00:53:12.000,27.6
2026-03-13 00:53:12.000,28.8
2026-03-13 00:53:46.000,28.8
2026-03-13 00:53:46.000,30
2026-03-13 00:54:32.000,30
2026-03-13 00:54:32.000,31.2
2026-03-13 00:54:34.000,31.2
2026-03-13 00:54:34.000,30
2026-03-13 00:55:04.000,30
2026-03-13 00:55:04.000,31.2
2026-03-13 00:55:06.000,31.2
2026-03-13 00:55:06.000,30
2026-03-13 00:55:22.000,30
2026-03-13 00:55:22.000,31.2
2026-03-13 00:55:24.000,31.2
2026-03-13 00:55:24.000,30
2026-03-13 00:55:46.000,30
2026-03-13 00:55:46.000,31.2
2026-03-13 00:55:56.000,31.2
2026-03-13 00:55:56.000,30
2026-03-13 00:55:58.000,30
2026-03-13 00:55:58.000,31.2
2026-03-13 00:57:06.000,31.2
2026-03-13 00:57:06.000,30
2026-03-13 00:57:12.000,30
2026-03-13 00:57:12.000,31.2
2026-03-13 00:57:18.000,31.2
2026-03-13 00:57:18.000,30
2026-03-13 00:57:20.000,30
2026-03-13 00:57:20.000,31.2
2026-03-13 00:58:00.000,31.2
2026-03-13 00:58:00.000,30
2026-03-13 00:58:06.000,30
2026-03-13 00:58:06.000,31.2
2026-03-13 00:58:20.000,31.2
2026-03-13 00:58:20.000,30
2026-03-13 00:58:22.000,30
2026-03-13 00:58:22.000,31.2
2026-03-13 00:59:20.000,31.2
2026-03-13 00:59:20.000,32.4
2026-03-13 00:59:24.000,32.4
2026-03-13 00:59:24.000,31.2
2026-03-13 00:59:50.000,31.2
2026-03-13 00:59:50.000,32.4
2026-03-13 00:59:52.000,32.4
2026-03-13 00:59:52.000,31.2
2026-03-13 01:00:04.000,31.2
2026-03-13 01:00:04.000,32.4
2026-03-13 01:00:06.000,32.4
2026-03-13 01:00:06.000,31.2
2026-03-13 01:00:12.000,31.2
2026-03-13 01:00:12.000,32.4
2026-03-13 01:02:08.000,32.4
2026-03-13 01:02:08.000,33.6
2026-03-13 01:02:14.000,33.6
2026-03-13 01:02:14.000,34.8
2026-03-13 01:02:18.000,34.8
2026-03-13 01:02:18.000,36
2026-03-13 01:02:26.000,36
2026-03-13 01:02:26.000,37.2
2026-03-13 01:02:30.000,37.2
2026-03-13 01:02:30.000,38.4
2026-03-13 01:02:32.000,38.4
2026-03-13 01:02:32.000,40.8
2026-03-13 01:02:34.000,40.8
2026-03-13 01:02:34.000,43.2
2026-03-13 01:02:38.000,43.2
2026-03-13 01:02:38.000,45.6
2026-03-13 01:02:50.000,45.6
2026-03-13 01:02:50.000,46.8
2026-03-13 01:02:54.000,46.8
2026-03-13 01:02:54.000,45.6
2026-03-13 01:02:58.000,45.6
2026-03-13 01:02:58.000,46.8
2026-03-13 01:03:08.000,46.8
2026-03-13 01:03:08.000,45.6
2026-03-13 01:03:18.000,45.6
2026-03-13 01:03:18.000,44.4
2026-03-13 01:03:28.000,44.4
2026-03-13 01:03:28.000,45.6
2026-03-13 01:03:30.000,45.6
2026-03-13 01:03:30.000,48
2026-03-13 01:03:32.000,48
2026-03-13 01:03:32.000,52.8
2026-03-13 01:03:34.000,52.8
2026-03-13 01:03:34.000,60
2026-03-13 01:03:36.000,60
2026-03-13 01:03:36.000,57.6
2026-03-13 01:03:38.000,57.6
2026-03-13 01:03:38.000,60
2026-03-13 01:03:40.000,60
2026-03-13 01:03:40.000,61.2
2026-03-13 01:03:44.000,61.2
2026-03-13 01:03:44.000,62.4
2026-03-13 01:03:50.000,62.4
2026-03-13 01:03:50.000,63.6
2026-03-13 01:03:56.000,63.6
2026-03-13 01:03:56.000,64.8
2026-03-13 01:04:06.000,64.8
2026-03-13 01:04:06.000,66
2026-03-13 01:04:12.000,66
2026-03-13 01:04:12.000,64.8
2026-03-13 01:04:30.000,64.8
2026-03-13 01:04:30.000,63.6
2026-03-13 01:04:32.000,63.6
2026-03-13 01:04:32.000,62.4
2026-03-13 01:04:38.000,62.4
2026-03-13 01:04:38.000,61.2
2026-03-13 01:04:44.000,61.2
2026-03-13 01:04:44.000,62.4
2026-03-13 01:05:04.000,62.4
2026-03-13 01:05:04.000,63.6
2026-03-13 01:05:22.000,63.6
2026-03-13 01:05:22.000,64.8
2026-03-13 01:06:04.000,64.8
2026-03-13 01:06:04.000,63.6
2026-03-13 01:06:08.000,63.6
2026-03-13 01:06:08.000,62.4
2026-03-13 01:06:10.000,62.4
2026-03-13 01:06:10.000,63.6
2026-03-13 01:06:16.000,63.6
2026-03-13 01:06:16.000,64.8
2026-03-13 01:06:24.000,64.8
2026-03-13 01:06:24.000,66
2026-03-13 01:06:30.000,66
2026-03-13 01:06:30.000,67.2
2026-03-13 01:07:10.000,67.2
2026-03-13 01:07:10.000,63.6
2026-03-13 01:07:12.000,63.6
2026-03-13 01:07:12.000,66
2026-03-13 01:07:14.000,66
2026-03-13 01:07:14.000,61.2
2026-03-13 01:07:16.000,61.2
2026-03-13 01:07:16.000,63.6
2026-03-13 01:07:18.000,63.6
2026-03-13 01:07:18.000,62.4
2026-03-13 01:07:20.000,62.4
2026-03-13 01:07:20.000,63.6
2026-03-13 01:07:32.000,63.6
2026-03-13 01:07:32.000,62.4
2026-03-13 01:07:38.000,62.4
2026-03-13 01:07:38.000,63.6
2026-03-13 01:07:44.000,63.6
2026-03-13 01:07:44.000,64.8
2026-03-13 01:08:22.000,64.8
2026-03-13 01:08:22.000,66
2026-03-13 01:08:52.000,66
2026-03-13 01:08:52.000,67.2
2026-03-13 01:09:04.000,67.2
2026-03-13 01:09:04.000,63.6
2026-03-13 01:09:06.000,63.6
2026-03-13 01:09:06.000,45.6
2026-03-13 01:09:08.000,45.6
2026-03-13 01:09:08.000,21.6
2026-03-13 01:09:10.000,21.6
2026-03-13 01:09:10.000,0
2026-03-13 01:09:12.000,0
2026-03-13 01:09:12.000,1.2
2026-03-13 01:09:14.000,1.2
2026-03-13 01:09:14.000,28.8
2026-03-13 01:09:16.000,28.8
2026-03-13 01:09:16.000,12
2026-03-13 01:09:18.000,12
2026-03-13 01:09:18.000,10.8
2026-03-13 01:09:20.000,10.8
2026-03-13 01:09:20.000,8.4
2026-03-13 01:09:24.000,8.4
2026-03-13 01:09:24.000,9.6
2026-03-13 01:09:26.000,9.6
2026-03-13 01:09:26.000,7.2
2026-03-13 01:09:28.000,7.2
2026-03-13 01:09:28.000,8.4
2026-03-13 01:09:30.000,8.4
2026-03-13 01:09:30.000,7.2
2026-03-13 01:09:36.000,7.2
2026-03-13 01:09:36.000,6
2026-03-13 01:09:56.000,6
2026-03-13 01:09:56.000,7.2
2026-03-13 01:10:02.000,7.2
2026-03-13 01:10:02.000,8.4
2026-03-13 01:14:06.000,8.4
2026-03-13 01:14:06.000,9.6
2026-03-13 01:14:10.000,9.6
2026-03-13 01:14:10.000,8.4
2026-03-13 01:14:20.000,8.4
2026-03-13 01:14:20.000,9.6
2026-03-13 01:14:24.000,9.6
2026-03-13 01:14:24.000,8.4
2026-03-13 01:14:30.000,8.4
2026-03-13 01:14:30.000,9.6
2026-03-13 01:14:32.000,9.6
2026-03-13 01:14:32.000,8.4
2026-03-13 01:14:44.000,8.4
2026-03-13 01:14:44.000,9.6
2026-03-13 01:14:46.000,9.6
2026-03-13 01:14:46.000,8.4
2026-03-13 01:15:02.000,8.4
2026-03-13 01:15:02.000,9.6
2026-03-13 01:15:04.000,9.6
2026-03-13 01:15:04.000,8.4
2026-03-13 01:15:06.000,8.4
2026-03-13 01:15:06.000,9.6
2026-03-13 01:15:36.000,9.6
2026-03-13 01:15:36.000,8.4
2026-03-13 01:15:38.000,8.4
2026-03-13 01:15:38.000,9.6
2026-03-13 01:15:52.000,9.6
2026-03-13 01:15:52.000,8.4
2026-03-13 01:15:54.000,8.4
2026-03-13 01:15:54.000,9.6
2026-03-13 01:16:58.000,9.6
2026-03-13 01:16:58.000,8.4
2026-03-13 01:17:00.000,8.4
2026-03-13 01:17:00.000,9.6
2026-03-13 01:17:06.000,9.6
2026-03-13 01:17:06.000,8.4
2026-03-13 01:17:10.000,8.4
2026-03-13 01:17:10.000,9.6
2026-03-13 01:21:54.000,9.6
2026-03-13 01:21:54.000,10.8
2026-03-13 01:23:04.000,10.8
2026-03-13 01:23:04.000,9.6
2026-03-13 01:23:06.000,9.6
2026-03-13 01:23:06.000,10.8
2026-03-13 01:24:46.000,10.8
2026-03-13 01:24:46.000,16.8
2026-03-13 01:24:48.000,16.8
2026-03-13 01:24:48.000,14.4
2026-03-13 01:24:50.000,14.4
2026-03-13 01:24:50.000,15.6
2026-03-13 01:24:52.000,15.6
2026-03-13 01:24:52.000,16.8
2026-03-13 01:24:54.000,16.8
2026-03-13 01:24:54.000,15.6
2026-03-13 01:24:56.000,15.6
2026-03-13 01:24:56.000,14.4
2026-03-13 01:24:58.000,14.4
2026-03-13 01:24:58.000,12
2026-03-13 01:25:02.000,12
2026-03-13 01:25:02.000,8.4
2026-03-13 01:25:04.000,8.4
2026-03-13 01:25:04.000,9.6
2026-03-13 01:25:06.000,9.6
2026-03-13 01:25:06.000,10.8
2026-03-13 01:25:08.000,10.8
2026-03-13 01:25:08.000,13.2
2026-03-13 01:25:10.000,13.2
2026-03-13 01:25:10.000,12
2026-03-13 01:25:12.000,12
2026-03-13 01:25:12.000,13.2
2026-03-13 01:25:16.000,13.2
2026-03-13 01:25:16.000,14.4
2026-03-13 01:25:18.000,14.4
2026-03-13 01:25:18.000,15.6
2026-03-13 01:25:24.000,15.6
2026-03-13 01:25:24.000,16.8
2026-03-13 01:25:44.000,16.8
2026-03-13 01:25:44.000,18
2026-03-13 01:26:08.000,18
2026-03-13 01:26:08.000,19.2
2026-03-13 01:26:16.000,19.2
2026-03-13 01:26:16.000,18
2026-03-13 01:26:22.000,18
2026-03-13 01:26:22.000,19.2
2026-03-13 01:26:26.000,19.2
2026-03-13 01:26:26.000,18
2026-03-13 01:26:34.000,18
2026-03-13 01:26:34.000,19.2
2026-03-13 01:26:36.000,19.2
2026-03-13 01:26:36.000,20.4
2026-03-13 01:26:38.000,20.4
2026-03-13 01:26:38.000,19.2
2026-03-13 01:26:46.000,19.2
2026-03-13 01:26:46.000,18
2026-03-13 01:26:48.000,18
2026-03-13 01:26:48.000,15.6
2026-03-13 01:26:50.000,15.6
2026-03-13 01:26:50.000,14.4
2026-03-13 01:26:58.000,14.4
2026-03-13 01:26:58.000,15.6
2026-03-13 01:27:10.000,15.6
2026-03-13 01:27:10.000,16.8
2026-03-13 01:27:14.000,16.8
2026-03-13 01:27:14.000,18
2026-03-13 01:27:20.000,18
2026-03-13 01:27:20.000,16.8
2026-03-13 01:27:28.000,16.8
2026-03-13 01:27:28.000,15.6
2026-03-13 01:31:20.000,15.6
2026-03-13 01:31:20.000,14.4
2026-03-13 01:31:22.000,14.4
2026-03-13 01:31:22.000,15.6
2026-03-13 01:32:44.000,15.6
2026-03-13 01:32:44.000,14.4
2026-03-13 01:33:04.000,14.4
2026-03-13 01:33:04.000,15.6
2026-03-13 01:33:30.000,15.6
2026-03-13 01:33:30.000,14.4
2026-03-13 01:33:56.000,14.4
2026-03-13 01:33:56.000,15.6
2026-03-13 01:34:10.000,15.6
2026-03-13 01:34:10.000,16.8
2026-03-13 01:34:16.000,16.8
2026-03-13 01:34:16.000,15.6
2026-03-13 01:34:20.000,15.6
2026-03-13 01:34:20.000,16.8
2026-03-13 01:34:36.000,16.8
2026-03-13 01:34:36.000,18
2026-03-13 01:34:44.000,18
2026-03-13 01:34:44.000,19.2
2026-03-13 01:34:58.000,19.2
2026-03-13 01:34:58.000,18
2026-03-13 01:35:30.000,18
2026-03-13 01:35:30.000,19.2
2026-03-13 01:35:44.000,19.2
2026-03-13 01:35:44.000,18
2026-03-13 01:36:12.000,18
2026-03-13 01:36:12.000,19.2
2026-03-13 01:36:34.000,19.2
2026-03-13 01:36:34.000,18
2026-03-13 01:36:58.000,18
2026-03-13 01:36:58.000,19.2
2026-03-13 01:37:24.000,19.2
2026-03-13 01:37:24.000,18
2026-03-13 01:37:26.000,18
2026-03-13 01:37:26.000,19.2
2026-03-13 01:37:32.000,19.2
2026-03-13 01:37:32.000,18
2026-03-13 01:37:38.000,18
2026-03-13 01:37:38.000,19.2
2026-03-13 01:44:52.000,19.2
2026-03-13 01:44:52.000,20.4
2026-03-13 01:44:54.000,20.4
2026-03-13 01:44:54.000,19.2
2026-03-13 01:53:56.000,19.2
2026-03-13 01:53:56.000,20.4
2026-03-13 01:53:58.000,20.4
2026-03-13 01:53:58.000,21.6
2026-03-13 01:54:00.000,21.6
2026-03-13 01:54:00.000,24
2026-03-13 01:54:04.000,24
2026-03-13 01:54:04.000,21.6
2026-03-13 01:54:06.000,21.6
2026-03-13 01:54:06.000,20.4
2026-03-13 01:54:08.000,20.4
2026-03-13 01:54:08.000,19.2
2026-03-13 01:54:10.000,19.2
2026-03-13 01:54:10.000,18
2026-03-13 01:54:24.000,18
2026-03-13 01:54:24.000,19.2
2026-03-13 01:54:26.000,19.2
2026-03-13 01:54:26.000,16.8
2026-03-13 01:54:36.000,16.8
2026-03-13 01:54:36.000,15.6
2026-03-13 01:54:38.000,15.6
2026-03-13 01:54:38.000,16.8
2026-03-13 01:54:54.000,16.8
2026-03-13 01:54:54.000,18
2026-03-13 01:55:06.000,18
2026-03-13 01:55:06.000,16.8
2026-03-13 01:55:46.000,16.8
2026-03-13 01:55:46.000,18
2026-03-13 01:56:02.000,18
2026-03-13 01:56:02.000,16.8
2026-03-13 01:56:04.000,16.8
2026-03-13 01:56:04.000,18
2026-03-13 01:56:06.000,18
2026-03-13 01:56:06.000,16.8
2026-03-13 01:56:40.000,16.8
2026-03-13 01:56:40.000,18
2026-03-13 01:56:44.000,18
2026-03-13 01:56:44.000,16.8
2026-03-13 01:56:46.000,16.8
2026-03-13 01:56:46.000,18
2026-03-13 01:56:54.000,18
2026-03-13 01:56:54.000,16.8
2026-03-13 01:57:48.000,16.8
2026-03-13 01:57:48.000,18
2026-03-13 01:57:50.000,18
2026-03-13 01:57:50.000,16.8
2026-03-13 01:58:48.000,16.8
2026-03-13 01:58:48.000,18
2026-03-13 01:58:52.000,18
2026-03-13 01:58:52.000,20.4
2026-03-13 01:58:56.000,20.4
2026-03-13 01:58:56.000,19.2
2026-03-13 01:58:58.000,19.2
2026-03-13 01:58:58.000,18
2026-03-13 01:59:00.000,18
2026-03-13 01:59:00.000,19.2
2026-03-13 01:59:02.000,19.2
2026-03-13 01:59:02.000,18
2026-03-13 01:59:04.000,18
2026-03-13 01:59:04.000,16.8
2026-03-13 01:59:08.000,16.8
2026-03-13 01:59:08.000,18
2026-03-13 01:59:10.000,18
2026-03-13 01:59:10.000,13.2
2026-03-13 01:59:14.000,13.2
2026-03-13 01:59:14.000,10.8
2026-03-13 01:59:16.000,10.8
2026-03-13 01:59:16.000,12
2026-03-13 01:59:18.000,12
2026-03-13 01:59:18.000,13.2
2026-03-13 01:59:20.000,13.2
2026-03-13 01:59:20.000,14.4
2026-03-13 01:59:26.000,14.4
2026-03-13 01:59:26.000,15.6
2026-03-13 01:59:32.000,15.6
2026-03-13 01:59:32.000,16.8
2026-03-13 01:59:38.000,16.8
2026-03-13 01:59:38.000,15.6
2026-03-13 01:59:46.000,15.6
2026-03-13 01:59:46.000,14.4
2026-03-13 01:59:48.000,14.4
2026-03-13 01:59:48.000,15.6
2026-03-13 01:59:50.000,15.6
2026-03-13 01:59:50.000,14.4
2026-03-13 02:00:00.000,14.4
2026-03-13 02:00:00.000,15.6
2026-03-13 02:02:56.000,15.6
2026-03-13 02:02:56.000,18
2026-03-13 02:02:58.000,18
2026-03-13 02:02:58.000,16.8
2026-03-13 02:03:00.000,16.8
2026-03-13 02:03:00.000,15.6
2026-03-13 02:03:02.000,15.6
2026-03-13 02:03:02.000,13.2
2026-03-13 02:03:04.000,13.2
2026-03-13 02:03:04.000,14.4
2026-03-13 02:03:08.000,14.4
2026-03-13 02:03:08.000,15.6
2026-03-13 02:03:32.000,15.6
2026-03-13 02:03:32.000,16.8
2026-03-13 02:03:46.000,16.8
2026-03-13 02:03:46.000,15.6
2026-03-13 02:09:26.000,15.6
2026-03-13 02:09:26.000,16.8
2026-03-13 02:09:34.000,16.8
2026-03-13 02:09:34.000,15.6
2026-03-13 02:10:04.000,15.6
2026-03-13 02:10:04.000,16.8
2026-03-13 02:10:06.000,16.8
2026-03-13 02:10:06.000,21.6
2026-03-13 02:10:08.000,21.6
2026-03-13 02:10:08.000,22.8
2026-03-13 02:10:10.000,22.8
2026-03-13 02:10:10.000,16.8
2026-03-13 02:10:12.000,16.8
2026-03-13 02:10:12.000,19.2
2026-03-13 02:10:14.000,19.2
2026-03-13 02:10:14.000,20.4
2026-03-13 02:10:16.000,20.4
2026-03-13 02:10:16.000,21.6
2026-03-13 02:10:18.000,21.6
2026-03-13 02:10:18.000,25.2
2026-03-13 02:10:20.000,25.2
2026-03-13 02:10:20.000,27.6
2026-03-13 02:10:22.000,27.6
2026-03-13 02:10:22.000,32.4
2026-03-13 02:10:24.000,32.4
2026-03-13 02:10:24.000,28.8
2026-03-13 02:10:28.000,28.8
2026-03-13 02:10:28.000,26.4
2026-03-13 02:10:30.000,26.4
2026-03-13 02:10:30.000,25.2
2026-03-13 02:10:32.000,25.2
2026-03-13 02:10:32.000,21.6
2026-03-13 02:10:36.000,21.6
2026-03-13 02:10:36.000,20.4
2026-03-13 02:10:40.000,20.4
2026-03-13 02:10:40.000,19.2
2026-03-13 02:10:48.000,19.2
2026-03-13 02:10:48.000,18
2026-03-13 02:11:08.000,18
2026-03-13 02:11:08.000,19.2
2026-03-13 02:11:26.000,19.2
2026-03-13 02:11:26.000,18
2026-03-13 02:11:56.000,18
2026-03-13 02:11:56.000,19.2
2026-03-13 02:12:08.000,19.2
2026-03-13 02:12:08.000,18
2026-03-13 02:12:12.000,18
2026-03-13 02:12:12.000,19.2
2026-03-13 02:12:14.000,19.2
2026-03-13 02:12:14.000,18
2026-03-13 02:12:48.000,18
2026-03-13 02:12:48.000,19.2
2026-03-13 02:12:54.000,19.2
2026-03-13 02:12:54.000,18
2026-03-13 02:13:38.000,18
2026-03-13 02:13:38.000,19.2
2026-03-13 02:13:44.000,19.2
2026-03-13 02:13:44.000,20.4
2026-03-13 02:13:50.000,20.4
2026-03-13 02:13:50.000,19.2
2026-03-13 02:14:04.000,19.2
2026-03-13 02:14:04.000,18
2026-03-13 02:14:08.000,18
2026-03-13 02:14:08.000,19.2
2026-03-13 02:14:32.000,19.2
2026-03-13 02:14:32.000,18
2026-03-13 02:14:42.000,18
2026-03-13 02:14:42.000,19.2
2026-03-13 02:14:44.000,19.2
2026-03-13 02:14:44.000,21.6
2026-03-13 02:14:46.000,21.6
2026-03-13 02:14:46.000,25.2
2026-03-13 02:14:48.000,25.2
2026-03-13 02:14:48.000,26.4
2026-03-13 02:14:50.000,26.4
2026-03-13 02:14:50.000,28.8
2026-03-13 02:14:52.000,28.8
2026-03-13 02:14:52.000,30
2026-03-13 02:14:54.000,30
2026-03-13 02:14:54.000,31.2
2026-03-13 02:14:58.000,31.2
2026-03-13 02:14:58.000,32.4
2026-03-13 02:15:10.000,32.4
2026-03-13 02:15:10.000,33.6
2026-03-13 02:15:34.000,33.6
2026-03-13 02:15:34.000,34.8
2026-03-13 02:16:18.000,34.8
2026-03-13 02:16:18.000,33.6
2026-03-13 02:16:40.000,33.6
2026-03-13 02:16:40.000,32.4
2026-03-13 02:17:00.000,32.4
2026-03-13 02:17:00.000,33.6
2026-03-13 02:17:10.000,33.6
2026-03-13 02:17:10.000,32.4
2026-03-13 02:17:18.000,32.4
2026-03-13 02:17:18.000,33.6
2026-03-13 02:17:24.000,33.6
2026-03-13 02:17:24.000,32.4
2026-03-13 02:17:26.000,32.4
2026-03-13 02:17:26.000,33.6
2026-03-13 02:17:50.000,33.6
2026-03-13 02:17:50.000,32.4
2026-03-13 02:17:52.000,32.4
2026-03-13 02:17:52.000,27.6
2026-03-13 02:17:54.000,27.6
2026-03-13 02:17:54.000,28.8
2026-03-13 02:17:56.000,28.8
2026-03-13 02:17:56.000,25.2
2026-03-13 02:17:58.000,25.2
2026-03-13 02:17:58.000,26.4
2026-03-13 02:18:00.000,26.4
2026-03-13 02:18:00.000,25.2
2026-03-13 02:18:16.000,25.2
2026-03-13 02:18:16.000,26.4
2026-03-13 02:18:24.000,26.4
2026-03-13 02:18:24.000,27.6
2026-03-13 02:18:54.000,27.6
2026-03-13 02:18:54.000,28.8
2026-03-13 02:18:56.000,28.8
2026-03-13 02:18:56.000,27.6
2026-03-13 02:18:58.000,27.6
2026-03-13 02:18:58.000,28.8
2026-03-13 02:19:02.000,28.8
2026-03-13 02:19:02.000,27.6
2026-03-13 02:19:04.000,27.6
2026-03-13 02:19:04.000,28.8
2026-03-13 02:19:16.000,28.8
2026-03-13 02:19:16.000,27.6
2026-03-13 02:19:24.000,27.6
2026-03-13 02:19:24.000,28.8
2026-03-13 02:19:34.000,28.8
2026-03-13 02:19:34.000,27.6
2026-03-13 02:19:36.000,27.6
2026-03-13 02:19:36.000,28.8
2026-03-13 02:19:38.000,28.8
2026-03-13 02:19:38.000,27.6
2026-03-13 02:19:40.000,27.6
2026-03-13 02:19:40.000,28.8
2026-03-13 02:19:46.000,28.8
2026-03-13 02:19:46.000,27.6
2026-03-13 02:19:48.000,27.6
2026-03-13 02:19:48.000,28.8
2026-03-13 02:19:52.000,28.8
2026-03-13 02:19:52.000,27.6
2026-03-13 02:20:06.000,27.6
2026-03-13 02:20:06.000,28.8
2026-03-13 02:20:08.000,28.8
2026-03-13 02:20:08.000,27.6
2026-03-13 02:20:22.000,27.6
2026-03-13 02:20:22.000,28.8
2026-03-13 02:20:44.000,28.8
2026-03-13 02:20:44.000,30
2026-03-13 02:20:46.000,30
2026-03-13 02:20:46.000,28.8
2026-03-13 02:20:52.000,28.8
2026-03-13 02:20:52.000,30
2026-03-13 02:20:54.000,30
2026-03-13 02:20:54.000,28.8
2026-03-13 02:20:56.000,28.8
2026-03-13 02:20:56.000,20.4
2026-03-13 02:20:58.000,20.4
2026-03-13 02:20:58.000,22.8
2026-03-13 02:21:00.000,22.8
2026-03-13 02:21:00.000,14.4
2026-03-13 02:21:26.000,14.4
2026-03-13 02:21:26.000,15.6
2026-03-13 02:21:34.000,15.6
2026-03-13 02:21:34.000,14.4
2026-03-13 02:22:32.000,14.4
2026-03-13 02:22:32.000,15.6
2026-03-13 02:22:38.000,15.6
2026-03-13 02:22:38.000,14.4
2026-03-13 02:23:12.000,14.4
2026-03-13 02:23:12.000,15.6
2026-03-13 02:23:32.000,15.6
2026-03-13 02:23:32.000,14.4
2026-03-13 02:24:28.000,14.4
2026-03-13 02:24:28.000,15.6
2026-03-13 02:24:30.000,15.6
2026-03-13 02:24:30.000,14.4
2026-03-13 02:24:34.000,14.4
2026-03-13 02:24:34.000,15.6
2026-03-13 02:24:44.000,15.6
2026-03-13 02:24:44.000,14.4
2026-03-13 02:25:10.000,14.4
2026-03-13 02:25:10.000,15.6
2026-03-13 02:25:18.000,15.6
2026-03-13 02:25:18.000,20.4
2026-03-13 02:25:20.000,20.4
2026-03-13 02:25:20.000,19.2
2026-03-13 02:25:22.000,19.2
2026-03-13 02:25:22.000,16.8
2026-03-13 02:25:24.000,16.8
2026-03-13 02:25:24.000,15.6
2026-03-13 02:25:26.000,15.6
2026-03-13 02:25:26.000,9.6
2026-03-13 02:25:28.000,9.6
2026-03-13 02:25:28.000,14.4
2026-03-13 02:25:30.000,14.4
2026-03-13 02:25:30.000,16.8
2026-03-13 02:25:32.000,16.8
2026-03-13 02:25:32.000,22.8
2026-03-13 02:25:34.000,22.8
2026-03-13 02:25:34.000,28.8
2026-03-13 02:25:36.000,28.8
2026-03-13 02:25:36.000,32.4
2026-03-13 02:25:38.000,32.4
2026-03-13 02:25:38.000,37.2
2026-03-13 02:25:40.000,37.2
2026-03-13 02:25:40.000,27.6
2026-03-13 02:25:42.000,27.6
2026-03-13 02:25:42.000,26.4
2026-03-13 02:25:44.000,26.4
2026-03-13 02:25:44.000,21.6
2026-03-13 02:25:46.000,21.6
2026-03-13 02:25:46.000,27.6
2026-03-13 02:25:48.000,27.6
2026-03-13 02:25:48.000,26.4
2026-03-13 02:25:50.000,26.4
2026-03-13 02:25:50.000,30
2026-03-13 02:25:56.000,30
2026-03-13 02:25:56.000,27.6
2026-03-13 02:25:58.000,27.6
2026-03-13 02:25:58.000,24
2026-03-13 02:26:00.000,24
2026-03-13 02:26:00.000,25.2
2026-03-13 02:26:04.000,25.2
2026-03-13 02:26:04.000,26.4
2026-03-13 02:26:10.000,26.4
2026-03-13 02:26:10.000,27.6
2026-03-13 02:26:16.000,27.6
2026-03-13 02:26:16.000,28.8
2026-03-13 02:26:20.000,28.8
2026-03-13 02:26:20.000,30
2026-03-13 02:26:22.000,30
2026-03-13 02:26:22.000,31.2
2026-03-13 02:26:26.000,31.2
2026-03-13 02:26:26.000,32.4
2026-03-13 02:26:34.000,32.4
2026-03-13 02:26:34.000,33.6
2026-03-13 02:27:10.000,33.6
2026-03-13 02:27:10.000,34.8
2026-03-13 02:27:26.000,34.8
2026-03-13 02:27:26.000,33.6
2026-03-13 02:27:32.000,33.6
2026-03-13 02:27:32.000,32.4
2026-03-13 02:27:36.000,32.4
2026-03-13 02:27:36.000,33.6
2026-03-13 02:27:38.000,33.6
2026-03-13 02:27:38.000,32.4
2026-03-13 02:27:42.000,32.4
2026-03-13 02:27:42.000,33.6
2026-03-13 02:27:52.000,33.6
2026-03-13 02:27:52.000,34.8
2026-03-13 02:28:10.000,34.8
2026-03-13 02:28:10.000,33.6
2026-03-13 02:28:12.000,33.6
2026-03-13 02:28:12.000,32.4
2026-03-13 02:28:14.000,32.4
2026-03-13 02:28:14.000,27.6
2026-03-13 02:28:16.000,27.6
2026-03-13 02:28:16.000,24
2026-03-13 02:28:20.000,24
2026-03-13 02:28:20.000,19.2
2026-03-13 02:28:22.000,19.2
2026-03-13 02:28:22.000,21.6
2026-03-13 02:28:24.000,21.6
2026-03-13 02:28:24.000,19.2
2026-03-13 02:28:30.000,19.2
2026-03-13 02:28:30.000,18
2026-03-13 02:28:52.000,18
2026-03-13 02:28:52.000,16.8
2026-03-13 02:28:58.000,16.8
2026-03-13 02:28:58.000,18
2026-03-13 02:29:00.000,18
2026-03-13 02:29:00.000,16.8
2026-03-13 02:29:06.000,16.8
2026-03-13 02:29:06.000,18
2026-03-13 02:29:32.000,18
2026-03-13 02:29:32.000,16.8
2026-03-13 02:29:34.000,16.8
2026-03-13 02:29:34.000,18
2026-03-13 02:30:06.000,18
2026-03-13 02:30:06.000,19.2
2026-03-13 02:30:14.000,19.2
2026-03-13 02:30:14.000,18
2026-03-13 02:30:26.000,18
2026-03-13 02:30:26.000,19.2
2026-03-13 02:30:34.000,19.2
2026-03-13 02:30:34.000,18
2026-03-13 02:30:38.000,18
2026-03-13 02:30:38.000,19.2
2026-03-13 02:30:56.000,19.2
2026-03-13 02:30:56.000,18
2026-03-13 02:31:04.000,18
2026-03-13 02:31:04.000,19.2
2026-03-13 02:31:06.000,19.2
2026-03-13 02:31:06.000,18
2026-03-13 02:31:08.000,18
2026-03-13 02:31:08.000,19.2
2026-03-13 02:31:10.000,19.2
2026-03-13 02:31:10.000,18
2026-03-13 02:31:16.000,18
2026-03-13 02:31:16.000,19.2
2026-03-13 02:31:32.000,19.2
2026-03-13 02:31:32.000,18
2026-03-13 02:31:34.000,18
2026-03-13 02:31:34.000,19.2
2026-03-13 02:31:46.000,19.2
2026-03-13 02:31:46.000,18
2026-03-13 02:31:50.000,18
2026-03-13 02:31:50.000,19.2
2026-03-13 02:31:56.000,19.2
2026-03-13 02:31:56.000,20.4
2026-03-13 02:32:00.000,20.4
2026-03-13 02:32:00.000,21.6
2026-03-13 02:32:06.000,21.6
2026-03-13 02:32:06.000,22.8
2026-03-13 02:32:32.000,22.8
2026-03-13 02:32:32.000,21.6
2026-03-13 02:32:38.000,21.6
2026-03-13 02:32:38.000,20.4
2026-03-13 02:32:52.000,20.4
2026-03-13 02:32:52.000,19.2
2026-03-13 02:33:38.000,19.2
2026-03-13 02:33:38.000,18
2026-03-13 02:33:40.000,18
2026-03-13 02:33:40.000,19.2
2026-03-13 02:33:52.000,19.2
2026-03-13 02:33:52.000,20.4
2026-03-13 02:33:56.000,20.4
2026-03-13 02:33:56.000,19.2
2026-03-13 02:34:02.000,19.2
2026-03-13 02:34:02.000,20.4
2026-03-13 02:34:06.000,20.4
2026-03-13 02:34:06.000,19.2
2026-03-13 02:34:18.000,19.2
2026-03-13 02:34:18.000,20.4
2026-03-13 02:34:24.000,20.4
2026-03-13 02:34:24.000,21.6
2026-03-13 02:34:26.000,21.6
2026-03-13 02:34:26.000,22.8
2026-03-13 02:34:28.000,22.8
2026-03-13 02:34:28.000,24
2026-03-13 02:34:30.000,24
2026-03-13 02:34:30.000,25.2
2026-03-13 02:34:36.000,25.2
2026-03-13 02:34:36.000,26.4
2026-03-13 02:34:40.000,26.4
2026-03-13 02:34:40.000,27.6
2026-03-13 02:34:48.000,27.6
2026-03-13 02:34:48.000,28.8
2026-03-13 02:34:54.000,28.8
2026-03-13 02:34:54.000,27.6
2026-03-13 02:34:56.000,27.6
2026-03-13 02:34:56.000,28.8
2026-03-13 02:34:58.000,28.8
2026-03-13 02:34:58.000,27.6
2026-03-13 02:35:00.000,27.6
2026-03-13 02:35:00.000,26.4
2026-03-13 02:35:02.000,26.4
2026-03-13 02:35:02.000,21.6
2026-03-13 02:35:04.000,21.6
2026-03-13 02:35:04.000,22.8
2026-03-13 02:35:06.000,22.8
2026-03-13 02:35:06.000,20.4
2026-03-13 02:35:16.000,20.4
2026-03-13 02:35:16.000,19.2
2026-03-13 02:35:32.000,19.2
2026-03-13 02:35:32.000,20.4
2026-03-13 02:35:36.000,20.4
2026-03-13 02:35:36.000,21.6
2026-03-13 02:35:40.000,21.6
2026-03-13 02:35:40.000,20.4
2026-03-13 02:36:10.000,20.4
2026-03-13 02:36:10.000,21.6
2026-03-13 02:36:12.000,21.6
2026-03-13 02:36:12.000,20.4
2026-03-13 02:36:16.000,20.4
2026-03-13 02:36:16.000,21.6
2026-03-13 02:36:26.000,21.6
2026-03-13 02:36:26.000,20.4
2026-03-13 02:36:28.000,20.4
2026-03-13 02:36:28.000,21.6
2026-03-13 02:36:34.000,21.6
2026-03-13 02:36:34.000,20.4
2026-03-13 02:36:48.000,20.4
2026-03-13 02:36:48.000,19.2
2026-03-13 02:36:50.000,19.2
2026-03-13 02:36:50.000,20.4
2026-03-13 02:36:56.000,20.4
2026-03-13 02:36:56.000,21.6
2026-03-13 02:36:58.000,21.6
2026-03-13 02:36:58.000,28.8
2026-03-13 02:37:00.000,28.8
2026-03-13 02:37:00.000,31.2
2026-03-13 02:37:02.000,31.2
2026-03-13 02:37:02.000,27.6
2026-03-13 02:37:04.000,27.6
2026-03-13 02:37:04.000,24
2026-03-13 02:37:06.000,24
2026-03-13 02:37:06.000,22.8
2026-03-13 02:37:08.000,22.8
2026-03-13 02:37:08.000,20.4
2026-03-13 02:37:10.000,20.4
2026-03-13 02:37:10.000,18
2026-03-13 02:37:12.000,18
2026-03-13 02:37:12.000,15.6
2026-03-13 02:37:14.000,15.6
2026-03-13 02:37:14.000,16.8
2026-03-13 02:37:16.000,16.8
2026-03-13 02:37:16.000,14.4
2026-03-13 02:37:18.000,14.4
2026-03-13 02:37:18.000,13.2
2026-03-13 02:37:54.000,13.2
2026-03-13 02:37:54.000,12
2026-03-13 02:37:56.000,12
2026-03-13 02:37:56.000,13.2
2026-03-13 02:37:58.000,13.2
2026-03-13 02:37:58.000,12
2026-03-13 02:38:00.000,12
2026-03-13 02:38:00.000,13.2
2026-03-13 02:38:02.000,13.2
2026-03-13 02:38:02.000,12
2026-03-13 02:38:16.000,12
2026-03-13 02:38:16.000,13.2
2026-03-13 02:38:24.000,13.2
2026-03-13 02:38:24.000,12
2026-03-13 02:38:26.000,12
2026-03-13 02:38:26.000,13.2
2026-03-13 02:39:06.000,13.2
2026-03-13 02:39:06.000,12
2026-03-13 02:39:26.000,12
2026-03-13 02:39:26.000,13.2
2026-03-13 02:39:44.000,13.2
2026-03-13 02:39:44.000,14.4
2026-03-13 02:39:46.000,14.4
2026-03-13 02:39:46.000,16.8
2026-03-13 02:39:54.000,16.8
2026-03-13 02:39:54.000,15.6
2026-03-13 02:40:02.000,15.6
2026-03-13 02:40:02.000,14.4
2026-03-13 02:40:16.000,14.4
2026-03-13 02:40:16.000,13.2
2026-03-13 02:40:38.000,13.2
2026-03-13 02:40:38.000,12
2026-03-13 02:40:50.000,12
2026-03-13 02:40:50.000,13.2
2026-03-13 02:41:48.000,13.2
2026-03-13 02:41:48.000,14.4
2026-03-13 02:42:14.000,14.4
2026-03-13 02:42:14.000,13.2
2026-03-13 02:42:50.000,13.2
2026-03-13 02:42:50.000,14.4
2026-03-13 02:43:02.000,14.4
2026-03-13 02:43:02.000,13.2
2026-03-13 02:43:08.000,13.2
2026-03-13 02:43:08.000,14.4
2026-03-13 02:43:10.000,14.4
2026-03-13 02:43:10.000,13.2
2026-03-13 02:43:38.000,13.2
2026-03-13 02:43:38.000,14.4
2026-03-13 02:43:44.000,14.4
2026-03-13 02:43:44.000,15.6
2026-03-13 02:43:46.000,15.6
2026-03-13 02:43:46.000,16.8
2026-03-13 02:43:48.000,16.8
2026-03-13 02:43:48.000,20.4
2026-03-13 02:43:50.000,20.4
2026-03-13 02:43:50.000,24
2026-03-13 02:43:52.000,24
2026-03-13 02:43:52.000,25.2
2026-03-13 02:43:54.000,25.2
2026-03-13 02:43:54.000,27.6
2026-03-13 02:43:56.000,27.6
2026-03-13 02:43:56.000,30
2026-03-13 02:44:04.000,30
2026-03-13 02:44:04.000,31.2
2026-03-13 02:44:24.000,31.2
2026-03-13 02:44:24.000,28.8
2026-03-13 02:44:26.000,28.8
2026-03-13 02:44:26.000,22.8
2026-03-13 02:44:28.000,22.8
2026-03-13 02:44:28.000,21.6
2026-03-13 02:44:30.000,21.6
2026-03-13 02:44:30.000,19.2
2026-03-13 02:44:32.000,19.2
2026-03-13 02:44:32.000,20.4
2026-03-13 02:44:38.000,20.4
2026-03-13 02:44:38.000,21.6
2026-03-13 02:44:42.000,21.6
2026-03-13 02:44:42.000,22.8
2026-03-13 02:44:46.000,22.8
2026-03-13 02:44:46.000,24
2026-03-13 02:45:06.000,24
2026-03-13 02:45:06.000,22.8
2026-03-13 02:45:08.000,22.8
2026-03-13 02:45:08.000,25.2
2026-03-13 02:45:10.000,25.2
2026-03-13 02:45:10.000,24
2026-03-13 02:45:12.000,24
2026-03-13 02:45:12.000,22.8
2026-03-13 02:45:14.000,22.8
2026-03-13 02:45:14.000,21.6
2026-03-13 02:45:16.000,21.6
2026-03-13 02:45:16.000,20.4
2026-03-13 02:45:18.000,20.4
2026-03-13 02:45:18.000,22.8
2026-03-13 02:45:26.000,22.8
2026-03-13 02:45:26.000,21.6
2026-03-13 02:45:28.000,21.6
2026-03-13 02:45:28.000,20.4
2026-03-13 02:45:36.000,20.4
2026-03-13 02:45:36.000,21.6
2026-03-13 02:45:38.000,21.6
2026-03-13 02:45:38.000,22.8
2026-03-13 02:45:40.000,22.8
2026-03-13 02:45:40.000,24
2026-03-13 02:45:42.000,24
2026-03-13 02:45:42.000,26.4
2026-03-13 02:45:46.000,26.4
2026-03-13 02:45:46.000,27.6
2026-03-13 02:45:48.000,27.6
2026-03-13 02:45:48.000,28.8
2026-03-13 02:45:52.000,28.8
2026-03-13 02:45:52.000,30
2026-03-13 02:45:54.000,30
2026-03-13 02:45:54.000,31.2
2026-03-13 02:45:58.000,31.2
2026-03-13 02:45:58.000,32.4
2026-03-13 02:46:08.000,32.4
2026-03-13 02:46:08.000,31.2
2026-03-13 02:46:10.000,31.2
2026-03-13 02:46:10.000,28.8
2026-03-13 02:46:12.000,28.8
2026-03-13 02:46:12.000,27.6
2026-03-13 02:46:14.000,27.6
2026-03-13 02:46:14.000,25.2
2026-03-13 02:46:16.000,25.2
2026-03-13 02:46:16.000,26.4
2026-03-13 02:46:18.000,26.4
2026-03-13 02:46:18.000,25.2
2026-03-13 02:46:20.000,25.2
2026-03-13 02:46:20.000,24
2026-03-13 02:46:22.000,24
2026-03-13 02:46:22.000,22.8
2026-03-13 02:46:26.000,22.8
2026-03-13 02:46:26.000,24
2026-03-13 02:46:32.000,24
2026-03-13 02:46:32.000,25.2
2026-03-13 02:46:38.000,25.2
2026-03-13 02:46:38.000,26.4
2026-03-13 02:46:54.000,26.4
2026-03-13 02:46:54.000,25.2
2026-03-13 02:47:00.000,25.2
2026-03-13 02:47:00.000,24
2026-03-13 02:47:18.000,24
2026-03-13 02:47:18.000,25.2
2026-03-13 02:47:24.000,25.2
2026-03-13 02:47:24.000,26.4
2026-03-13 02:47:36.000,26.4
2026-03-13 02:47:36.000,27.6
2026-03-13 02:47:44.000,27.6
2026-03-13 02:47:44.000,28.8
2026-03-13 02:48:02.000,28.8
2026-03-13 02:48:02.000,30
2026-03-13 02:48:06.000,30
2026-03-13 02:48:06.000,28.8
2026-03-13 02:48:16.000,28.8
2026-03-13 02:48:16.000,30
2026-03-13 02:48:46.000,30
2026-03-13 02:48:46.000,31.2
2026-03-13 02:48:48.000,31.2
2026-03-13 02:48:48.000,30
2026-03-13 02:50:16.000,30
2026-03-13 02:50:16.000,31.2
2026-03-13 02:50:18.000,31.2
2026-03-13 02:50:18.000,30
2026-03-13 02:50:56.000,30
2026-03-13 02:50:56.000,28.8
2026-03-13 02:50:58.000,28.8
2026-03-13 02:50:58.000,27.6
2026-03-13 02:51:00.000,27.6
2026-03-13 02:51:00.000,26.4
2026-03-13 02:51:02.000,26.4
2026-03-13 02:51:02.000,20.4
2026-03-13 02:51:04.000,20.4
2026-03-13 02:51:04.000,19.2
2026-03-13 02:51:06.000,19.2
2026-03-13 02:51:06.000,18
2026-03-13 02:51:08.000,18
2026-03-13 02:51:08.000,14.4
2026-03-13 02:51:10.000,14.4
2026-03-13 02:51:10.000,15.6
2026-03-13 02:51:12.000,15.6
2026-03-13 02:51:12.000,14.4
2026-03-13 02:51:16.000,14.4
2026-03-13 02:51:16.000,15.6
2026-03-13 02:51:18.000,15.6
2026-03-13 02:51:18.000,16.8
2026-03-13 02:51:20.000,16.8
2026-03-13 02:51:20.000,18
2026-03-13 02:51:22.000,18
2026-03-13 02:51:22.000,22.8
2026-03-13 02:51:24.000,22.8
2026-03-13 02:51:24.000,25.2
2026-03-13 02:51:28.000,25.2
2026-03-13 02:51:28.000,22.8
2026-03-13 02:51:30.000,22.8
2026-03-13 02:51:30.000,21.6
2026-03-13 02:51:34.000,21.6
2026-03-13 02:51:34.000,24
2026-03-13 02:51:36.000,24
2026-03-13 02:51:36.000,25.2
2026-03-13 02:51:38.000,25.2
2026-03-13 02:51:38.000,27.6
2026-03-13 02:51:42.000,27.6
2026-03-13 02:51:42.000,28.8
2026-03-13 02:51:46.000,28.8
2026-03-13 02:51:46.000,26.4
2026-03-13 02:51:48.000,26.4
2026-03-13 02:51:48.000,27.6
2026-03-13 02:51:56.000,27.6
2026-03-13 02:51:56.000,26.4
2026-03-13 02:52:00.000,26.4
2026-03-13 02:52:00.000,25.2
2026-03-13 02:52:06.000,25.2
2026-03-13 02:52:06.000,24
2026-03-13 02:52:08.000,24
2026-03-13 02:52:08.000,22.8
2026-03-13 02:52:12.000,22.8
2026-03-13 02:52:12.000,26.4
2026-03-13 02:52:14.000,26.4
2026-03-13 02:52:14.000,12
2026-03-13 02:52:16.000,12
2026-03-13 02:52:16.000,7.2
2026-03-13 02:52:18.000,7.2
2026-03-13 02:52:18.000,8.4
2026-03-13 02:52:20.000,8.4
2026-03-13 02:52:20.000,9.6
2026-03-13 02:52:22.000,9.6
2026-03-13 02:52:22.000,12
2026-03-13 02:52:24.000,12
2026-03-13 02:52:24.000,10.8
2026-03-13 02:52:28.000,10.8
2026-03-13 02:52:28.000,12
2026-03-13 02:52:34.000,12
2026-03-13 02:52:34.000,13.2
2026-03-13 02:52:38.000,13.2
2026-03-13 02:52:38.000,14.4
2026-03-13 02:52:44.000,14.4
2026-03-13 02:52:44.000,13.2
2026-03-13 02:52:46.000,13.2
2026-03-13 02:52:46.000,12
2026-03-13 02:52:48.000,12
2026-03-13 02:52:48.000,10.8
2026-03-13 02:52:52.000,10.8
2026-03-13 02:52:52.000,12
2026-03-13 02:53:04.000,12
2026-03-13 02:53:04.000,13.2
2026-03-13 02:53:08.000,13.2
2026-03-13 02:53:08.000,14.4
2026-03-13 02:53:10.000,14.4
2026-03-13 02:53:10.000,15.6
2026-03-13 02:53:12.000,15.6
2026-03-13 02:53:12.000,13.2
2026-03-13 02:53:14.000,13.2
2026-03-13 02:53:14.000,12
2026-03-13 02:53:18.000,12
2026-03-13 02:53:18.000,13.2
2026-03-13 02:53:20.000,13.2
2026-03-13 02:53:20.000,12
2026-03-13 02:53:36.000,12
2026-03-13 02:53:36.000,13.2
2026-03-13 02:54:02.000,13.2
2026-03-13 02:54:02.000,12
2026-03-13 02:54:04.000,12
2026-03-13 02:54:04.000,13.2
2026-03-13 02:54:12.000,13.2
2026-03-13 02:54:12.000,12
2026-03-13 02:54:14.000,12
2026-03-13 02:54:14.000,13.2
2026-03-13 02:54:18.000,13.2
2026-03-13 02:54:18.000,12
2026-03-13 02:54:20.000,12
2026-03-13 02:54:20.000,13.2
2026-03-13 02:54:32.000,13.2
2026-03-13 02:54:32.000,14.4
2026-03-13 02:54:38.000,14.4
2026-03-13 02:54:38.000,13.2
2026-03-13 02:54:44.000,13.2
2026-03-13 02:54:44.000,14.4
2026-03-13 02:54:46.000,14.4
2026-03-13 02:54:46.000,15.6
2026-03-13 02:54:48.000,15.6
2026-03-13 02:54:48.000,19.2
2026-03-13 02:54:50.000,19.2
2026-03-13 02:54:50.000,20.4
2026-03-13 02:54:54.000,20.4
2026-03-13 02:54:54.000,21.6
2026-03-13 02:54:58.000,21.6
2026-03-13 02:54:58.000,22.8
2026-03-13 02:55:10.000,22.8
2026-03-13 02:55:10.000,24
2026-03-13 02:55:14.000,24
2026-03-13 02:55:14.000,25.2
2026-03-13 02:55:24.000,25.2
2026-03-13 02:55:24.000,24
2026-03-13 02:55:26.000,24
2026-03-13 02:55:26.000,22.8
2026-03-13 02:55:40.000,22.8
2026-03-13 02:55:40.000,21.6
2026-03-13 02:55:44.000,21.6
2026-03-13 02:55:44.000,20.4
2026-03-13 02:56:00.000,20.4
2026-03-13 02:56:00.000,19.2
2026-03-13 02:56:14.000,19.2
2026-03-13 02:56:14.000,20.4
2026-03-13 02:56:26.000,20.4
2026-03-13 02:56:26.000,19.2
2026-03-13 02:56:28.000,19.2
2026-03-13 02:56:28.000,20.4
2026-03-13 02:56:36.000,20.4
2026-03-13 02:56:36.000,19.2
2026-03-13 02:56:40.000,19.2
2026-03-13 02:56:40.000,20.4
2026-03-13 02:56:46.000,20.4
2026-03-13 02:56:46.000,21.6
2026-03-13 02:56:58.000,21.6
2026-03-13 02:56:58.000,22.8
2026-03-13 02:57:02.000,22.8
2026-03-13 02:57:02.000,24
2026-03-13 02:57:08.000,24
2026-03-13 02:57:08.000,22.8
2026-03-13 02:57:14.000,22.8
2026-03-13 02:57:14.000,21.6
2026-03-13 02:57:16.000,21.6
2026-03-13 02:57:16.000,20.4
2026-03-13 02:57:18.000,20.4
2026-03-13 02:57:18.000,19.2
2026-03-13 02:57:20.000,19.2
2026-03-13 02:57:20.000,14.4
2026-03-13 02:57:22.000,14.4
2026-03-13 02:57:22.000,15.6
2026-03-13 02:57:24.000,15.6
2026-03-13 02:57:24.000,14.4
2026-03-13 02:57:28.000,14.4
2026-03-13 02:57:28.000,13.2
2026-03-13 02:57:30.000,13.2
2026-03-13 02:57:30.000,14.4
2026-03-13 02:57:32.000,14.4
2026-03-13 02:57:32.000,13.2
2026-03-13 02:57:48.000,13.2
2026-03-13 02:57:48.000,14.4
2026-03-13 02:58:02.000,14.4
2026-03-13 02:58:02.000,13.2
2026-03-13 02:58:22.000,13.2
2026-03-13 02:58:22.000,14.4
2026-03-13 02:58:24.000,14.4
2026-03-13 02:58:24.000,13.2
2026-03-13 02:59:08.000,13.2
2026-03-13 02:59:08.000,14.4
2026-03-13 02:59:16.000,14.4
2026-03-13 02:59:16.000,15.6
2026-03-13 02:59:20.000,15.6
2026-03-13 02:59:20.000,14.4
2026-03-13 02:59:30.000,14.4
2026-03-13 02:59:30.000,13.2
2026-03-13 02:59:38.000,13.2
2026-03-13 02:59:38.000,14.4
2026-03-13 02:59:42.000,14.4
2026-03-13 02:59:42.000,13.2
2026-03-13 02:59:56.000,13.2
2026-03-13 02:59:56.000,12
2026-03-13 02:59:58.000,12
2026-03-13 02:59:58.000,13.2
2026-03-13 03:00:18.000,13.2
2026-03-13 03:00:18.000,12
2026-03-13 03:00:32.000,12
2026-03-13 03:00:32.000,13.2
2026-03-13 03:00:34.000,13.2
2026-03-13 03:00:34.000,14.4
2026-03-13 03:00:38.000,14.4
2026-03-13 03:00:38.000,15.6
2026-03-13 03:00:44.000,15.6
2026-03-13 03:00:44.000,14.4
2026-03-13 03:00:46.000,14.4
2026-03-13 03:00:46.000,13.2
2026-03-13 03:00:52.000,13.2
2026-03-13 03:00:52.000,18
2026-03-13 03:00:54.000,18
2026-03-13 03:00:54.000,0
2026-03-13 03:00:56.000,0
2026-03-13 03:00:56.000,9.6
2026-03-13 03:00:58.000,9.6
2026-03-13 03:00:58.000,7.2
2026-03-13 03:01:00.000,7.2
2026-03-13 03:01:00.000,9.6
2026-03-13 03:01:02.000,9.6
2026-03-13 03:01:02.000,12
2026-03-13 03:01:06.000,12
2026-03-13 03:01:06.000,13.2
2026-03-13 03:01:14.000,13.2
2026-03-13 03:01:14.000,14.4
2026-03-13 03:01:18.000,14.4
2026-03-13 03:01:18.000,15.6
2026-03-13 03:01:20.000,15.6
2026-03-13 03:01:20.000,16.8
2026-03-13 03:01:24.000,16.8
2026-03-13 03:01:24.000,18
2026-03-13 03:01:28.000,18
2026-03-13 03:01:28.000,16.8
2026-03-13 03:01:30.000,16.8
2026-03-13 03:01:30.000,18
2026-03-13 03:01:32.000,18
2026-03-13 03:01:32.000,16.8
2026-03-13 03:01:40.000,16.8
2026-03-13 03:01:40.000,15.6
2026-03-13 03:01:42.000,15.6
2026-03-13 03:01:42.000,14.4
2026-03-13 03:01:48.000,14.4
2026-03-13 03:01:48.000,13.2
2026-03-13 03:02:08.000,13.2
2026-03-13 03:02:08.000,14.4
2026-03-13 03:02:24.000,14.4
2026-03-13 03:02:24.000,13.2
2026-03-13 03:03:00.000,13.2
2026-03-13 03:03:00.000,14.4
2026-03-13 03:03:04.000,14.4
2026-03-13 03:03:04.000,13.2
2026-03-13 03:03:34.000,13.2
2026-03-13 03:03:34.000,14.4
2026-03-13 03:03:44.000,14.4
2026-03-13 03:03:44.000,13.2
2026-03-13 03:04:42.000,13.2
2026-03-13 03:04:42.000,14.4
2026-03-13 03:04:46.000,14.4
2026-03-13 03:04:46.000,13.2
2026-03-13 03:05:16.000,13.2
2026-03-13 03:05:16.000,14.4
2026-03-13 03:05:18.000,14.4
2026-03-13 03:05:18.000,13.2
2026-03-13 03:05:20.000,13.2
2026-03-13 03:05:20.000,12
2026-03-13 03:05:24.000,12
2026-03-13 03:05:24.000,13.2
2026-03-13 03:05:30.000,13.2
2026-03-13 03:05:30.000,14.4
2026-03-13 03:05:32.000,14.4
2026-03-13 03:05:32.000,13.2
2026-03-13 03:05:34.000,13.2
2026-03-13 03:05:34.000,14.4
2026-03-13 03:05:36.000,14.4
2026-03-13 03:05:36.000,13.2
2026-03-13 03:06:00.000,13.2
2026-03-13 03:06:00.000,14.4
2026-03-13 03:06:02.000,14.4
2026-03-13 03:06:02.000,13.2
2026-03-13 03:06:14.000,13.2
2026-03-13 03:06:14.000,14.4
2026-03-13 03:06:20.000,14.4
2026-03-13 03:06:20.000,16.8
2026-03-13 03:06:32.000,16.8
2026-03-13 03:06:32.000,15.6
2026-03-13 03:06:40.000,15.6
2026-03-13 03:06:40.000,16.8
2026-03-13 03:06:58.000,16.8
2026-03-13 03:06:58.000,18
2026-03-13 03:07:00.000,18
2026-03-13 03:07:00.000,20.4
2026-03-13 03:07:02.000,20.4
2026-03-13 03:07:02.000,22.8
2026-03-13 03:07:04.000,22.8
2026-03-13 03:07:04.000,25.2
2026-03-13 03:07:06.000,25.2
2026-03-13 03:07:06.000,27.6
2026-03-13 03:07:10.000,27.6
2026-03-13 03:07:10.000,30
2026-03-13 03:07:12.000,30
2026-03-13 03:07:12.000,31.2
2026-03-13 03:07:14.000,31.2
2026-03-13 03:07:14.000,32.4
2026-03-13 03:07:26.000,32.4
2026-03-13 03:07:26.000,33.6
2026-03-13 03:07:32.000,33.6
2026-03-13 03:07:32.000,34.8
2026-03-13 03:07:40.000,34.8
2026-03-13 03:07:40.000,33.6
2026-03-13 03:07:42.000,33.6
2026-03-13 03:07:42.000,34.8
2026-03-13 03:07:50.000,34.8
2026-03-13 03:07:50.000,33.6
2026-03-13 03:08:04.000,33.6
2026-03-13 03:08:04.000,32.4
2026-03-13 03:08:06.000,32.4
2026-03-13 03:08:06.000,28.8
2026-03-13 03:08:08.000,28.8
2026-03-13 03:08:08.000,20.4
2026-03-13 03:08:10.000,20.4
2026-03-13 03:08:10.000,19.2
2026-03-13 03:08:12.000,19.2
2026-03-13 03:08:12.000,18
2026-03-13 03:08:14.000,18
2026-03-13 03:08:14.000,19.2
2026-03-13 03:08:16.000,19.2
2026-03-13 03:08:16.000,20.4
2026-03-13 03:08:20.000,20.4
2026-03-13 03:08:20.000,21.6
2026-03-13 03:08:36.000,21.6
2026-03-13 03:08:36.000,22.8
2026-03-13 03:08:38.000,22.8
2026-03-13 03:08:38.000,21.6
2026-03-13 03:08:42.000,21.6
2026-03-13 03:08:42.000,22.8
2026-03-13 03:08:44.000,22.8
2026-03-13 03:08:44.000,21.6
2026-03-13 03:08:54.000,21.6
2026-03-13 03:08:54.000,22.8
2026-03-13 03:09:02.000,22.8
2026-03-13 03:09:02.000,24
2026-03-13 03:09:06.000,24
2026-03-13 03:09:06.000,22.8
2026-03-13 03:09:14.000,22.8
2026-03-13 03:09:14.000,25.2
2026-03-13 03:09:16.000,25.2
2026-03-13 03:09:16.000,4.8
2026-03-13 03:09:18.000,4.8
2026-03-13 03:09:18.000,7.2
2026-03-13 03:09:20.000,7.2
2026-03-13 03:09:20.000,8.4
2026-03-13 03:09:22.000,8.4
2026-03-13 03:09:22.000,12
2026-03-13 03:09:24.000,12
2026-03-13 03:09:24.000,15.6
2026-03-13 03:09:26.000,15.6
2026-03-13 03:09:26.000,18
2026-03-13 03:09:34.000,18
2026-03-13 03:09:34.000,19.2
2026-03-13 03:09:36.000,19.2
2026-03-13 03:09:36.000,20.4
2026-03-13 03:09:38.000,20.4
2026-03-13 03:09:38.000,21.6
2026-03-13 03:09:40.000,21.6
2026-03-13 03:09:40.000,26.4
2026-03-13 03:09:42.000,26.4
2026-03-13 03:09:42.000,39.6
2026-03-13 03:09:44.000,39.6
2026-03-13 03:09:44.000,48
2026-03-13 03:09:46.000,48
2026-03-13 03:09:46.000,51.6
2026-03-13 03:09:48.000,51.6
2026-03-13 03:09:48.000,50.4
2026-03-13 03:09:52.000,50.4
2026-03-13 03:09:52.000,51.6
2026-03-13 03:09:56.000,51.6
2026-03-13 03:09:56.000,50.4
2026-03-13 03:09:58.000,50.4
2026-03-13 03:09:58.000,49.2
2026-03-13 03:10:04.000,49.2
2026-03-13 03:10:04.000,50.4
2026-03-13 03:10:06.000,50.4
2026-03-13 03:10:06.000,49.2
2026-03-13 03:10:10.000,49.2
2026-03-13 03:10:10.000,50.4
2026-03-13 03:10:32.000,50.4
2026-03-13 03:10:32.000,49.2
2026-03-13 03:10:34.000,49.2
2026-03-13 03:10:34.000,48
2026-03-13 03:10:38.000,48
2026-03-13 03:10:38.000,46.8
2026-03-13 03:10:40.000,46.8
2026-03-13 03:10:40.000,45.6
2026-03-13 03:10:52.000,45.6
2026-03-13 03:10:52.000,44.4
2026-03-13 03:10:54.000,44.4
2026-03-13 03:10:54.000,39.6
2026-03-13 03:10:56.000,39.6
2026-03-13 03:10:56.000,25.2
2026-03-13 03:10:58.000,25.2
2026-03-13 03:10:58.000,24
2026-03-13 03:11:00.000,24
2026-03-13 03:11:00.000,12
2026-03-13 03:11:02.000,12
2026-03-13 03:11:02.000,13.2
2026-03-13 03:11:06.000,13.2
2026-03-13 03:11:06.000,14.4
2026-03-13 03:11:16.000,14.4
2026-03-13 03:11:16.000,15.6
2026-03-13 03:11:18.000,15.6
2026-03-13 03:11:18.000,14.4
2026-03-13 03:11:22.000,14.4
2026-03-13 03:11:22.000,13.2
2026-03-13 03:11:38.000,13.2
2026-03-13 03:11:38.000,14.4
2026-03-13 03:11:48.000,14.4
2026-03-13 03:11:48.000,15.6
2026-03-13 03:11:50.000,15.6
2026-03-13 03:11:50.000,14.4
2026-03-13 03:11:56.000,14.4
2026-03-13 03:11:56.000,13.2
2026-03-13 03:12:14.000,13.2
2026-03-13 03:12:14.000,14.4
2026-03-13 03:12:20.000,14.4
2026-03-13 03:12:20.000,15.6
2026-03-13 03:12:26.000,15.6
2026-03-13 03:12:26.000,13.2
2026-03-13 03:12:28.000,13.2
2026-03-13 03:12:28.000,7.2
2026-03-13 03:12:30.000,7.2
2026-03-13 03:12:30.000,3.6
2026-03-13 03:12:32.000,3.6
2026-03-13 03:12:32.000,0
2026-03-13 03:13:06.000,0
2026-03-13 03:13:06.000,6
2026-03-13 03:13:08.000,6
2026-03-13 03:13:08.000,14.4
2026-03-13 03:13:10.000,14.4
2026-03-13 03:13:10.000,13.2
2026-03-13 03:13:12.000,13.2
2026-03-13 03:13:12.000,27.6
2026-03-13 03:13:14.000,27.6
2026-03-13 03:13:14.000,14.4
2026-03-13 03:13:16.000,14.4
2026-03-13 03:13:16.000,19.2
2026-03-13 03:13:18.000,19.2
2026-03-13 03:13:18.000,15.6
2026-03-13 03:13:24.000,15.6
2026-03-13 03:13:24.000,16.8
2026-03-13 03:13:26.000,16.8
2026-03-13 03:13:26.000,15.6
2026-03-13 03:13:28.000,15.6
2026-03-13 03:13:28.000,16.8
2026-03-13 03:13:30.000,16.8
2026-03-13 03:13:30.000,19.2
2026-03-13 03:13:32.000,19.2
2026-03-13 03:13:32.000,21.6
2026-03-13 03:13:34.000,21.6
2026-03-13 03:13:34.000,24
2026-03-13 03:13:36.000,24
2026-03-13 03:13:36.000,25.2
2026-03-13 03:13:38.000,25.2
2026-03-13 03:13:38.000,26.4
2026-03-13 03:13:42.000,26.4
2026-03-13 03:13:42.000,27.6
2026-03-13 03:13:46.000,27.6
2026-03-13 03:13:46.000,28.8
2026-03-13 03:13:50.000,28.8
2026-03-13 03:13:50.000,30
2026-03-13 03:13:54.000,30
2026-03-13 03:13:54.000,31.2
2026-03-13 03:14:04.000,31.2
2026-03-13 03:14:04.000,30
2026-03-13 03:14:08.000,30
2026-03-13 03:14:08.000,28.8
2026-03-13 03:14:20.000,28.8
2026-03-13 03:14:20.000,27.6
2026-03-13 03:14:22.000,27.6
2026-03-13 03:14:22.000,26.4
2026-03-13 03:14:26.000,26.4
2026-03-13 03:14:26.000,27.6
2026-03-13 03:14:28.000,27.6
2026-03-13 03:14:28.000,30
2026-03-13 03:14:30.000,30
2026-03-13 03:14:30.000,32.4
2026-03-13 03:14:32.000,32.4
2026-03-13 03:14:32.000,30
2026-03-13 03:14:34.000,30
2026-03-13 03:14:34.000,27.6
2026-03-13 03:14:38.000,27.6
2026-03-13 03:14:38.000,25.2
2026-03-13 03:14:40.000,25.2
2026-03-13 03:14:40.000,26.4
2026-03-13 03:14:52.000,26.4
2026-03-13 03:14:52.000,25.2
2026-03-13 03:14:54.000,25.2
2026-03-13 03:14:54.000,26.4
2026-03-13 03:14:56.000,26.4
2026-03-13 03:14:56.000,28.8
2026-03-13 03:14:58.000,28.8
2026-03-13 03:14:58.000,31.2
2026-03-13 03:15:02.000,31.2
2026-03-13 03:15:02.000,33.6
2026-03-13 03:15:06.000,33.6
2026-03-13 03:15:06.000,36
2026-03-13 03:15:16.000,36
2026-03-13 03:15:16.000,37.2
2026-03-13 03:15:30.000,37.2
2026-03-13 03:15:30.000,38.4
2026-03-13 03:15:34.000,38.4
2026-03-13 03:15:34.000,39.6
2026-03-13 03:15:44.000,39.6
2026-03-13 03:15:44.000,40.8
2026-03-13 03:15:58.000,40.8
2026-03-13 03:15:58.000,39.6
2026-03-13 03:16:04.000,39.6
2026-03-13 03:16:04.000,38.4
2026-03-13 03:16:06.000,38.4
2026-03-13 03:16:06.000,36
2026-03-13 03:16:08.000,36
2026-03-13 03:16:08.000,37.2
2026-03-13 03:16:10.000,37.2
2026-03-13 03:16:10.000,34.8
2026-03-13 03:16:44.000,34.8
2026-03-13 03:16:44.000,36
2026-03-13 03:17:48.000,36
2026-03-13 03:17:48.000,34.8
2026-03-13 03:17:50.000,34.8
2026-03-13 03:17:50.000,30
2026-03-13 03:17:52.000,30
2026-03-13 03:17:52.000,26.4
2026-03-13 03:17:54.000,26.4
2026-03-13 03:17:54.000,24
2026-03-13 03:17:56.000,24
2026-03-13 03:17:56.000,21.6
2026-03-13 03:17:58.000,21.6
2026-03-13 03:17:58.000,22.8
2026-03-13 03:18:00.000,22.8
2026-03-13 03:18:00.000,20.4
2026-03-13 03:18:02.000,20.4
2026-03-13 03:18:02.000,21.6
2026-03-13 03:18:04.000,21.6
2026-03-13 03:18:04.000,20.4
2026-03-13 03:18:12.000,20.4
2026-03-13 03:18:12.000,22.8
2026-03-13 03:18:14.000,22.8
2026-03-13 03:18:14.000,26.4
2026-03-13 03:18:16.000,26.4
2026-03-13 03:18:16.000,32.4
2026-03-13 03:18:18.000,32.4
2026-03-13 03:18:18.000,40.8
2026-03-13 03:18:20.000,40.8
2026-03-13 03:18:20.000,42
2026-03-13 03:18:22.000,42
2026-03-13 03:18:22.000,46.8
2026-03-13 03:18:28.000,46.8
2026-03-13 03:18:28.000,48
2026-03-13 03:18:34.000,48
2026-03-13 03:18:34.000,49.2
2026-03-13 03:18:40.000,49.2
2026-03-13 03:18:40.000,50.4
2026-03-13 03:18:44.000,50.4
2026-03-13 03:18:44.000,51.6
2026-03-13 03:18:50.000,51.6
2026-03-13 03:18:50.000,52.8
2026-03-13 03:18:58.000,52.8
2026-03-13 03:18:58.000,51.6
2026-03-13 03:19:20.000,51.6
2026-03-13 03:19:20.000,52.8
2026-03-13 03:19:30.000,52.8
2026-03-13 03:19:30.000,54
2026-03-13 03:19:44.000,54
2026-03-13 03:19:44.000,55.2
2026-03-13 03:19:56.000,55.2
2026-03-13 03:19:56.000,56.4
2026-03-13 03:20:12.000,56.4
2026-03-13 03:20:12.000,55.2
2026-03-13 03:20:14.000,55.2
2026-03-13 03:20:14.000,54
2026-03-13 03:20:24.000,54
2026-03-13 03:20:24.000,52.8
2026-03-13 03:20:36.000,52.8
2026-03-13 03:20:36.000,54
2026-03-13 03:21:02.000,54
2026-03-13 03:21:02.000,52.8
2026-03-13 03:21:40.000,52.8
2026-03-13 03:21:40.000,51.6
2026-03-13 03:22:04.000,51.6
2026-03-13 03:22:04.000,50.4
2026-03-13 03:22:10.000,50.4
2026-03-13 03:22:10.000,48
2026-03-13 03:22:12.000,48
2026-03-13 03:22:12.000,46.8
2026-03-13 03:22:14.000,46.8
2026-03-13 03:22:14.000,45.6
2026-03-13 03:22:16.000,45.6
2026-03-13 03:22:16.000,43.2
2026-03-13 03:22:20.000,43.2
2026-03-13 03:22:20.000,42
2026-03-13 03:22:32.000,42
2026-03-13 03:22:32.000,40.8
2026-03-13 03:22:34.000,40.8
2026-03-13 03:22:34.000,39.6
2026-03-13 03:22:36.000,39.6
2026-03-13 03:22:36.000,37.2
2026-03-13 03:22:38.000,37.2
2026-03-13 03:22:38.000,38.4
2026-03-13 03:22:42.000,38.4
2026-03-13 03:22:42.000,39.6
2026-03-13 03:22:46.000,39.6
2026-03-13 03:22:46.000,40.8
2026-03-13 03:22:52.000,40.8
2026-03-13 03:22:52.000,42
2026-03-13 03:23:00.000,42
2026-03-13 03:23:00.000,43.2
2026-03-13 03:23:22.000,43.2
2026-03-13 03:23:22.000,44.4
2026-03-13 03:23:54.000,44.4
2026-03-13 03:23:54.000,45.6
2026-03-13 03:23:56.000,45.6
2026-03-13 03:23:56.000,44.4
2026-03-13 03:23:58.000,44.4
2026-03-13 03:23:58.000,45.6
2026-03-13 03:25:24.000,45.6
2026-03-13 03:25:24.000,44.4
2026-03-13 03:25:26.000,44.4
2026-03-13 03:25:26.000,45.6
2026-03-13 03:25:28.000,45.6
2026-03-13 03:25:28.000,44.4
2026-03-13 03:25:56.000,44.4
2026-03-13 03:25:56.000,43.2
2026-03-13 03:26:06.000,43.2
2026-03-13 03:26:06.000,44.4
2026-03-13 03:26:12.000,44.4
2026-03-13 03:26:12.000,45.6
2026-03-13 03:26:18.000,45.6
2026-03-13 03:26:18.000,46.8
2026-03-13 03:26:22.000,46.8
2026-03-13 03:26:22.000,48
2026-03-13 03:26:28.000,48
2026-03-13 03:26:28.000,49.2
2026-03-13 03:26:36.000,49.2
2026-03-13 03:26:36.000,48
2026-03-13 03:26:50.000,48
2026-03-13 03:26:50.000,49.2
2026-03-13 03:27:28.000,49.2
2026-03-13 03:27:28.000,44.4
2026-03-13 03:27:30.000,44.4
2026-03-13 03:27:30.000,37.2
2026-03-13 03:27:32.000,37.2
2026-03-13 03:27:32.000,31.2
2026-03-13 03:27:36.000,31.2
2026-03-13 03:27:36.000,24
2026-03-13 03:27:38.000,24
2026-03-13 03:27:38.000,27.6
2026-03-13 03:27:40.000,27.6
2026-03-13 03:27:40.000,24
2026-03-13 03:27:42.000,24
2026-03-13 03:27:42.000,25.2
2026-03-13 03:27:44.000,25.2
2026-03-13 03:27:44.000,24
2026-03-13 03:27:46.000,24
2026-03-13 03:27:46.000,21.6
2026-03-13 03:27:48.000,21.6
2026-03-13 03:27:48.000,24
2026-03-13 03:27:50.000,24
2026-03-13 03:27:50.000,18
2026-03-13 03:27:52.000,18
2026-03-13 03:27:52.000,19.2
2026-03-13 03:27:54.000,19.2
2026-03-13 03:27:54.000,15.6
2026-03-13 03:27:56.000,15.6
2026-03-13 03:27:56.000,16.8
2026-03-13 03:27:58.000,16.8
2026-03-13 03:27:58.000,21.6
2026-03-13 03:28:00.000,21.6
2026-03-13 03:28:00.000,19.2
2026-03-13 03:28:02.000,19.2
2026-03-13 03:28:02.000,18
2026-03-13 03:28:04.000,18
2026-03-13 03:28:04.000,19.2
2026-03-13 03:28:06.000,19.2
2026-03-13 03:28:06.000,18
2026-03-13 03:28:08.000,18
2026-03-13 03:28:08.000,15.6
2026-03-13 03:28:12.000,15.6
2026-03-13 03:28:12.000,26.4
2026-03-13 03:28:14.000,26.4
2026-03-13 03:28:14.000,22.8
2026-03-13 03:28:16.000,22.8
2026-03-13 03:28:16.000,12
2026-03-13 03:28:18.000,12
2026-03-13 03:28:18.000,25.2
2026-03-13 03:28:20.000,25.2
2026-03-13 03:28:20.000,15.6
2026-03-13 03:28:22.000,15.6
2026-03-13 03:28:22.000,14.4
2026-03-13 03:28:24.000,14.4
2026-03-13 03:28:24.000,12
2026-03-13 03:28:42.000,12
2026-03-13 03:28:42.000,13.2
2026-03-13 03:28:54.000,13.2
2026-03-13 03:28:54.000,12
2026-03-13 03:30:24.000,12
2026-03-13 03:30:24.000,14.4
2026-03-13 03:30:26.000,14.4
2026-03-13 03:30:26.000,0
2026-03-13 03:30:30.000,0
2026-03-13 03:30:30.000,2.4
2026-03-13 03:30:32.000,2.4
2026-03-13 03:30:32.000,7.2
2026-03-13 03:30:34.000,7.2
2026-03-13 03:30:34.000,8.4
2026-03-13 03:30:38.000,8.4
2026-03-13 03:30:38.000,9.6
2026-03-13 03:30:48.000,9.6
2026-03-13 03:30:48.000,10.8
2026-03-13 03:30:56.000,10.8
2026-03-13 03:30:56.000,12
2026-03-13 03:31:00.000,12
2026-03-13 03:31:00.000,13.2
2026-03-13 03:31:08.000,13.2
2026-03-13 03:31:08.000,12
2026-03-13 03:31:14.000,12
2026-03-13 03:31:14.000,10.8
2026-03-13 03:31:34.000,10.8
2026-03-13 03:31:34.000,12
2026-03-13 03:31:54.000,12
2026-03-13 03:31:54.000,10.8
2026-03-13 03:32:14.000,10.8
2026-03-13 03:32:14.000,12
2026-03-13 03:32:28.000,12
2026-03-13 03:32:28.000,10.8
2026-03-13 03:32:52.000,10.8
2026-03-13 03:32:52.000,12
2026-03-13 03:33:04.000,12
2026-03-13 03:33:04.000,10.8
2026-03-13 03:33:28.000,10.8
2026-03-13 03:33:28.000,12
2026-03-13 03:33:32.000,12
2026-03-13 03:33:32.000,10.8
2026-03-13 03:34:18.000,10.8
2026-03-13 03:34:18.000,12
2026-03-13 03:34:20.000,12
2026-03-13 03:34:20.000,10.8
2026-03-13 03:37:10.000,10.8
2026-03-13 03:37:10.000,12
2026-03-13 03:37:12.000,12
2026-03-13 03:37:12.000,10.8
2026-03-13 03:37:14.000,10.8
2026-03-13 03:37:14.000,12
2026-03-13 03:37:18.000,12
2026-03-13 03:37:18.000,10.8
2026-03-13 03:37:56.000,10.8
2026-03-13 03:37:56.000,12
2026-03-13 03:38:00.000,12
2026-03-13 03:38:00.000,10.8
2026-03-13 03:38:02.000,10.8
2026-03-13 03:38:02.000,12
2026-03-13 03:38:08.000,12
2026-03-13 03:38:08.000,10.8
2026-03-13 03:38:34.000,10.8
2026-03-13 03:38:34.000,12
2026-03-13 03:38:48.000,12
2026-03-13 03:38:48.000,10.8
2026-03-13 03:39:18.000,10.8
2026-03-13 03:39:18.000,12
2026-03-13 03:39:24.000,12
2026-03-13 03:39:24.000,10.8
2026-03-13 03:40:44.000,10.8
2026-03-13 03:40:44.000,12
2026-03-13 03:40:48.000,12
2026-03-13 03:40:48.000,10.8
2026-03-13 03:41:24.000,10.8
2026-03-13 03:41:24.000,12
2026-03-13 03:41:30.000,12
2026-03-13 03:41:30.000,10.8
2026-03-13 03:42:04.000,10.8
2026-03-13 03:42:04.000,12
2026-03-13 03:42:18.000,12
2026-03-13 03:42:18.000,10.8
2026-03-13 03:42:44.000,10.8
2026-03-13 03:42:44.000,12
2026-03-13 03:43:00.000,12
2026-03-13 03:43:00.000,10.8
2026-03-13 03:43:24.000,10.8
2026-03-13 03:43:24.000,12
2026-03-13 03:43:42.000,12
2026-03-13 03:43:42.000,10.8
2026-03-13 03:44:10.000,10.8
2026-03-13 03:44:10.000,12
2026-03-13 03:44:24.000,12
2026-03-13 03:44:24.000,10.8
2026-03-13 03:44:48.000,10.8
2026-03-13 03:44:48.000,12
2026-03-13 03:45:04.000,12
2026-03-13 03:45:04.000,10.8
2026-03-13 03:45:28.000,10.8
2026-03-13 03:45:28.000,12
2026-03-13 03:45:42.000,12
2026-03-13 03:45:42.000,10.8
2026-03-13 03:46:22.000,10.8
2026-03-13 03:46:22.000,12
2026-03-13 03:46:24.000,12
2026-03-13 03:46:24.000,10.8
2026-03-13 03:46:26.000,10.8
2026-03-13 03:46:26.000,12
2026-03-13 03:46:30.000,12
2026-03-13 03:46:30.000,10.8
2026-03-13 03:46:34.000,10.8
2026-03-13 03:46:34.000,12
2026-03-13 03:46:38.000,12
2026-03-13 03:46:38.000,10.8
2026-03-13 03:47:10.000,10.8
2026-03-13 03:47:10.000,12
2026-03-13 03:47:16.000,12
2026-03-13 03:47:16.000,10.8
2026-03-13 03:47:24.000,10.8
2026-03-13 03:47:24.000,12
2026-03-13 03:47:26.000,12
2026-03-13 03:47:26.000,10.8
2026-03-13 03:47:56.000,10.8
2026-03-13 03:47:56.000,12
2026-03-13 03:48:00.000,12
2026-03-13 03:48:00.000,10.8
2026-03-13 03:48:02.000,10.8
2026-03-13 03:48:02.000,12
2026-03-13 03:48:06.000,12
2026-03-13 03:48:06.000,10.8
2026-03-13 03:48:32.000,10.8
2026-03-13 03:48:32.000,12
2026-03-13 03:48:44.000,12
2026-03-13 03:48:44.000,10.8
2026-03-13 03:49:24.000,10.8
2026-03-13 03:49:24.000,12
2026-03-13 03:49:28.000,12
2026-03-13 03:49:28.000,10.8
2026-03-13 03:50:16.000,10.8
2026-03-13 03:50:16.000,12
2026-03-13 03:50:20.000,12
2026-03-13 03:50:20.000,10.8
2026-03-13 03:51:58.000,10.8
2026-03-13 03:51:58.000,14.4
2026-03-13 03:52:00.000,14.4
2026-03-13 03:52:00.000,4.8
2026-03-13 03:52:04.000,4.8
2026-03-13 03:52:04.000,7.2
2026-03-13 03:52:08.000,7.2
2026-03-13 03:52:08.000,8.4
2026-03-13 03:52:14.000,8.4
2026-03-13 03:52:14.000,9.6
2026-03-13 03:52:22.000,9.6
2026-03-13 03:52:22.000,10.8
2026-03-13 03:52:28.000,10.8
2026-03-13 03:52:28.000,12
2026-03-13 03:52:32.000,12
2026-03-13 03:52:32.000,13.2
2026-03-13 03:52:34.000,13.2
2026-03-13 03:52:34.000,12
2026-03-13 03:52:40.000,12
2026-03-13 03:52:40.000,10.8
2026-03-13 03:53:08.000,10.8
2026-03-13 03:53:08.000,12
2026-03-13 03:53:22.000,12
2026-03-13 03:53:22.000,10.8
2026-03-13 03:53:50.000,10.8
2026-03-13 03:53:50.000,12
2026-03-13 03:53:56.000,12
2026-03-13 03:53:56.000,10.8
2026-03-13 03:54:28.000,10.8
2026-03-13 03:54:28.000,12
2026-03-13 03:54:34.000,12
2026-03-13 03:54:34.000,10.8
2026-03-13 04:02:00.000,10.8
2026-03-13 04:02:00.000,12
2026-03-13 04:02:02.000,12
2026-03-13 04:02:02.000,10.8
2026-03-13 04:03:44.000,10.8
2026-03-13 04:03:44.000,15.6
2026-03-13 04:03:46.000,15.6
2026-03-13 04:03:46.000,13.2
2026-03-13 04:03:48.000,13.2
2026-03-13 04:03:48.000,8.4
2026-03-13 04:03:50.000,8.4
2026-03-13 04:03:50.000,6
2026-03-13 04:03:52.000,6
2026-03-13 04:03:52.000,0
2026-03-13 04:04:00.000,0
2026-03-13 04:04:00.000,1.2
2026-03-13 04:04:06.000,1.2
2026-03-13 04:04:06.000,2.4
2026-03-13 04:04:08.000,2.4
2026-03-13 04:04:08.000,13.2
2026-03-13 04:04:10.000,13.2
2026-03-13 04:04:10.000,0
2026-03-13 04:04:12.000,0
2026-03-13 04:04:12.000,9.6
2026-03-13 04:04:14.000,9.6
2026-03-13 04:04:14.000,3.6
2026-03-13 04:04:16.000,3.6
2026-03-13 04:04:16.000,7.2
2026-03-13 04:04:22.000,7.2
2026-03-13 04:04:22.000,8.4
2026-03-13 04:04:28.000,8.4
2026-03-13 04:04:28.000,9.6
2026-03-13 04:04:34.000,9.6
2026-03-13 04:04:34.000,10.8
2026-03-13 04:04:36.000,10.8
2026-03-13 04:04:36.000,12
2026-03-13 04:04:40.000,12
2026-03-13 04:04:40.000,13.2
2026-03-13 04:04:42.000,13.2
2026-03-13 04:04:42.000,14.4
2026-03-13 04:04:46.000,14.4
2026-03-13 04:04:46.000,13.2
2026-03-13 04:04:50.000,13.2
2026-03-13 04:04:50.000,12
2026-03-13 04:04:54.000,12
2026-03-13 04:04:54.000,10.8
2026-03-13 04:05:06.000,10.8
2026-03-13 04:05:06.000,12
2026-03-13 04:05:18.000,12
2026-03-13 04:05:18.000,13.2
2026-03-13 04:05:30.000,13.2
2026-03-13 04:05:30.000,12
2026-03-13 04:05:34.000,12
2026-03-13 04:05:34.000,10.8
2026-03-13 04:05:36.000,10.8
2026-03-13 04:05:36.000,12
2026-03-13 04:05:42.000,12
2026-03-13 04:05:42.000,10.8
2026-03-13 04:05:46.000,10.8
2026-03-13 04:05:46.000,12
2026-03-13 04:05:58.000,12
2026-03-13 04:05:58.000,13.2
2026-03-13 04:06:04.000,13.2
2026-03-13 04:06:04.000,12
2026-03-13 04:06:18.000,12
2026-03-13 04:06:18.000,10.8
2026-03-13 04:06:20.000,10.8
2026-03-13 04:06:20.000,12
2026-03-13 04:06:36.000,12
2026-03-13 04:06:36.000,13.2
2026-03-13 04:06:44.000,13.2
2026-03-13 04:06:44.000,12
2026-03-13 04:07:20.000,12
2026-03-13 04:07:20.000,13.2
2026-03-13 04:07:24.000,13.2
2026-03-13 04:07:24.000,12
2026-03-13 04:07:48.000,12
2026-03-13 04:07:48.000,13.2
2026-03-13 04:07:50.000,13.2
2026-03-13 04:07:50.000,12
2026-03-13 04:08:22.000,12
2026-03-13 04:08:22.000,13.2
2026-03-13 04:08:28.000,13.2
2026-03-13 04:08:28.000,12
2026-03-13 04:09:30.000,12
2026-03-13 04:09:30.000,10.8
2026-03-13 04:09:34.000,10.8
2026-03-13 04:09:34.000,12
2026-03-13 04:09:46.000,12
2026-03-13 04:09:46.000,13.2
2026-03-13 04:09:54.000,13.2
2026-03-13 04:09:54.000,12
2026-03-13 04:10:00.000,12
2026-03-13 04:10:00.000,10.8
2026-03-13 04:10:16.000,10.8
2026-03-13 04:10:16.000,12
2026-03-13 04:10:24.000,12
2026-03-13 04:10:24.000,13.2
2026-03-13 04:10:34.000,13.2
2026-03-13 04:10:34.000,12
2026-03-13 04:10:54.000,12
2026-03-13 04:10:54.000,10.8
2026-03-13 04:10:56.000,10.8
2026-03-13 04:10:56.000,12
2026-03-13 04:11:28.000,12
2026-03-13 04:11:28.000,10.8
2026-03-13 04:11:34.000,10.8
2026-03-13 04:11:34.000,12
2026-03-13 04:11:36.000,12
2026-03-13 04:11:36.000,10.8
2026-03-13 04:11:40.000,10.8
2026-03-13 04:11:40.000,12
2026-03-13 04:11:42.000,12
2026-03-13 04:11:42.000,10.8
2026-03-13 04:11:44.000,10.8
2026-03-13 04:11:44.000,12
2026-03-13 04:12:04.000,12
2026-03-13 04:12:04.000,10.8
2026-03-13 04:12:20.000,10.8
2026-03-13 04:12:20.000,12
2026-03-13 04:12:42.000,12
2026-03-13 04:12:42.000,10.8
2026-03-13 04:12:54.000,10.8
2026-03-13 04:12:54.000,12
2026-03-13 04:13:26.000,12
2026-03-13 04:13:26.000,10.8
2026-03-13 04:13:40.000,10.8
2026-03-13 04:13:40.000,12
2026-03-13 04:14:04.000,12
2026-03-13 04:14:04.000,10.8
2026-03-13 04:14:22.000,10.8
2026-03-13 04:14:22.000,12
2026-03-13 04:14:58.000,12
2026-03-13 04:14:58.000,10.8
2026-03-13 04:15:02.000,10.8
2026-03-13 04:15:02.000,12
2026-03-13 04:15:06.000,12
2026-03-13 04:15:06.000,10.8
2026-03-13 04:15:08.000,10.8
2026-03-13 04:15:08.000,12
2026-03-13 04:15:40.000,12
2026-03-13 04:15:40.000,10.8
2026-03-13 04:15:42.000,10.8
2026-03-13 04:15:42.000,12
2026-03-13 04:15:44.000,12
2026-03-13 04:15:44.000,10.8
2026-03-13 04:15:50.000,10.8
2026-03-13 04:15:50.000,12
2026-03-13 04:16:08.000,12
2026-03-13 04:16:08.000,10.8
2026-03-13 04:16:10.000,10.8
2026-03-13 04:16:10.000,12
2026-03-13 04:16:38.000,12
2026-03-13 04:16:38.000,10.8
2026-03-13 04:16:40.000,10.8
2026-03-13 04:16:40.000,12
2026-03-13 04:17:08.000,12
2026-03-13 04:17:08.000,10.8
2026-03-13 04:17:12.000,10.8
2026-03-13 04:17:12.000,12
2026-03-13 04:17:58.000,12
2026-03-13 04:17:58.000,10.8
2026-03-13 04:18:00.000,10.8
2026-03-13 04:18:00.000,12
2026-03-13 04:26:14.000,12
2026-03-13 04:26:14.000,15.6
2026-03-13 04:26:16.000,15.6
2026-03-13 04:26:16.000,14.4
2026-03-13 04:26:18.000,14.4
2026-03-13 04:26:18.000,8.4
2026-03-13 04:26:20.000,8.4
2026-03-13 04:26:20.000,7.2
2026-03-13 04:26:22.000,7.2
2026-03-13 04:26:22.000,9.6
2026-03-13 04:26:24.000,9.6
2026-03-13 04:26:24.000,10.8
2026-03-13 04:26:36.000,10.8
2026-03-13 04:26:36.000,12
2026-03-13 04:26:40.000,12
2026-03-13 04:26:40.000,20.4
2026-03-13 04:26:42.000,20.4
2026-03-13 04:26:42.000,0
2026-03-13 04:26:44.000,0
2026-03-13 04:26:44.000,3.6
2026-03-13 04:26:46.000,3.6
2026-03-13 04:26:46.000,1.2
2026-03-13 04:26:48.000,1.2
2026-03-13 04:26:48.000,3.6
2026-03-13 04:26:50.000,3.6
2026-03-13 04:26:50.000,7.2
2026-03-13 04:26:52.000,7.2
2026-03-13 04:26:52.000,6
2026-03-13 04:27:06.000,6
2026-03-13 04:27:06.000,7.2
2026-03-13 04:27:14.000,7.2
2026-03-13 04:27:14.000,8.4
2026-03-13 04:27:22.000,8.4
2026-03-13 04:27:22.000,9.6
2026-03-13 04:27:24.000,9.6
2026-03-13 04:27:24.000,8.4
2026-03-13 04:27:30.000,8.4
2026-03-13 04:27:30.000,7.2
2026-03-13 04:27:50.000,7.2
2026-03-13 04:27:50.000,8.4
2026-03-13 04:28:16.000,8.4
2026-03-13 04:28:16.000,7.2
2026-03-13 04:28:32.000,7.2
2026-03-13 04:28:32.000,8.4
2026-03-13 04:28:56.000,8.4
2026-03-13 04:28:56.000,7.2
2026-03-13 04:29:10.000,7.2
2026-03-13 04:29:10.000,8.4
2026-03-13 04:29:38.000,8.4
2026-03-13 04:29:38.000,10.8
2026-03-13 04:29:40.000,10.8
2026-03-13 04:29:40.000,14.4
2026-03-13 04:29:42.000,14.4
2026-03-13 04:29:42.000,12
2026-03-13 04:29:48.000,12
2026-03-13 04:29:48.000,13.2
2026-03-13 04:29:50.000,13.2
2026-03-13 04:29:50.000,15.6
2026-03-13 04:29:56.000,15.6
2026-03-13 04:29:56.000,13.2
2026-03-13 04:29:58.000,13.2
2026-03-13 04:29:58.000,10.8
2026-03-13 04:30:00.000,10.8
2026-03-13 04:30:00.000,6
2026-03-13 04:30:02.000,6
2026-03-13 04:30:02.000,19.2
2026-03-13 04:30:04.000,19.2
2026-03-13 04:30:04.000,14.4
2026-03-13 04:30:08.000,14.4
2026-03-13 04:30:08.000,10.8
2026-03-13 04:30:14.000,10.8
2026-03-13 04:30:14.000,12
2026-03-13 04:30:24.000,12
2026-03-13 04:30:24.000,13.2
2026-03-13 04:30:26.000,13.2
2026-03-13 04:30:26.000,16.8
2026-03-13 04:30:28.000,16.8
2026-03-13 04:30:28.000,15.6
2026-03-13 04:30:30.000,15.6
2026-03-13 04:30:30.000,16.8
2026-03-13 04:30:34.000,16.8
2026-03-13 04:30:34.000,14.4
2026-03-13 04:30:38.000,14.4
2026-03-13 04:30:38.000,13.2
2026-03-13 04:30:42.000,13.2
2026-03-13 04:30:42.000,12
2026-03-13 04:30:48.000,12
2026-03-13 04:30:48.000,13.2
2026-03-13 04:30:50.000,13.2
2026-03-13 04:30:50.000,14.4
2026-03-13 04:30:54.000,14.4
2026-03-13 04:30:54.000,15.6
2026-03-13 04:30:56.000,15.6
2026-03-13 04:30:56.000,16.8
2026-03-13 04:31:00.000,16.8
2026-03-13 04:31:00.000,18
2026-03-13 04:31:04.000,18
2026-03-13 04:31:04.000,19.2
2026-03-13 04:31:06.000,19.2
2026-03-13 04:31:06.000,21.6
2026-03-13 04:31:10.000,21.6
2026-03-13 04:31:10.000,22.8
2026-03-13 04:31:16.000,22.8
2026-03-13 04:31:16.000,24
2026-03-13 04:31:34.000,24
2026-03-13 04:31:34.000,25.2
2026-03-13 04:31:44.000,25.2
2026-03-13 04:31:44.000,26.4
2026-03-13 04:31:58.000,26.4
2026-03-13 04:31:58.000,25.2
2026-03-13 04:32:08.000,25.2
2026-03-13 04:32:08.000,26.4
2026-03-13 04:32:10.000,26.4
2026-03-13 04:32:10.000,27.6
2026-03-13 04:32:16.000,27.6
2026-03-13 04:32:16.000,28.8
2026-03-13 04:32:18.000,28.8
2026-03-13 04:32:18.000,30
2026-03-13 04:32:22.000,30
2026-03-13 04:32:22.000,31.2
2026-03-13 04:32:30.000,31.2
2026-03-13 04:32:30.000,32.4
2026-03-13 04:32:34.000,32.4
2026-03-13 04:32:34.000,33.6
2026-03-13 04:32:36.000,33.6
2026-03-13 04:32:36.000,37.2
2026-03-13 04:32:38.000,37.2
2026-03-13 04:32:38.000,38.4
2026-03-13 04:32:40.000,38.4
2026-03-13 04:32:40.000,42
2026-03-13 04:32:46.000,42
2026-03-13 04:32:46.000,43.2
2026-03-13 04:33:08.000,43.2
2026-03-13 04:33:08.000,42
2026-03-13 04:33:26.000,42
2026-03-13 04:33:26.000,40.8
2026-03-13 04:33:56.000,40.8
2026-03-13 04:33:56.000,39.6
2026-03-13 04:34:36.000,39.6
2026-03-13 04:34:36.000,40.8
2026-03-13 04:34:40.000,40.8
2026-03-13 04:34:40.000,39.6
2026-03-13 04:34:42.000,39.6
2026-03-13 04:34:42.000,38.4
2026-03-13 04:35:06.000,38.4
2026-03-13 04:35:06.000,39.6
2026-03-13 04:35:12.000,39.6
2026-03-13 04:35:12.000,38.4
2026-03-13 04:35:14.000,38.4
2026-03-13 04:35:14.000,39.6
2026-03-13 04:35:16.000,39.6
2026-03-13 04:35:16.000,38.4
2026-03-13 04:35:18.000,38.4
2026-03-13 04:35:18.000,39.6
2026-03-13 04:35:30.000,39.6
2026-03-13 04:35:30.000,38.4
2026-03-13 04:35:40.000,38.4
2026-03-13 04:35:40.000,39.6
2026-03-13 04:35:54.000,39.6
2026-03-13 04:35:54.000,40.8
2026-03-13 04:35:58.000,40.8
2026-03-13 04:35:58.000,39.6
2026-03-13 04:36:00.000,39.6
2026-03-13 04:36:00.000,40.8
2026-03-13 04:36:18.000,40.8
2026-03-13 04:36:18.000,42
2026-03-13 04:36:22.000,42
2026-03-13 04:36:22.000,40.8
2026-03-13 04:36:28.000,40.8
2026-03-13 04:36:28.000,42
2026-03-13 04:37:04.000,42
2026-03-13 04:37:04.000,43.2
2026-03-13 04:37:46.000,43.2
2026-03-13 04:37:46.000,42
2026-03-13 04:37:48.000,42
2026-03-13 04:37:48.000,40.8
2026-03-13 04:37:50.000,40.8
2026-03-13 04:37:50.000,39.6
2026-03-13 04:38:06.000,39.6
2026-03-13 04:38:06.000,40.8
2026-03-13 04:38:30.000,40.8
2026-03-13 04:38:30.000,42
2026-03-13 04:38:32.000,42
2026-03-13 04:38:32.000,40.8
2026-03-13 04:38:46.000,40.8
2026-03-13 04:38:46.000,42
2026-03-13 04:39:06.000,42
2026-03-13 04:39:06.000,36
2026-03-13 04:39:08.000,36
2026-03-13 04:39:08.000,22.8
2026-03-13 04:39:10.000,22.8
2026-03-13 04:39:10.000,13.2
2026-03-13 04:39:12.000,13.2
2026-03-13 04:39:12.000,12
2026-03-13 04:39:14.000,12
2026-03-13 04:39:14.000,14.4
2026-03-13 04:39:16.000,14.4
2026-03-13 04:39:16.000,15.6
2026-03-13 04:39:18.000,15.6
2026-03-13 04:39:18.000,16.8
2026-03-13 04:39:20.000,16.8
2026-03-13 04:39:20.000,18
2026-03-13 04:39:22.000,18
2026-03-13 04:39:22.000,19.2
2026-03-13 04:39:24.000,19.2
2026-03-13 04:39:24.000,21.6
2026-03-13 04:39:26.000,21.6
2026-03-13 04:39:26.000,22.8
2026-03-13 04:39:28.000,22.8
2026-03-13 04:39:28.000,24
2026-03-13 04:39:30.000,24
2026-03-13 04:39:30.000,25.2
2026-03-13 04:39:34.000,25.2
2026-03-13 04:39:34.000,26.4
2026-03-13 04:39:38.000,26.4
2026-03-13 04:39:38.000,27.6
2026-03-13 04:39:54.000,27.6
2026-03-13 04:39:54.000,28.8
2026-03-13 04:40:04.000,28.8
2026-03-13 04:40:04.000,30
2026-03-13 04:40:16.000,30
2026-03-13 04:40:16.000,31.2
2026-03-13 04:40:20.000,31.2
2026-03-13 04:40:20.000,30
2026-03-13 04:40:24.000,30
2026-03-13 04:40:24.000,28.8
2026-03-13 04:40:30.000,28.8
2026-03-13 04:40:30.000,27.6
2026-03-13 04:40:36.000,27.6
2026-03-13 04:40:36.000,26.4
2026-03-13 04:40:44.000,26.4
2026-03-13 04:40:44.000,25.2
2026-03-13 04:40:58.000,25.2
2026-03-13 04:40:58.000,26.4
2026-03-13 04:41:28.000,26.4
2026-03-13 04:41:28.000,27.6
2026-03-13 04:41:32.000,27.6
2026-03-13 04:41:32.000,30
2026-03-13 04:41:34.000,30
2026-03-13 04:41:34.000,32.4
2026-03-13 04:41:36.000,32.4
2026-03-13 04:41:36.000,33.6
2026-03-13 04:41:40.000,33.6
2026-03-13 04:41:40.000,36
2026-03-13 04:41:44.000,36
2026-03-13 04:41:44.000,37.2
2026-03-13 04:41:46.000,37.2
2026-03-13 04:41:46.000,36
2026-03-13 04:42:02.000,36
2026-03-13 04:42:02.000,34.8
2026-03-13 04:42:18.000,34.8
2026-03-13 04:42:18.000,33.6
2026-03-13 04:42:20.000,33.6
2026-03-13 04:42:20.000,32.4
2026-03-13 04:42:52.000,32.4
2026-03-13 04:42:52.000,31.2
2026-03-13 04:42:54.000,31.2
2026-03-13 04:42:54.000,25.2
2026-03-13 04:42:56.000,25.2
2026-03-13 04:42:56.000,20.4
2026-03-13 04:42:58.000,20.4
2026-03-13 04:42:58.000,14.4
2026-03-13 04:43:00.000,14.4
2026-03-13 04:43:00.000,18
2026-03-13 04:43:02.000,18
2026-03-13 04:43:02.000,13.2
2026-03-13 04:43:04.000,13.2
2026-03-13 04:43:04.000,14.4
2026-03-13 04:43:06.000,14.4
2026-03-13 04:43:06.000,13.2
2026-03-13 04:43:20.000,13.2
2026-03-13 04:43:20.000,14.4
2026-03-13 04:43:26.000,14.4
2026-03-13 04:43:26.000,13.2
2026-03-13 04:43:44.000,13.2
2026-03-13 04:43:44.000,14.4
2026-03-13 04:43:46.000,14.4
2026-03-13 04:43:46.000,15.6
2026-03-13 04:43:48.000,15.6
2026-03-13 04:43:48.000,18
2026-03-13 04:43:50.000,18
2026-03-13 04:43:50.000,21.6
2026-03-13 04:43:54.000,21.6
2026-03-13 04:43:54.000,24
2026-03-13 04:43:58.000,24
2026-03-13 04:43:58.000,25.2
2026-03-13 04:44:06.000,25.2
2026-03-13 04:44:06.000,26.4
2026-03-13 04:44:14.000,26.4
2026-03-13 04:44:14.000,25.2
2026-03-13 04:44:16.000,25.2
2026-03-13 04:44:16.000,26.4
2026-03-13 04:44:20.000,26.4
2026-03-13 04:44:20.000,25.2
2026-03-13 04:44:22.000,25.2
2026-03-13 04:44:22.000,26.4
2026-03-13 04:45:20.000,26.4
2026-03-13 04:45:20.000,27.6
2026-03-13 04:45:28.000,27.6
2026-03-13 04:45:28.000,26.4
2026-03-13 04:45:42.000,26.4
2026-03-13 04:45:42.000,27.6
2026-03-13 04:45:44.000,27.6
2026-03-13 04:45:44.000,26.4
2026-03-13 04:46:00.000,26.4
2026-03-13 04:46:00.000,27.6
2026-03-13 04:46:14.000,27.6
2026-03-13 04:46:14.000,26.4
2026-03-13 04:46:16.000,26.4
2026-03-13 04:46:16.000,21.6
2026-03-13 04:46:18.000,21.6
2026-03-13 04:46:18.000,18
2026-03-13 04:46:22.000,18
2026-03-13 04:46:22.000,13.2
2026-03-13 04:46:24.000,13.2
2026-03-13 04:46:24.000,14.4
2026-03-13 04:46:26.000,14.4
2026-03-13 04:46:26.000,13.2
2026-03-13 04:47:34.000,13.2
2026-03-13 04:47:34.000,12
2026-03-13 04:47:38.000,12
2026-03-13 04:47:38.000,13.2
2026-03-13 04:47:42.000,13.2
2026-03-13 04:47:42.000,12
2026-03-13 04:47:56.000,12
2026-03-13 04:47:56.000,13.2
2026-03-13 04:47:58.000,13.2
2026-03-13 04:47:58.000,12
2026-03-13 04:48:12.000,12
2026-03-13 04:48:12.000,13.2
2026-03-13 04:48:16.000,13.2
2026-03-13 04:48:16.000,14.4
2026-03-13 04:48:18.000,14.4
2026-03-13 04:48:18.000,15.6
2026-03-13 04:48:20.000,15.6
2026-03-13 04:48:20.000,16.8
2026-03-13 04:48:24.000,16.8
2026-03-13 04:48:24.000,18
2026-03-13 04:48:26.000,18
2026-03-13 04:48:26.000,19.2
2026-03-13 04:48:36.000,19.2
2026-03-13 04:48:36.000,20.4
2026-03-13 04:48:50.000,20.4
2026-03-13 04:48:50.000,21.6
2026-03-13 04:49:06.000,21.6
2026-03-13 04:49:06.000,22.8
2026-03-13 04:49:18.000,22.8
2026-03-13 04:49:18.000,24
2026-03-13 04:49:22.000,24
2026-03-13 04:49:22.000,25.2
2026-03-13 04:49:26.000,25.2
2026-03-13 04:49:26.000,26.4
2026-03-13 04:49:48.000,26.4
2026-03-13 04:49:48.000,24
2026-03-13 04:49:50.000,24
2026-03-13 04:49:50.000,25.2
2026-03-13 04:49:52.000,25.2
2026-03-13 04:49:52.000,22.8
2026-03-13 04:49:54.000,22.8
2026-03-13 04:49:54.000,20.4
2026-03-13 04:49:56.000,20.4
2026-03-13 04:49:56.000,21.6
2026-03-13 04:49:58.000,21.6
2026-03-13 04:49:58.000,16.8
2026-03-13 04:50:00.000,16.8
2026-03-13 04:50:00.000,15.6
2026-03-13 04:50:02.000,15.6
2026-03-13 04:50:02.000,14.4
2026-03-13 04:50:04.000,14.4
2026-03-13 04:50:04.000,13.2
2026-03-13 04:50:18.000,13.2
2026-03-13 04:50:18.000,14.4
2026-03-13 04:50:20.000,14.4
2026-03-13 04:50:20.000,16.8
2026-03-13 04:50:22.000,16.8
2026-03-13 04:50:22.000,20.4
2026-03-13 04:50:26.000,20.4
2026-03-13 04:50:26.000,26.4
2026-03-13 04:50:28.000,26.4
2026-03-13 04:50:28.000,24
2026-03-13 04:50:30.000,24
2026-03-13 04:50:30.000,27.6
2026-03-13 04:50:38.000,27.6
2026-03-13 04:50:38.000,28.8
2026-03-13 04:50:40.000,28.8
2026-03-13 04:50:40.000,30
2026-03-13 04:50:42.000,30
2026-03-13 04:50:42.000,31.2
2026-03-13 04:50:46.000,31.2
2026-03-13 04:50:46.000,32.4
2026-03-13 04:50:52.000,32.4
2026-03-13 04:50:52.000,33.6
2026-03-13 04:50:58.000,33.6
2026-03-13 04:50:58.000,34.8
2026-03-13 04:51:16.000,34.8
2026-03-13 04:51:16.000,36
2026-03-13 04:51:22.000,36
2026-03-13 04:51:22.000,37.2
2026-03-13 04:51:24.000,37.2
2026-03-13 04:51:24.000,38.4
2026-03-13 04:51:26.000,38.4
2026-03-13 04:51:26.000,40.8
2026-03-13 04:51:28.000,40.8
2026-03-13 04:51:28.000,42
2026-03-13 04:51:30.000,42
2026-03-13 04:51:30.000,43.2
2026-03-13 04:51:32.000,43.2
2026-03-13 04:51:32.000,44.4
2026-03-13 04:51:38.000,44.4
2026-03-13 04:51:38.000,45.6
2026-03-13 04:51:48.000,45.6
2026-03-13 04:51:48.000,46.8
2026-03-13 04:52:00.000,46.8
2026-03-13 04:52:00.000,48
2026-03-13 04:52:08.000,48
2026-03-13 04:52:08.000,49.2
2026-03-13 04:52:18.000,49.2
2026-03-13 04:52:18.000,50.4
2026-03-13 04:52:28.000,50.4
2026-03-13 04:52:28.000,51.6
2026-03-13 04:52:40.000,51.6
2026-03-13 04:52:40.000,52.8
2026-03-13 04:53:04.000,52.8
2026-03-13 04:53:04.000,54
2026-03-13 04:53:46.000,54
2026-03-13 04:53:46.000,55.2
2026-03-13 04:54:36.000,55.2
2026-03-13 04:54:36.000,56.4
2026-03-13 04:54:52.000,56.4
2026-03-13 04:54:52.000,57.6
2026-03-13 04:55:30.000,57.6
2026-03-13 04:55:30.000,58.8
2026-03-13 04:57:38.000,58.8
2026-03-13 04:57:38.000,60
2026-03-13 04:59:32.000,60
2026-03-13 04:59:32.000,54
2026-03-13 04:59:34.000,54
2026-03-13 04:59:34.000,38.4
2026-03-13 04:59:36.000,38.4
2026-03-13 04:59:36.000,26.4
2026-03-13 04:59:38.000,26.4
2026-03-13 04:59:38.000,36
2026-03-13 04:59:40.000,36
2026-03-13 04:59:40.000,18
2026-03-13 04:59:42.000,18
2026-03-13 04:59:42.000,20.4
2026-03-13 04:59:44.000,20.4
2026-03-13 04:59:44.000,24
2026-03-13 04:59:46.000,24
2026-03-13 04:59:46.000,22.8
2026-03-13 04:59:48.000,22.8
2026-03-13 04:59:48.000,25.2
2026-03-13 04:59:56.000,25.2
2026-03-13 04:59:56.000,24
2026-03-13 04:59:58.000,24
2026-03-13 04:59:58.000,21.6
2026-03-13 05:00:00.000,21.6
2026-03-13 05:00:00.000,24
2026-03-13 05:00:02.000,24
2026-03-13 05:00:02.000,22.8
2026-03-13 05:00:04.000,22.8
2026-03-13 05:00:04.000,24
2026-03-13 05:00:06.000,24
2026-03-13 05:00:06.000,25.2
2026-03-13 05:00:08.000,25.2
2026-03-13 05:00:08.000,26.4
2026-03-13 05:00:16.000,26.4
2026-03-13 05:00:16.000,28.8
2026-03-13 05:00:18.000,28.8
2026-03-13 05:00:18.000,27.6
2026-03-13 05:00:20.000,27.6
2026-03-13 05:00:20.000,28.8
2026-03-13 05:00:26.000,28.8
2026-03-13 05:00:26.000,30
2026-03-13 05:00:30.000,30
2026-03-13 05:00:30.000,31.2
2026-03-13 05:00:40.000,31.2
2026-03-13 05:00:40.000,32.4
2026-03-13 05:00:42.000,32.4
2026-03-13 05:00:42.000,31.2
2026-03-13 05:00:44.000,31.2
2026-03-13 05:00:44.000,32.4
2026-03-13 05:00:52.000,32.4
2026-03-13 05:00:52.000,33.6
2026-03-13 05:01:04.000,33.6
2026-03-13 05:01:04.000,34.8
2026-03-13 05:01:20.000,34.8
2026-03-13 05:01:20.000,36
2026-03-13 05:01:48.000,36
2026-03-13 05:01:48.000,37.2
2026-03-13 05:02:14.000,37.2
2026-03-13 05:02:14.000,38.4
2026-03-13 05:02:54.000,38.4
2026-03-13 05:02:54.000,39.6
2026-03-13 05:02:56.000,39.6
2026-03-13 05:02:56.000,38.4
2026-03-13 05:03:00.000,38.4
2026-03-13 05:03:00.000,39.6
2026-03-13 05:03:04.000,39.6
2026-03-13 05:03:04.000,38.4
2026-03-13 05:03:10.000,38.4
2026-03-13 05:03:10.000,39.6
2026-03-13 05:03:12.000,39.6
2026-03-13 05:03:12.000,38.4
2026-03-13 05:03:14.000,38.4
2026-03-13 05:03:14.000,39.6
2026-03-13 05:04:14.000,39.6
2026-03-13 05:04:14.000,40.8
2026-03-13 05:04:16.000,40.8
2026-03-13 05:04:16.000,39.6
2026-03-13 05:04:20.000,39.6
2026-03-13 05:04:20.000,40.8
2026-03-13 05:04:36.000,40.8
2026-03-13 05:04:36.000,39.6
2026-03-13 05:04:38.000,39.6
2026-03-13 05:04:38.000,40.8
2026-03-13 05:04:42.000,40.8
2026-03-13 05:04:42.000,39.6
2026-03-13 05:04:44.000,39.6
2026-03-13 05:04:44.000,40.8
2026-03-13 05:07:00.000,40.8
2026-03-13 05:07:00.000,42
2026-03-13 05:07:02.000,42
2026-03-13 05:07:02.000,40.8
2026-03-13 05:07:52.000,40.8
2026-03-13 05:07:52.000,42
2026-03-13 05:10:24.000,42
2026-03-13 05:10:24.000,40.8
2026-03-13 05:10:26.000,40.8
2026-03-13 05:10:26.000,42
2026-03-13 05:10:42.000,42
2026-03-13 05:10:42.000,43.2
2026-03-13 05:10:44.000,43.2
2026-03-13 05:10:44.000,42
2026-03-13 05:10:46.000,42
2026-03-13 05:10:46.000,43.2
2026-03-13 05:11:30.000,43.2
2026-03-13 05:11:30.000,44.4
2026-03-13 05:11:32.000,44.4
2026-03-13 05:11:32.000,43.2
2026-03-13 05:11:36.000,43.2
2026-03-13 05:11:36.000,44.4
2026-03-13 05:11:38.000,44.4
2026-03-13 05:11:38.000,43.2
2026-03-13 05:12:00.000,43.2
2026-03-13 05:12:00.000,44.4
2026-03-13 05:12:24.000,44.4
2026-03-13 05:12:24.000,43.2
2026-03-13 05:12:28.000,43.2
2026-03-13 05:12:28.000,44.4
2026-03-13 05:12:32.000,44.4
2026-03-13 05:12:32.000,43.2
2026-03-13 05:12:48.000,43.2
2026-03-13 05:12:48.000,44.4
2026-03-13 05:12:58.000,44.4
2026-03-13 05:12:58.000,43.2
2026-03-13 05:13:00.000,43.2
2026-03-13 05:13:00.000,44.4
2026-03-13 05:13:02.000,44.4
2026-03-13 05:13:02.000,43.2
2026-03-13 05:13:04.000,43.2
2026-03-13 05:13:04.000,44.4
2026-03-13 05:13:06.000,44.4
2026-03-13 05:13:06.000,43.2
2026-03-13 05:13:28.000,43.2
2026-03-13 05:13:28.000,44.4
2026-03-13 05:13:52.000,44.4
2026-03-13 05:13:52.000,43.2
2026-03-13 05:13:56.000,43.2
2026-03-13 05:13:56.000,44.4
2026-03-13 05:14:00.000,44.4
2026-03-13 05:14:00.000,43.2
2026-03-13 05:14:26.000,43.2
2026-03-13 05:14:26.000,44.4
2026-03-13 05:14:28.000,44.4
2026-03-13 05:14:28.000,43.2
2026-03-13 05:16:22.000,43.2
2026-03-13 05:16:22.000,44.4
2026-03-13 05:16:24.000,44.4
2026-03-13 05:16:24.000,43.2
2026-03-13 05:16:40.000,43.2
2026-03-13 05:16:40.000,44.4
2026-03-13 05:16:44.000,44.4
2026-03-13 05:16:44.000,43.2
2026-03-13 05:16:50.000,43.2
2026-03-13 05:16:50.000,44.4
2026-03-13 05:16:54.000,44.4
2026-03-13 05:16:54.000,43.2
2026-03-13 05:16:58.000,43.2
2026-03-13 05:16:58.000,44.4
2026-03-13 05:17:06.000,44.4
2026-03-13 05:17:06.000,43.2
2026-03-13 05:17:34.000,43.2
2026-03-13 05:17:34.000,44.4
2026-03-13 05:19:24.000,44.4
2026-03-13 05:19:24.000,46.8
2026-03-13 05:19:26.000,46.8
2026-03-13 05:19:26.000,51.6
2026-03-13 05:19:28.000,51.6
2026-03-13 05:19:28.000,52.8
2026-03-13 05:19:30.000,52.8
2026-03-13 05:19:30.000,56.4
2026-03-13 05:19:32.000,56.4
2026-03-13 05:19:32.000,55.2
2026-03-13 05:19:34.000,55.2
2026-03-13 05:19:34.000,57.6
2026-03-13 05:19:36.000,57.6
2026-03-13 05:19:36.000,56.4
2026-03-13 05:19:38.000,56.4
2026-03-13 05:19:38.000,57.6
2026-03-13 05:20:24.000,57.6
2026-03-13 05:20:24.000,58.8
2026-03-13 05:20:28.000,58.8
2026-03-13 05:20:28.000,61.2
2026-03-13 05:20:30.000,61.2
2026-03-13 05:20:30.000,46.8
2026-03-13 05:20:32.000,46.8
2026-03-13 05:20:32.000,26.4
2026-03-13 05:20:34.000,26.4
2026-03-13 05:20:34.000,20.4
2026-03-13 05:20:36.000,20.4
2026-03-13 05:20:36.000,0
2026-03-13 05:20:38.000,0
2026-03-13 05:20:38.000,14.4
2026-03-13 05:20:40.000,14.4
2026-03-13 05:20:40.000,16.8
2026-03-13 05:20:42.000,16.8
2026-03-13 05:20:42.000,13.2
2026-03-13 05:20:48.000,13.2
2026-03-13 05:20:48.000,14.4
2026-03-13 05:20:54.000,14.4
2026-03-13 05:20:54.000,15.6
2026-03-13 05:21:00.000,15.6
2026-03-13 05:21:00.000,16.8
2026-03-13 05:21:02.000,16.8
2026-03-13 05:21:02.000,18
2026-03-13 05:21:04.000,18
2026-03-13 05:21:04.000,20.4
2026-03-13 05:21:08.000,20.4
2026-03-13 05:21:08.000,19.2
2026-03-13 05:21:12.000,19.2
2026-03-13 05:21:12.000,15.6
2026-03-13 05:21:16.000,15.6
2026-03-13 05:21:16.000,14.4
2026-03-13 05:21:18.000,14.4
2026-03-13 05:21:18.000,15.6
2026-03-13 05:21:20.000,15.6
2026-03-13 05:21:20.000,14.4
2026-03-13 05:21:28.000,14.4
2026-03-13 05:21:28.000,15.6
2026-03-13 05:21:42.000,15.6
2026-03-13 05:21:42.000,16.8
2026-03-13 05:21:56.000,16.8
2026-03-13 05:21:56.000,15.6
2026-03-13 05:22:28.000,15.6
2026-03-13 05:22:28.000,16.8
2026-03-13 05:22:36.000,16.8
2026-03-13 05:22:36.000,15.6
2026-03-13 05:23:12.000,15.6
2026-03-13 05:23:12.000,16.8
2026-03-13 05:23:20.000,16.8
2026-03-13 05:23:20.000,15.6
2026-03-13 05:23:32.000,15.6
2026-03-13 05:23:32.000,14.4
2026-03-13 05:23:46.000,14.4
2026-03-13 05:23:46.000,15.6
2026-03-13 05:24:10.000,15.6
2026-03-13 05:24:10.000,14.4
2026-03-13 05:24:12.000,14.4
2026-03-13 05:24:12.000,15.6
2026-03-13 05:24:14.000,15.6
2026-03-13 05:24:14.000,14.4
2026-03-13 05:24:28.000,14.4
2026-03-13 05:24:28.000,15.6
2026-03-13 05:24:30.000,15.6
2026-03-13 05:24:30.000,14.4
2026-03-13 05:24:32.000,14.4
2026-03-13 05:24:32.000,15.6
2026-03-13 05:24:52.000,15.6
2026-03-13 05:24:52.000,14.4
2026-03-13 05:24:54.000,14.4
2026-03-13 05:24:54.000,15.6
2026-03-13 05:24:56.000,15.6
2026-03-13 05:24:56.000,14.4
2026-03-13 05:25:14.000,14.4
2026-03-13 05:25:14.000,15.6
2026-03-13 05:25:36.000,15.6
2026-03-13 05:25:36.000,14.4
2026-03-13 05:25:58.000,14.4
2026-03-13 05:25:58.000,15.6
2026-03-13 05:26:20.000,15.6
2026-03-13 05:26:20.000,14.4
2026-03-13 05:26:58.000,14.4
2026-03-13 05:26:58.000,15.6
2026-03-13 05:27:00.000,15.6
2026-03-13 05:27:00.000,14.4
2026-03-13 05:27:38.000,14.4
2026-03-13 05:27:38.000,15.6
2026-03-13 05:27:50.000,15.6
2026-03-13 05:27:50.000,14.4
2026-03-13 05:28:10.000,14.4
2026-03-13 05:28:10.000,15.6
2026-03-13 05:28:14.000,15.6
2026-03-13 05:28:14.000,14.4
2026-03-13 05:28:16.000,14.4
2026-03-13 05:28:16.000,15.6
2026-03-13 05:28:22.000,15.6
2026-03-13 05:28:22.000,16.8
2026-03-13 05:28:24.000,16.8
2026-03-13 05:28:24.000,15.6
2026-03-13 05:28:58.000,15.6
2026-03-13 05:28:58.000,14.4
2026-03-13 05:29:00.000,14.4
2026-03-13 05:29:00.000,15.6
2026-03-13 05:29:14.000,15.6
2026-03-13 05:29:14.000,16.8
2026-03-13 05:29:20.000,16.8
2026-03-13 05:29:20.000,18
2026-03-13 05:29:24.000,18
2026-03-13 05:29:24.000,19.2
2026-03-13 05:29:32.000,19.2
2026-03-13 05:29:32.000,20.4
2026-03-13 05:29:46.000,20.4
2026-03-13 05:29:46.000,21.6
2026-03-13 05:29:54.000,21.6
2026-03-13 05:29:54.000,22.8
2026-03-13 05:30:08.000,22.8
2026-03-13 05:30:08.000,21.6
2026-03-13 05:30:10.000,21.6
2026-03-13 05:30:10.000,22.8
2026-03-13 05:30:42.000,22.8
2026-03-13 05:30:42.000,24
2026-03-13 05:30:44.000,24
2026-03-13 05:30:44.000,22.8
2026-03-13 05:30:46.000,22.8
2026-03-13 05:30:46.000,19.2
2026-03-13 05:30:48.000,19.2
2026-03-13 05:30:48.000,13.2
2026-03-13 05:30:50.000,13.2
2026-03-13 05:30:50.000,12
2026-03-13 05:30:54.000,12
2026-03-13 05:30:54.000,15.6
2026-03-13 05:30:56.000,15.6
2026-03-13 05:30:56.000,14.4
2026-03-13 05:31:00.000,14.4
2026-03-13 05:31:00.000,16.8
2026-03-13 05:31:02.000,16.8
2026-03-13 05:31:02.000,26.4
2026-03-13 05:31:04.000,26.4
2026-03-13 05:31:04.000,34.8
2026-03-13 05:31:06.000,34.8
2026-03-13 05:31:06.000,51.6
2026-03-13 05:31:08.000,51.6
2026-03-13 05:31:08.000,52.8
2026-03-13 05:31:10.000,52.8
2026-03-13 05:31:10.000,61.2
2026-03-13 05:31:12.000,61.2
2026-03-13 05:31:12.000,52.8
2026-03-13 05:31:14.000,52.8
2026-03-13 05:31:14.000,56.4
2026-03-13 05:31:16.000,56.4
2026-03-13 05:31:16.000,52.8
2026-03-13 05:31:18.000,52.8
2026-03-13 05:31:18.000,54
2026-03-13 05:31:20.000,54
2026-03-13 05:31:20.000,55.2
2026-03-13 05:31:22.000,55.2
2026-03-13 05:31:22.000,56.4
2026-03-13 05:31:26.000,56.4
2026-03-13 05:31:26.000,57.6
2026-03-13 05:31:28.000,57.6
2026-03-13 05:31:28.000,58.8
2026-03-13 05:31:30.000,58.8
2026-03-13 05:31:30.000,60
2026-03-13 05:31:32.000,60
2026-03-13 05:31:32.000,61.2
2026-03-13 05:31:36.000,61.2
2026-03-13 05:31:36.000,60
2026-03-13 05:31:38.000,60
2026-03-13 05:31:38.000,50.4
2026-03-13 05:31:40.000,50.4
2026-03-13 05:31:40.000,39.6
2026-03-13 05:31:42.000,39.6
2026-03-13 05:31:42.000,16.8
2026-03-13 05:31:44.000,16.8
2026-03-13 05:31:44.000,24
2026-03-13 05:31:46.000,24
2026-03-13 05:31:46.000,25.2
2026-03-13 05:31:48.000,25.2
2026-03-13 05:31:48.000,22.8
2026-03-13 05:31:56.000,22.8
2026-03-13 05:31:56.000,21.6
2026-03-13 05:32:06.000,21.6
2026-03-13 05:32:06.000,22.8
2026-03-13 05:32:16.000,22.8
2026-03-13 05:32:16.000,24
2026-03-13 05:32:18.000,24
2026-03-13 05:32:18.000,22.8
2026-03-13 05:32:32.000,22.8
2026-03-13 05:32:32.000,21.6
2026-03-13 05:32:34.000,21.6
2026-03-13 05:32:34.000,22.8
2026-03-13 05:32:54.000,22.8
2026-03-13 05:32:54.000,24
2026-03-13 05:32:58.000,24
2026-03-13 05:32:58.000,25.2
2026-03-13 05:33:00.000,25.2
2026-03-13 05:33:00.000,26.4
2026-03-13 05:33:02.000,26.4
2026-03-13 05:33:02.000,27.6
2026-03-13 05:33:04.000,27.6
2026-03-13 05:33:04.000,28.8
2026-03-13 05:33:08.000,28.8
2026-03-13 05:33:08.000,31.2
2026-03-13 05:33:12.000,31.2
2026-03-13 05:33:12.000,32.4
2026-03-13 05:33:18.000,32.4
2026-03-13 05:33:18.000,33.6
2026-03-13 05:33:22.000,33.6
2026-03-13 05:33:22.000,34.8
2026-03-13 05:33:26.000,34.8
2026-03-13 05:33:26.000,36
2026-03-13 05:33:38.000,36
2026-03-13 05:33:38.000,37.2
2026-03-13 05:33:58.000,37.2
2026-03-13 05:33:58.000,38.4
2026-03-13 05:34:36.000,38.4
2026-03-13 05:34:36.000,39.6
2026-03-13 05:34:38.000,39.6
2026-03-13 05:34:38.000,38.4
2026-03-13 05:34:42.000,38.4
2026-03-13 05:34:42.000,39.6
2026-03-13 05:34:48.000,39.6
2026-03-13 05:34:48.000,40.8
2026-03-13 05:34:50.000,40.8
2026-03-13 05:34:50.000,39.6
2026-03-13 05:34:54.000,39.6
2026-03-13 05:34:54.000,40.8
2026-03-13 05:34:58.000,40.8
2026-03-13 05:34:58.000,42
2026-03-13 05:35:04.000,42
2026-03-13 05:35:04.000,43.2
2026-03-13 05:35:10.000,43.2
2026-03-13 05:35:10.000,44.4
2026-03-13 05:35:14.000,44.4
2026-03-13 05:35:14.000,45.6
2026-03-13 05:35:22.000,45.6
2026-03-13 05:35:22.000,42
2026-03-13 05:35:24.000,42
2026-03-13 05:35:24.000,32.4
2026-03-13 05:35:28.000,32.4
2026-03-13 05:35:28.000,26.4
2026-03-13 05:35:30.000,26.4
2026-03-13 05:35:30.000,28.8
2026-03-13 05:35:32.000,28.8
2026-03-13 05:35:32.000,31.2
2026-03-13 05:35:34.000,31.2
2026-03-13 05:35:34.000,32.4
2026-03-13 05:35:36.000,32.4
2026-03-13 05:35:36.000,34.8
2026-03-13 05:35:38.000,34.8
2026-03-13 05:35:38.000,36
2026-03-13 05:35:40.000,36
2026-03-13 05:35:40.000,38.4
2026-03-13 05:35:42.000,38.4
2026-03-13 05:35:42.000,39.6
2026-03-13 05:35:44.000,39.6
2026-03-13 05:35:44.000,40.8
2026-03-13 05:35:46.000,40.8
2026-03-13 05:35:46.000,42
2026-03-13 05:35:48.000,42
2026-03-13 05:35:48.000,43.2
2026-03-13 05:35:52.000,43.2
2026-03-13 05:35:52.000,44.4
2026-03-13 05:35:58.000,44.4
2026-03-13 05:35:58.000,45.6
2026-03-13 05:36:00.000,45.6
2026-03-13 05:36:00.000,44.4
2026-03-13 05:36:08.000,44.4
2026-03-13 05:36:08.000,45.6
2026-03-13 05:36:30.000,45.6
2026-03-13 05:36:30.000,46.8
2026-03-13 05:36:56.000,46.8
2026-03-13 05:36:56.000,48
2026-03-13 05:37:06.000,48
2026-03-13 05:37:06.000,46.8
2026-03-13 05:37:10.000,46.8
2026-03-13 05:37:10.000,48
2026-03-13 05:37:20.000,48
2026-03-13 05:37:20.000,49.2
2026-03-13 05:37:24.000,49.2
2026-03-13 05:37:24.000,48
2026-03-13 05:37:26.000,48
2026-03-13 05:37:26.000,49.2
2026-03-13 05:37:32.000,49.2
2026-03-13 05:37:32.000,48
2026-03-13 05:37:46.000,48
2026-03-13 05:37:46.000,46.8
2026-03-13 05:37:48.000,46.8
2026-03-13 05:37:48.000,44.4
2026-03-13 05:37:50.000,44.4
2026-03-13 05:37:50.000,34.8
2026-03-13 05:37:52.000,34.8
2026-03-13 05:37:52.000,32.4
2026-03-13 05:37:54.000,32.4
2026-03-13 05:37:54.000,24
2026-03-13 05:37:56.000,24
2026-03-13 05:37:56.000,25.2
2026-03-13 05:37:58.000,25.2
2026-03-13 05:37:58.000,22.8
2026-03-13 05:38:00.000,22.8
2026-03-13 05:38:00.000,24
2026-03-13 05:38:02.000,24
2026-03-13 05:38:02.000,22.8
2026-03-13 05:38:04.000,22.8
2026-03-13 05:38:04.000,24
2026-03-13 05:38:06.000,24
2026-03-13 05:38:06.000,22.8
2026-03-13 05:38:08.000,22.8
2026-03-13 05:38:08.000,24
2026-03-13 05:38:14.000,24
2026-03-13 05:38:14.000,22.8
2026-03-13 05:38:16.000,22.8
2026-03-13 05:38:16.000,24
2026-03-13 05:38:26.000,24
2026-03-13 05:38:26.000,22.8
2026-03-13 05:38:44.000,22.8
2026-03-13 05:38:44.000,24
2026-03-13 05:38:46.000,24
2026-03-13 05:38:46.000,22.8
2026-03-13 05:39:06.000,22.8
2026-03-13 05:39:06.000,24
2026-03-13 05:39:08.000,24
2026-03-13 05:39:08.000,22.8
2026-03-13 05:39:10.000,22.8
2026-03-13 05:39:10.000,24
2026-03-13 05:39:14.000,24
2026-03-13 05:39:14.000,22.8
2026-03-13 05:39:16.000,22.8
2026-03-13 05:39:16.000,24
2026-03-13 05:39:26.000,24
2026-03-13 05:39:26.000,22.8
2026-03-13 05:40:06.000,22.8
2026-03-13 05:40:06.000,24
2026-03-13 05:40:18.000,24
2026-03-13 05:40:18.000,26.4
2026-03-13 05:40:20.000,26.4
2026-03-13 05:40:20.000,22.8
2026-03-13 05:40:22.000,22.8
2026-03-13 05:40:22.000,24
2026-03-13 05:40:24.000,24
2026-03-13 05:40:24.000,25.2
2026-03-13 05:40:28.000,25.2
2026-03-13 05:40:28.000,24
2026-03-13 05:40:30.000,24
2026-03-13 05:40:30.000,15.6
2026-03-13 05:40:32.000,15.6
2026-03-13 05:40:32.000,19.2
2026-03-13 05:40:34.000,19.2
2026-03-13 05:40:34.000,16.8
2026-03-13 05:40:36.000,16.8
2026-03-13 05:40:36.000,19.2
2026-03-13 05:40:38.000,19.2
2026-03-13 05:40:38.000,18
2026-03-13 05:40:46.000,18
2026-03-13 05:40:46.000,19.2
2026-03-13 05:40:48.000,19.2
2026-03-13 05:40:48.000,18
2026-03-13 05:40:54.000,18
2026-03-13 05:40:54.000,16.8
2026-03-13 05:40:56.000,16.8
2026-03-13 05:40:56.000,18
2026-03-13 05:41:02.000,18
2026-03-13 05:41:02.000,19.2
2026-03-13 05:41:06.000,19.2
2026-03-13 05:41:06.000,20.4
2026-03-13 05:41:10.000,20.4
2026-03-13 05:41:10.000,19.2
2026-03-13 05:41:20.000,19.2
2026-03-13 05:41:20.000,20.4
2026-03-13 05:41:22.000,20.4
2026-03-13 05:41:22.000,24
2026-03-13 05:41:24.000,24
2026-03-13 05:41:24.000,27.6
2026-03-13 05:41:26.000,27.6
2026-03-13 05:41:26.000,31.2
2026-03-13 05:41:28.000,31.2
2026-03-13 05:41:28.000,33.6
2026-03-13 05:41:30.000,33.6
2026-03-13 05:41:30.000,34.8
2026-03-13 05:41:32.000,34.8
2026-03-13 05:41:32.000,36
2026-03-13 05:41:36.000,36
2026-03-13 05:41:36.000,37.2
2026-03-13 05:41:42.000,37.2
2026-03-13 05:41:42.000,38.4
2026-03-13 05:41:48.000,38.4
2026-03-13 05:41:48.000,39.6
2026-03-13 05:41:50.000,39.6
2026-03-13 05:41:50.000,36
2026-03-13 05:41:52.000,36
2026-03-13 05:41:52.000,33.6
2026-03-13 05:41:56.000,33.6
2026-03-13 05:41:56.000,21.6
2026-03-13 05:41:58.000,21.6
2026-03-13 05:41:58.000,18
2026-03-13 05:42:00.000,18
2026-03-13 05:42:00.000,16.8
2026-03-13 05:42:02.000,16.8
2026-03-13 05:42:02.000,18
2026-03-13 05:42:04.000,18
2026-03-13 05:42:04.000,19.2
2026-03-13 05:42:12.000,19.2
2026-03-13 05:42:12.000,20.4
2026-03-13 05:42:20.000,20.4
2026-03-13 05:42:20.000,21.6
2026-03-13 05:42:36.000,21.6
2026-03-13 05:42:36.000,22.8
2026-03-13 05:42:38.000,22.8
2026-03-13 05:42:38.000,21.6
2026-03-13 05:42:40.000,21.6
2026-03-13 05:42:40.000,22.8
2026-03-13 05:42:50.000,22.8
2026-03-13 05:42:50.000,21.6
2026-03-13 05:42:52.000,21.6
2026-03-13 05:42:52.000,22.8
2026-03-13 05:43:00.000,22.8
2026-03-13 05:43:00.000,21.6
2026-03-13 05:43:02.000,21.6
2026-03-13 05:43:02.000,22.8
2026-03-13 05:43:18.000,22.8
2026-03-13 05:43:18.000,24
2026-03-13 05:43:24.000,24
2026-03-13 05:43:24.000,22.8
2026-03-13 05:43:26.000,22.8
2026-03-13 05:43:26.000,20.4
2026-03-13 05:43:28.000,20.4
2026-03-13 05:43:28.000,18
2026-03-13 05:43:32.000,18
2026-03-13 05:43:32.000,15.6
2026-03-13 05:43:34.000,15.6
2026-03-13 05:43:34.000,16.8
2026-03-13 05:43:36.000,16.8
2026-03-13 05:43:36.000,15.6
2026-03-13 05:43:44.000,15.6
2026-03-13 05:43:44.000,16.8
2026-03-13 05:43:52.000,16.8
2026-03-13 05:43:52.000,18
2026-03-13 05:43:54.000,18
2026-03-13 05:43:54.000,16.8
2026-03-13 05:43:56.000,16.8
2026-03-13 05:43:56.000,18
2026-03-13 05:43:58.000,18
2026-03-13 05:43:58.000,16.8
2026-03-13 05:44:02.000,16.8
2026-03-13 05:44:02.000,15.6
2026-03-13 05:44:16.000,15.6
2026-03-13 05:44:16.000,16.8
2026-03-13 05:44:20.000,16.8
2026-03-13 05:44:20.000,18
2026-03-13 05:44:24.000,18
2026-03-13 05:44:24.000,20.4
2026-03-13 05:44:26.000,20.4
2026-03-13 05:44:26.000,16.8
2026-03-13 05:44:30.000,16.8
2026-03-13 05:44:30.000,15.6
2026-03-13 05:44:34.000,15.6
2026-03-13 05:44:34.000,14.4
2026-03-13 05:44:50.000,14.4
2026-03-13 05:44:50.000,15.6
2026-03-13 05:45:04.000,15.6
2026-03-13 05:45:04.000,16.8
2026-03-13 05:45:12.000,16.8
2026-03-13 05:45:12.000,15.6
2026-03-13 05:45:32.000,15.6
2026-03-13 05:45:32.000,14.4
2026-03-13 05:45:38.000,14.4
2026-03-13 05:45:38.000,15.6
2026-03-13 05:45:50.000,15.6
2026-03-13 05:45:50.000,14.4
2026-03-13 05:45:52.000,14.4
2026-03-13 05:45:52.000,15.6
2026-03-13 05:46:18.000,15.6
2026-03-13 05:46:18.000,14.4
2026-03-13 05:46:28.000,14.4
2026-03-13 05:46:28.000,15.6
2026-03-13 05:46:30.000,15.6
2026-03-13 05:46:30.000,14.4
2026-03-13 05:46:32.000,14.4
2026-03-13 05:46:32.000,15.6
2026-03-13 05:47:02.000,15.6
2026-03-13 05:47:02.000,14.4
2026-03-13 05:47:16.000,14.4
2026-03-13 05:47:16.000,15.6
2026-03-13 05:47:42.000,15.6
2026-03-13 05:47:42.000,14.4
2026-03-13 05:47:48.000,14.4
2026-03-13 05:47:48.000,15.6
2026-03-13 05:47:50.000,15.6
2026-03-13 05:47:50.000,14.4
2026-03-13 05:47:56.000,14.4
2026-03-13 05:47:56.000,15.6
2026-03-13 05:47:58.000,15.6
2026-03-13 05:47:58.000,14.4
2026-03-13 05:48:00.000,14.4
2026-03-13 05:48:00.000,15.6
2026-03-13 05:48:02.000,15.6
2026-03-13 05:48:02.000,18
2026-03-13 05:48:04.000,18
2026-03-13 05:48:04.000,22.8
2026-03-13 05:48:06.000,22.8
2026-03-13 05:48:06.000,24
2026-03-13 05:48:08.000,24
2026-03-13 05:48:08.000,27.6
2026-03-13 05:48:10.000,27.6
2026-03-13 05:48:10.000,26.4
2026-03-13 05:48:12.000,26.4
2026-03-13 05:48:12.000,28.8
2026-03-13 05:48:20.000,28.8
2026-03-13 05:48:20.000,27.6
2026-03-13 05:48:22.000,27.6
2026-03-13 05:48:22.000,21.6
2026-03-13 05:48:24.000,21.6
2026-03-13 05:48:24.000,24
2026-03-13 05:48:26.000,24
2026-03-13 05:48:26.000,18
2026-03-13 05:48:34.000,18
2026-03-13 05:48:34.000,19.2
2026-03-13 05:48:42.000,19.2
2026-03-13 05:48:42.000,20.4
2026-03-13 05:48:46.000,20.4
2026-03-13 05:48:46.000,19.2
2026-03-13 05:48:58.000,19.2
2026-03-13 05:48:58.000,20.4
2026-03-13 05:49:10.000,20.4
2026-03-13 05:49:10.000,19.2
2026-03-13 05:49:28.000,19.2
2026-03-13 05:49:28.000,18
2026-03-13 05:49:30.000,18
2026-03-13 05:49:30.000,19.2
2026-03-13 05:49:54.000,19.2
2026-03-13 05:49:54.000,20.4
2026-03-13 05:49:58.000,20.4
2026-03-13 05:49:58.000,19.2
2026-03-13 05:50:00.000,19.2
2026-03-13 05:50:00.000,20.4
2026-03-13 05:50:02.000,20.4
2026-03-13 05:50:02.000,19.2
2026-03-13 05:50:08.000,19.2
2026-03-13 05:50:08.000,20.4
2026-03-13 05:50:12.000,20.4
2026-03-13 05:50:12.000,19.2
2026-03-13 05:50:14.000,19.2
2026-03-13 05:50:14.000,20.4
2026-03-13 05:50:16.000,20.4
2026-03-13 05:50:16.000,19.2
2026-03-13 05:50:20.000,19.2
2026-03-13 05:50:20.000,18
2026-03-13 05:50:22.000,18
2026-03-13 05:50:22.000,16.8
2026-03-13 05:50:24.000,16.8
2026-03-13 05:50:24.000,15.6
2026-03-13 05:50:46.000,15.6
2026-03-13 05:50:46.000,16.8
2026-03-13 05:51:00.000,16.8
2026-03-13 05:51:00.000,15.6
2026-03-13 05:51:02.000,15.6
2026-03-13 05:51:02.000,16.8
2026-03-13 05:51:10.000,16.8
2026-03-13 05:51:10.000,18
2026-03-13 05:51:12.000,18
2026-03-13 05:51:12.000,19.2
2026-03-13 05:51:14.000,19.2
2026-03-13 05:51:14.000,22.8
2026-03-13 05:51:16.000,22.8
2026-03-13 05:51:16.000,24
2026-03-13 05:51:18.000,24
2026-03-13 05:51:18.000,26.4
2026-03-13 05:51:20.000,26.4
2026-03-13 05:51:20.000,30
2026-03-13 05:51:22.000,30
2026-03-13 05:51:22.000,28.8
2026-03-13 05:51:28.000,28.8
2026-03-13 05:51:28.000,30
2026-03-13 05:51:38.000,30
2026-03-13 05:51:38.000,31.2
2026-03-13 05:51:46.000,31.2
2026-03-13 05:51:46.000,32.4
2026-03-13 05:51:50.000,32.4
2026-03-13 05:51:50.000,31.2
2026-03-13 05:51:54.000,31.2
2026-03-13 05:51:54.000,32.4
2026-03-13 05:51:56.000,32.4
2026-03-13 05:51:56.000,31.2
2026-03-13 05:52:02.000,31.2
2026-03-13 05:52:02.000,30
2026-03-13 05:52:06.000,30
2026-03-13 05:52:06.000,31.2
2026-03-13 05:52:14.000,31.2
2026-03-13 05:52:14.000,32.4
2026-03-13 05:52:18.000,32.4
2026-03-13 05:52:18.000,31.2
2026-03-13 05:52:20.000,31.2
2026-03-13 05:52:20.000,26.4
2026-03-13 05:52:22.000,26.4
2026-03-13 05:52:22.000,21.6
2026-03-13 05:52:24.000,21.6
2026-03-13 05:52:24.000,18
2026-03-13 05:52:26.000,18
2026-03-13 05:52:26.000,16.8
2026-03-13 05:52:28.000,16.8
2026-03-13 05:52:28.000,18
2026-03-13 05:52:30.000,18
2026-03-13 05:52:30.000,16.8
2026-03-13 05:52:40.000,16.8
2026-03-13 05:52:40.000,15.6
2026-03-13 05:52:42.000,15.6
2026-03-13 05:52:42.000,16.8
2026-03-13 05:52:46.000,16.8
2026-03-13 05:52:46.000,18
2026-03-13 05:52:48.000,18
2026-03-13 05:52:48.000,16.8
2026-03-13 05:52:52.000,16.8
2026-03-13 05:52:52.000,15.6
2026-03-13 05:53:14.000,15.6
2026-03-13 05:53:14.000,16.8
2026-03-13 05:53:18.000,16.8
2026-03-13 05:53:18.000,18
2026-03-13 05:53:20.000,18
2026-03-13 05:53:20.000,19.2
2026-03-13 05:53:22.000,19.2
2026-03-13 05:53:22.000,18
2026-03-13 05:53:26.000,18
2026-03-13 05:53:26.000,16.8
2026-03-13 05:53:32.000,16.8
2026-03-13 05:53:32.000,15.6
2026-03-13 05:53:58.000,15.6
2026-03-13 05:53:58.000,16.8
2026-03-13 05:54:04.000,16.8
2026-03-13 05:54:04.000,15.6
2026-03-13 05:54:18.000,15.6
2026-03-13 05:54:18.000,14.4
2026-03-13 05:54:20.000,14.4
2026-03-13 05:54:20.000,15.6
2026-03-13 05:54:38.000,15.6
2026-03-13 05:54:38.000,14.4
2026-03-13 05:54:44.000,14.4
2026-03-13 05:54:44.000,15.6
2026-03-13 05:55:06.000,15.6
2026-03-13 05:55:06.000,14.4
2026-03-13 05:55:08.000,14.4
2026-03-13 05:55:08.000,15.6
2026-03-13 05:55:16.000,15.6
2026-03-13 05:55:16.000,14.4
2026-03-13 05:55:18.000,14.4
2026-03-13 05:55:18.000,15.6
2026-03-13 05:55:36.000,15.6
2026-03-13 05:55:36.000,14.4
2026-03-13 05:55:50.000,14.4
2026-03-13 05:55:50.000,15.6
2026-03-13 05:55:56.000,15.6
2026-03-13 05:55:56.000,14.4
2026-03-13 05:56:02.000,14.4
2026-03-13 05:56:02.000,15.6
2026-03-13 05:56:24.000,15.6
2026-03-13 05:56:24.000,14.4
2026-03-13 05:56:42.000,14.4
2026-03-13 05:56:42.000,15.6
2026-03-13 05:56:44.000,15.6
2026-03-13 05:56:44.000,14.4
2026-03-13 05:56:46.000,14.4
2026-03-13 05:56:46.000,15.6
2026-03-13 05:56:52.000,15.6
2026-03-13 05:56:52.000,14.4
2026-03-13 05:56:54.000,14.4
2026-03-13 05:56:54.000,15.6
2026-03-13 05:56:56.000,15.6
2026-03-13 05:56:56.000,16.8
2026-03-13 05:57:00.000,16.8
2026-03-13 05:57:00.000,14.4
2026-03-13 05:57:02.000,14.4
2026-03-13 05:57:02.000,12
2026-03-13 05:57:04.000,12
2026-03-13 05:57:04.000,9.6
2026-03-13 05:57:06.000,9.6
2026-03-13 05:57:06.000,12
2026-03-13 05:57:10.000,12
2026-03-13 05:57:10.000,14.4
2026-03-13 05:57:14.000,14.4
2026-03-13 05:57:14.000,15.6
2026-03-13 05:57:18.000,15.6
2026-03-13 05:57:18.000,16.8
2026-03-13 05:57:24.000,16.8
2026-03-13 05:57:24.000,18
2026-03-13 05:57:38.000,18
2026-03-13 05:57:38.000,16.8
2026-03-13 05:57:40.000,16.8
2026-03-13 05:57:40.000,18
2026-03-13 05:57:52.000,18
2026-03-13 05:57:52.000,19.2
2026-03-13 05:57:56.000,19.2
2026-03-13 05:57:56.000,18
2026-03-13 05:57:58.000,18
2026-03-13 05:57:58.000,19.2
2026-03-13 05:58:00.000,19.2
2026-03-13 05:58:00.000,18
2026-03-13 05:58:06.000,18
2026-03-13 05:58:06.000,19.2
2026-03-13 05:58:12.000,19.2
2026-03-13 05:58:12.000,18
2026-03-13 05:58:52.000,18
2026-03-13 05:58:52.000,19.2
2026-03-13 05:58:58.000,19.2
2026-03-13 05:58:58.000,18
2026-03-13 05:59:14.000,18
2026-03-13 05:59:14.000,19.2
2026-03-13 05:59:30.000,19.2
2026-03-13 05:59:30.000,18
2026-03-13 05:59:32.000,18
2026-03-13 05:59:32.000,19.2
2026-03-13 05:59:34.000,19.2
2026-03-13 05:59:34.000,18
2026-03-13 06:00:12.000,18
2026-03-13 06:00:12.000,19.2
2026-03-13 06:00:14.000,19.2
2026-03-13 06:00:14.000,22.8
2026-03-13 06:00:16.000,22.8
2026-03-13 06:00:16.000,20.4
2026-03-13 06:00:18.000,20.4
2026-03-13 06:00:18.000,18
2026-03-13 06:00:20.000,18
2026-03-13 06:00:20.000,14.4
2026-03-13 06:00:24.000,14.4
2026-03-13 06:00:24.000,13.2
2026-03-13 06:00:28.000,13.2
2026-03-13 06:00:28.000,14.4
2026-03-13 06:00:34.000,14.4
2026-03-13 06:00:34.000,15.6
2026-03-13 06:00:40.000,15.6
2026-03-13 06:00:40.000,16.8
2026-03-13 06:00:42.000,16.8
2026-03-13 06:00:42.000,18
2026-03-13 06:00:46.000,18
2026-03-13 06:00:46.000,19.2
2026-03-13 06:00:48.000,19.2
2026-03-13 06:00:48.000,22.8
2026-03-13 06:00:50.000,22.8
2026-03-13 06:00:50.000,21.6
2026-03-13 06:00:52.000,21.6
2026-03-13 06:00:52.000,18
2026-03-13 06:00:56.000,18
2026-03-13 06:00:56.000,19.2
2026-03-13 06:00:58.000,19.2
2026-03-13 06:00:58.000,20.4
2026-03-13 06:01:02.000,20.4
2026-03-13 06:01:02.000,19.2
2026-03-13 06:01:18.000,19.2
2026-03-13 06:01:18.000,18
2026-03-13 06:01:26.000,18
2026-03-13 06:01:26.000,16.8
2026-03-13 06:01:30.000,16.8
2026-03-13 06:01:30.000,18
2026-03-13 06:03:14.000,18
2026-03-13 06:03:14.000,19.2
2026-03-13 06:03:16.000,19.2
2026-03-13 06:03:16.000,18
2026-03-13 06:03:18.000,18
2026-03-13 06:03:18.000,15.6
2026-03-13 06:03:20.000,15.6
2026-03-13 06:03:20.000,16.8
2026-03-13 06:03:22.000,16.8
2026-03-13 06:03:22.000,13.2
2026-03-13 06:03:26.000,13.2
2026-03-13 06:03:26.000,12
2026-03-13 06:03:30.000,12
2026-03-13 06:03:30.000,13.2
2026-03-13 06:03:34.000,13.2
2026-03-13 06:03:34.000,12
2026-03-13 06:03:36.000,12
2026-03-13 06:03:36.000,10.8
2026-03-13 06:03:48.000,10.8
2026-03-13 06:03:48.000,12
2026-03-13 06:03:54.000,12
2026-03-13 06:03:54.000,13.2
2026-03-13 06:03:56.000,13.2
2026-03-13 06:03:56.000,15.6
2026-03-13 06:03:58.000,15.6
2026-03-13 06:03:58.000,16.8
2026-03-13 06:04:00.000,16.8
2026-03-13 06:04:00.000,10.8
2026-03-13 06:04:04.000,10.8
2026-03-13 06:04:04.000,12
2026-03-13 06:04:06.000,12
2026-03-13 06:04:06.000,14.4
2026-03-13 06:04:12.000,14.4
2026-03-13 06:04:12.000,15.6
2026-03-13 06:04:14.000,15.6
2026-03-13 06:04:14.000,16.8
2026-03-13 06:04:22.000,16.8
2026-03-13 06:04:22.000,18
2026-03-13 06:04:30.000,18
2026-03-13 06:04:30.000,19.2
2026-03-13 06:04:44.000,19.2
2026-03-13 06:04:44.000,18
2026-03-13 06:05:08.000,18
2026-03-13 06:05:08.000,19.2
2026-03-13 06:05:22.000,19.2
2026-03-13 06:05:22.000,18
2026-03-13 06:05:24.000,18
2026-03-13 06:05:24.000,19.2
2026-03-13 06:05:26.000,19.2
2026-03-13 06:05:26.000,18
2026-03-13 06:05:40.000,18
2026-03-13 06:05:40.000,19.2
2026-03-13 06:05:42.000,19.2
2026-03-13 06:05:42.000,18
2026-03-13 06:05:44.000,18
2026-03-13 06:05:44.000,19.2
2026-03-13 06:06:04.000,19.2
2026-03-13 06:06:04.000,18
2026-03-13 06:06:06.000,18
2026-03-13 06:06:06.000,19.2
2026-03-13 06:06:08.000,19.2
2026-03-13 06:06:08.000,20.4
2026-03-13 06:06:10.000,20.4
2026-03-13 06:06:10.000,24
2026-03-13 06:06:12.000,24
2026-03-13 06:06:12.000,25.2
2026-03-13 06:06:14.000,25.2
2026-03-13 06:06:14.000,27.6
2026-03-13 06:06:16.000,27.6
2026-03-13 06:06:16.000,31.2
2026-03-13 06:06:18.000,31.2
2026-03-13 06:06:18.000,30
2026-03-13 06:06:20.000,30
2026-03-13 06:06:20.000,25.2
2026-03-13 06:06:22.000,25.2
2026-03-13 06:06:22.000,22.8
2026-03-13 06:06:24.000,22.8
2026-03-13 06:06:24.000,19.2
2026-03-13 06:06:26.000,19.2
2026-03-13 06:06:26.000,15.6
2026-03-13 06:06:28.000,15.6
2026-03-13 06:06:28.000,13.2
2026-03-13 06:06:34.000,13.2
2026-03-13 06:06:34.000,12
2026-03-13 06:06:38.000,12
2026-03-13 06:06:38.000,10.8
2026-03-13 06:06:42.000,10.8
2026-03-13 06:06:42.000,12
2026-03-13 06:06:44.000,12
2026-03-13 06:06:44.000,14.4
2026-03-13 06:06:48.000,14.4
2026-03-13 06:06:48.000,15.6
2026-03-13 06:06:50.000,15.6
2026-03-13 06:06:50.000,16.8
2026-03-13 06:06:52.000,16.8
2026-03-13 06:06:52.000,18
2026-03-13 06:06:54.000,18
2026-03-13 06:06:54.000,19.2
2026-03-13 06:06:56.000,19.2
2026-03-13 06:06:56.000,21.6
2026-03-13 06:06:58.000,21.6
2026-03-13 06:06:58.000,22.8
2026-03-13 06:07:00.000,22.8
2026-03-13 06:07:00.000,25.2
2026-03-13 06:07:02.000,25.2
2026-03-13 06:07:02.000,26.4
2026-03-13 06:07:04.000,26.4
2026-03-13 06:07:04.000,27.6
2026-03-13 06:07:06.000,27.6
2026-03-13 06:07:06.000,30
2026-03-13 06:07:08.000,30
2026-03-13 06:07:08.000,31.2
2026-03-13 06:07:10.000,31.2
2026-03-13 06:07:10.000,32.4
2026-03-13 06:07:14.000,32.4
2026-03-13 06:07:14.000,33.6
2026-03-13 06:07:16.000,33.6
2026-03-13 06:07:16.000,36
2026-03-13 06:07:18.000,36
2026-03-13 06:07:18.000,37.2
2026-03-13 06:07:22.000,37.2
2026-03-13 06:07:22.000,36
2026-03-13 06:07:24.000,36
2026-03-13 06:07:24.000,32.4
2026-03-13 06:07:26.000,32.4
2026-03-13 06:07:26.000,30
2026-03-13 06:07:32.000,30
2026-03-13 06:07:32.000,31.2
2026-03-13 06:07:36.000,31.2
2026-03-13 06:07:36.000,33.6
2026-03-13 06:07:38.000,33.6
2026-03-13 06:07:38.000,34.8
2026-03-13 06:07:40.000,34.8
2026-03-13 06:07:40.000,37.2
2026-03-13 06:07:42.000,37.2
2026-03-13 06:07:42.000,38.4
2026-03-13 06:07:44.000,38.4
2026-03-13 06:07:44.000,39.6
2026-03-13 06:07:46.000,39.6
2026-03-13 06:07:46.000,40.8
2026-03-13 06:07:50.000,40.8
2026-03-13 06:07:50.000,42
2026-03-13 06:07:52.000,42
2026-03-13 06:07:52.000,43.2
2026-03-13 06:07:54.000,43.2
2026-03-13 06:07:54.000,42
2026-03-13 06:08:00.000,42
2026-03-13 06:08:00.000,40.8
2026-03-13 06:08:06.000,40.8
2026-03-13 06:08:06.000,39.6
2026-03-13 06:08:22.000,39.6
2026-03-13 06:08:22.000,40.8
2026-03-13 06:08:28.000,40.8
2026-03-13 06:08:28.000,42
2026-03-13 06:09:02.000,42
2026-03-13 06:09:02.000,43.2
2026-03-13 06:09:22.000,43.2
2026-03-13 06:09:22.000,42
2026-03-13 06:09:24.000,42
2026-03-13 06:09:24.000,39.6
2026-03-13 06:09:30.000,39.6
2026-03-13 06:09:30.000,38.4
2026-03-13 06:09:42.000,38.4
2026-03-13 06:09:42.000,36
2026-03-13 06:09:44.000,36
2026-03-13 06:09:44.000,32.4
2026-03-13 06:09:46.000,32.4
2026-03-13 06:09:46.000,33.6
2026-03-13 06:09:48.000,33.6
2026-03-13 06:09:48.000,31.2
2026-03-13 06:09:50.000,31.2
2026-03-13 06:09:50.000,32.4
2026-03-13 06:09:52.000,32.4
2026-03-13 06:09:52.000,31.2
2026-03-13 06:09:54.000,31.2
2026-03-13 06:09:54.000,32.4
2026-03-13 06:10:00.000,32.4
2026-03-13 06:10:00.000,33.6
2026-03-13 06:10:06.000,33.6
2026-03-13 06:10:06.000,34.8
2026-03-13 06:10:12.000,34.8
2026-03-13 06:10:12.000,36
2026-03-13 06:10:22.000,36
2026-03-13 06:10:22.000,37.2
2026-03-13 06:10:24.000,37.2
2026-03-13 06:10:24.000,36
2026-03-13 06:10:28.000,36
2026-03-13 06:10:28.000,33.6
2026-03-13 06:10:30.000,33.6
2026-03-13 06:10:30.000,31.2
2026-03-13 06:10:32.000,31.2
2026-03-13 06:10:32.000,28.8
2026-03-13 06:10:34.000,28.8
2026-03-13 06:10:34.000,30
2026-03-13 06:11:06.000,30
2026-03-13 06:11:06.000,31.2
2026-03-13 06:11:10.000,31.2
2026-03-13 06:11:10.000,30
2026-03-13 06:11:14.000,30
2026-03-13 06:11:14.000,31.2
2026-03-13 06:11:20.000,31.2
2026-03-13 06:11:20.000,30
2026-03-13 06:11:22.000,30
2026-03-13 06:11:22.000,31.2
2026-03-13 06:11:44.000,31.2
2026-03-13 06:11:44.000,30
2026-03-13 06:12:00.000,30
2026-03-13 06:12:00.000,31.2
2026-03-13 06:12:04.000,31.2
2026-03-13 06:12:04.000,30
2026-03-13 06:12:16.000,30
2026-03-13 06:12:16.000,28.8
2026-03-13 06:12:18.000,28.8
2026-03-13 06:12:18.000,26.4
2026-03-13 06:12:20.000,26.4
2026-03-13 06:12:20.000,25.2
2026-03-13 06:12:22.000,25.2
2026-03-13 06:12:22.000,24
2026-03-13 06:12:24.000,24
2026-03-13 06:12:24.000,25.2
2026-03-13 06:12:30.000,25.2
2026-03-13 06:12:30.000,26.4
2026-03-13 06:12:34.000,26.4
2026-03-13 06:12:34.000,27.6
2026-03-13 06:12:36.000,27.6
2026-03-13 06:12:36.000,28.8
2026-03-13 06:12:42.000,28.8
2026-03-13 06:12:42.000,30
2026-03-13 06:12:46.000,30
2026-03-13 06:12:46.000,28.8
2026-03-13 06:12:48.000,28.8
2026-03-13 06:12:48.000,30
2026-03-13 06:12:56.000,30
2026-03-13 06:12:56.000,31.2
2026-03-13 06:13:08.000,31.2
2026-03-13 06:13:08.000,30
2026-03-13 06:13:12.000,30
2026-03-13 06:13:12.000,31.2
2026-03-13 06:13:14.000,31.2
2026-03-13 06:13:14.000,28.8
2026-03-13 06:13:16.000,28.8
2026-03-13 06:13:16.000,4.8
2026-03-13 06:13:18.000,4.8
2026-03-13 06:13:18.000,1.2
2026-03-13 06:13:20.000,1.2
2026-03-13 06:13:20.000,3.6
2026-03-13 06:13:22.000,3.6
2026-03-13 06:13:22.000,6
2026-03-13 06:13:24.000,6
2026-03-13 06:13:24.000,7.2
2026-03-13 06:13:26.000,7.2
2026-03-13 06:13:26.000,8.4
2026-03-13 06:13:30.000,8.4
2026-03-13 06:13:30.000,9.6
2026-03-13 06:13:32.000,9.6
2026-03-13 06:13:32.000,10.8
2026-03-13 06:13:34.000,10.8
2026-03-13 06:13:34.000,15.6
2026-03-13 06:13:36.000,15.6
2026-03-13 06:13:36.000,32.4
2026-03-13 06:13:38.000,32.4
2026-03-13 06:13:38.000,28.8
2026-03-13 06:13:40.000,28.8
2026-03-13 06:13:40.000,42
2026-03-13 06:13:42.000,42
2026-03-13 06:13:42.000,36
2026-03-13 06:13:44.000,36
2026-03-13 06:13:44.000,40.8
2026-03-13 06:13:52.000,40.8
2026-03-13 06:13:52.000,42
2026-03-13 06:13:56.000,42
2026-03-13 06:13:56.000,43.2
2026-03-13 06:14:16.000,43.2
2026-03-13 06:14:16.000,42
2026-03-13 06:14:18.000,42
2026-03-13 06:14:18.000,40.8
2026-03-13 06:14:32.000,40.8
2026-03-13 06:14:32.000,44.4
2026-03-13 06:14:34.000,44.4
2026-03-13 06:14:34.000,45.6
2026-03-13 06:14:46.000,45.6
2026-03-13 06:14:46.000,46.8
2026-03-13 06:14:50.000,46.8
2026-03-13 06:14:50.000,48
2026-03-13 06:15:08.000,48
2026-03-13 06:15:08.000,46.8
2026-03-13 06:15:12.000,46.8
2026-03-13 06:15:12.000,45.6
2026-03-13 06:15:14.000,45.6
2026-03-13 06:15:14.000,44.4
2026-03-13 06:15:16.000,44.4
2026-03-13 06:15:16.000,43.2
2026-03-13 06:15:18.000,43.2
2026-03-13 06:15:18.000,39.6
2026-03-13 06:15:20.000,39.6
2026-03-13 06:15:20.000,37.2
2026-03-13 06:15:22.000,37.2
2026-03-13 06:15:22.000,39.6
2026-03-13 06:15:24.000,39.6
2026-03-13 06:15:24.000,36
2026-03-13 06:15:26.000,36
2026-03-13 06:15:26.000,28.8
2026-03-13 06:15:28.000,28.8
2026-03-13 06:15:28.000,24
2026-03-13 06:15:30.000,24
2026-03-13 06:15:30.000,13.2
2026-03-13 06:15:32.000,13.2
2026-03-13 06:15:32.000,12
2026-03-13 06:15:34.000,12
2026-03-13 06:15:34.000,7.2
2026-03-13 06:15:38.000,7.2
2026-03-13 06:15:38.000,6
2026-03-13 06:15:56.000,6
2026-03-13 06:15:56.000,9.6
2026-03-13 06:15:58.000,9.6
2026-03-13 06:15:58.000,8.4
2026-03-13 06:16:00.000,8.4
2026-03-13 06:16:00.000,9.6
2026-03-13 06:16:04.000,9.6
2026-03-13 06:16:04.000,8.4
2026-03-13 06:16:06.000,8.4
2026-03-13 06:16:06.000,7.2
2026-03-13 06:16:30.000,7.2
2026-03-13 06:16:30.000,6
2026-03-13 06:16:36.000,6
2026-03-13 06:16:36.000,7.2
2026-03-13 06:16:44.000,7.2
2026-03-13 06:16:44.000,8.4
2026-03-13 06:16:56.000,8.4
2026-03-13 06:16:56.000,7.2
2026-03-13 06:17:08.000,7.2
2026-03-13 06:17:08.000,8.4
2026-03-13 06:17:10.000,8.4
2026-03-13 06:17:10.000,7.2
2026-03-13 06:17:16.000,7.2
2026-03-13 06:17:16.000,8.4
2026-03-13 06:17:38.000,8.4
2026-03-13 06:17:38.000,7.2
2026-03-13 06:17:54.000,7.2
2026-03-13 06:17:54.000,8.4
2026-03-13 06:18:18.000,8.4
2026-03-13 06:18:18.000,7.2
2026-03-13 06:18:34.000,7.2
2026-03-13 06:18:34.000,8.4
2026-03-13 06:18:36.000,8.4
2026-03-13 06:18:36.000,7.2
2026-03-13 06:18:38.000,7.2
2026-03-13 06:18:38.000,8.4
2026-03-13 06:18:54.000,8.4
2026-03-13 06:18:54.000,7.2
2026-03-13 06:18:58.000,7.2
2026-03-13 06:18:58.000,8.4
2026-03-13 06:19:02.000,8.4
2026-03-13 06:19:02.000,7.2
2026-03-13 06:19:04.000,7.2
2026-03-13 06:19:04.000,8.4
2026-03-13 06:19:28.000,8.4
2026-03-13 06:19:28.000,7.2
2026-03-13 06:19:44.000,7.2
2026-03-13 06:19:44.000,8.4
2026-03-13 06:19:46.000,8.4
2026-03-13 06:19:46.000,7.2
2026-03-13 06:19:48.000,7.2
2026-03-13 06:19:48.000,8.4
2026-03-13 06:21:50.000,8.4
2026-03-13 06:21:50.000,9.6
2026-03-13 06:21:54.000,9.6
2026-03-13 06:21:54.000,10.8
2026-03-13 06:22:00.000,10.8
2026-03-13 06:22:00.000,12
2026-03-13 06:22:02.000,12
2026-03-13 06:22:02.000,13.2
2026-03-13 06:22:04.000,13.2
2026-03-13 06:22:04.000,14.4
2026-03-13 06:22:08.000,14.4
2026-03-13 06:22:08.000,15.6
2026-03-13 06:22:14.000,15.6
2026-03-13 06:22:14.000,16.8
2026-03-13 06:22:20.000,16.8
2026-03-13 06:22:20.000,18
2026-03-13 06:22:50.000,18
2026-03-13 06:22:50.000,19.2
2026-03-13 06:23:16.000,19.2
2026-03-13 06:23:16.000,20.4
2026-03-13 06:23:46.000,20.4
2026-03-13 06:23:46.000,21.6
2026-03-13 06:24:38.000,21.6
2026-03-13 06:24:38.000,22.8
2026-03-13 06:24:56.000,22.8
2026-03-13 06:24:56.000,21.6
2026-03-13 06:25:00.000,21.6
2026-03-13 06:25:00.000,22.8
2026-03-13 06:25:06.000,22.8
2026-03-13 06:25:06.000,21.6
2026-03-13 06:25:08.000,21.6
2026-03-13 06:25:08.000,20.4
2026-03-13 06:25:10.000,20.4
2026-03-13 06:25:10.000,21.6
2026-03-13 06:25:12.000,21.6
2026-03-13 06:25:12.000,16.8
2026-03-13 06:25:14.000,16.8
2026-03-13 06:25:14.000,18
2026-03-13 06:25:16.000,18
2026-03-13 06:25:16.000,16.8
2026-03-13 06:25:18.000,16.8
2026-03-13 06:25:18.000,18
2026-03-13 06:25:20.000,18
2026-03-13 06:25:20.000,16.8
2026-03-13 06:25:26.000,16.8
2026-03-13 06:25:26.000,18
2026-03-13 06:25:44.000,18
2026-03-13 06:25:44.000,19.2
2026-03-13 06:26:18.000,19.2
2026-03-13 06:26:18.000,20.4
2026-03-13 06:26:28.000,20.4
2026-03-13 06:26:28.000,21.6
2026-03-13 06:26:44.000,21.6
2026-03-13 06:26:44.000,22.8
2026-03-13 06:26:52.000,22.8
2026-03-13 06:26:52.000,21.6
2026-03-13 06:27:06.000,21.6
2026-03-13 06:27:06.000,22.8
2026-03-13 06:28:18.000,22.8
2026-03-13 06:28:18.000,21.6
2026-03-13 06:28:20.000,21.6
2026-03-13 06:28:20.000,22.8
2026-03-13 06:28:28.000,22.8
2026-03-13 06:28:28.000,21.6
2026-03-13 06:29:22.000,21.6
2026-03-13 06:29:22.000,22.8
2026-03-13 06:29:24.000,22.8
2026-03-13 06:29:24.000,21.6
2026-03-13 06:29:38.000,21.6
2026-03-13 06:29:38.000,22.8
2026-03-13 06:29:40.000,22.8
2026-03-13 06:29:40.000,21.6
2026-03-13 06:29:42.000,21.6
2026-03-13 06:29:42.000,22.8
2026-03-13 06:31:54.000,22.8
2026-03-13 06:31:54.000,24
2026-03-13 06:31:56.000,24
2026-03-13 06:31:56.000,22.8
2026-03-13 06:31:58.000,22.8
2026-03-13 06:31:58.000,24
2026-03-13 06:33:22.000,24
2026-03-13 06:33:22.000,25.2
2026-03-13 06:33:48.000,25.2
2026-03-13 06:33:48.000,24
2026-03-13 06:33:50.000,24
2026-03-13 06:33:50.000,25.2
2026-03-13 06:34:46.000,25.2
2026-03-13 06:34:46.000,20.4
2026-03-13 06:34:48.000,20.4
2026-03-13 06:34:48.000,19.2
2026-03-13 06:34:50.000,19.2
2026-03-13 06:34:50.000,16.8
2026-03-13 06:34:52.000,16.8
2026-03-13 06:34:52.000,12
2026-03-13 06:34:54.000,12
2026-03-13 06:34:54.000,18
2026-03-13 06:34:58.000,18
2026-03-13 06:34:58.000,24
2026-03-13 06:35:00.000,24
2026-03-13 06:35:00.000,22.8
2026-03-13 06:35:02.000,22.8
2026-03-13 06:35:02.000,24
2026-03-13 06:35:04.000,24
2026-03-13 06:35:04.000,26.4
2026-03-13 06:35:06.000,26.4
2026-03-13 06:35:06.000,25.2
2026-03-13 06:35:08.000,25.2
2026-03-13 06:35:08.000,26.4
2026-03-13 06:35:10.000,26.4
2026-03-13 06:35:10.000,27.6
2026-03-13 06:35:12.000,27.6
2026-03-13 06:35:12.000,26.4
2026-03-13 06:35:14.000,26.4
2026-03-13 06:35:14.000,27.6
2026-03-13 06:35:22.000,27.6
2026-03-13 06:35:22.000,28.8
2026-03-13 06:35:28.000,28.8
2026-03-13 06:35:28.000,27.6
2026-03-13 06:35:44.000,27.6
2026-03-13 06:35:44.000,26.4
2026-03-13 06:35:48.000,26.4
2026-03-13 06:35:48.000,27.6
2026-03-13 06:36:00.000,27.6
2026-03-13 06:36:00.000,28.8
2026-03-13 06:36:14.000,28.8
2026-03-13 06:36:14.000,27.6
2026-03-13 06:36:28.000,27.6
2026-03-13 06:36:28.000,26.4
2026-03-13 06:36:30.000,26.4
2026-03-13 06:36:30.000,27.6
2026-03-13 06:37:06.000,27.6
2026-03-13 06:37:06.000,28.8
2026-03-13 06:37:08.000,28.8
2026-03-13 06:37:08.000,27.6
2026-03-13 06:37:10.000,27.6
2026-03-13 06:37:10.000,28.8
2026-03-13 06:37:20.000,28.8
2026-03-13 06:37:20.000,27.6
2026-03-13 06:37:24.000,27.6
2026-03-13 06:37:24.000,28.8
2026-03-13 06:37:26.000,28.8
2026-03-13 06:37:26.000,27.6
2026-03-13 06:37:28.000,27.6
2026-03-13 06:37:28.000,28.8
2026-03-13 06:37:30.000,28.8
2026-03-13 06:37:30.000,27.6
2026-03-13 06:37:32.000,27.6
2026-03-13 06:37:32.000,21.6
2026-03-13 06:37:36.000,21.6
2026-03-13 06:37:36.000,18
2026-03-13 06:37:52.000,18
2026-03-13 06:37:52.000,19.2
2026-03-13 06:38:04.000,19.2
2026-03-13 06:38:04.000,20.4
2026-03-13 06:38:10.000,20.4
2026-03-13 06:38:10.000,19.2
2026-03-13 06:38:42.000,19.2
2026-03-13 06:38:42.000,20.4
2026-03-13 06:38:58.000,20.4
2026-03-13 06:38:58.000,19.2
2026-03-13 06:39:08.000,19.2
2026-03-13 06:39:08.000,20.4
2026-03-13 06:39:16.000,20.4
2026-03-13 06:39:16.000,21.6
2026-03-13 06:39:22.000,21.6
2026-03-13 06:39:22.000,20.4
2026-03-13 06:39:26.000,20.4
2026-03-13 06:39:26.000,21.6
2026-03-13 06:39:50.000,21.6
2026-03-13 06:39:50.000,20.4
2026-03-13 06:39:52.000,20.4
2026-03-13 06:39:52.000,21.6
2026-03-13 06:39:56.000,21.6
2026-03-13 06:39:56.000,20.4
2026-03-13 06:40:04.000,20.4
2026-03-13 06:40:04.000,21.6
2026-03-13 06:40:06.000,21.6
2026-03-13 06:40:06.000,20.4
2026-03-13 06:40:08.000,20.4
2026-03-13 06:40:08.000,21.6
2026-03-13 06:40:34.000,21.6
2026-03-13 06:40:34.000,20.4
2026-03-13 06:40:44.000,20.4
2026-03-13 06:40:44.000,21.6
2026-03-13 06:40:52.000,21.6
2026-03-13 06:40:52.000,20.4
2026-03-13 06:40:54.000,20.4
2026-03-13 06:40:54.000,21.6
2026-03-13 06:41:14.000,21.6
2026-03-13 06:41:14.000,20.4
2026-03-13 06:41:34.000,20.4
2026-03-13 06:41:34.000,21.6
2026-03-13 06:41:36.000,21.6
2026-03-13 06:41:36.000,20.4
2026-03-13 06:41:40.000,20.4
2026-03-13 06:41:40.000,21.6
2026-03-13 06:41:50.000,21.6
2026-03-13 06:41:50.000,28.8
2026-03-13 06:41:52.000,28.8
2026-03-13 06:41:52.000,27.6
2026-03-13 06:41:54.000,27.6
2026-03-13 06:41:54.000,15.6
2026-03-13 06:41:56.000,15.6
2026-03-13 06:41:56.000,18
2026-03-13 06:42:04.000,18
2026-03-13 06:42:04.000,20.4
2026-03-13 06:42:08.000,20.4
2026-03-13 06:42:08.000,19.2
2026-03-13 06:42:12.000,19.2
2026-03-13 06:42:12.000,20.4
2026-03-13 06:42:16.000,20.4
2026-03-13 06:42:16.000,21.6
2026-03-13 06:42:20.000,21.6
2026-03-13 06:42:20.000,22.8
2026-03-13 06:42:22.000,22.8
2026-03-13 06:42:22.000,28.8
2026-03-13 06:42:24.000,28.8
2026-03-13 06:42:24.000,22.8
2026-03-13 06:42:26.000,22.8
2026-03-13 06:42:26.000,26.4
2026-03-13 06:42:28.000,26.4
2026-03-13 06:42:28.000,22.8
2026-03-13 06:42:30.000,22.8
2026-03-13 06:42:30.000,24
2026-03-13 06:42:32.000,24
2026-03-13 06:42:32.000,22.8
2026-03-13 06:42:38.000,22.8
2026-03-13 06:42:38.000,24
2026-03-13 06:42:52.000,24
2026-03-13 06:42:52.000,25.2
2026-03-13 06:42:54.000,25.2
2026-03-13 06:42:54.000,26.4
2026-03-13 06:42:58.000,26.4
2026-03-13 06:42:58.000,27.6
2026-03-13 06:43:08.000,27.6
2026-03-13 06:43:08.000,26.4
2026-03-13 06:43:12.000,26.4
2026-03-13 06:43:12.000,25.2
2026-03-13 06:43:18.000,25.2
2026-03-13 06:43:18.000,26.4
2026-03-13 06:43:20.000,26.4
2026-03-13 06:43:20.000,27.6
2026-03-13 06:43:22.000,27.6
2026-03-13 06:43:22.000,25.2
2026-03-13 06:43:24.000,25.2
2026-03-13 06:43:24.000,24
2026-03-13 06:43:26.000,24
2026-03-13 06:43:26.000,22.8
2026-03-13 06:43:28.000,22.8
2026-03-13 06:43:28.000,21.6
2026-03-13 06:43:30.000,21.6
2026-03-13 06:43:30.000,20.4
2026-03-13 06:43:36.000,20.4
2026-03-13 06:43:36.000,19.2
2026-03-13 06:43:48.000,19.2
2026-03-13 06:43:48.000,20.4
2026-03-13 06:43:58.000,20.4
2026-03-13 06:43:58.000,19.2
2026-03-13 06:44:00.000,19.2
2026-03-13 06:44:00.000,18
2026-03-13 06:44:22.000,18
2026-03-13 06:44:22.000,19.2
2026-03-13 06:44:26.000,19.2
2026-03-13 06:44:26.000,20.4
2026-03-13 06:44:30.000,20.4
2026-03-13 06:44:30.000,19.2
2026-03-13 06:44:36.000,19.2
2026-03-13 06:44:36.000,18
2026-03-13 06:45:04.000,18
2026-03-13 06:45:04.000,19.2
2026-03-13 06:45:08.000,19.2
2026-03-13 06:45:08.000,20.4
2026-03-13 06:45:14.000,20.4
2026-03-13 06:45:14.000,19.2
2026-03-13 06:45:18.000,19.2
2026-03-13 06:45:18.000,18
2026-03-13 06:45:42.000,18
2026-03-13 06:45:42.000,19.2
2026-03-13 06:45:44.000,19.2
2026-03-13 06:45:44.000,20.4
2026-03-13 06:45:46.000,20.4
2026-03-13 06:45:46.000,19.2
2026-03-13 06:45:48.000,19.2
2026-03-13 06:45:48.000,21.6
2026-03-13 06:45:52.000,21.6
2026-03-13 06:45:52.000,20.4
2026-03-13 06:46:00.000,20.4
2026-03-13 06:46:00.000,19.2
2026-03-13 06:46:06.000,19.2
2026-03-13 06:46:06.000,18
2026-03-13 06:46:14.000,18
2026-03-13 06:46:14.000,19.2
2026-03-13 06:46:26.000,19.2
2026-03-13 06:46:26.000,20.4
2026-03-13 06:46:38.000,20.4
2026-03-13 06:46:38.000,19.2
2026-03-13 06:46:40.000,19.2
2026-03-13 06:46:40.000,18
2026-03-13 06:46:42.000,18
2026-03-13 06:46:42.000,19.2
2026-03-13 06:47:00.000,19.2
2026-03-13 06:47:00.000,20.4
2026-03-13 06:47:04.000,20.4
2026-03-13 06:47:04.000,21.6
2026-03-13 06:47:10.000,21.6
2026-03-13 06:47:10.000,20.4
2026-03-13 06:47:14.000,20.4
2026-03-13 06:47:14.000,19.2
2026-03-13 06:47:34.000,19.2
2026-03-13 06:47:34.000,20.4
2026-03-13 06:47:38.000,20.4
2026-03-13 06:47:38.000,21.6
2026-03-13 06:47:46.000,21.6
2026-03-13 06:47:46.000,20.4
2026-03-13 06:48:14.000,20.4
2026-03-13 06:48:14.000,21.6
2026-03-13 06:48:28.000,21.6
2026-03-13 06:48:28.000,20.4
2026-03-13 06:48:48.000,20.4
2026-03-13 06:48:48.000,21.6
2026-03-13 06:48:58.000,21.6
2026-03-13 06:48:58.000,22.8
2026-03-13 06:49:02.000,22.8
2026-03-13 06:49:02.000,21.6
2026-03-13 06:49:06.000,21.6
2026-03-13 06:49:06.000,20.4
2026-03-13 06:49:08.000,20.4
2026-03-13 06:49:08.000,19.2
2026-03-13 06:49:14.000,19.2
2026-03-13 06:49:14.000,20.4
2026-03-13 06:49:18.000,20.4
2026-03-13 06:49:18.000,21.6
2026-03-13 06:49:20.000,21.6
2026-03-13 06:49:20.000,24
2026-03-13 06:49:24.000,24
2026-03-13 06:49:24.000,25.2
2026-03-13 06:49:26.000,25.2
2026-03-13 06:49:26.000,26.4
2026-03-13 06:49:28.000,26.4
2026-03-13 06:49:28.000,30
2026-03-13 06:49:30.000,30
2026-03-13 06:49:30.000,27.6
2026-03-13 06:49:32.000,27.6
2026-03-13 06:49:32.000,28.8
2026-03-13 06:49:34.000,28.8
2026-03-13 06:49:34.000,25.2
2026-03-13 06:49:36.000,25.2
2026-03-13 06:49:36.000,24
2026-03-13 06:49:38.000,24
2026-03-13 06:49:38.000,16.8
2026-03-13 06:49:42.000,16.8
2026-03-13 06:49:42.000,14.4
2026-03-13 06:49:54.000,14.4
2026-03-13 06:49:54.000,15.6
2026-03-13 06:49:58.000,15.6
2026-03-13 06:49:58.000,16.8
2026-03-13 06:50:00.000,16.8
2026-03-13 06:50:00.000,21.6
2026-03-13 06:50:02.000,21.6
2026-03-13 06:50:02.000,27.6
2026-03-13 06:50:04.000,27.6
2026-03-13 06:50:04.000,30
2026-03-13 06:50:06.000,30
2026-03-13 06:50:06.000,32.4
2026-03-13 06:50:08.000,32.4
2026-03-13 06:50:08.000,36
2026-03-13 06:50:14.000,36
2026-03-13 06:50:14.000,37.2
2026-03-13 06:50:24.000,37.2
2026-03-13 06:50:24.000,38.4
2026-03-13 06:50:36.000,38.4
2026-03-13 06:50:36.000,39.6
2026-03-13 06:50:48.000,39.6
2026-03-13 06:50:48.000,40.8
2026-03-13 06:50:54.000,40.8
2026-03-13 06:50:54.000,39.6
2026-03-13 06:50:56.000,39.6
2026-03-13 06:50:56.000,38.4
2026-03-13 06:50:58.000,38.4
2026-03-13 06:50:58.000,36
2026-03-13 06:51:02.000,36
2026-03-13 06:51:02.000,34.8
2026-03-13 06:51:04.000,34.8
2026-03-13 06:51:04.000,36
2026-03-13 06:51:08.000,36
2026-03-13 06:51:08.000,37.2
2026-03-13 06:51:14.000,37.2
2026-03-13 06:51:14.000,38.4
2026-03-13 06:51:20.000,38.4
2026-03-13 06:51:20.000,39.6
2026-03-13 06:51:42.000,39.6
2026-03-13 06:51:42.000,40.8
2026-03-13 06:51:50.000,40.8
2026-03-13 06:51:50.000,42
2026-03-13 06:51:58.000,42
2026-03-13 06:51:58.000,43.2
2026-03-13 06:52:20.000,43.2
2026-03-13 06:52:20.000,44.4
2026-03-13 06:52:34.000,44.4
2026-03-13 06:52:34.000,45.6
2026-03-13 06:52:40.000,45.6
2026-03-13 06:52:40.000,43.2
2026-03-13 06:52:42.000,43.2
2026-03-13 06:52:42.000,33.6
2026-03-13 06:52:44.000,33.6
2026-03-13 06:52:44.000,27.6
2026-03-13 06:52:46.000,27.6
2026-03-13 06:52:46.000,19.2
2026-03-13 06:52:50.000,19.2
2026-03-13 06:52:50.000,20.4
2026-03-13 06:53:00.000,20.4
2026-03-13 06:53:00.000,21.6
2026-03-13 06:53:02.000,21.6
2026-03-13 06:53:02.000,31.2
2026-03-13 06:53:04.000,31.2
2026-03-13 06:53:04.000,1.2
2026-03-13 06:53:08.000,1.2
2026-03-13 06:53:08.000,3.6
2026-03-13 06:53:10.000,3.6
2026-03-13 06:53:10.000,9.6
2026-03-13 06:53:12.000,9.6
2026-03-13 06:53:12.000,10.8
2026-03-13 06:53:14.000,10.8
2026-03-13 06:53:14.000,14.4
2026-03-13 06:53:16.000,14.4
2026-03-13 06:53:16.000,18
2026-03-13 06:53:18.000,18
2026-03-13 06:53:18.000,19.2
2026-03-13 06:53:32.000,19.2
2026-03-13 06:53:32.000,20.4
2026-03-13 06:53:36.000,20.4
2026-03-13 06:53:36.000,19.2
2026-03-13 06:54:04.000,19.2
2026-03-13 06:54:04.000,20.4
2026-03-13 06:54:14.000,20.4
2026-03-13 06:54:14.000,19.2
2026-03-13 06:54:36.000,19.2
2026-03-13 06:54:36.000,20.4
2026-03-13 06:54:42.000,20.4
2026-03-13 06:54:42.000,19.2
2026-03-13 06:54:52.000,19.2
2026-03-13 06:54:52.000,20.4
2026-03-13 06:55:00.000,20.4
2026-03-13 06:55:00.000,19.2
