Timestamp_ET,LeakRate_Lpm
2026-04-02 21:19:51.000,0
2026-04-02 21:19:57.000,0
2026-04-02 21:19:57.000,2.4
2026-04-02 21:19:59.000,2.4
2026-04-02 21:19:59.000,0
2026-04-02 21:20:03.000,0
2026-04-02 21:20:03.000,6
2026-04-02 21:20:07.000,6
2026-04-02 21:20:07.000,4.8
2026-04-02 21:20:15.000,4.8
2026-04-02 21:20:15.000,3.6
2026-04-02 21:20:23.000,3.6
2026-04-02 21:20:23.000,2.4
2026-04-02 21:20:29.000,2.4
2026-04-02 21:20:29.000,3.6
2026-04-02 21:20:33.000,3.6
2026-04-02 21:20:33.000,7.2
2026-04-02 21:20:35.000,7.2
2026-04-02 21:20:35.000,10.8
2026-04-02 21:20:37.000,10.8
2026-04-02 21:20:37.000,2.4
2026-04-02 21:20:39.000,2.4
2026-04-02 21:20:39.000,1.2
2026-04-02 21:20:41.000,1.2
2026-04-02 21:20:41.000,7.2
2026-04-02 21:20:43.000,7.2
2026-04-02 21:20:43.000,3.6
2026-04-02 21:20:45.000,3.6
2026-04-02 21:20:45.000,4.8
2026-04-02 21:20:47.000,4.8
2026-04-02 21:20:47.000,3.6
2026-04-02 21:20:53.000,3.6
2026-04-02 21:20:53.000,2.4
2026-04-02 21:20:55.000,2.4
2026-04-02 21:20:55.000,3.6
2026-04-02 21:20:57.000,3.6
2026-04-02 21:20:57.000,4.8
2026-04-02 21:20:59.000,4.8
2026-04-02 21:20:59.000,6
2026-04-02 21:21:01.000,6
2026-04-02 21:21:01.000,4.8
2026-04-02 21:21:03.000,4.8
2026-04-02 21:21:03.000,7.2
2026-04-02 21:21:05.000,7.2
2026-04-02 21:21:05.000,6
2026-04-02 21:21:07.000,6
2026-04-02 21:21:07.000,3.6
2026-04-02 21:21:09.000,3.6
2026-04-02 21:21:09.000,1.2
2026-04-02 21:21:11.000,1.2
2026-04-02 21:21:11.000,2.4
2026-04-02 21:21:13.000,2.4
2026-04-02 21:21:13.000,3.6
2026-04-02 21:21:17.000,3.6
2026-04-02 21:21:17.000,4.8
2026-04-02 21:21:19.000,4.8
2026-04-02 21:21:19.000,6
2026-04-02 21:21:21.000,6
2026-04-02 21:21:21.000,7.2
2026-04-02 21:21:23.000,7.2
2026-04-02 21:21:23.000,8.4
2026-04-02 21:21:25.000,8.4
2026-04-02 21:21:25.000,6
2026-04-02 21:21:31.000,6
2026-04-02 21:21:31.000,4.8
2026-04-02 21:21:33.000,4.8
2026-04-02 21:21:33.000,2.4
2026-04-02 21:21:35.000,2.4
2026-04-02 21:21:35.000,3.6
2026-04-02 21:21:39.000,3.6
2026-04-02 21:21:39.000,2.4
2026-04-02 21:21:41.000,2.4
2026-04-02 21:21:41.000,1.2
2026-04-02 21:21:51.000,1.2
2026-04-02 21:21:51.000,2.4
2026-04-02 21:21:53.000,2.4
2026-04-02 21:21:53.000,3.6
2026-04-02 21:21:55.000,3.6
2026-04-02 21:21:55.000,4.8
2026-04-02 21:22:01.000,4.8
2026-04-02 21:22:01.000,6
2026-04-02 21:22:03.000,6
2026-04-02 21:22:03.000,4.8
2026-04-02 21:22:05.000,4.8
2026-04-02 21:22:05.000,3.6
2026-04-02 21:22:09.000,3.6
2026-04-02 21:22:09.000,4.8
2026-04-02 21:22:13.000,4.8
2026-04-02 21:22:13.000,3.6
2026-04-02 21:22:15.000,3.6
2026-04-02 21:22:15.000,6
2026-04-02 21:22:17.000,6
2026-04-02 21:22:17.000,4.8
2026-04-02 21:22:21.000,4.8
2026-04-02 21:22:21.000,3.6
2026-04-02 21:22:27.000,3.6
2026-04-02 21:22:27.000,2.4
2026-04-02 21:22:37.000,2.4
2026-04-02 21:22:37.000,1.2
2026-04-02 21:23:15.000,1.2
2026-04-02 21:23:15.000,0
2026-04-02 21:23:19.000,0
2026-04-02 21:23:19.000,1.2
2026-04-02 21:23:21.000,1.2
2026-04-02 21:23:21.000,0
2026-04-02 21:23:23.000,0
2026-04-02 21:23:23.000,1.2
2026-04-02 21:24:31.000,1.2
2026-04-02 21:24:31.000,2.4
2026-04-02 21:24:53.000,2.4
2026-04-02 21:24:53.000,1.2
2026-04-02 21:24:57.000,1.2
2026-04-02 21:24:57.000,2.4
2026-04-02 21:24:59.000,2.4
2026-04-02 21:24:59.000,1.2
2026-04-02 21:25:21.000,1.2
2026-04-02 21:25:21.000,2.4
2026-04-02 21:25:25.000,2.4
2026-04-02 21:25:25.000,3.6
2026-04-02 21:25:27.000,3.6
2026-04-02 21:25:27.000,2.4
2026-04-02 21:25:29.000,2.4
2026-04-02 21:25:29.000,1.2
2026-04-02 21:25:49.000,1.2
2026-04-02 21:25:49.000,2.4
2026-04-02 21:25:51.000,2.4
2026-04-02 21:25:51.000,1.2
2026-04-02 21:26:01.000,1.2
2026-04-02 21:26:01.000,0
2026-04-02 21:26:03.000,0
2026-04-02 21:26:03.000,1.2
2026-04-02 21:26:17.000,1.2
2026-04-02 21:26:17.000,2.4
2026-04-02 21:26:19.000,2.4
2026-04-02 21:26:19.000,3.6
2026-04-02 21:26:21.000,3.6
2026-04-02 21:26:21.000,2.4
2026-04-02 21:26:23.000,2.4
2026-04-02 21:26:23.000,1.2
2026-04-02 21:26:47.000,1.2
2026-04-02 21:26:47.000,2.4
2026-04-02 21:26:49.000,2.4
2026-04-02 21:26:49.000,1.2
2026-04-02 21:26:51.000,1.2
2026-04-02 21:26:51.000,3.6
2026-04-02 21:26:53.000,3.6
2026-04-02 21:26:53.000,2.4
2026-04-02 21:26:57.000,2.4
2026-04-02 21:26:57.000,0
2026-04-02 21:26:59.000,0
2026-04-02 21:26:59.000,3.6
2026-04-02 21:27:01.000,3.6
2026-04-02 21:27:01.000,1.2
2026-04-02 21:27:03.000,1.2
2026-04-02 21:27:03.000,2.4
2026-04-02 21:27:05.000,2.4
2026-04-02 21:27:05.000,1.2
2026-04-02 21:27:15.000,1.2
2026-04-02 21:27:15.000,0
2026-04-02 21:27:21.000,0
2026-04-02 21:27:21.000,1.2
2026-04-02 21:27:23.000,1.2
2026-04-02 21:27:23.000,2.4
2026-04-02 21:27:25.000,2.4
2026-04-02 21:27:25.000,0
2026-04-02 21:27:27.000,0
2026-04-02 21:27:27.000,2.4
2026-04-02 21:27:29.000,2.4
2026-04-02 21:27:29.000,1.2
2026-04-02 21:27:31.000,1.2
2026-04-02 21:27:31.000,2.4
2026-04-02 21:27:33.000,2.4
2026-04-02 21:27:33.000,0
2026-04-02 21:27:41.000,0
2026-04-02 21:27:41.000,1.2
2026-04-02 21:27:55.000,1.2
2026-04-02 21:27:55.000,0
2026-04-02 21:27:59.000,0
2026-04-02 21:27:59.000,1.2
2026-04-02 21:28:19.000,1.2
2026-04-02 21:28:19.000,0
2026-04-02 21:28:21.000,0
2026-04-02 21:28:21.000,1.2
2026-04-02 21:28:27.000,1.2
2026-04-02 21:28:27.000,0
2026-04-02 21:28:29.000,0
2026-04-02 21:28:29.000,1.2
2026-04-02 21:28:31.000,1.2
2026-04-02 21:28:31.000,2.4
2026-04-02 21:28:33.000,2.4
2026-04-02 21:28:33.000,1.2
2026-04-02 21:28:35.000,1.2
2026-04-02 21:28:35.000,2.4
2026-04-02 21:28:37.000,2.4
2026-04-02 21:28:37.000,3.6
2026-04-02 21:28:39.000,3.6
2026-04-02 21:28:39.000,6
2026-04-02 21:28:41.000,6
2026-04-02 21:28:41.000,1.2
2026-04-02 21:28:43.000,1.2
2026-04-02 21:28:43.000,3.6
2026-04-02 21:28:45.000,3.6
2026-04-02 21:28:45.000,2.4
2026-04-02 21:28:49.000,2.4
2026-04-02 21:28:49.000,3.6
2026-04-02 21:28:55.000,3.6
2026-04-02 21:28:55.000,4.8
2026-04-02 21:28:59.000,4.8
2026-04-02 21:28:59.000,3.6
2026-04-02 21:29:03.000,3.6
2026-04-02 21:29:03.000,2.4
2026-04-02 21:29:07.000,2.4
2026-04-02 21:29:07.000,1.2
2026-04-02 21:29:13.000,1.2
2026-04-02 21:29:13.000,0
2026-04-02 21:29:17.000,0
2026-04-02 21:29:17.000,1.2
2026-04-02 21:29:21.000,1.2
2026-04-02 21:29:21.000,2.4
2026-04-02 21:29:23.000,2.4
2026-04-02 21:29:23.000,1.2
2026-04-02 21:29:29.000,1.2
2026-04-02 21:29:29.000,2.4
2026-04-02 21:29:37.000,2.4
2026-04-02 21:29:37.000,1.2
2026-04-02 21:29:51.000,1.2
2026-04-02 21:29:51.000,2.4
2026-04-02 21:29:53.000,2.4
2026-04-02 21:29:53.000,0
2026-04-02 21:29:55.000,0
2026-04-02 21:29:55.000,1.2
2026-04-02 21:29:57.000,1.2
2026-04-02 21:29:57.000,0
2026-04-02 21:30:01.000,0
2026-04-02 21:30:01.000,1.2
2026-04-02 21:30:05.000,1.2
2026-04-02 21:30:05.000,0
2026-04-02 21:30:11.000,0
2026-04-02 21:30:11.000,1.2
2026-04-02 21:30:13.000,1.2
2026-04-02 21:30:13.000,0
2026-04-02 21:30:15.000,0
2026-04-02 21:30:15.000,1.2
2026-04-02 21:30:21.000,1.2
2026-04-02 21:30:21.000,2.4
2026-04-02 21:30:23.000,2.4
2026-04-02 21:30:23.000,1.2
2026-04-02 21:30:41.000,1.2
2026-04-02 21:30:41.000,0
2026-04-02 21:30:45.000,0
2026-04-02 21:30:45.000,1.2
2026-04-02 21:30:47.000,1.2
2026-04-02 21:30:47.000,0
2026-04-02 21:30:57.000,0
2026-04-02 21:30:57.000,1.2
2026-04-02 21:30:59.000,1.2
2026-04-02 21:30:59.000,0
2026-04-02 21:31:01.000,0
2026-04-02 21:31:01.000,1.2
2026-04-02 21:31:03.000,1.2
2026-04-02 21:31:03.000,0
2026-04-02 21:31:09.000,0
2026-04-02 21:31:09.000,1.2
2026-04-02 21:31:27.000,1.2
2026-04-02 21:31:27.000,0
2026-04-02 21:31:31.000,0
2026-04-02 21:31:31.000,1.2
2026-04-02 21:31:37.000,1.2
2026-04-02 21:31:37.000,2.4
2026-04-02 21:31:41.000,2.4
2026-04-02 21:31:41.000,1.2
2026-04-02 21:31:45.000,1.2
2026-04-02 21:31:45.000,2.4
2026-04-02 21:31:47.000,2.4
2026-04-02 21:31:47.000,1.2
2026-04-02 21:31:53.000,1.2
2026-04-02 21:31:53.000,2.4
2026-04-02 21:32:03.000,2.4
2026-04-02 21:32:03.000,1.2
2026-04-02 21:32:05.000,1.2
2026-04-02 21:32:05.000,0
2026-04-02 21:32:07.000,0
2026-04-02 21:32:07.000,1.2
2026-04-02 21:32:09.000,1.2
2026-04-02 21:32:09.000,0
2026-04-02 21:32:27.000,0
2026-04-02 21:32:27.000,1.2
2026-04-02 21:32:29.000,1.2
2026-04-02 21:32:29.000,2.4
2026-04-02 21:32:35.000,2.4
2026-04-02 21:32:35.000,3.6
2026-04-02 21:32:41.000,3.6
2026-04-02 21:32:41.000,2.4
2026-04-02 21:32:47.000,2.4
2026-04-02 21:32:47.000,1.2
2026-04-02 21:32:51.000,1.2
2026-04-02 21:32:51.000,3.6
2026-04-02 21:32:53.000,3.6
2026-04-02 21:32:53.000,2.4
2026-04-02 21:32:55.000,2.4
2026-04-02 21:32:55.000,1.2
2026-04-02 21:33:09.000,1.2
2026-04-02 21:33:09.000,4.8
2026-04-02 21:33:11.000,4.8
2026-04-02 21:33:11.000,2.4
2026-04-02 21:33:15.000,2.4
2026-04-02 21:33:15.000,1.2
2026-04-02 21:33:25.000,1.2
2026-04-02 21:33:25.000,3.6
2026-04-02 21:33:27.000,3.6
2026-04-02 21:33:27.000,2.4
2026-04-02 21:33:29.000,2.4
2026-04-02 21:33:29.000,0
2026-04-02 21:33:35.000,0
2026-04-02 21:33:35.000,1.2
2026-04-02 21:33:37.000,1.2
2026-04-02 21:33:37.000,3.6
2026-04-02 21:33:39.000,3.6
2026-04-02 21:33:39.000,2.4
2026-04-02 21:33:41.000,2.4
2026-04-02 21:33:41.000,3.6
2026-04-02 21:33:45.000,3.6
2026-04-02 21:33:45.000,4.8
2026-04-02 21:33:47.000,4.8
2026-04-02 21:33:47.000,3.6
2026-04-02 21:33:51.000,3.6
2026-04-02 21:33:51.000,0
2026-04-02 21:33:53.000,0
2026-04-02 21:33:53.000,2.4
2026-04-02 21:33:55.000,2.4
2026-04-02 21:33:55.000,1.2
2026-04-02 21:34:05.000,1.2
2026-04-02 21:34:05.000,0
2026-04-02 21:34:07.000,0
2026-04-02 21:34:07.000,1.2
2026-04-02 21:34:13.000,1.2
2026-04-02 21:34:13.000,2.4
2026-04-02 21:34:15.000,2.4
2026-04-02 21:34:15.000,3.6
2026-04-02 21:34:17.000,3.6
2026-04-02 21:34:17.000,2.4
2026-04-02 21:34:21.000,2.4
2026-04-02 21:34:21.000,1.2
2026-04-02 21:34:31.000,1.2
2026-04-02 21:34:31.000,2.4
2026-04-02 21:34:35.000,2.4
2026-04-02 21:34:35.000,1.2
2026-04-02 21:34:47.000,1.2
2026-04-02 21:34:47.000,2.4
2026-04-02 21:34:53.000,2.4
2026-04-02 21:34:53.000,1.2
2026-04-02 21:34:55.000,1.2
2026-04-02 21:34:55.000,2.4
2026-04-02 21:34:57.000,2.4
2026-04-02 21:34:57.000,3.6
2026-04-02 21:35:01.000,3.6
2026-04-02 21:35:01.000,4.8
2026-04-02 21:35:03.000,4.8
2026-04-02 21:35:03.000,3.6
2026-04-02 21:35:05.000,3.6
2026-04-02 21:35:05.000,2.4
2026-04-02 21:35:11.000,2.4
2026-04-02 21:35:11.000,1.2
2026-04-02 21:35:27.000,1.2
2026-04-02 21:35:27.000,2.4
2026-04-02 21:35:29.000,2.4
2026-04-02 21:35:29.000,0
2026-04-02 21:35:31.000,0
2026-04-02 21:35:31.000,2.4
2026-04-02 21:35:35.000,2.4
2026-04-02 21:35:35.000,4.8
2026-04-02 21:35:37.000,4.8
2026-04-02 21:35:37.000,3.6
2026-04-02 21:35:41.000,3.6
2026-04-02 21:35:41.000,2.4
2026-04-02 21:35:43.000,2.4
2026-04-02 21:35:43.000,1.2
2026-04-02 21:35:57.000,1.2
2026-04-02 21:35:57.000,0
2026-04-02 21:36:09.000,0
2026-04-02 21:36:09.000,1.2
2026-04-02 21:36:13.000,1.2
2026-04-02 21:36:13.000,2.4
2026-04-02 21:36:15.000,2.4
2026-04-02 21:36:15.000,1.2
2026-04-02 21:36:27.000,1.2
2026-04-02 21:36:27.000,0
2026-04-02 21:36:35.000,0
2026-04-02 21:36:35.000,1.2
2026-04-02 21:36:43.000,1.2
2026-04-02 21:36:43.000,0
2026-04-02 21:36:47.000,0
2026-04-02 21:36:47.000,1.2
2026-04-02 21:36:51.000,1.2
2026-04-02 21:36:51.000,0
2026-04-02 21:36:53.000,0
2026-04-02 21:36:53.000,1.2
2026-04-02 21:36:59.000,1.2
2026-04-02 21:36:59.000,0
2026-04-02 21:37:03.000,0
2026-04-02 21:37:03.000,1.2
2026-04-02 21:37:15.000,1.2
2026-04-02 21:37:15.000,0
2026-04-02 21:37:17.000,0
2026-04-02 21:37:17.000,1.2
2026-04-02 21:37:21.000,1.2
2026-04-02 21:37:21.000,0
2026-04-02 21:37:35.000,0
2026-04-02 21:37:35.000,1.2
2026-04-02 21:37:51.000,1.2
2026-04-02 21:37:51.000,0
2026-04-02 21:37:53.000,0
2026-04-02 21:37:53.000,1.2
2026-04-02 21:37:55.000,1.2
2026-04-02 21:37:55.000,0
2026-04-02 21:37:57.000,0
2026-04-02 21:37:57.000,1.2
2026-04-02 21:38:05.000,1.2
2026-04-02 21:38:05.000,0
2026-04-02 21:38:11.000,0
2026-04-02 21:38:11.000,1.2
2026-04-02 21:38:35.000,1.2
2026-04-02 21:38:35.000,0
2026-04-02 21:38:43.000,0
2026-04-02 21:38:43.000,1.2
2026-04-02 21:38:47.000,1.2
2026-04-02 21:38:47.000,2.4
2026-04-02 21:38:49.000,2.4
2026-04-02 21:38:49.000,0
2026-04-02 21:38:51.000,0
2026-04-02 21:38:51.000,1.2
2026-04-02 21:38:53.000,1.2
2026-04-02 21:38:53.000,0
2026-04-02 21:39:09.000,0
2026-04-02 21:39:09.000,1.2
2026-04-02 21:40:09.000,1.2
2026-04-02 21:40:09.000,0
2026-04-02 21:40:13.000,0
2026-04-02 21:40:13.000,1.2
2026-04-02 21:40:15.000,1.2
2026-04-02 21:40:15.000,0
2026-04-02 21:40:21.000,0
2026-04-02 21:40:21.000,2.4
2026-04-02 21:40:25.000,2.4
2026-04-02 21:40:25.000,3.6
2026-04-02 21:40:27.000,3.6
2026-04-02 21:40:27.000,2.4
2026-04-02 21:40:29.000,2.4
2026-04-02 21:40:29.000,3.6
2026-04-02 21:40:31.000,3.6
2026-04-02 21:40:31.000,1.2
2026-04-02 21:41:05.000,1.2
2026-04-02 21:41:05.000,0
2026-04-02 21:41:07.000,0
2026-04-02 21:41:07.000,1.2
2026-04-02 21:41:19.000,1.2
2026-04-02 21:41:19.000,0
2026-04-02 21:41:25.000,0
2026-04-02 21:41:25.000,1.2
2026-04-02 21:41:33.000,1.2
2026-04-02 21:41:33.000,0
2026-04-02 21:41:43.000,0
2026-04-02 21:41:43.000,1.2
2026-04-02 21:41:51.000,1.2
2026-04-02 21:41:51.000,0
2026-04-02 21:41:53.000,0
2026-04-02 21:41:53.000,1.2
2026-04-02 21:42:03.000,1.2
2026-04-02 21:42:03.000,0
2026-04-02 21:42:09.000,0
2026-04-02 21:42:09.000,1.2
2026-04-02 21:42:11.000,1.2
2026-04-02 21:42:11.000,0
2026-04-02 21:42:13.000,0
2026-04-02 21:42:13.000,1.2
2026-04-02 21:42:41.000,1.2
2026-04-02 21:42:41.000,2.4
2026-04-02 21:42:55.000,2.4
2026-04-02 21:42:55.000,1.2
2026-04-02 21:43:13.000,1.2
2026-04-02 21:43:13.000,2.4
2026-04-02 21:43:19.000,2.4
2026-04-02 21:43:19.000,1.2
2026-04-02 21:43:25.000,1.2
2026-04-02 21:43:25.000,2.4
2026-04-02 21:43:31.000,2.4
2026-04-02 21:43:31.000,3.6
2026-04-02 21:43:37.000,3.6
2026-04-02 21:43:37.000,2.4
2026-04-02 21:43:49.000,2.4
2026-04-02 21:43:49.000,1.2
2026-04-02 21:44:01.000,1.2
2026-04-02 21:44:01.000,2.4
2026-04-02 21:44:11.000,2.4
2026-04-02 21:44:11.000,1.2
2026-04-02 21:44:15.000,1.2
2026-04-02 21:44:15.000,0
2026-04-02 21:44:21.000,0
2026-04-02 21:44:21.000,1.2
2026-04-02 21:44:23.000,1.2
2026-04-02 21:44:23.000,3.6
2026-04-02 21:44:25.000,3.6
2026-04-02 21:44:25.000,2.4
2026-04-02 21:44:27.000,2.4
2026-04-02 21:44:27.000,1.2
2026-04-02 21:44:41.000,1.2
2026-04-02 21:44:41.000,0
2026-04-02 21:44:53.000,0
2026-04-02 21:44:53.000,1.2
2026-04-02 21:45:05.000,1.2
2026-04-02 21:45:05.000,0
2026-04-02 21:45:25.000,0
2026-04-02 21:45:25.000,1.2
2026-04-02 21:45:29.000,1.2
2026-04-02 21:45:29.000,0
2026-04-02 21:45:35.000,0
2026-04-02 21:45:35.000,1.2
2026-04-02 21:45:39.000,1.2
2026-04-02 21:45:39.000,0
2026-04-02 21:45:41.000,0
2026-04-02 21:45:41.000,1.2
2026-04-02 21:45:45.000,1.2
2026-04-02 21:45:45.000,2.4
2026-04-02 21:45:47.000,2.4
2026-04-02 21:45:47.000,1.2
2026-04-02 21:46:03.000,1.2
2026-04-02 21:46:03.000,0
2026-04-02 21:46:05.000,0
2026-04-02 21:46:05.000,1.2
2026-04-02 21:46:09.000,1.2
2026-04-02 21:46:09.000,2.4
2026-04-02 21:46:11.000,2.4
2026-04-02 21:46:11.000,1.2
2026-04-02 21:46:17.000,1.2
2026-04-02 21:46:17.000,2.4
2026-04-02 21:46:19.000,2.4
2026-04-02 21:46:19.000,4.8
2026-04-02 21:46:21.000,4.8
2026-04-02 21:46:21.000,2.4
2026-04-02 21:46:27.000,2.4
2026-04-02 21:46:27.000,1.2
2026-04-02 21:46:37.000,1.2
2026-04-02 21:46:37.000,2.4
2026-04-02 21:46:41.000,2.4
2026-04-02 21:46:41.000,3.6
2026-04-02 21:46:43.000,3.6
2026-04-02 21:46:43.000,2.4
2026-04-02 21:46:45.000,2.4
2026-04-02 21:46:45.000,1.2
2026-04-02 21:47:07.000,1.2
2026-04-02 21:47:07.000,0
2026-04-02 21:47:11.000,0
2026-04-02 21:47:11.000,1.2
2026-04-02 21:47:15.000,1.2
2026-04-02 21:47:15.000,2.4
2026-04-02 21:47:17.000,2.4
2026-04-02 21:47:17.000,1.2
2026-04-02 21:47:19.000,1.2
2026-04-02 21:47:19.000,2.4
2026-04-02 21:47:21.000,2.4
2026-04-02 21:47:21.000,3.6
2026-04-02 21:47:23.000,3.6
2026-04-02 21:47:23.000,4.8
2026-04-02 21:47:25.000,4.8
2026-04-02 21:47:25.000,3.6
2026-04-02 21:47:27.000,3.6
2026-04-02 21:47:27.000,0
2026-04-02 21:47:29.000,0
2026-04-02 21:47:29.000,2.4
2026-04-02 21:47:31.000,2.4
2026-04-02 21:47:31.000,1.2
2026-04-02 21:47:33.000,1.2
2026-04-02 21:47:33.000,0
2026-04-02 21:47:37.000,0
2026-04-02 21:47:37.000,1.2
2026-04-02 21:47:43.000,1.2
2026-04-02 21:47:43.000,0
2026-04-02 21:47:49.000,0
2026-04-02 21:47:49.000,1.2
2026-04-02 21:47:57.000,1.2
2026-04-02 21:47:57.000,0
2026-04-02 21:48:07.000,0
2026-04-02 21:48:07.000,1.2
2026-04-02 21:48:23.000,1.2
2026-04-02 21:48:23.000,0
2026-04-02 21:48:25.000,0
2026-04-02 21:48:25.000,1.2
2026-04-02 21:48:29.000,1.2
2026-04-02 21:48:29.000,0
2026-04-02 21:48:41.000,0
2026-04-02 21:48:41.000,1.2
2026-04-02 21:48:43.000,1.2
2026-04-02 21:48:43.000,0
2026-04-02 21:48:55.000,0
2026-04-02 21:48:55.000,1.2
2026-04-02 21:49:05.000,1.2
2026-04-02 21:49:05.000,0
2026-04-02 21:49:21.000,0
2026-04-02 21:49:21.000,1.2
2026-04-02 21:49:23.000,1.2
2026-04-02 21:49:23.000,0
2026-04-02 21:49:25.000,0
2026-04-02 21:49:25.000,1.2
2026-04-02 21:49:43.000,1.2
2026-04-02 21:49:43.000,2.4
2026-04-02 21:49:45.000,2.4
2026-04-02 21:49:45.000,1.2
2026-04-02 21:49:47.000,1.2
2026-04-02 21:49:47.000,2.4
2026-04-02 21:49:51.000,2.4
2026-04-02 21:49:51.000,1.2
2026-04-02 21:49:53.000,1.2
2026-04-02 21:49:53.000,0
2026-04-02 21:49:59.000,0
2026-04-02 21:49:59.000,1.2
2026-04-02 21:50:35.000,1.2
2026-04-02 21:50:35.000,0
2026-04-02 21:50:53.000,0
2026-04-02 21:50:53.000,1.2
2026-04-02 21:50:59.000,1.2
2026-04-02 21:50:59.000,2.4
2026-04-02 21:51:01.000,2.4
2026-04-02 21:51:01.000,1.2
2026-04-02 21:51:07.000,1.2
2026-04-02 21:51:07.000,0
2026-04-02 21:51:09.000,0
2026-04-02 21:51:09.000,1.2
2026-04-02 21:51:11.000,1.2
2026-04-02 21:51:11.000,2.4
2026-04-02 21:51:17.000,2.4
2026-04-02 21:51:17.000,1.2
2026-04-02 21:51:25.000,1.2
2026-04-02 21:51:25.000,0
2026-04-02 21:51:37.000,0
2026-04-02 21:51:37.000,1.2
2026-04-02 21:51:45.000,1.2
2026-04-02 21:51:45.000,2.4
2026-04-02 21:51:49.000,2.4
2026-04-02 21:51:49.000,1.2
2026-04-02 21:52:03.000,1.2
2026-04-02 21:52:03.000,2.4
2026-04-02 21:52:13.000,2.4
2026-04-02 21:52:13.000,1.2
2026-04-02 21:52:15.000,1.2
2026-04-02 21:52:15.000,0
2026-04-02 21:52:17.000,0
2026-04-02 21:52:17.000,1.2
2026-04-02 21:52:19.000,1.2
2026-04-02 21:52:19.000,2.4
2026-04-02 21:52:23.000,2.4
2026-04-02 21:52:23.000,4.8
2026-04-02 21:52:25.000,4.8
2026-04-02 21:52:25.000,3.6
2026-04-02 21:52:29.000,3.6
2026-04-02 21:52:29.000,1.2
2026-04-02 21:52:33.000,1.2
2026-04-02 21:52:33.000,0
2026-04-02 21:52:35.000,0
2026-04-02 21:52:35.000,1.2
2026-04-02 21:52:41.000,1.2
2026-04-02 21:52:41.000,0
2026-04-02 21:52:49.000,0
2026-04-02 21:52:49.000,1.2
2026-04-02 21:52:53.000,1.2
2026-04-02 21:52:53.000,2.4
2026-04-02 21:52:55.000,2.4
2026-04-02 21:52:55.000,1.2
2026-04-02 21:53:09.000,1.2
2026-04-02 21:53:09.000,0
2026-04-02 21:53:11.000,0
2026-04-02 21:53:11.000,1.2
2026-04-02 21:53:13.000,1.2
2026-04-02 21:53:13.000,4.8
2026-04-02 21:53:15.000,4.8
2026-04-02 21:53:15.000,0
2026-04-02 21:53:37.000,0
2026-04-02 21:53:37.000,2.4
2026-04-02 21:53:39.000,2.4
2026-04-02 21:53:39.000,1.2
2026-04-02 21:53:41.000,1.2
2026-04-02 21:53:41.000,2.4
2026-04-02 21:53:43.000,2.4
2026-04-02 21:53:43.000,0
2026-04-02 21:53:45.000,0
2026-04-02 21:53:45.000,1.2
2026-04-02 21:53:55.000,1.2
2026-04-02 21:53:55.000,2.4
2026-04-02 21:53:59.000,2.4
2026-04-02 21:53:59.000,1.2
2026-04-02 21:54:03.000,1.2
2026-04-02 21:54:03.000,0
2026-04-02 21:54:09.000,0
2026-04-02 21:54:09.000,1.2
2026-04-02 21:54:15.000,1.2
2026-04-02 21:54:15.000,0
2026-04-02 21:54:23.000,0
2026-04-02 21:54:23.000,1.2
2026-04-02 21:54:29.000,1.2
2026-04-02 21:54:29.000,0
2026-04-02 21:54:31.000,0
2026-04-02 21:54:31.000,1.2
2026-04-02 21:54:35.000,1.2
2026-04-02 21:54:35.000,0
2026-04-02 21:54:43.000,0
2026-04-02 21:54:43.000,1.2
2026-04-02 21:54:45.000,1.2
2026-04-02 21:54:45.000,2.4
2026-04-02 21:54:47.000,2.4
2026-04-02 21:54:47.000,0
2026-04-02 21:55:17.000,0
2026-04-02 21:55:17.000,1.2
2026-04-02 21:55:21.000,1.2
2026-04-02 21:55:21.000,2.4
2026-04-02 21:55:23.000,2.4
2026-04-02 21:55:23.000,1.2
2026-04-02 21:55:41.000,1.2
2026-04-02 21:55:41.000,2.4
2026-04-02 21:55:45.000,2.4
2026-04-02 21:55:45.000,0
2026-04-02 21:55:47.000,0
2026-04-02 21:55:47.000,1.2
2026-04-02 21:55:49.000,1.2
2026-04-02 21:55:49.000,2.4
2026-04-02 21:55:51.000,2.4
2026-04-02 21:55:51.000,1.2
2026-04-02 21:55:53.000,1.2
2026-04-02 21:55:53.000,0
2026-04-02 21:55:57.000,0
2026-04-02 21:55:57.000,2.4
2026-04-02 21:55:59.000,2.4
2026-04-02 21:55:59.000,0
2026-04-02 21:56:05.000,0
2026-04-02 21:56:05.000,1.2
2026-04-02 21:56:09.000,1.2
2026-04-02 21:56:09.000,0
2026-04-02 21:56:11.000,0
2026-04-02 21:56:11.000,1.2
2026-04-02 21:56:13.000,1.2
2026-04-02 21:56:13.000,0
2026-04-02 21:56:25.000,0
2026-04-02 21:56:25.000,1.2
2026-04-02 21:56:29.000,1.2
2026-04-02 21:56:29.000,2.4
2026-04-02 21:56:31.000,2.4
2026-04-02 21:56:31.000,0
2026-04-02 21:56:51.000,0
2026-04-02 21:56:51.000,1.2
2026-04-02 21:56:55.000,1.2
2026-04-02 21:56:55.000,2.4
2026-04-02 21:57:01.000,2.4
2026-04-02 21:57:01.000,1.2
2026-04-02 21:57:07.000,1.2
2026-04-02 21:57:07.000,0
2026-04-02 21:57:27.000,0
2026-04-02 21:57:27.000,1.2
2026-04-02 21:57:29.000,1.2
2026-04-02 21:57:29.000,0
2026-04-02 21:57:31.000,0
2026-04-02 21:57:31.000,1.2
2026-04-02 21:57:33.000,1.2
2026-04-02 21:57:33.000,2.4
2026-04-02 21:57:35.000,2.4
2026-04-02 21:57:35.000,3.6
2026-04-02 21:57:37.000,3.6
2026-04-02 21:57:37.000,1.2
2026-04-02 21:57:41.000,1.2
2026-04-02 21:57:41.000,0
2026-04-02 21:58:03.000,0
2026-04-02 21:58:03.000,2.4
2026-04-02 21:58:05.000,2.4
2026-04-02 21:58:05.000,0
2026-04-02 21:58:33.000,0
2026-04-02 21:58:33.000,1.2
2026-04-02 21:58:37.000,1.2
2026-04-02 21:58:37.000,0
2026-04-02 21:58:45.000,0
2026-04-02 21:58:45.000,1.2
2026-04-02 21:58:47.000,1.2
2026-04-02 21:58:47.000,0
2026-04-02 21:58:49.000,0
2026-04-02 21:58:49.000,1.2
2026-04-02 21:58:51.000,1.2
2026-04-02 21:58:51.000,0
2026-04-02 21:59:11.000,0
2026-04-02 21:59:11.000,1.2
2026-04-02 21:59:15.000,1.2
2026-04-02 21:59:15.000,0
2026-04-02 21:59:17.000,0
2026-04-02 21:59:17.000,1.2
2026-04-02 21:59:19.000,1.2
2026-04-02 21:59:19.000,0
2026-04-02 21:59:37.000,0
2026-04-02 21:59:37.000,1.2
2026-04-02 21:59:41.000,1.2
2026-04-02 21:59:41.000,2.4
2026-04-02 21:59:45.000,2.4
2026-04-02 21:59:45.000,3.6
2026-04-02 21:59:47.000,3.6
2026-04-02 21:59:47.000,2.4
2026-04-02 21:59:53.000,2.4
2026-04-02 21:59:53.000,1.2
2026-04-02 22:00:09.000,1.2
2026-04-02 22:00:09.000,2.4
2026-04-02 22:00:11.000,2.4
2026-04-02 22:00:11.000,1.2
2026-04-02 22:00:13.000,1.2
2026-04-02 22:00:13.000,0
2026-04-02 22:00:27.000,0
2026-04-02 22:00:27.000,1.2
2026-04-02 22:00:29.000,1.2
2026-04-02 22:00:29.000,0
2026-04-02 22:00:31.000,0
2026-04-02 22:00:31.000,1.2
2026-04-02 22:01:11.000,1.2
2026-04-02 22:01:11.000,0
2026-04-02 22:01:17.000,0
2026-04-02 22:01:17.000,1.2
2026-04-02 22:01:19.000,1.2
2026-04-02 22:01:19.000,0
2026-04-02 22:01:29.000,0
2026-04-02 22:01:29.000,1.2
2026-04-02 22:01:31.000,1.2
2026-04-02 22:01:31.000,0
2026-04-02 22:01:41.000,0
2026-04-02 22:01:41.000,2.4
2026-04-02 22:01:43.000,2.4
2026-04-02 22:01:43.000,0
2026-04-02 22:02:09.000,0
2026-04-02 22:02:09.000,1.2
2026-04-02 22:02:11.000,1.2
2026-04-02 22:02:11.000,2.4
2026-04-02 22:02:13.000,2.4
2026-04-02 22:02:13.000,0
2026-04-02 22:02:27.000,0
2026-04-02 22:02:27.000,1.2
2026-04-02 22:02:31.000,1.2
2026-04-02 22:02:31.000,0
2026-04-02 22:02:33.000,0
2026-04-02 22:02:33.000,1.2
2026-04-02 22:02:35.000,1.2
2026-04-02 22:02:35.000,0
2026-04-02 22:02:45.000,0
2026-04-02 22:02:45.000,1.2
2026-04-02 22:03:01.000,1.2
2026-04-02 22:03:01.000,0
2026-04-02 22:03:03.000,0
2026-04-02 22:03:03.000,1.2
2026-04-02 22:03:11.000,1.2
2026-04-02 22:03:11.000,0
2026-04-02 22:03:17.000,0
2026-04-02 22:03:17.000,1.2
2026-04-02 22:03:19.000,1.2
2026-04-02 22:03:19.000,0
2026-04-02 22:03:31.000,0
2026-04-02 22:03:31.000,1.2
2026-04-02 22:03:59.000,1.2
2026-04-02 22:03:59.000,0
2026-04-02 22:04:05.000,0
2026-04-02 22:04:05.000,1.2
2026-04-02 22:04:21.000,1.2
2026-04-02 22:04:21.000,0
2026-04-02 22:04:35.000,0
2026-04-02 22:04:35.000,1.2
2026-04-02 22:05:09.000,1.2
2026-04-02 22:05:09.000,0
2026-04-02 22:05:11.000,0
2026-04-02 22:05:11.000,1.2
2026-04-02 22:05:13.000,1.2
2026-04-02 22:05:13.000,0
2026-04-02 22:05:15.000,0
2026-04-02 22:05:15.000,1.2
2026-04-02 22:05:17.000,1.2
2026-04-02 22:05:17.000,0
2026-04-02 22:05:27.000,0
2026-04-02 22:05:27.000,1.2
2026-04-02 22:05:35.000,1.2
2026-04-02 22:05:35.000,0
2026-04-02 22:05:43.000,0
2026-04-02 22:05:43.000,1.2
2026-04-02 22:05:45.000,1.2
2026-04-02 22:05:45.000,0
2026-04-02 22:06:03.000,0
2026-04-02 22:06:03.000,1.2
2026-04-02 22:06:05.000,1.2
2026-04-02 22:06:05.000,0
2026-04-02 22:06:07.000,0
2026-04-02 22:06:07.000,3.6
2026-04-02 22:06:09.000,3.6
2026-04-02 22:06:09.000,1.2
2026-04-02 22:06:15.000,1.2
2026-04-02 22:06:15.000,0
2026-04-02 22:06:41.000,0
2026-04-02 22:06:41.000,1.2
2026-04-02 22:06:45.000,1.2
2026-04-02 22:06:45.000,2.4
2026-04-02 22:06:51.000,2.4
2026-04-02 22:06:51.000,1.2
2026-04-02 22:06:55.000,1.2
2026-04-02 22:06:55.000,0
2026-04-02 22:07:19.000,0
2026-04-02 22:07:19.000,1.2
2026-04-02 22:07:39.000,1.2
2026-04-02 22:07:39.000,0
2026-04-02 22:08:11.000,0
2026-04-02 22:08:11.000,1.2
2026-04-02 22:08:17.000,1.2
2026-04-02 22:08:17.000,0
2026-04-02 22:08:21.000,0
2026-04-02 22:08:21.000,1.2
2026-04-02 22:08:27.000,1.2
2026-04-02 22:08:27.000,0
2026-04-02 22:08:49.000,0
2026-04-02 22:08:49.000,1.2
2026-04-02 22:08:55.000,1.2
2026-04-02 22:08:55.000,0
2026-04-02 22:09:05.000,0
2026-04-02 22:09:05.000,1.2
2026-04-02 22:09:09.000,1.2
2026-04-02 22:09:09.000,0
2026-04-02 22:09:29.000,0
2026-04-02 22:09:29.000,1.2
2026-04-02 22:09:33.000,1.2
2026-04-02 22:09:33.000,2.4
2026-04-02 22:09:35.000,2.4
2026-04-02 22:09:35.000,1.2
2026-04-02 22:09:39.000,1.2
2026-04-02 22:09:39.000,0
2026-04-02 22:09:57.000,0
2026-04-02 22:09:57.000,1.2
2026-04-02 22:10:15.000,1.2
2026-04-02 22:10:15.000,2.4
2026-04-02 22:10:19.000,2.4
2026-04-02 22:10:19.000,1.2
2026-04-02 22:10:27.000,1.2
2026-04-02 22:10:27.000,0
2026-04-02 22:10:31.000,0
2026-04-02 22:10:31.000,1.2
2026-04-02 22:10:35.000,1.2
2026-04-02 22:10:35.000,0
2026-04-02 22:10:57.000,0
2026-04-02 22:10:57.000,1.2
2026-04-02 22:11:03.000,1.2
2026-04-02 22:11:03.000,2.4
2026-04-02 22:11:07.000,2.4
2026-04-02 22:11:07.000,1.2
2026-04-02 22:11:19.000,1.2
2026-04-02 22:11:19.000,0
2026-04-02 22:11:23.000,0
2026-04-02 22:11:23.000,1.2
2026-04-02 22:11:27.000,1.2
2026-04-02 22:11:27.000,2.4
2026-04-02 22:11:29.000,2.4
2026-04-02 22:11:29.000,1.2
2026-04-02 22:11:31.000,1.2
2026-04-02 22:11:31.000,0
2026-04-02 22:11:45.000,0
2026-04-02 22:11:45.000,1.2
2026-04-02 22:11:47.000,1.2
2026-04-02 22:11:47.000,0
2026-04-02 22:11:49.000,0
2026-04-02 22:11:49.000,1.2
2026-04-02 22:11:53.000,1.2
2026-04-02 22:11:53.000,2.4
2026-04-02 22:12:03.000,2.4
2026-04-02 22:12:03.000,0
2026-04-02 22:12:19.000,0
2026-04-02 22:12:19.000,1.2
2026-04-02 22:12:27.000,1.2
2026-04-02 22:12:27.000,0
2026-04-02 22:12:33.000,0
2026-04-02 22:12:33.000,1.2
2026-04-02 22:12:39.000,1.2
2026-04-02 22:12:39.000,2.4
2026-04-02 22:12:43.000,2.4
2026-04-02 22:12:43.000,1.2
2026-04-02 22:12:57.000,1.2
2026-04-02 22:12:57.000,0
2026-04-02 22:12:59.000,0
2026-04-02 22:12:59.000,1.2
2026-04-02 22:13:01.000,1.2
2026-04-02 22:13:01.000,0
2026-04-02 22:13:13.000,0
2026-04-02 22:13:13.000,1.2
2026-04-02 22:13:27.000,1.2
2026-04-02 22:13:27.000,0
2026-04-02 22:13:31.000,0
2026-04-02 22:13:31.000,1.2
2026-04-02 22:13:37.000,1.2
2026-04-02 22:13:37.000,0
2026-04-02 22:13:39.000,0
2026-04-02 22:13:39.000,1.2
2026-04-02 22:13:41.000,1.2
2026-04-02 22:13:41.000,0
2026-04-02 22:13:43.000,0
2026-04-02 22:13:43.000,2.4
2026-04-02 22:13:45.000,2.4
2026-04-02 22:13:45.000,1.2
2026-04-02 22:13:55.000,1.2
2026-04-02 22:13:55.000,2.4
2026-04-02 22:13:57.000,2.4
2026-04-02 22:13:57.000,0
2026-04-02 22:14:43.000,0
2026-04-02 22:14:43.000,1.2
2026-04-02 22:14:47.000,1.2
2026-04-02 22:14:47.000,0
2026-04-02 22:15:01.000,0
2026-04-02 22:15:01.000,1.2
2026-04-02 22:15:03.000,1.2
2026-04-02 22:15:03.000,0
2026-04-02 22:16:01.000,0
2026-04-02 22:16:01.000,1.2
2026-04-02 22:16:21.000,1.2
2026-04-02 22:16:21.000,0
2026-04-02 22:37:07.000,0
2026-04-02 22:37:07.000,1.2
2026-04-02 22:37:19.000,1.2
2026-04-02 22:37:19.000,0
2026-04-02 22:37:27.000,0
2026-04-02 22:37:27.000,1.2
2026-04-02 22:37:29.000,1.2
2026-04-02 22:37:29.000,0
2026-04-02 22:37:31.000,0
2026-04-02 22:37:31.000,2.4
2026-04-02 22:37:33.000,2.4
2026-04-02 22:37:33.000,0
2026-04-02 22:38:03.000,0
2026-04-02 22:38:03.000,1.2
2026-04-02 22:38:21.000,1.2
2026-04-02 22:38:21.000,0
2026-04-02 22:38:23.000,0
2026-04-02 22:38:23.000,1.2
2026-04-02 22:38:27.000,1.2
2026-04-02 22:38:27.000,0
2026-04-02 22:38:31.000,0
2026-04-02 22:38:31.000,1.2
2026-04-02 22:38:43.000,1.2
2026-04-02 22:38:43.000,0
2026-04-02 22:38:45.000,0
2026-04-02 22:38:45.000,1.2
2026-04-02 22:38:49.000,1.2
2026-04-02 22:38:49.000,0
2026-04-02 22:39:07.000,0
2026-04-02 22:39:07.000,1.2
2026-04-02 22:39:19.000,1.2
2026-04-02 22:39:19.000,2.4
2026-04-02 22:39:21.000,2.4
2026-04-02 22:39:21.000,1.2
2026-04-02 22:39:27.000,1.2
2026-04-02 22:39:27.000,0
2026-04-02 22:39:49.000,0
2026-04-02 22:39:49.000,1.2
2026-04-02 22:39:51.000,1.2
2026-04-02 22:39:51.000,0
2026-04-02 22:39:55.000,0
2026-04-02 22:39:55.000,1.2
2026-04-02 22:39:59.000,1.2
2026-04-02 22:39:59.000,0
2026-04-02 22:40:17.000,0
2026-04-02 22:40:17.000,1.2
2026-04-02 22:40:31.000,1.2
2026-04-02 22:40:31.000,0
2026-04-02 22:40:33.000,0
2026-04-02 22:40:33.000,1.2
2026-04-02 22:40:35.000,1.2
2026-04-02 22:40:35.000,0
2026-04-02 22:41:01.000,0
2026-04-02 22:41:01.000,1.2
2026-04-02 22:41:07.000,1.2
2026-04-02 22:41:07.000,0
2026-04-02 22:41:49.000,0
2026-04-02 22:41:49.000,1.2
2026-04-02 22:41:53.000,1.2
2026-04-02 22:41:53.000,0
2026-04-02 22:41:55.000,0
2026-04-02 22:41:55.000,1.2
2026-04-02 22:41:57.000,1.2
2026-04-02 22:41:57.000,0
2026-04-02 22:42:35.000,0
2026-04-02 22:42:35.000,1.2
2026-04-02 22:42:39.000,1.2
2026-04-02 22:42:39.000,0
2026-04-02 22:42:43.000,0
2026-04-02 22:42:43.000,1.2
2026-04-02 22:42:45.000,1.2
2026-04-02 22:42:45.000,0
2026-04-02 22:44:39.000,0
2026-04-02 22:44:39.000,1.2
2026-04-02 22:44:41.000,1.2
2026-04-02 22:44:41.000,0
2026-04-02 22:44:43.000,0
2026-04-02 22:44:43.000,2.4
2026-04-02 22:44:45.000,2.4
2026-04-02 22:44:45.000,1.2
2026-04-02 22:44:51.000,1.2
2026-04-02 22:44:51.000,0
2026-04-02 22:45:05.000,0
2026-04-02 22:45:05.000,1.2
2026-04-02 22:45:31.000,1.2
2026-04-02 22:45:31.000,0
2026-04-02 22:45:37.000,0
2026-04-02 22:45:37.000,1.2
2026-04-02 22:47:27.000,1.2
2026-04-02 22:47:27.000,2.4
2026-04-02 22:47:31.000,2.4
2026-04-02 22:47:31.000,1.2
2026-04-02 22:47:35.000,1.2
2026-04-02 22:47:35.000,0
2026-04-02 22:48:05.000,0
2026-04-02 22:48:05.000,1.2
2026-04-02 22:48:15.000,1.2
2026-04-02 22:48:15.000,0
2026-04-02 22:48:17.000,0
2026-04-02 22:48:17.000,1.2
2026-04-02 22:48:19.000,1.2
2026-04-02 22:48:19.000,0
2026-04-02 22:48:21.000,0
2026-04-02 22:48:21.000,1.2
2026-04-02 22:48:25.000,1.2
2026-04-02 22:48:25.000,0
2026-04-02 22:48:53.000,0
2026-04-02 22:48:53.000,1.2
2026-04-02 22:49:11.000,1.2
2026-04-02 22:49:11.000,0
2026-04-02 22:49:49.000,0
2026-04-02 22:49:49.000,1.2
2026-04-02 22:49:51.000,1.2
2026-04-02 22:49:51.000,0
2026-04-02 22:49:57.000,0
2026-04-02 22:49:57.000,1.2
2026-04-02 22:49:59.000,1.2
2026-04-02 22:49:59.000,0
2026-04-02 22:50:33.000,0
2026-04-02 22:50:33.000,1.2
2026-04-02 22:50:35.000,1.2
2026-04-02 22:50:35.000,0
2026-04-02 22:50:39.000,0
2026-04-02 22:50:39.000,1.2
2026-04-02 22:50:43.000,1.2
2026-04-02 22:50:43.000,0
2026-04-02 22:51:35.000,0
2026-04-02 22:51:35.000,1.2
2026-04-02 22:51:47.000,1.2
2026-04-02 22:51:47.000,0
2026-04-02 22:52:23.000,0
2026-04-02 22:52:23.000,1.2
2026-04-02 22:52:37.000,1.2
2026-04-02 22:52:37.000,0
2026-04-02 22:52:57.000,0
2026-04-02 22:52:57.000,1.2
2026-04-02 22:53:01.000,1.2
2026-04-02 22:53:01.000,0
2026-04-02 22:53:21.000,0
2026-04-02 22:53:21.000,1.2
2026-04-02 22:53:35.000,1.2
2026-04-02 22:53:35.000,0
2026-04-02 22:53:53.000,0
2026-04-02 22:53:53.000,1.2
2026-04-02 22:53:55.000,1.2
2026-04-02 22:53:55.000,0
2026-04-02 22:53:57.000,0
2026-04-02 22:53:57.000,2.4
2026-04-02 22:53:59.000,2.4
2026-04-02 22:53:59.000,1.2
2026-04-02 22:54:05.000,1.2
2026-04-02 22:54:05.000,0
2026-04-02 22:54:15.000,0
2026-04-02 22:54:15.000,1.2
2026-04-02 22:54:45.000,1.2
2026-04-02 22:54:45.000,0
2026-04-02 22:54:53.000,0
2026-04-02 22:54:53.000,1.2
2026-04-02 22:55:07.000,1.2
2026-04-02 22:55:07.000,0
2026-04-02 22:55:09.000,0
2026-04-02 22:55:09.000,1.2
2026-04-02 22:55:11.000,1.2
2026-04-02 22:55:11.000,0
2026-04-02 22:55:25.000,0
2026-04-02 22:55:25.000,1.2
2026-04-02 22:55:29.000,1.2
2026-04-02 22:55:29.000,2.4
2026-04-02 22:55:31.000,2.4
2026-04-02 22:55:31.000,1.2
2026-04-02 22:55:37.000,1.2
2026-04-02 22:55:37.000,2.4
2026-04-02 22:55:43.000,2.4
2026-04-02 22:55:43.000,4.8
2026-04-02 22:55:45.000,4.8
2026-04-02 22:55:45.000,10.8
2026-04-02 22:55:47.000,10.8
2026-04-02 22:55:47.000,3.6
2026-04-02 22:55:53.000,3.6
2026-04-02 22:55:53.000,1.2
2026-04-02 22:55:57.000,1.2
2026-04-02 22:55:57.000,0
2026-04-02 22:55:59.000,0
2026-04-02 22:55:59.000,1.2
2026-04-02 22:56:01.000,1.2
2026-04-02 22:56:01.000,0
2026-04-02 22:56:23.000,0
2026-04-02 22:56:23.000,1.2
2026-04-02 22:56:31.000,1.2
2026-04-02 22:56:31.000,0
2026-04-02 22:57:39.000,0
2026-04-02 22:57:39.000,1.2
2026-04-02 22:57:41.000,1.2
2026-04-02 22:57:41.000,0
2026-04-02 22:58:11.000,0
2026-04-02 22:58:11.000,1.2
2026-04-02 22:58:13.000,1.2
2026-04-02 22:58:13.000,0
2026-04-02 22:58:17.000,0
2026-04-02 22:58:17.000,1.2
2026-04-02 22:58:19.000,1.2
2026-04-02 22:58:19.000,0
2026-04-02 22:59:05.000,0
2026-04-02 22:59:05.000,1.2
2026-04-02 22:59:11.000,1.2
2026-04-02 22:59:11.000,0
2026-04-02 23:06:59.000,0
2026-04-02 23:06:59.000,1.2
2026-04-02 23:07:03.000,1.2
2026-04-02 23:07:03.000,0
2026-04-02 23:08:03.000,0
2026-04-02 23:08:03.000,1.2
2026-04-02 23:08:15.000,1.2
2026-04-02 23:08:15.000,0
2026-04-02 23:08:31.000,0
2026-04-02 23:08:31.000,1.2
2026-04-02 23:08:51.000,1.2
2026-04-02 23:08:51.000,0
2026-04-02 23:09:13.000,0
2026-04-02 23:09:13.000,1.2
2026-04-02 23:09:15.000,1.2
2026-04-02 23:09:15.000,0
2026-04-02 23:09:21.000,0
2026-04-02 23:09:21.000,1.2
2026-04-02 23:09:23.000,1.2
2026-04-02 23:09:23.000,0
2026-04-02 23:09:25.000,0
2026-04-02 23:09:25.000,1.2
2026-04-02 23:09:27.000,1.2
2026-04-02 23:09:27.000,0
2026-04-02 23:09:51.000,0
2026-04-02 23:09:51.000,1.2
2026-04-02 23:09:53.000,1.2
2026-04-02 23:09:53.000,0
2026-04-02 23:11:23.000,0
2026-04-02 23:11:23.000,1.2
2026-04-02 23:11:25.000,1.2
2026-04-02 23:11:25.000,2.4
2026-04-02 23:11:33.000,2.4
2026-04-02 23:11:33.000,1.2
2026-04-02 23:11:37.000,1.2
2026-04-02 23:11:37.000,0
2026-04-02 23:12:07.000,0
2026-04-02 23:12:07.000,1.2
2026-04-02 23:12:27.000,1.2
2026-04-02 23:12:27.000,0
2026-04-02 23:12:59.000,0
2026-04-02 23:12:59.000,1.2
2026-04-02 23:13:15.000,1.2
2026-04-02 23:13:15.000,0
2026-04-02 23:14:03.000,0
2026-04-02 23:14:03.000,1.2
2026-04-02 23:14:05.000,1.2
2026-04-02 23:14:05.000,0
2026-04-02 23:15:05.000,0
2026-04-02 23:15:05.000,1.2
2026-04-02 23:15:11.000,1.2
2026-04-02 23:15:11.000,0
2026-04-02 23:15:41.000,0
2026-04-02 23:15:41.000,1.2
2026-04-02 23:15:47.000,1.2
2026-04-02 23:15:47.000,0
2026-04-02 23:16:23.000,0
2026-04-02 23:16:23.000,1.2
2026-04-02 23:16:27.000,1.2
2026-04-02 23:16:27.000,0
2026-04-02 23:21:49.000,0
2026-04-02 23:21:49.000,4.8
2026-04-02 23:21:51.000,4.8
2026-04-02 23:21:51.000,0
2026-04-02 23:22:21.000,0
2026-04-02 23:22:21.000,1.2
2026-04-02 23:22:25.000,1.2
2026-04-02 23:22:25.000,2.4
2026-04-02 23:22:29.000,2.4
2026-04-02 23:22:29.000,1.2
2026-04-02 23:22:35.000,1.2
2026-04-02 23:22:35.000,0
2026-04-02 23:22:57.000,0
2026-04-02 23:22:57.000,1.2
2026-04-02 23:23:17.000,1.2
2026-04-02 23:23:17.000,0
2026-04-02 23:23:55.000,0
2026-04-02 23:23:55.000,1.2
2026-04-02 23:24:03.000,1.2
2026-04-02 23:24:03.000,0
2026-04-02 23:24:39.000,0
2026-04-02 23:24:39.000,1.2
2026-04-02 23:24:43.000,1.2
2026-04-02 23:24:43.000,3.6
2026-04-02 23:24:45.000,3.6
2026-04-02 23:24:45.000,6
2026-04-02 23:24:47.000,6
2026-04-02 23:24:47.000,2.4
2026-04-02 23:24:49.000,2.4
2026-04-02 23:24:49.000,1.2
2026-04-02 23:24:51.000,1.2
2026-04-02 23:24:51.000,0
2026-04-02 23:25:23.000,0
2026-04-02 23:25:23.000,1.2
2026-04-02 23:25:33.000,1.2
2026-04-02 23:25:33.000,0
2026-04-02 23:25:53.000,0
2026-04-02 23:25:53.000,1.2
2026-04-02 23:26:07.000,1.2
2026-04-02 23:26:07.000,0
2026-04-02 23:26:27.000,0
2026-04-02 23:26:27.000,1.2
2026-04-02 23:26:47.000,1.2
2026-04-02 23:26:47.000,0
2026-04-02 23:27:09.000,0
2026-04-02 23:27:09.000,1.2
2026-04-02 23:27:29.000,1.2
2026-04-02 23:27:29.000,0
2026-04-02 23:27:55.000,0
2026-04-02 23:27:55.000,1.2
2026-04-02 23:28:11.000,1.2
2026-04-02 23:28:11.000,0
2026-04-02 23:28:17.000,0
2026-04-02 23:28:17.000,1.2
2026-04-02 23:28:19.000,1.2
2026-04-02 23:28:19.000,0
2026-04-02 23:28:45.000,0
2026-04-02 23:28:45.000,1.2
2026-04-02 23:28:49.000,1.2
2026-04-02 23:28:49.000,0
2026-04-02 23:28:51.000,0
2026-04-02 23:28:51.000,1.2
2026-04-02 23:28:57.000,1.2
2026-04-02 23:28:57.000,0
2026-04-02 23:28:59.000,0
2026-04-02 23:28:59.000,1.2
2026-04-02 23:29:15.000,1.2
2026-04-02 23:29:15.000,0
2026-04-02 23:29:31.000,0
2026-04-02 23:29:31.000,1.2
2026-04-02 23:29:35.000,1.2
2026-04-02 23:29:35.000,0
2026-04-02 23:29:45.000,0
2026-04-02 23:29:45.000,1.2
2026-04-02 23:30:01.000,1.2
2026-04-02 23:30:01.000,0
2026-04-02 23:30:29.000,0
2026-04-02 23:30:29.000,1.2
2026-04-02 23:30:53.000,1.2
2026-04-02 23:30:53.000,0
2026-04-02 23:30:57.000,0
2026-04-02 23:30:57.000,1.2
2026-04-02 23:30:59.000,1.2
2026-04-02 23:30:59.000,0
2026-04-02 23:31:05.000,0
2026-04-02 23:31:05.000,1.2
2026-04-02 23:31:07.000,1.2
2026-04-02 23:31:07.000,0
2026-04-02 23:31:37.000,0
2026-04-02 23:31:37.000,1.2
2026-04-02 23:31:43.000,1.2
2026-04-02 23:31:43.000,0
2026-04-02 23:31:45.000,0
2026-04-02 23:31:45.000,1.2
2026-04-02 23:31:53.000,1.2
2026-04-02 23:31:53.000,0
2026-04-02 23:32:27.000,0
2026-04-02 23:32:27.000,1.2
2026-04-02 23:32:31.000,1.2
2026-04-02 23:32:31.000,0
2026-04-02 23:32:45.000,0
2026-04-02 23:32:45.000,1.2
2026-04-02 23:32:49.000,1.2
2026-04-02 23:32:49.000,0
2026-04-02 23:33:07.000,0
2026-04-02 23:33:07.000,1.2
2026-04-02 23:33:17.000,1.2
2026-04-02 23:33:17.000,0
2026-04-02 23:33:35.000,0
2026-04-02 23:33:35.000,1.2
2026-04-02 23:33:37.000,1.2
2026-04-02 23:33:37.000,0
2026-04-02 23:34:01.000,0
2026-04-02 23:34:01.000,1.2
2026-04-02 23:34:13.000,1.2
2026-04-02 23:34:13.000,0
2026-04-02 23:34:41.000,0
2026-04-02 23:34:41.000,1.2
2026-04-02 23:34:45.000,1.2
2026-04-02 23:34:45.000,0
2026-04-02 23:34:49.000,0
2026-04-02 23:34:49.000,1.2
2026-04-02 23:35:01.000,1.2
2026-04-02 23:35:01.000,0
2026-04-02 23:35:03.000,0
2026-04-02 23:35:03.000,1.2
2026-04-02 23:35:09.000,1.2
2026-04-02 23:35:09.000,0
2026-04-02 23:35:11.000,0
2026-04-02 23:35:11.000,1.2
2026-04-02 23:35:17.000,1.2
2026-04-02 23:35:17.000,0
2026-04-02 23:35:19.000,0
2026-04-02 23:35:19.000,1.2
2026-04-02 23:35:21.000,1.2
2026-04-02 23:35:21.000,0
2026-04-02 23:36:01.000,0
2026-04-02 23:36:01.000,1.2
2026-04-02 23:36:13.000,1.2
2026-04-02 23:36:13.000,0
2026-04-02 23:36:51.000,0
2026-04-02 23:36:51.000,1.2
2026-04-02 23:36:53.000,1.2
2026-04-02 23:36:53.000,0
2026-04-02 23:36:55.000,0
2026-04-02 23:36:55.000,1.2
2026-04-02 23:36:57.000,1.2
2026-04-02 23:36:57.000,0
2026-04-02 23:37:01.000,0
2026-04-02 23:37:01.000,1.2
2026-04-02 23:37:03.000,1.2
2026-04-02 23:37:03.000,0
2026-04-02 23:37:11.000,0
2026-04-02 23:37:11.000,1.2
2026-04-02 23:37:13.000,1.2
2026-04-02 23:37:13.000,0
2026-04-02 23:37:15.000,0
2026-04-02 23:37:15.000,1.2
2026-04-02 23:37:19.000,1.2
2026-04-02 23:37:19.000,0
2026-04-02 23:37:21.000,0
2026-04-02 23:37:21.000,1.2
2026-04-02 23:37:35.000,1.2
2026-04-02 23:37:35.000,0
2026-04-02 23:37:39.000,0
2026-04-02 23:37:39.000,1.2
2026-04-02 23:37:43.000,1.2
2026-04-02 23:37:43.000,0
2026-04-02 23:37:59.000,0
2026-04-02 23:37:59.000,1.2
2026-04-02 23:38:01.000,1.2
2026-04-02 23:38:01.000,2.4
2026-04-02 23:38:05.000,2.4
2026-04-02 23:38:05.000,1.2
2026-04-02 23:38:07.000,1.2
2026-04-02 23:38:07.000,0
2026-04-02 23:38:13.000,0
2026-04-02 23:38:13.000,1.2
2026-04-02 23:38:15.000,1.2
2026-04-02 23:38:15.000,4.8
2026-04-02 23:38:17.000,4.8
2026-04-02 23:38:17.000,7.2
2026-04-02 23:38:19.000,7.2
2026-04-02 23:38:19.000,10.8
2026-04-02 23:38:23.000,10.8
2026-04-02 23:38:23.000,13.2
2026-04-02 23:38:25.000,13.2
2026-04-02 23:38:25.000,12
2026-04-02 23:38:27.000,12
2026-04-02 23:38:27.000,13.2
2026-04-02 23:38:31.000,13.2
2026-04-02 23:38:31.000,14.4
2026-04-02 23:38:45.000,14.4
2026-04-02 23:38:45.000,15.6
2026-04-02 23:38:47.000,15.6
2026-04-02 23:38:47.000,14.4
2026-04-02 23:39:21.000,14.4
2026-04-02 23:39:21.000,15.6
2026-04-02 23:39:29.000,15.6
2026-04-02 23:39:29.000,13.2
2026-04-02 23:39:33.000,13.2
2026-04-02 23:39:33.000,14.4
2026-04-02 23:39:35.000,14.4
2026-04-02 23:39:35.000,13.2
2026-04-02 23:39:53.000,13.2
2026-04-02 23:39:53.000,14.4
2026-04-02 23:40:01.000,14.4
2026-04-02 23:40:01.000,15.6
2026-04-02 23:40:03.000,15.6
2026-04-02 23:40:03.000,14.4
2026-04-02 23:40:05.000,14.4
2026-04-02 23:40:05.000,15.6
2026-04-02 23:40:17.000,15.6
2026-04-02 23:40:17.000,14.4
2026-04-02 23:40:19.000,14.4
2026-04-02 23:40:19.000,15.6
2026-04-02 23:40:29.000,15.6
2026-04-02 23:40:29.000,14.4
2026-04-02 23:40:45.000,14.4
2026-04-02 23:40:45.000,15.6
2026-04-02 23:41:07.000,15.6
2026-04-02 23:41:07.000,14.4
2026-04-02 23:41:25.000,14.4
2026-04-02 23:41:25.000,15.6
2026-04-02 23:42:01.000,15.6
2026-04-02 23:42:01.000,14.4
2026-04-02 23:42:05.000,14.4
2026-04-02 23:42:05.000,13.2
2026-04-02 23:42:15.000,13.2
2026-04-02 23:42:15.000,12
2026-04-02 23:42:19.000,12
2026-04-02 23:42:19.000,10.8
2026-04-02 23:42:21.000,10.8
2026-04-02 23:42:21.000,12
2026-04-02 23:42:23.000,12
2026-04-02 23:42:23.000,10.8
2026-04-02 23:42:35.000,10.8
2026-04-02 23:42:35.000,12
2026-04-02 23:42:39.000,12
2026-04-02 23:42:39.000,13.2
2026-04-02 23:42:43.000,13.2
2026-04-02 23:42:43.000,14.4
2026-04-02 23:42:45.000,14.4
2026-04-02 23:42:45.000,13.2
2026-04-02 23:42:47.000,13.2
2026-04-02 23:42:47.000,12
2026-04-02 23:42:49.000,12
2026-04-02 23:42:49.000,8.4
2026-04-02 23:42:51.000,8.4
2026-04-02 23:42:51.000,9.6
2026-04-02 23:42:53.000,9.6
2026-04-02 23:42:53.000,4.8
2026-04-02 23:42:55.000,4.8
2026-04-02 23:42:55.000,7.2
2026-04-02 23:42:57.000,7.2
2026-04-02 23:42:57.000,1.2
2026-04-02 23:43:01.000,1.2
2026-04-02 23:43:01.000,0
2026-04-02 23:43:27.000,0
2026-04-02 23:43:27.000,1.2
2026-04-02 23:43:29.000,1.2
2026-04-02 23:43:29.000,0
2026-04-02 23:44:41.000,0
2026-04-02 23:44:41.000,1.2
2026-04-02 23:44:43.000,1.2
2026-04-02 23:44:43.000,2.4
2026-04-02 23:44:47.000,2.4
2026-04-02 23:44:47.000,3.6
2026-04-02 23:44:51.000,3.6
2026-04-02 23:44:51.000,4.8
2026-04-02 23:45:07.000,4.8
2026-04-02 23:45:07.000,6
2026-04-02 23:45:25.000,6
2026-04-02 23:45:25.000,4.8
2026-04-02 23:45:27.000,4.8
2026-04-02 23:45:27.000,2.4
2026-04-02 23:45:29.000,2.4
2026-04-02 23:45:29.000,3.6
2026-04-02 23:45:31.000,3.6
2026-04-02 23:45:31.000,2.4
2026-04-02 23:46:05.000,2.4
2026-04-02 23:46:05.000,3.6
2026-04-02 23:46:17.000,3.6
2026-04-02 23:46:17.000,4.8
2026-04-02 23:46:25.000,4.8
2026-04-02 23:46:25.000,6
2026-04-02 23:46:31.000,6
2026-04-02 23:46:31.000,4.8
2026-04-02 23:46:33.000,4.8
2026-04-02 23:46:33.000,3.6
2026-04-02 23:46:35.000,3.6
2026-04-02 23:46:35.000,2.4
2026-04-02 23:46:39.000,2.4
2026-04-02 23:46:39.000,1.2
2026-04-02 23:46:53.000,1.2
2026-04-02 23:46:53.000,0
2026-04-02 23:47:17.000,0
2026-04-02 23:47:17.000,1.2
2026-04-02 23:47:27.000,1.2
2026-04-02 23:47:27.000,0
2026-04-02 23:47:33.000,0
2026-04-02 23:47:33.000,1.2
2026-04-02 23:47:35.000,1.2
2026-04-02 23:47:35.000,0
2026-04-02 23:48:25.000,0
2026-04-02 23:48:25.000,1.2
2026-04-02 23:48:31.000,1.2
2026-04-02 23:48:31.000,2.4
2026-04-02 23:48:37.000,2.4
2026-04-02 23:48:37.000,1.2
2026-04-02 23:48:41.000,1.2
2026-04-02 23:48:41.000,2.4
2026-04-02 23:48:43.000,2.4
2026-04-02 23:48:43.000,3.6
2026-04-02 23:48:45.000,3.6
2026-04-02 23:48:45.000,6
2026-04-02 23:48:47.000,6
2026-04-02 23:48:47.000,8.4
2026-04-02 23:48:49.000,8.4
2026-04-02 23:48:49.000,13.2
2026-04-02 23:48:51.000,13.2
2026-04-02 23:48:51.000,12
2026-04-02 23:48:53.000,12
2026-04-02 23:48:53.000,14.4
2026-04-02 23:48:55.000,14.4
2026-04-02 23:48:55.000,15.6
2026-04-02 23:49:05.000,15.6
2026-04-02 23:49:05.000,16.8
2026-04-02 23:49:37.000,16.8
2026-04-02 23:49:37.000,18
2026-04-02 23:49:47.000,18
2026-04-02 23:49:47.000,16.8
2026-04-02 23:49:51.000,16.8
2026-04-02 23:49:51.000,15.6
2026-04-02 23:50:09.000,15.6
2026-04-02 23:50:09.000,16.8
2026-04-02 23:50:17.000,16.8
2026-04-02 23:50:17.000,15.6
2026-04-02 23:50:21.000,15.6
2026-04-02 23:50:21.000,16.8
2026-04-02 23:51:01.000,16.8
2026-04-02 23:51:01.000,14.4
2026-04-02 23:51:03.000,14.4
2026-04-02 23:51:03.000,12
2026-04-02 23:51:07.000,12
2026-04-02 23:51:07.000,2.4
2026-04-02 23:51:11.000,2.4
2026-04-02 23:51:11.000,0
2026-04-02 23:51:33.000,0
2026-04-02 23:51:33.000,1.2
2026-04-02 23:51:35.000,1.2
2026-04-02 23:51:35.000,0
2026-04-02 23:52:09.000,0
2026-04-02 23:52:09.000,1.2
2026-04-02 23:52:11.000,1.2
2026-04-02 23:52:11.000,0
2026-04-02 23:52:15.000,0
2026-04-02 23:52:15.000,1.2
2026-04-02 23:52:19.000,1.2
2026-04-02 23:52:19.000,0
2026-04-02 23:53:13.000,0
2026-04-02 23:53:13.000,1.2
2026-04-02 23:53:17.000,1.2
2026-04-02 23:53:17.000,0
2026-04-02 23:53:45.000,0
2026-04-02 23:53:45.000,1.2
2026-04-02 23:53:47.000,1.2
2026-04-02 23:53:47.000,2.4
2026-04-02 23:53:49.000,2.4
2026-04-02 23:53:49.000,4.8
2026-04-02 23:53:51.000,4.8
2026-04-02 23:53:51.000,8.4
2026-04-02 23:53:53.000,8.4
2026-04-02 23:53:53.000,9.6
2026-04-02 23:53:55.000,9.6
2026-04-02 23:53:55.000,12
2026-04-02 23:53:57.000,12
2026-04-02 23:53:57.000,13.2
2026-04-02 23:53:59.000,13.2
2026-04-02 23:53:59.000,14.4
2026-04-02 23:54:03.000,14.4
2026-04-02 23:54:03.000,15.6
2026-04-02 23:54:27.000,15.6
2026-04-02 23:54:27.000,14.4
2026-04-02 23:54:37.000,14.4
2026-04-02 23:54:37.000,15.6
2026-04-02 23:54:41.000,15.6
2026-04-02 23:54:41.000,16.8
2026-04-02 23:54:47.000,16.8
2026-04-02 23:54:47.000,14.4
2026-04-02 23:54:49.000,14.4
2026-04-02 23:54:49.000,8.4
2026-04-02 23:54:53.000,8.4
2026-04-02 23:54:53.000,3.6
2026-04-02 23:54:55.000,3.6
2026-04-02 23:54:55.000,4.8
2026-04-02 23:54:57.000,4.8
2026-04-02 23:54:57.000,3.6
2026-04-02 23:54:59.000,3.6
2026-04-02 23:54:59.000,0
2026-04-02 23:55:01.000,0
2026-04-02 23:55:01.000,1.2
2026-04-02 23:55:03.000,1.2
2026-04-02 23:55:03.000,0
2026-04-02 23:55:29.000,0
2026-04-02 23:55:29.000,1.2
2026-04-02 23:55:31.000,1.2
2026-04-02 23:55:31.000,0
2026-04-02 23:55:33.000,0
2026-04-02 23:55:33.000,1.2
2026-04-02 23:55:35.000,1.2
2026-04-02 23:55:35.000,0
2026-04-02 23:55:41.000,0
2026-04-02 23:55:41.000,1.2
2026-04-02 23:55:45.000,1.2
2026-04-02 23:55:45.000,0
2026-04-02 23:55:47.000,0
2026-04-02 23:55:47.000,3.6
2026-04-02 23:55:49.000,3.6
2026-04-02 23:55:49.000,1.2
2026-04-02 23:55:53.000,1.2
2026-04-02 23:55:53.000,2.4
2026-04-02 23:55:55.000,2.4
2026-04-02 23:55:55.000,0
2026-04-02 23:56:17.000,0
2026-04-02 23:56:17.000,1.2
2026-04-02 23:56:31.000,1.2
2026-04-02 23:56:31.000,0
2026-04-02 23:57:01.000,0
2026-04-02 23:57:01.000,1.2
2026-04-02 23:57:17.000,1.2
2026-04-02 23:57:17.000,0
2026-04-03 00:02:31.000,0
2026-04-03 00:02:31.000,1.2
2026-04-03 00:02:41.000,1.2
2026-04-03 00:02:41.000,0
2026-04-03 00:03:03.000,0
2026-04-03 00:03:03.000,1.2
2026-04-03 00:03:07.000,1.2
2026-04-03 00:03:07.000,4.8
2026-04-03 00:03:09.000,4.8
2026-04-03 00:03:09.000,0
2026-04-03 00:03:35.000,0
2026-04-03 00:03:35.000,1.2
2026-04-03 00:03:47.000,1.2
2026-04-03 00:03:47.000,0
2026-04-03 00:04:17.000,0
2026-04-03 00:04:17.000,1.2
2026-04-03 00:04:23.000,1.2
2026-04-03 00:04:23.000,0
2026-04-03 00:04:25.000,0
2026-04-03 00:04:25.000,1.2
2026-04-03 00:04:31.000,1.2
2026-04-03 00:04:31.000,0
2026-04-03 00:11:11.000,0
2026-04-03 00:11:11.000,1.2
2026-04-03 00:11:15.000,1.2
2026-04-03 00:11:15.000,0
2026-04-03 00:12:01.000,0
2026-04-03 00:12:01.000,1.2
2026-04-03 00:12:05.000,1.2
2026-04-03 00:12:05.000,0
2026-04-03 00:12:27.000,0
2026-04-03 00:12:27.000,1.2
2026-04-03 00:12:29.000,1.2
2026-04-03 00:12:29.000,0
2026-04-03 00:20:49.000,0
2026-04-03 00:20:49.000,1.2
2026-04-03 00:20:51.000,1.2
2026-04-03 00:20:51.000,2.4
2026-04-03 00:20:53.000,2.4
2026-04-03 00:20:53.000,3.6
2026-04-03 00:20:55.000,3.6
2026-04-03 00:20:55.000,4.8
2026-04-03 00:20:57.000,4.8
2026-04-03 00:20:57.000,3.6
2026-04-03 00:21:01.000,3.6
2026-04-03 00:21:01.000,0
2026-04-03 00:21:21.000,0
2026-04-03 00:21:21.000,1.2
2026-04-03 00:21:27.000,1.2
2026-04-03 00:21:27.000,0
2026-04-03 00:22:13.000,0
2026-04-03 00:22:13.000,1.2
2026-04-03 00:22:17.000,1.2
2026-04-03 00:22:17.000,0
2026-04-03 00:22:27.000,0
2026-04-03 00:22:27.000,1.2
2026-04-03 00:22:29.000,1.2
2026-04-03 00:22:29.000,0
2026-04-03 00:22:55.000,0
2026-04-03 00:22:55.000,1.2
2026-04-03 00:23:15.000,1.2
2026-04-03 00:23:15.000,0
2026-04-03 00:23:35.000,0
2026-04-03 00:23:35.000,1.2
2026-04-03 00:23:47.000,1.2
2026-04-03 00:23:47.000,0
2026-04-03 00:23:49.000,0
2026-04-03 00:23:49.000,1.2
2026-04-03 00:23:51.000,1.2
2026-04-03 00:23:51.000,0
2026-04-03 00:24:13.000,0
2026-04-03 00:24:13.000,1.2
2026-04-03 00:24:27.000,1.2
2026-04-03 00:24:27.000,0
2026-04-03 00:24:29.000,0
2026-04-03 00:24:29.000,1.2
2026-04-03 00:24:33.000,1.2
2026-04-03 00:24:33.000,0
2026-04-03 00:24:51.000,0
2026-04-03 00:24:51.000,1.2
2026-04-03 00:25:11.000,1.2
2026-04-03 00:25:11.000,0
2026-04-03 00:25:13.000,0
2026-04-03 00:25:13.000,1.2
2026-04-03 00:25:15.000,1.2
2026-04-03 00:25:15.000,0
2026-04-03 00:25:47.000,0
2026-04-03 00:25:47.000,1.2
2026-04-03 00:26:07.000,1.2
2026-04-03 00:26:07.000,0
2026-04-03 00:26:27.000,0
2026-04-03 00:26:27.000,1.2
2026-04-03 00:26:39.000,1.2
2026-04-03 00:26:39.000,0
2026-04-03 00:27:01.000,0
2026-04-03 00:27:01.000,1.2
2026-04-03 00:27:03.000,1.2
2026-04-03 00:27:03.000,0
2026-04-03 00:27:05.000,0
2026-04-03 00:27:05.000,1.2
2026-04-03 00:27:09.000,1.2
2026-04-03 00:27:09.000,0
2026-04-03 00:27:43.000,0
2026-04-03 00:27:43.000,1.2
2026-04-03 00:27:45.000,1.2
2026-04-03 00:27:45.000,0
2026-04-03 00:27:47.000,0
2026-04-03 00:27:47.000,1.2
2026-04-03 00:27:55.000,1.2
2026-04-03 00:27:55.000,0
2026-04-03 00:28:15.000,0
2026-04-03 00:28:15.000,1.2
2026-04-03 00:28:17.000,1.2
2026-04-03 00:28:17.000,0
2026-04-03 00:28:41.000,0
2026-04-03 00:28:41.000,1.2
2026-04-03 00:28:43.000,1.2
2026-04-03 00:28:43.000,0
2026-04-03 00:28:45.000,0
2026-04-03 00:28:45.000,1.2
2026-04-03 00:28:47.000,1.2
2026-04-03 00:28:47.000,0
2026-04-03 00:28:53.000,0
2026-04-03 00:28:53.000,1.2
2026-04-03 00:29:03.000,1.2
2026-04-03 00:29:03.000,0
2026-04-03 00:29:15.000,0
2026-04-03 00:29:15.000,1.2
2026-04-03 00:29:19.000,1.2
2026-04-03 00:29:19.000,0
2026-04-03 00:29:59.000,0
2026-04-03 00:29:59.000,1.2
2026-04-03 00:30:03.000,1.2
2026-04-03 00:30:03.000,0
2026-04-03 00:30:05.000,0
2026-04-03 00:30:05.000,1.2
2026-04-03 00:30:11.000,1.2
2026-04-03 00:30:11.000,0
2026-04-03 00:30:13.000,0
2026-04-03 00:30:13.000,1.2
2026-04-03 00:30:17.000,1.2
2026-04-03 00:30:17.000,0
2026-04-03 00:30:31.000,0
2026-04-03 00:30:31.000,1.2
2026-04-03 00:30:33.000,1.2
2026-04-03 00:30:33.000,0
2026-04-03 00:30:41.000,0
2026-04-03 00:30:41.000,1.2
2026-04-03 00:30:47.000,1.2
2026-04-03 00:30:47.000,0
2026-04-03 00:31:33.000,0
2026-04-03 00:31:33.000,1.2
2026-04-03 00:31:37.000,1.2
2026-04-03 00:31:37.000,0
2026-04-03 00:32:19.000,0
2026-04-03 00:32:19.000,1.2
2026-04-03 00:32:41.000,1.2
2026-04-03 00:32:41.000,0
2026-04-03 00:33:07.000,0
2026-04-03 00:33:07.000,1.2
2026-04-03 00:33:13.000,1.2
2026-04-03 00:33:13.000,0
2026-04-03 00:33:21.000,0
2026-04-03 00:33:21.000,1.2
2026-04-03 00:33:27.000,1.2
2026-04-03 00:33:27.000,0
2026-04-03 00:33:39.000,0
2026-04-03 00:33:39.000,1.2
2026-04-03 00:33:47.000,1.2
2026-04-03 00:33:47.000,2.4
2026-04-03 00:33:59.000,2.4
2026-04-03 00:33:59.000,1.2
2026-04-03 00:34:21.000,1.2
2026-04-03 00:34:21.000,2.4
2026-04-03 00:34:25.000,2.4
2026-04-03 00:34:25.000,1.2
2026-04-03 00:37:59.000,1.2
2026-04-03 00:37:59.000,2.4
2026-04-03 00:38:03.000,2.4
2026-04-03 00:38:03.000,1.2
2026-04-03 00:38:19.000,1.2
2026-04-03 00:38:19.000,2.4
2026-04-03 00:38:27.000,2.4
2026-04-03 00:38:27.000,1.2
2026-04-03 00:38:53.000,1.2
2026-04-03 00:38:53.000,2.4
2026-04-03 00:39:09.000,2.4
2026-04-03 00:39:09.000,1.2
2026-04-03 00:39:45.000,1.2
2026-04-03 00:39:45.000,2.4
2026-04-03 00:39:49.000,2.4
2026-04-03 00:39:49.000,1.2
2026-04-03 00:39:57.000,1.2
2026-04-03 00:39:57.000,2.4
2026-04-03 00:39:59.000,2.4
2026-04-03 00:39:59.000,1.2
2026-04-03 00:40:39.000,1.2
2026-04-03 00:40:39.000,2.4
2026-04-03 00:40:45.000,2.4
2026-04-03 00:40:45.000,1.2
2026-04-03 00:41:13.000,1.2
2026-04-03 00:41:13.000,2.4
2026-04-03 00:41:15.000,2.4
2026-04-03 00:41:15.000,1.2
2026-04-03 00:41:45.000,1.2
2026-04-03 00:41:45.000,2.4
2026-04-03 00:41:49.000,2.4
2026-04-03 00:41:49.000,1.2
2026-04-03 00:45:03.000,1.2
2026-04-03 00:45:03.000,2.4
2026-04-03 00:45:05.000,2.4
2026-04-03 00:45:05.000,1.2
2026-04-03 00:45:37.000,1.2
2026-04-03 00:45:37.000,2.4
2026-04-03 00:45:41.000,2.4
2026-04-03 00:45:41.000,1.2
2026-04-03 00:45:45.000,1.2
2026-04-03 00:45:45.000,3.6
2026-04-03 00:45:47.000,3.6
2026-04-03 00:45:47.000,0
2026-04-03 00:46:07.000,0
2026-04-03 00:46:07.000,1.2
2026-04-03 00:46:13.000,1.2
2026-04-03 00:46:13.000,2.4
2026-04-03 00:46:21.000,2.4
2026-04-03 00:46:21.000,1.2
2026-04-03 00:47:03.000,1.2
2026-04-03 00:47:03.000,2.4
2026-04-03 00:47:09.000,2.4
2026-04-03 00:47:09.000,1.2
2026-04-03 00:47:11.000,1.2
2026-04-03 00:47:11.000,0
2026-04-03 00:47:33.000,0
2026-04-03 00:47:33.000,1.2
2026-04-03 00:47:49.000,1.2
2026-04-03 00:47:49.000,0
2026-04-03 00:51:19.000,0
2026-04-03 00:51:19.000,1.2
2026-04-03 00:51:23.000,1.2
2026-04-03 00:51:23.000,0
2026-04-03 00:51:45.000,0
2026-04-03 00:51:45.000,1.2
2026-04-03 00:51:47.000,1.2
2026-04-03 00:51:47.000,0
2026-04-03 00:52:19.000,0
2026-04-03 00:52:19.000,1.2
2026-04-03 00:52:21.000,1.2
2026-04-03 00:52:21.000,4.8
2026-04-03 00:52:23.000,4.8
2026-04-03 00:52:23.000,6
2026-04-03 00:52:25.000,6
2026-04-03 00:52:25.000,0
2026-04-03 00:52:49.000,0
2026-04-03 00:52:49.000,1.2
2026-04-03 00:53:09.000,1.2
2026-04-03 00:53:09.000,0
2026-04-03 00:53:21.000,0
2026-04-03 00:53:21.000,1.2
2026-04-03 00:55:57.000,1.2
2026-04-03 00:55:57.000,0
2026-04-03 00:56:03.000,0
2026-04-03 00:56:03.000,1.2
2026-04-03 00:57:33.000,1.2
2026-04-03 00:57:33.000,0
2026-04-03 00:57:37.000,0
2026-04-03 00:57:37.000,1.2
2026-04-03 01:00:43.000,1.2
2026-04-03 01:00:43.000,2.4
2026-04-03 01:00:45.000,2.4
2026-04-03 01:00:45.000,1.2
2026-04-03 01:00:51.000,1.2
2026-04-03 01:00:51.000,0
2026-04-03 01:01:03.000,0
2026-04-03 01:01:03.000,3.6
2026-04-03 01:01:05.000,3.6
2026-04-03 01:01:05.000,0
2026-04-03 01:01:31.000,0
2026-04-03 01:01:31.000,1.2
2026-04-03 01:01:33.000,1.2
2026-04-03 01:01:33.000,2.4
2026-04-03 01:01:39.000,2.4
2026-04-03 01:01:39.000,1.2
2026-04-03 01:01:45.000,1.2
2026-04-03 01:01:45.000,0
2026-04-03 01:02:07.000,0
2026-04-03 01:02:07.000,1.2
2026-04-03 01:02:27.000,1.2
2026-04-03 01:02:27.000,0
2026-04-03 01:02:39.000,0
2026-04-03 01:02:39.000,1.2
2026-04-03 01:02:47.000,1.2
2026-04-03 01:02:47.000,0
2026-04-03 01:03:05.000,0
2026-04-03 01:03:05.000,1.2
2026-04-03 01:03:33.000,1.2
2026-04-03 01:03:33.000,0
2026-04-03 01:03:55.000,0
2026-04-03 01:03:55.000,1.2
2026-04-03 01:04:09.000,1.2
2026-04-03 01:04:09.000,0
2026-04-03 01:04:41.000,0
2026-04-03 01:04:41.000,1.2
2026-04-03 01:04:49.000,1.2
2026-04-03 01:04:49.000,0
2026-04-03 01:05:13.000,0
2026-04-03 01:05:13.000,1.2
2026-04-03 01:05:15.000,1.2
2026-04-03 01:05:15.000,0
2026-04-03 01:05:17.000,0
2026-04-03 01:05:17.000,1.2
2026-04-03 01:05:23.000,1.2
2026-04-03 01:05:23.000,0
2026-04-03 01:05:27.000,0
2026-04-03 01:05:27.000,1.2
2026-04-03 01:05:29.000,1.2
2026-04-03 01:05:29.000,0
2026-04-03 01:06:07.000,0
2026-04-03 01:06:07.000,1.2
2026-04-03 01:06:13.000,1.2
2026-04-03 01:06:13.000,0
2026-04-03 01:06:21.000,0
2026-04-03 01:06:21.000,1.2
2026-04-03 01:06:27.000,1.2
2026-04-03 01:06:27.000,0
2026-04-03 01:06:55.000,0
2026-04-03 01:06:55.000,1.2
2026-04-03 01:07:11.000,1.2
2026-04-03 01:07:11.000,0
2026-04-03 01:07:51.000,0
2026-04-03 01:07:51.000,1.2
2026-04-03 01:07:57.000,1.2
2026-04-03 01:07:57.000,0
2026-04-03 01:07:59.000,0
2026-04-03 01:07:59.000,1.2
2026-04-03 01:08:01.000,1.2
2026-04-03 01:08:01.000,0
2026-04-03 01:08:57.000,0
2026-04-03 01:08:57.000,1.2
2026-04-03 01:09:05.000,1.2
2026-04-03 01:09:05.000,2.4
2026-04-03 01:09:09.000,2.4
2026-04-03 01:09:09.000,1.2
2026-04-03 01:09:11.000,1.2
2026-04-03 01:09:11.000,0
2026-04-03 01:09:27.000,0
2026-04-03 01:09:27.000,1.2
2026-04-03 01:09:35.000,1.2
2026-04-03 01:09:35.000,2.4
2026-04-03 01:09:43.000,2.4
2026-04-03 01:09:43.000,1.2
2026-04-03 01:09:47.000,1.2
2026-04-03 01:09:47.000,0
2026-04-03 01:10:07.000,0
2026-04-03 01:10:07.000,1.2
2026-04-03 01:11:09.000,1.2
2026-04-03 01:11:09.000,0
2026-04-03 01:11:11.000,0
2026-04-03 01:11:11.000,1.2
2026-04-03 01:16:37.000,1.2
2026-04-03 01:16:37.000,2.4
2026-04-03 01:16:39.000,2.4
2026-04-03 01:16:39.000,1.2
2026-04-03 01:16:41.000,1.2
2026-04-03 01:16:41.000,0
2026-04-03 01:16:43.000,0
2026-04-03 01:16:43.000,1.2
2026-04-03 01:16:51.000,1.2
2026-04-03 01:16:51.000,0
2026-04-03 01:16:57.000,0
2026-04-03 01:16:57.000,1.2
2026-04-03 01:17:37.000,1.2
2026-04-03 01:17:37.000,2.4
2026-04-03 01:17:39.000,2.4
2026-04-03 01:17:39.000,1.2
2026-04-03 01:17:41.000,1.2
2026-04-03 01:17:41.000,0
2026-04-03 01:17:53.000,0
2026-04-03 01:17:53.000,1.2
2026-04-03 01:18:01.000,1.2
2026-04-03 01:18:01.000,0
2026-04-03 01:18:21.000,0
2026-04-03 01:18:21.000,1.2
2026-04-03 01:18:33.000,1.2
2026-04-03 01:18:33.000,0
2026-04-03 01:20:37.000,0
2026-04-03 01:20:37.000,1.2
2026-04-03 01:20:41.000,1.2
2026-04-03 01:20:41.000,0
2026-04-03 01:20:59.000,0
2026-04-03 01:20:59.000,1.2
2026-04-03 01:21:07.000,1.2
2026-04-03 01:21:07.000,0
2026-04-03 01:21:39.000,0
2026-04-03 01:21:39.000,1.2
2026-04-03 01:21:59.000,1.2
2026-04-03 01:21:59.000,0
2026-04-03 01:22:27.000,0
2026-04-03 01:22:27.000,1.2
2026-04-03 01:22:41.000,1.2
2026-04-03 01:22:41.000,0
2026-04-03 01:22:55.000,0
2026-04-03 01:22:55.000,1.2
2026-04-03 01:22:57.000,1.2
2026-04-03 01:22:57.000,0
2026-04-03 01:23:19.000,0
2026-04-03 01:23:19.000,1.2
2026-04-03 01:23:39.000,1.2
2026-04-03 01:23:39.000,0
2026-04-03 01:24:01.000,0
2026-04-03 01:24:01.000,1.2
2026-04-03 01:24:09.000,1.2
2026-04-03 01:24:09.000,0
2026-04-03 01:24:39.000,0
2026-04-03 01:24:39.000,1.2
2026-04-03 01:24:43.000,1.2
2026-04-03 01:24:43.000,0
2026-04-03 01:25:19.000,0
2026-04-03 01:25:19.000,1.2
2026-04-03 01:25:29.000,1.2
2026-04-03 01:25:29.000,0
2026-04-03 01:26:01.000,0
2026-04-03 01:26:01.000,1.2
2026-04-03 01:26:13.000,1.2
2026-04-03 01:26:13.000,0
2026-04-03 01:26:41.000,0
2026-04-03 01:26:41.000,1.2
2026-04-03 01:26:59.000,1.2
2026-04-03 01:26:59.000,0
2026-04-03 01:27:07.000,0
2026-04-03 01:27:07.000,1.2
2026-04-03 01:27:09.000,1.2
2026-04-03 01:27:09.000,0
2026-04-03 01:27:15.000,0
2026-04-03 01:27:15.000,1.2
2026-04-03 01:27:21.000,1.2
2026-04-03 01:27:21.000,0
2026-04-03 01:27:31.000,0
2026-04-03 01:27:31.000,1.2
2026-04-03 01:27:33.000,1.2
2026-04-03 01:27:33.000,0
2026-04-03 01:27:37.000,0
2026-04-03 01:27:37.000,1.2
2026-04-03 01:27:55.000,1.2
2026-04-03 01:27:55.000,0
2026-04-03 01:28:09.000,0
2026-04-03 01:28:09.000,1.2
2026-04-03 01:28:11.000,1.2
2026-04-03 01:28:11.000,0
2026-04-03 01:28:35.000,0
2026-04-03 01:28:35.000,1.2
2026-04-03 01:28:53.000,1.2
2026-04-03 01:28:53.000,0
2026-04-03 01:29:23.000,0
2026-04-03 01:29:23.000,1.2
2026-04-03 01:29:25.000,1.2
2026-04-03 01:29:25.000,0
2026-04-03 01:29:27.000,0
2026-04-03 01:29:27.000,1.2
2026-04-03 01:29:29.000,1.2
2026-04-03 01:29:29.000,0
2026-04-03 01:29:31.000,0
2026-04-03 01:29:31.000,1.2
2026-04-03 01:29:45.000,1.2
2026-04-03 01:29:45.000,0
2026-04-03 01:30:17.000,0
2026-04-03 01:30:17.000,1.2
2026-04-03 01:30:19.000,1.2
2026-04-03 01:30:19.000,0
2026-04-03 01:30:23.000,0
2026-04-03 01:30:23.000,1.2
2026-04-03 01:30:31.000,1.2
2026-04-03 01:30:31.000,0
2026-04-03 01:30:51.000,0
2026-04-03 01:30:51.000,1.2
2026-04-03 01:30:59.000,1.2
2026-04-03 01:30:59.000,0
2026-04-03 01:31:15.000,0
2026-04-03 01:31:15.000,1.2
2026-04-03 01:31:19.000,1.2
2026-04-03 01:31:19.000,0
2026-04-03 01:31:29.000,0
2026-04-03 01:31:29.000,1.2
2026-04-03 01:31:31.000,1.2
2026-04-03 01:31:31.000,0
2026-04-03 01:32:09.000,0
2026-04-03 01:32:09.000,1.2
2026-04-03 01:32:23.000,1.2
2026-04-03 01:32:23.000,0
2026-04-03 01:32:33.000,0
2026-04-03 01:32:33.000,1.2
2026-04-03 01:32:53.000,1.2
2026-04-03 01:32:53.000,2.4
2026-04-03 01:32:57.000,2.4
2026-04-03 01:32:57.000,1.2
2026-04-03 01:33:07.000,1.2
2026-04-03 01:33:07.000,0
2026-04-03 01:33:15.000,0
2026-04-03 01:33:15.000,1.2
2026-04-03 01:33:17.000,1.2
2026-04-03 01:33:17.000,2.4
2026-04-03 01:33:19.000,2.4
2026-04-03 01:33:19.000,3.6
2026-04-03 01:33:21.000,3.6
2026-04-03 01:33:21.000,4.8
2026-04-03 01:33:23.000,4.8
2026-04-03 01:33:23.000,6
2026-04-03 01:33:25.000,6
2026-04-03 01:33:25.000,7.2
2026-04-03 01:33:29.000,7.2
2026-04-03 01:33:29.000,8.4
2026-04-03 01:33:33.000,8.4
2026-04-03 01:33:33.000,9.6
2026-04-03 01:33:39.000,9.6
2026-04-03 01:33:39.000,10.8
2026-04-03 01:33:43.000,10.8
2026-04-03 01:33:43.000,8.4
2026-04-03 01:33:45.000,8.4
2026-04-03 01:33:45.000,7.2
2026-04-03 01:33:47.000,7.2
2026-04-03 01:33:47.000,4.8
2026-04-03 01:33:49.000,4.8
2026-04-03 01:33:49.000,6
2026-04-03 01:33:53.000,6
2026-04-03 01:33:53.000,7.2
2026-04-03 01:34:03.000,7.2
2026-04-03 01:34:03.000,8.4
2026-04-03 01:34:19.000,8.4
2026-04-03 01:34:19.000,9.6
2026-04-03 01:34:21.000,9.6
2026-04-03 01:34:21.000,8.4
2026-04-03 01:34:23.000,8.4
2026-04-03 01:34:23.000,9.6
2026-04-03 01:34:29.000,9.6
2026-04-03 01:34:29.000,8.4
2026-04-03 01:34:31.000,8.4
2026-04-03 01:34:31.000,7.2
2026-04-03 01:34:33.000,7.2
2026-04-03 01:34:33.000,6
2026-04-03 01:34:35.000,6
2026-04-03 01:34:35.000,4.8
2026-04-03 01:34:37.000,4.8
2026-04-03 01:34:37.000,6
2026-04-03 01:34:43.000,6
2026-04-03 01:34:43.000,7.2
2026-04-03 01:34:47.000,7.2
2026-04-03 01:34:47.000,6
2026-04-03 01:35:01.000,6
2026-04-03 01:35:01.000,7.2
2026-04-03 01:35:07.000,7.2
2026-04-03 01:35:07.000,8.4
2026-04-03 01:35:23.000,8.4
2026-04-03 01:35:23.000,9.6
2026-04-03 01:35:25.000,9.6
2026-04-03 01:35:25.000,8.4
2026-04-03 01:35:31.000,8.4
2026-04-03 01:35:31.000,9.6
2026-04-03 01:35:51.000,9.6
2026-04-03 01:35:51.000,8.4
2026-04-03 01:36:17.000,8.4
2026-04-03 01:36:17.000,9.6
2026-04-03 01:36:21.000,9.6
2026-04-03 01:36:21.000,8.4
2026-04-03 01:36:35.000,8.4
2026-04-03 01:36:35.000,9.6
2026-04-03 01:36:37.000,9.6
2026-04-03 01:36:37.000,8.4
2026-04-03 01:36:43.000,8.4
2026-04-03 01:36:43.000,7.2
2026-04-03 01:37:01.000,7.2
2026-04-03 01:37:01.000,6
2026-04-03 01:37:07.000,6
2026-04-03 01:37:07.000,7.2
2026-04-03 01:37:17.000,7.2
2026-04-03 01:37:17.000,8.4
2026-04-03 01:37:19.000,8.4
2026-04-03 01:37:19.000,7.2
2026-04-03 01:37:21.000,7.2
2026-04-03 01:37:21.000,8.4
2026-04-03 01:37:41.000,8.4
2026-04-03 01:37:41.000,7.2
2026-04-03 01:37:43.000,7.2
2026-04-03 01:37:43.000,8.4
2026-04-03 01:38:01.000,8.4
2026-04-03 01:38:01.000,9.6
2026-04-03 01:38:05.000,9.6
2026-04-03 01:38:05.000,8.4
2026-04-03 01:38:25.000,8.4
2026-04-03 01:38:25.000,7.2
2026-04-03 01:38:27.000,7.2
2026-04-03 01:38:27.000,8.4
2026-04-03 01:38:31.000,8.4
2026-04-03 01:38:31.000,7.2
2026-04-03 01:38:33.000,7.2
2026-04-03 01:38:33.000,8.4
2026-04-03 01:39:11.000,8.4
2026-04-03 01:39:11.000,7.2
2026-04-03 01:39:13.000,7.2
2026-04-03 01:39:13.000,8.4
2026-04-03 01:39:23.000,8.4
2026-04-03 01:39:23.000,9.6
2026-04-03 01:39:31.000,9.6
2026-04-03 01:39:31.000,8.4
2026-04-03 01:39:35.000,8.4
2026-04-03 01:39:35.000,9.6
2026-04-03 01:39:53.000,9.6
2026-04-03 01:39:53.000,8.4
2026-04-03 01:40:25.000,8.4
2026-04-03 01:40:25.000,9.6
2026-04-03 01:40:27.000,9.6
2026-04-03 01:40:27.000,8.4
2026-04-03 01:40:31.000,8.4
2026-04-03 01:40:31.000,9.6
2026-04-03 01:40:43.000,9.6
2026-04-03 01:40:43.000,8.4
2026-04-03 01:40:45.000,8.4
2026-04-03 01:40:45.000,9.6
2026-04-03 01:41:13.000,9.6
2026-04-03 01:41:13.000,8.4
2026-04-03 01:41:17.000,8.4
2026-04-03 01:41:17.000,10.8
2026-04-03 01:41:19.000,10.8
2026-04-03 01:41:19.000,9.6
2026-04-03 01:41:21.000,9.6
2026-04-03 01:41:21.000,2.4
2026-04-03 01:41:23.000,2.4
2026-04-03 01:41:23.000,4.8
2026-04-03 01:41:25.000,4.8
2026-04-03 01:41:25.000,0
2026-04-03 01:41:37.000,0
2026-04-03 01:41:37.000,2.4
2026-04-03 01:41:39.000,2.4
2026-04-03 01:41:39.000,6
2026-04-03 01:41:43.000,6
2026-04-03 01:41:43.000,8.4
2026-04-03 01:41:45.000,8.4
2026-04-03 01:41:45.000,7.2
2026-04-03 01:41:47.000,7.2
2026-04-03 01:41:47.000,8.4
2026-04-03 01:41:53.000,8.4
2026-04-03 01:41:53.000,7.2
2026-04-03 01:41:55.000,7.2
2026-04-03 01:41:55.000,8.4
2026-04-03 01:41:59.000,8.4
2026-04-03 01:41:59.000,7.2
2026-04-03 01:42:33.000,7.2
2026-04-03 01:42:33.000,6
2026-04-03 01:42:35.000,6
2026-04-03 01:42:35.000,4.8
2026-04-03 01:42:37.000,4.8
2026-04-03 01:42:37.000,6
2026-04-03 01:42:53.000,6
2026-04-03 01:42:53.000,7.2
2026-04-03 01:42:55.000,7.2
2026-04-03 01:42:55.000,6
2026-04-03 01:43:37.000,6
2026-04-03 01:43:37.000,7.2
2026-04-03 01:43:39.000,7.2
2026-04-03 01:43:39.000,6
2026-04-03 01:44:23.000,6
2026-04-03 01:44:23.000,7.2
2026-04-03 01:44:27.000,7.2
2026-04-03 01:44:27.000,6
2026-04-03 01:45:13.000,6
2026-04-03 01:45:13.000,7.2
2026-04-03 01:45:23.000,7.2
2026-04-03 01:45:23.000,6
2026-04-03 01:45:31.000,6
2026-04-03 01:45:31.000,7.2
2026-04-03 01:45:35.000,7.2
2026-04-03 01:45:35.000,6
2026-04-03 01:45:37.000,6
2026-04-03 01:45:37.000,4.8
2026-04-03 01:45:39.000,4.8
2026-04-03 01:45:39.000,2.4
2026-04-03 01:45:43.000,2.4
2026-04-03 01:45:43.000,3.6
2026-04-03 01:45:45.000,3.6
2026-04-03 01:45:45.000,6
2026-04-03 01:45:47.000,6
2026-04-03 01:45:47.000,7.2
2026-04-03 01:45:51.000,7.2
2026-04-03 01:45:51.000,8.4
2026-04-03 01:45:57.000,8.4
2026-04-03 01:45:57.000,9.6
2026-04-03 01:46:19.000,9.6
2026-04-03 01:46:19.000,8.4
2026-04-03 01:46:23.000,8.4
2026-04-03 01:46:23.000,9.6
2026-04-03 01:46:33.000,9.6
2026-04-03 01:46:33.000,8.4
2026-04-03 01:46:37.000,8.4
2026-04-03 01:46:37.000,7.2
2026-04-03 01:46:39.000,7.2
2026-04-03 01:46:39.000,3.6
2026-04-03 01:46:41.000,3.6
2026-04-03 01:46:41.000,4.8
2026-04-03 01:46:43.000,4.8
2026-04-03 01:46:43.000,1.2
2026-04-03 01:46:45.000,1.2
2026-04-03 01:46:45.000,2.4
2026-04-03 01:46:47.000,2.4
2026-04-03 01:46:47.000,1.2
2026-04-03 01:46:49.000,1.2
2026-04-03 01:46:49.000,3.6
2026-04-03 01:46:51.000,3.6
2026-04-03 01:46:51.000,4.8
2026-04-03 01:46:53.000,4.8
2026-04-03 01:46:53.000,6
2026-04-03 01:46:55.000,6
2026-04-03 01:46:55.000,7.2
2026-04-03 01:46:59.000,7.2
2026-04-03 01:46:59.000,8.4
2026-04-03 01:47:07.000,8.4
2026-04-03 01:47:07.000,9.6
2026-04-03 01:47:13.000,9.6
2026-04-03 01:47:13.000,10.8
2026-04-03 01:47:21.000,10.8
2026-04-03 01:47:21.000,9.6
2026-04-03 01:47:33.000,9.6
2026-04-03 01:47:33.000,10.8
2026-04-03 01:47:35.000,10.8
2026-04-03 01:47:35.000,12
2026-04-03 01:47:37.000,12
2026-04-03 01:47:37.000,10.8
2026-04-03 01:47:45.000,10.8
2026-04-03 01:47:45.000,12
2026-04-03 01:48:01.000,12
2026-04-03 01:48:01.000,10.8
2026-04-03 01:48:03.000,10.8
2026-04-03 01:48:03.000,12
2026-04-03 01:48:05.000,12
2026-04-03 01:48:05.000,9.6
2026-04-03 01:48:07.000,9.6
2026-04-03 01:48:07.000,8.4
2026-04-03 01:48:09.000,8.4
2026-04-03 01:48:09.000,9.6
2026-04-03 01:48:13.000,9.6
2026-04-03 01:48:13.000,7.2
2026-04-03 01:48:17.000,7.2
2026-04-03 01:48:17.000,2.4
2026-04-03 01:48:19.000,2.4
2026-04-03 01:48:19.000,3.6
2026-04-03 01:48:21.000,3.6
2026-04-03 01:48:21.000,1.2
2026-04-03 01:48:23.000,1.2
2026-04-03 01:48:23.000,2.4
2026-04-03 01:48:27.000,2.4
2026-04-03 01:48:27.000,1.2
2026-04-03 01:48:31.000,1.2
2026-04-03 01:48:31.000,0
2026-04-03 01:48:33.000,0
2026-04-03 01:48:33.000,1.2
2026-04-03 01:48:35.000,1.2
2026-04-03 01:48:35.000,4.8
2026-04-03 01:48:37.000,4.8
2026-04-03 01:48:37.000,6
2026-04-03 01:48:39.000,6
2026-04-03 01:48:39.000,10.8
2026-04-03 01:48:45.000,10.8
2026-04-03 01:48:45.000,12
2026-04-03 01:48:55.000,12
2026-04-03 01:48:55.000,10.8
2026-04-03 01:49:13.000,10.8
2026-04-03 01:49:13.000,9.6
2026-04-03 01:49:15.000,9.6
2026-04-03 01:49:15.000,10.8
2026-04-03 01:49:17.000,10.8
2026-04-03 01:49:17.000,9.6
2026-04-03 01:49:19.000,9.6
2026-04-03 01:49:19.000,10.8
2026-04-03 01:49:21.000,10.8
2026-04-03 01:49:21.000,9.6
2026-04-03 01:49:23.000,9.6
2026-04-03 01:49:23.000,10.8
2026-04-03 01:49:33.000,10.8
2026-04-03 01:49:33.000,9.6
2026-04-03 01:49:55.000,9.6
2026-04-03 01:49:55.000,8.4
2026-04-03 01:49:57.000,8.4
2026-04-03 01:49:57.000,4.8
2026-04-03 01:49:59.000,4.8
2026-04-03 01:49:59.000,6
2026-04-03 01:50:01.000,6
2026-04-03 01:50:01.000,1.2
2026-04-03 01:50:03.000,1.2
2026-04-03 01:50:03.000,3.6
2026-04-03 01:50:05.000,3.6
2026-04-03 01:50:05.000,0
2026-04-03 01:50:25.000,0
2026-04-03 01:50:25.000,1.2
2026-04-03 01:50:29.000,1.2
2026-04-03 01:50:29.000,2.4
2026-04-03 01:50:31.000,2.4
2026-04-03 01:50:31.000,4.8
2026-04-03 01:50:33.000,4.8
2026-04-03 01:50:33.000,3.6
2026-04-03 01:50:35.000,3.6
2026-04-03 01:50:35.000,4.8
2026-04-03 01:50:37.000,4.8
2026-04-03 01:50:37.000,3.6
2026-04-03 01:50:39.000,3.6
2026-04-03 01:50:39.000,4.8
2026-04-03 01:50:55.000,4.8
2026-04-03 01:50:55.000,3.6
2026-04-03 01:51:01.000,3.6
2026-04-03 01:51:01.000,4.8
2026-04-03 01:51:13.000,4.8
2026-04-03 01:51:13.000,3.6
2026-04-03 01:51:17.000,3.6
2026-04-03 01:51:17.000,2.4
2026-04-03 01:51:39.000,2.4
2026-04-03 01:51:39.000,1.2
2026-04-03 01:51:47.000,1.2
2026-04-03 01:51:47.000,0
2026-04-03 01:52:27.000,0
2026-04-03 01:52:27.000,1.2
2026-04-03 01:52:35.000,1.2
2026-04-03 01:52:35.000,0
2026-04-03 01:53:05.000,0
2026-04-03 01:53:05.000,1.2
2026-04-03 01:53:11.000,1.2
2026-04-03 01:53:11.000,0
2026-04-03 01:53:51.000,0
2026-04-03 01:53:51.000,1.2
2026-04-03 01:54:09.000,1.2
2026-04-03 01:54:09.000,0
2026-04-03 01:54:23.000,0
2026-04-03 01:54:23.000,2.4
2026-04-03 01:54:25.000,2.4
2026-04-03 01:54:25.000,4.8
2026-04-03 01:54:27.000,4.8
2026-04-03 01:54:27.000,9.6
2026-04-03 01:54:29.000,9.6
2026-04-03 01:54:29.000,10.8
2026-04-03 01:54:31.000,10.8
2026-04-03 01:54:31.000,13.2
2026-04-03 01:54:33.000,13.2
2026-04-03 01:54:33.000,12
2026-04-03 01:54:35.000,12
2026-04-03 01:54:35.000,13.2
2026-04-03 01:54:49.000,13.2
2026-04-03 01:54:49.000,14.4
2026-04-03 01:55:11.000,14.4
2026-04-03 01:55:11.000,13.2
2026-04-03 01:55:19.000,13.2
2026-04-03 01:55:19.000,12
2026-04-03 01:55:29.000,12
2026-04-03 01:55:29.000,10.8
2026-04-03 01:55:41.000,10.8
2026-04-03 01:55:41.000,9.6
2026-04-03 01:55:43.000,9.6
2026-04-03 01:55:43.000,10.8
2026-04-03 01:56:21.000,10.8
2026-04-03 01:56:21.000,9.6
2026-04-03 01:56:25.000,9.6
2026-04-03 01:56:25.000,8.4
2026-04-03 01:56:27.000,8.4
2026-04-03 01:56:27.000,7.2
2026-04-03 01:56:29.000,7.2
2026-04-03 01:56:29.000,3.6
2026-04-03 01:56:31.000,3.6
2026-04-03 01:56:31.000,4.8
2026-04-03 01:56:33.000,4.8
2026-04-03 01:56:33.000,2.4
2026-04-03 01:56:35.000,2.4
2026-04-03 01:56:35.000,1.2
2026-04-03 01:56:45.000,1.2
2026-04-03 01:56:45.000,0
2026-04-03 01:56:51.000,0
2026-04-03 01:56:51.000,1.2
2026-04-03 01:57:09.000,1.2
2026-04-03 01:57:09.000,0
2026-04-03 01:57:23.000,0
2026-04-03 01:57:23.000,1.2
2026-04-03 01:57:35.000,1.2
2026-04-03 01:57:35.000,0
2026-04-03 01:57:43.000,0
2026-04-03 01:57:43.000,1.2
2026-04-03 01:57:45.000,1.2
2026-04-03 01:57:45.000,0
2026-04-03 01:57:49.000,0
2026-04-03 01:57:49.000,1.2
2026-04-03 01:57:55.000,1.2
2026-04-03 01:57:55.000,0
2026-04-03 01:58:01.000,0
2026-04-03 01:58:01.000,1.2
2026-04-03 01:58:03.000,1.2
2026-04-03 01:58:03.000,0
2026-04-03 01:58:05.000,0
2026-04-03 01:58:05.000,1.2
2026-04-03 01:58:07.000,1.2
2026-04-03 01:58:07.000,0
2026-04-03 01:58:19.000,0
2026-04-03 01:58:19.000,1.2
2026-04-03 01:58:25.000,1.2
2026-04-03 01:58:25.000,0
2026-04-03 01:58:29.000,0
2026-04-03 01:58:29.000,1.2
2026-04-03 01:58:31.000,1.2
2026-04-03 01:58:31.000,0
2026-04-03 01:58:33.000,0
2026-04-03 01:58:33.000,1.2
2026-04-03 01:59:07.000,1.2
2026-04-03 01:59:07.000,0
2026-04-03 01:59:11.000,0
2026-04-03 01:59:11.000,1.2
2026-04-03 01:59:15.000,1.2
2026-04-03 01:59:15.000,0
2026-04-03 01:59:35.000,0
2026-04-03 01:59:35.000,1.2
2026-04-03 02:00:15.000,1.2
2026-04-03 02:00:15.000,0
2026-04-03 02:00:31.000,0
2026-04-03 02:00:31.000,1.2
2026-04-03 02:00:43.000,1.2
2026-04-03 02:00:43.000,0
2026-04-03 02:01:07.000,0
2026-04-03 02:01:07.000,1.2
2026-04-03 02:01:09.000,1.2
2026-04-03 02:01:09.000,0
2026-04-03 02:01:15.000,0
2026-04-03 02:01:15.000,1.2
2026-04-03 02:01:17.000,1.2
2026-04-03 02:01:17.000,2.4
2026-04-03 02:01:21.000,2.4
2026-04-03 02:01:21.000,1.2
2026-04-03 02:01:25.000,1.2
2026-04-03 02:01:25.000,0
2026-04-03 02:01:41.000,0
2026-04-03 02:01:41.000,1.2
2026-04-03 02:01:43.000,1.2
2026-04-03 02:01:43.000,6
2026-04-03 02:01:45.000,6
2026-04-03 02:01:45.000,14.4
2026-04-03 02:01:47.000,14.4
2026-04-03 02:01:47.000,26.4
2026-04-03 02:01:49.000,26.4
2026-04-03 02:01:49.000,24
2026-04-03 02:01:51.000,24
2026-04-03 02:01:51.000,28.8
2026-04-03 02:01:53.000,28.8
2026-04-03 02:01:53.000,27.6
2026-04-03 02:01:55.000,27.6
2026-04-03 02:01:55.000,28.8
2026-04-03 02:01:57.000,28.8
2026-04-03 02:01:57.000,30
2026-04-03 02:01:59.000,30
2026-04-03 02:01:59.000,28.8
2026-04-03 02:02:01.000,28.8
2026-04-03 02:02:01.000,30
2026-04-03 02:02:13.000,30
2026-04-03 02:02:13.000,31.2
2026-04-03 02:02:17.000,31.2
2026-04-03 02:02:17.000,30
2026-04-03 02:02:19.000,30
2026-04-03 02:02:19.000,31.2
2026-04-03 02:02:21.000,31.2
2026-04-03 02:02:21.000,30
2026-04-03 02:02:23.000,30
2026-04-03 02:02:23.000,27.6
2026-04-03 02:02:25.000,27.6
2026-04-03 02:02:25.000,26.4
2026-04-03 02:02:33.000,26.4
2026-04-03 02:02:33.000,27.6
2026-04-03 02:02:35.000,27.6
2026-04-03 02:02:35.000,26.4
2026-04-03 02:02:37.000,26.4
2026-04-03 02:02:37.000,25.2
2026-04-03 02:02:47.000,25.2
2026-04-03 02:02:47.000,24
2026-04-03 02:02:49.000,24
2026-04-03 02:02:49.000,20.4
2026-04-03 02:02:53.000,20.4
2026-04-03 02:02:53.000,21.6
2026-04-03 02:02:59.000,21.6
2026-04-03 02:02:59.000,22.8
2026-04-03 02:03:03.000,22.8
2026-04-03 02:03:03.000,24
2026-04-03 02:03:05.000,24
2026-04-03 02:03:05.000,22.8
2026-04-03 02:03:07.000,22.8
2026-04-03 02:03:07.000,21.6
2026-04-03 02:03:09.000,21.6
2026-04-03 02:03:09.000,22.8
2026-04-03 02:03:11.000,22.8
2026-04-03 02:03:11.000,24
2026-04-03 02:03:15.000,24
2026-04-03 02:03:15.000,21.6
2026-04-03 02:03:17.000,21.6
2026-04-03 02:03:17.000,16.8
2026-04-03 02:03:19.000,16.8
2026-04-03 02:03:19.000,12
2026-04-03 02:03:21.000,12
2026-04-03 02:03:21.000,1.2
2026-04-03 02:03:23.000,1.2
2026-04-03 02:03:23.000,4.8
2026-04-03 02:03:25.000,4.8
2026-04-03 02:03:25.000,0
2026-04-03 02:03:27.000,0
2026-04-03 02:03:27.000,1.2
2026-04-03 02:03:29.000,1.2
2026-04-03 02:03:29.000,0
2026-04-03 02:03:31.000,0
2026-04-03 02:03:31.000,1.2
2026-04-03 02:03:33.000,1.2
2026-04-03 02:03:33.000,0
2026-04-03 02:03:35.000,0
2026-04-03 02:03:35.000,1.2
2026-04-03 02:03:39.000,1.2
2026-04-03 02:03:39.000,0
2026-04-03 02:04:03.000,0
2026-04-03 02:04:03.000,1.2
2026-04-03 02:04:07.000,1.2
2026-04-03 02:04:07.000,2.4
2026-04-03 02:04:09.000,2.4
2026-04-03 02:04:09.000,0
2026-04-03 02:04:11.000,0
2026-04-03 02:04:11.000,2.4
2026-04-03 02:04:13.000,2.4
2026-04-03 02:04:13.000,0
2026-04-03 02:04:43.000,0
2026-04-03 02:04:43.000,1.2
2026-04-03 02:04:57.000,1.2
2026-04-03 02:04:57.000,0
2026-04-03 02:05:15.000,0
2026-04-03 02:05:15.000,1.2
2026-04-03 02:05:17.000,1.2
2026-04-03 02:05:17.000,0
2026-04-03 02:05:23.000,0
2026-04-03 02:05:23.000,1.2
2026-04-03 02:05:25.000,1.2
2026-04-03 02:05:25.000,0
2026-04-03 02:05:27.000,0
2026-04-03 02:05:27.000,1.2
2026-04-03 02:05:29.000,1.2
2026-04-03 02:05:29.000,0
2026-04-03 02:05:45.000,0
2026-04-03 02:05:45.000,1.2
2026-04-03 02:05:49.000,1.2
2026-04-03 02:05:49.000,0
2026-04-03 02:06:07.000,0
2026-04-03 02:06:07.000,1.2
2026-04-03 02:06:09.000,1.2
2026-04-03 02:06:09.000,0
2026-04-03 02:06:41.000,0
2026-04-03 02:06:41.000,1.2
2026-04-03 02:06:43.000,1.2
2026-04-03 02:06:43.000,2.4
2026-04-03 02:06:47.000,2.4
2026-04-03 02:06:47.000,1.2
2026-04-03 02:06:49.000,1.2
2026-04-03 02:06:49.000,0
2026-04-03 02:06:55.000,0
2026-04-03 02:06:55.000,1.2
2026-04-03 02:07:07.000,1.2
2026-04-03 02:07:07.000,0
2026-04-03 02:07:11.000,0
2026-04-03 02:07:11.000,1.2
2026-04-03 02:07:23.000,1.2
2026-04-03 02:07:23.000,2.4
2026-04-03 02:07:27.000,2.4
2026-04-03 02:07:27.000,1.2
2026-04-03 02:07:51.000,1.2
2026-04-03 02:07:51.000,0
2026-04-03 02:07:53.000,0
2026-04-03 02:07:53.000,1.2
2026-04-03 02:08:05.000,1.2
2026-04-03 02:08:05.000,2.4
2026-04-03 02:08:11.000,2.4
2026-04-03 02:08:11.000,1.2
2026-04-03 02:09:07.000,1.2
2026-04-03 02:09:07.000,0
2026-04-03 02:09:09.000,0
2026-04-03 02:09:09.000,1.2
2026-04-03 02:09:33.000,1.2
2026-04-03 02:09:33.000,2.4
2026-04-03 02:09:39.000,2.4
2026-04-03 02:09:39.000,3.6
2026-04-03 02:09:41.000,3.6
2026-04-03 02:09:41.000,1.2
2026-04-03 02:09:45.000,1.2
2026-04-03 02:09:45.000,0
2026-04-03 02:09:59.000,0
2026-04-03 02:09:59.000,1.2
2026-04-03 02:10:03.000,1.2
2026-04-03 02:10:03.000,0
2026-04-03 02:10:07.000,0
2026-04-03 02:10:07.000,1.2
2026-04-03 02:10:13.000,1.2
2026-04-03 02:10:13.000,2.4
2026-04-03 02:10:15.000,2.4
2026-04-03 02:10:15.000,3.6
2026-04-03 02:10:17.000,3.6
2026-04-03 02:10:17.000,4.8
2026-04-03 02:10:19.000,4.8
2026-04-03 02:10:19.000,2.4
2026-04-03 02:10:23.000,2.4
2026-04-03 02:10:23.000,1.2
2026-04-03 02:10:27.000,1.2
2026-04-03 02:10:27.000,0
2026-04-03 02:10:55.000,0
2026-04-03 02:10:55.000,1.2
2026-04-03 02:11:11.000,1.2
2026-04-03 02:11:11.000,0
2026-04-03 02:11:15.000,0
2026-04-03 02:11:15.000,1.2
2026-04-03 02:11:19.000,1.2
2026-04-03 02:11:19.000,2.4
2026-04-03 02:11:21.000,2.4
2026-04-03 02:11:21.000,3.6
2026-04-03 02:11:23.000,3.6
2026-04-03 02:11:23.000,6
2026-04-03 02:11:29.000,6
2026-04-03 02:11:29.000,4.8
2026-04-03 02:11:35.000,4.8
2026-04-03 02:11:35.000,3.6
2026-04-03 02:11:39.000,3.6
2026-04-03 02:11:39.000,2.4
2026-04-03 02:11:51.000,2.4
2026-04-03 02:11:51.000,1.2
2026-04-03 02:11:53.000,1.2
2026-04-03 02:11:53.000,2.4
2026-04-03 02:11:59.000,2.4
2026-04-03 02:11:59.000,1.2
2026-04-03 02:12:27.000,1.2
2026-04-03 02:12:27.000,2.4
2026-04-03 02:12:33.000,2.4
2026-04-03 02:12:33.000,3.6
2026-04-03 02:12:37.000,3.6
2026-04-03 02:12:37.000,2.4
2026-04-03 02:12:43.000,2.4
2026-04-03 02:12:43.000,1.2
2026-04-03 02:12:49.000,1.2
2026-04-03 02:12:49.000,2.4
2026-04-03 02:12:51.000,2.4
2026-04-03 02:12:51.000,1.2
2026-04-03 02:13:03.000,1.2
2026-04-03 02:13:03.000,2.4
2026-04-03 02:13:05.000,2.4
2026-04-03 02:13:05.000,1.2
2026-04-03 02:13:23.000,1.2
2026-04-03 02:13:23.000,0
2026-04-03 02:13:27.000,0
2026-04-03 02:13:27.000,1.2
2026-04-03 02:13:33.000,1.2
2026-04-03 02:13:33.000,0
2026-04-03 02:13:39.000,0
2026-04-03 02:13:39.000,1.2
2026-04-03 02:13:45.000,1.2
2026-04-03 02:13:45.000,0
2026-04-03 02:13:59.000,0
2026-04-03 02:13:59.000,1.2
2026-04-03 02:14:03.000,1.2
2026-04-03 02:14:03.000,2.4
2026-04-03 02:14:05.000,2.4
2026-04-03 02:14:05.000,3.6
2026-04-03 02:14:09.000,3.6
2026-04-03 02:14:09.000,7.2
2026-04-03 02:14:11.000,7.2
2026-04-03 02:14:11.000,6
2026-04-03 02:14:13.000,6
2026-04-03 02:14:13.000,7.2
2026-04-03 02:14:19.000,7.2
2026-04-03 02:14:19.000,8.4
2026-04-03 02:14:21.000,8.4
2026-04-03 02:14:21.000,7.2
2026-04-03 02:14:25.000,7.2
2026-04-03 02:14:25.000,6
2026-04-03 02:14:27.000,6
2026-04-03 02:14:27.000,4.8
2026-04-03 02:14:29.000,4.8
2026-04-03 02:14:29.000,3.6
2026-04-03 02:14:37.000,3.6
2026-04-03 02:14:37.000,2.4
2026-04-03 02:14:47.000,2.4
2026-04-03 02:14:47.000,1.2
2026-04-03 02:14:53.000,1.2
2026-04-03 02:14:53.000,6
2026-04-03 02:14:55.000,6
2026-04-03 02:14:55.000,0
2026-04-03 02:14:57.000,0
2026-04-03 02:14:57.000,7.2
2026-04-03 02:14:59.000,7.2
2026-04-03 02:14:59.000,2.4
2026-04-03 02:15:01.000,2.4
2026-04-03 02:15:01.000,4.8
2026-04-03 02:15:03.000,4.8
2026-04-03 02:15:03.000,3.6
2026-04-03 02:15:05.000,3.6
2026-04-03 02:15:05.000,4.8
2026-04-03 02:15:07.000,4.8
2026-04-03 02:15:07.000,3.6
2026-04-03 02:15:11.000,3.6
2026-04-03 02:15:11.000,2.4
2026-04-03 02:15:13.000,2.4
2026-04-03 02:15:13.000,1.2
2026-04-03 02:15:15.000,1.2
2026-04-03 02:15:15.000,0
2026-04-03 02:15:41.000,0
2026-04-03 02:15:41.000,1.2
2026-04-03 02:15:47.000,1.2
2026-04-03 02:15:47.000,0
2026-04-03 02:16:25.000,0
2026-04-03 02:16:25.000,1.2
2026-04-03 02:16:27.000,1.2
2026-04-03 02:16:27.000,0
2026-04-03 02:16:29.000,0
2026-04-03 02:16:29.000,1.2
2026-04-03 02:16:41.000,1.2
2026-04-03 02:16:41.000,0
2026-04-03 02:17:07.000,0
2026-04-03 02:17:07.000,1.2
2026-04-03 02:17:15.000,1.2
2026-04-03 02:17:15.000,0
2026-04-03 02:17:17.000,0
2026-04-03 02:17:17.000,1.2
2026-04-03 02:17:43.000,1.2
2026-04-03 02:17:43.000,0
2026-04-03 02:17:53.000,0
2026-04-03 02:17:53.000,1.2
2026-04-03 02:17:59.000,1.2
2026-04-03 02:17:59.000,0
2026-04-03 02:18:17.000,0
2026-04-03 02:18:17.000,1.2
2026-04-03 02:18:41.000,1.2
2026-04-03 02:18:41.000,0
2026-04-03 02:18:55.000,0
2026-04-03 02:18:55.000,1.2
2026-04-03 02:18:59.000,1.2
2026-04-03 02:18:59.000,0
2026-04-03 02:19:07.000,0
2026-04-03 02:19:07.000,1.2
2026-04-03 02:19:25.000,1.2
2026-04-03 02:19:25.000,2.4
2026-04-03 02:19:27.000,2.4
2026-04-03 02:19:27.000,1.2
2026-04-03 02:19:31.000,1.2
2026-04-03 02:19:31.000,0
2026-04-03 02:19:37.000,0
2026-04-03 02:19:37.000,1.2
2026-04-03 02:19:41.000,1.2
2026-04-03 02:19:41.000,0
2026-04-03 02:19:51.000,0
2026-04-03 02:19:51.000,2.4
2026-04-03 02:19:53.000,2.4
2026-04-03 02:19:53.000,0
2026-04-03 02:19:55.000,0
2026-04-03 02:19:55.000,2.4
2026-04-03 02:19:57.000,2.4
2026-04-03 02:19:57.000,1.2
2026-04-03 02:20:05.000,1.2
2026-04-03 02:20:05.000,0
2026-04-03 02:20:13.000,0
2026-04-03 02:20:13.000,1.2
2026-04-03 02:20:17.000,1.2
2026-04-03 02:20:17.000,2.4
2026-04-03 02:20:25.000,2.4
2026-04-03 02:20:25.000,0
2026-04-03 02:20:37.000,0
2026-04-03 02:20:37.000,1.2
2026-04-03 02:20:39.000,1.2
2026-04-03 02:20:39.000,0
2026-04-03 02:20:57.000,0
2026-04-03 02:20:57.000,2.4
2026-04-03 02:21:01.000,2.4
2026-04-03 02:21:01.000,1.2
2026-04-03 02:21:03.000,1.2
2026-04-03 02:21:03.000,0
2026-04-03 02:21:23.000,0
2026-04-03 02:21:23.000,1.2
2026-04-03 02:21:35.000,1.2
2026-04-03 02:21:35.000,0
2026-04-03 02:21:53.000,0
2026-04-03 02:21:53.000,1.2
2026-04-03 02:22:01.000,1.2
2026-04-03 02:22:01.000,0
2026-04-03 02:22:15.000,0
2026-04-03 02:22:15.000,1.2
2026-04-03 02:22:25.000,1.2
2026-04-03 02:22:25.000,2.4
2026-04-03 02:22:33.000,2.4
2026-04-03 02:22:33.000,1.2
2026-04-03 02:23:35.000,1.2
2026-04-03 02:23:35.000,2.4
2026-04-03 02:23:41.000,2.4
2026-04-03 02:23:41.000,1.2
2026-04-03 02:23:43.000,1.2
2026-04-03 02:23:43.000,0
2026-04-03 02:24:05.000,0
2026-04-03 02:24:05.000,1.2
2026-04-03 02:24:07.000,1.2
2026-04-03 02:24:07.000,0
2026-04-03 02:24:11.000,0
2026-04-03 02:24:11.000,1.2
2026-04-03 02:24:13.000,1.2
2026-04-03 02:24:13.000,0
2026-04-03 02:24:41.000,0
2026-04-03 02:24:41.000,1.2
2026-04-03 02:24:47.000,1.2
2026-04-03 02:24:47.000,0
2026-04-03 02:25:13.000,0
2026-04-03 02:25:13.000,1.2
2026-04-03 02:25:21.000,1.2
2026-04-03 02:25:21.000,0
2026-04-03 02:26:43.000,0
2026-04-03 02:26:43.000,1.2
2026-04-03 02:26:45.000,1.2
2026-04-03 02:26:45.000,0
2026-04-03 02:27:17.000,0
2026-04-03 02:27:17.000,1.2
2026-04-03 02:27:19.000,1.2
2026-04-03 02:27:19.000,0
2026-04-03 02:27:31.000,0
2026-04-03 02:27:31.000,1.2
2026-04-03 02:27:35.000,1.2
2026-04-03 02:27:35.000,0
2026-04-03 02:28:01.000,0
2026-04-03 02:28:01.000,1.2
2026-04-03 02:28:07.000,1.2
2026-04-03 02:28:07.000,0
2026-04-03 02:29:55.000,0
2026-04-03 02:29:55.000,1.2
2026-04-03 02:29:57.000,1.2
2026-04-03 02:29:57.000,2.4
2026-04-03 02:30:01.000,2.4
2026-04-03 02:30:01.000,3.6
2026-04-03 02:30:05.000,3.6
2026-04-03 02:30:05.000,4.8
2026-04-03 02:30:09.000,4.8
2026-04-03 02:30:09.000,6
2026-04-03 02:30:19.000,6
2026-04-03 02:30:19.000,7.2
2026-04-03 02:31:07.000,7.2
2026-04-03 02:31:07.000,6
2026-04-03 02:31:47.000,6
2026-04-03 02:31:47.000,7.2
2026-04-03 02:31:53.000,7.2
2026-04-03 02:31:53.000,6
2026-04-03 02:32:35.000,6
2026-04-03 02:32:35.000,4.8
2026-04-03 02:32:39.000,4.8
2026-04-03 02:32:39.000,6
2026-04-03 02:32:47.000,6
2026-04-03 02:32:47.000,4.8
2026-04-03 02:32:55.000,4.8
2026-04-03 02:32:55.000,3.6
2026-04-03 02:33:33.000,3.6
2026-04-03 02:33:33.000,2.4
2026-04-03 02:33:35.000,2.4
2026-04-03 02:33:35.000,3.6
2026-04-03 02:33:37.000,3.6
2026-04-03 02:33:37.000,2.4
2026-04-03 02:33:53.000,2.4
2026-04-03 02:33:53.000,1.2
2026-04-03 02:33:55.000,1.2
2026-04-03 02:33:55.000,2.4
2026-04-03 02:33:59.000,2.4
2026-04-03 02:33:59.000,1.2
2026-04-03 02:34:01.000,1.2
2026-04-03 02:34:01.000,0
2026-04-03 02:34:21.000,0
2026-04-03 02:34:21.000,1.2
2026-04-03 02:34:43.000,1.2
2026-04-03 02:34:43.000,0
2026-04-03 02:34:47.000,0
2026-04-03 02:34:47.000,1.2
2026-04-03 02:34:49.000,1.2
2026-04-03 02:34:49.000,0
2026-04-03 02:35:09.000,0
2026-04-03 02:35:09.000,1.2
2026-04-03 02:35:11.000,1.2
2026-04-03 02:35:11.000,0
2026-04-03 02:39:49.000,0
2026-04-03 02:39:49.000,1.2
2026-04-03 02:39:55.000,1.2
2026-04-03 02:39:55.000,2.4
2026-04-03 02:40:05.000,2.4
2026-04-03 02:40:05.000,3.6
2026-04-03 02:40:07.000,3.6
2026-04-03 02:40:07.000,2.4
2026-04-03 02:40:17.000,2.4
2026-04-03 02:40:17.000,1.2
2026-04-03 02:41:31.000,1.2
2026-04-03 02:41:31.000,0
2026-04-03 02:41:53.000,0
2026-04-03 02:41:53.000,1.2
2026-04-03 02:41:59.000,1.2
2026-04-03 02:41:59.000,0
2026-04-03 02:45:37.000,0
2026-04-03 02:45:37.000,1.2
2026-04-03 02:45:39.000,1.2
2026-04-03 02:45:39.000,0
2026-04-03 02:50:27.000,0
2026-04-03 02:50:27.000,1.2
2026-04-03 02:50:53.000,1.2
2026-04-03 02:50:53.000,3.6
2026-04-03 02:50:55.000,3.6
2026-04-03 02:50:55.000,2.4
2026-04-03 02:50:57.000,2.4
2026-04-03 02:50:57.000,3.6
2026-04-03 02:50:59.000,3.6
2026-04-03 02:50:59.000,1.2
2026-04-03 02:51:03.000,1.2
2026-04-03 02:51:03.000,0
2026-04-03 02:51:23.000,0
2026-04-03 02:51:23.000,1.2
2026-04-03 02:51:29.000,1.2
2026-04-03 02:51:29.000,0
2026-04-03 02:53:27.000,0
2026-04-03 02:53:27.000,1.2
2026-04-03 02:53:29.000,1.2
2026-04-03 02:53:29.000,2.4
2026-04-03 02:53:33.000,2.4
2026-04-03 02:53:33.000,1.2
2026-04-03 02:53:35.000,1.2
2026-04-03 02:53:35.000,0
2026-04-03 02:53:49.000,0
2026-04-03 02:53:49.000,2.4
2026-04-03 02:53:51.000,2.4
2026-04-03 02:53:51.000,0
2026-04-03 02:54:11.000,0
2026-04-03 02:54:11.000,1.2
2026-04-03 02:54:13.000,1.2
2026-04-03 02:54:13.000,2.4
2026-04-03 02:54:15.000,2.4
2026-04-03 02:54:15.000,0
2026-04-03 02:54:35.000,0
2026-04-03 02:54:35.000,1.2
2026-04-03 02:54:45.000,1.2
2026-04-03 02:54:45.000,2.4
2026-04-03 02:56:13.000,2.4
2026-04-03 02:56:13.000,3.6
2026-04-03 02:56:19.000,3.6
2026-04-03 02:56:19.000,2.4
2026-04-03 02:56:21.000,2.4
2026-04-03 02:56:21.000,1.2
2026-04-03 02:56:23.000,1.2
2026-04-03 02:56:23.000,0
2026-04-03 02:56:41.000,0
2026-04-03 02:56:41.000,1.2
2026-04-03 02:56:55.000,1.2
2026-04-03 02:56:55.000,0
2026-04-03 02:57:25.000,0
2026-04-03 02:57:25.000,1.2
2026-04-03 02:57:31.000,1.2
2026-04-03 02:57:31.000,0
2026-04-03 02:58:07.000,0
2026-04-03 02:58:07.000,1.2
2026-04-03 02:58:09.000,1.2
2026-04-03 02:58:09.000,0
2026-04-03 03:12:29.000,0
2026-04-03 03:12:29.000,1.2
2026-04-03 03:12:31.000,1.2
2026-04-03 03:12:31.000,3.6
2026-04-03 03:12:35.000,3.6
2026-04-03 03:12:35.000,0
2026-04-03 03:12:45.000,0
2026-04-03 03:12:45.000,1.2
2026-04-03 03:12:47.000,1.2
2026-04-03 03:12:47.000,0
2026-04-03 03:13:01.000,0
2026-04-03 03:13:01.000,1.2
2026-04-03 03:13:05.000,1.2
2026-04-03 03:13:05.000,2.4
2026-04-03 03:13:07.000,2.4
2026-04-03 03:13:07.000,1.2
2026-04-03 03:13:09.000,1.2
2026-04-03 03:13:09.000,0
2026-04-03 03:13:21.000,0
2026-04-03 03:13:21.000,1.2
2026-04-03 03:13:33.000,1.2
2026-04-03 03:13:33.000,2.4
2026-04-03 03:13:55.000,2.4
2026-04-03 03:13:55.000,1.2
2026-04-03 03:13:57.000,1.2
2026-04-03 03:13:57.000,2.4
2026-04-03 03:15:09.000,2.4
2026-04-03 03:15:09.000,3.6
2026-04-03 03:15:13.000,3.6
2026-04-03 03:15:13.000,2.4
2026-04-03 03:15:17.000,2.4
2026-04-03 03:15:17.000,1.2
2026-04-03 03:15:23.000,1.2
2026-04-03 03:15:23.000,0
2026-04-03 03:15:43.000,0
2026-04-03 03:15:43.000,1.2
2026-04-03 03:15:57.000,1.2
2026-04-03 03:15:57.000,0
2026-04-03 03:16:35.000,0
2026-04-03 03:16:35.000,1.2
2026-04-03 03:16:37.000,1.2
2026-04-03 03:16:37.000,0
2026-04-03 03:17:01.000,0
2026-04-03 03:17:01.000,1.2
2026-04-03 03:17:05.000,1.2
2026-04-03 03:17:05.000,0
2026-04-03 03:17:41.000,0
2026-04-03 03:17:41.000,1.2
2026-04-03 03:17:45.000,1.2
2026-04-03 03:17:45.000,0
2026-04-03 03:17:47.000,0
2026-04-03 03:17:47.000,1.2
2026-04-03 03:17:49.000,1.2
2026-04-03 03:17:49.000,0
2026-04-03 03:25:01.000,0
2026-04-03 03:25:01.000,1.2
2026-04-03 03:25:05.000,1.2
2026-04-03 03:25:05.000,0
2026-04-03 03:27:15.000,0
2026-04-03 03:27:15.000,1.2
2026-04-03 03:27:17.000,1.2
2026-04-03 03:27:17.000,0
2026-04-03 03:27:47.000,0
2026-04-03 03:27:47.000,1.2
2026-04-03 03:27:57.000,1.2
2026-04-03 03:27:57.000,0
2026-04-03 03:28:33.000,0
2026-04-03 03:28:33.000,1.2
2026-04-03 03:28:37.000,1.2
2026-04-03 03:28:37.000,3.6
2026-04-03 03:28:41.000,3.6
2026-04-03 03:28:41.000,1.2
2026-04-03 03:28:43.000,1.2
2026-04-03 03:28:43.000,0
2026-04-03 03:28:53.000,0
2026-04-03 03:28:53.000,1.2
2026-04-03 03:28:55.000,1.2
2026-04-03 03:28:55.000,0
2026-04-03 03:29:29.000,0
2026-04-03 03:29:29.000,1.2
2026-04-03 03:29:31.000,1.2
2026-04-03 03:29:31.000,0
2026-04-03 03:30:03.000,0
2026-04-03 03:30:03.000,1.2
2026-04-03 03:30:05.000,1.2
2026-04-03 03:30:05.000,0
2026-04-03 03:30:07.000,0
2026-04-03 03:30:07.000,1.2
2026-04-03 03:30:11.000,1.2
2026-04-03 03:30:11.000,0
2026-04-03 03:30:47.000,0
2026-04-03 03:30:47.000,1.2
2026-04-03 03:30:55.000,1.2
2026-04-03 03:30:55.000,0
2026-04-03 03:37:29.000,0
2026-04-03 03:37:29.000,1.2
2026-04-03 03:37:33.000,1.2
2026-04-03 03:37:33.000,0
2026-04-03 03:44:25.000,0
2026-04-03 03:44:25.000,1.2
2026-04-03 03:44:27.000,1.2
2026-04-03 03:44:27.000,0
2026-04-03 03:45:17.000,0
2026-04-03 03:45:17.000,2.4
2026-04-03 03:45:21.000,2.4
2026-04-03 03:45:21.000,3.6
2026-04-03 03:45:25.000,3.6
2026-04-03 03:45:25.000,4.8
2026-04-03 03:45:27.000,4.8
2026-04-03 03:45:27.000,6
2026-04-03 03:45:31.000,6
2026-04-03 03:45:31.000,7.2
2026-04-03 03:45:51.000,7.2
2026-04-03 03:45:51.000,6
2026-04-03 03:45:57.000,6
2026-04-03 03:45:57.000,7.2
2026-04-03 03:46:45.000,7.2
2026-04-03 03:46:45.000,6
2026-04-03 03:47:13.000,6
2026-04-03 03:47:13.000,4.8
2026-04-03 03:47:25.000,4.8
2026-04-03 03:47:25.000,6
2026-04-03 03:47:27.000,6
2026-04-03 03:47:27.000,4.8
2026-04-03 03:47:47.000,4.8
2026-04-03 03:47:47.000,6
2026-04-03 03:47:51.000,6
2026-04-03 03:47:51.000,7.2
2026-04-03 03:47:53.000,7.2
2026-04-03 03:47:53.000,2.4
2026-04-03 03:47:55.000,2.4
2026-04-03 03:47:55.000,0
2026-04-03 03:48:05.000,0
2026-04-03 03:48:05.000,3.6
2026-04-03 03:48:07.000,3.6
2026-04-03 03:48:07.000,16.8
2026-04-03 03:48:09.000,16.8
2026-04-03 03:48:09.000,15.6
2026-04-03 03:48:11.000,15.6
2026-04-03 03:48:11.000,25.2
2026-04-03 03:48:13.000,25.2
2026-04-03 03:48:13.000,21.6
2026-04-03 03:48:15.000,21.6
2026-04-03 03:48:15.000,25.2
2026-04-03 03:48:19.000,25.2
2026-04-03 03:48:19.000,24
2026-04-03 03:48:23.000,24
2026-04-03 03:48:23.000,22.8
2026-04-03 03:48:33.000,22.8
2026-04-03 03:48:33.000,24
2026-04-03 03:48:55.000,24
2026-04-03 03:48:55.000,22.8
2026-04-03 03:48:57.000,22.8
2026-04-03 03:48:57.000,20.4
2026-04-03 03:49:01.000,20.4
2026-04-03 03:49:01.000,18
2026-04-03 03:49:07.000,18
2026-04-03 03:49:07.000,16.8
2026-04-03 03:49:09.000,16.8
2026-04-03 03:49:09.000,18
2026-04-03 03:49:15.000,18
2026-04-03 03:49:15.000,19.2
2026-04-03 03:49:17.000,19.2
2026-04-03 03:49:17.000,18
2026-04-03 03:49:19.000,18
2026-04-03 03:49:19.000,19.2
2026-04-03 03:49:41.000,19.2
2026-04-03 03:49:41.000,18
2026-04-03 03:49:45.000,18
2026-04-03 03:49:45.000,19.2
2026-04-03 03:49:47.000,19.2
2026-04-03 03:49:47.000,18
2026-04-03 03:50:09.000,18
2026-04-03 03:50:09.000,19.2
2026-04-03 03:50:11.000,19.2
2026-04-03 03:50:11.000,18
2026-04-03 03:50:21.000,18
2026-04-03 03:50:21.000,14.4
2026-04-03 03:50:23.000,14.4
2026-04-03 03:50:23.000,9.6
2026-04-03 03:50:25.000,9.6
2026-04-03 03:50:25.000,10.8
2026-04-03 03:50:27.000,10.8
2026-04-03 03:50:27.000,6
2026-04-03 03:50:29.000,6
2026-04-03 03:50:29.000,9.6
2026-04-03 03:50:33.000,9.6
2026-04-03 03:50:33.000,10.8
2026-04-03 03:50:35.000,10.8
2026-04-03 03:50:35.000,14.4
2026-04-03 03:50:39.000,14.4
2026-04-03 03:50:39.000,19.2
2026-04-03 03:50:41.000,19.2
2026-04-03 03:50:41.000,18
2026-04-03 03:50:43.000,18
2026-04-03 03:50:43.000,21.6
2026-04-03 03:50:49.000,21.6
2026-04-03 03:50:49.000,22.8
2026-04-03 03:50:51.000,22.8
2026-04-03 03:50:51.000,21.6
2026-04-03 03:50:53.000,21.6
2026-04-03 03:50:53.000,22.8
2026-04-03 03:50:59.000,22.8
2026-04-03 03:50:59.000,24
2026-04-03 03:51:11.000,24
2026-04-03 03:51:11.000,22.8
2026-04-03 03:51:13.000,22.8
2026-04-03 03:51:13.000,21.6
2026-04-03 03:51:15.000,21.6
2026-04-03 03:51:15.000,16.8
2026-04-03 03:51:17.000,16.8
2026-04-03 03:51:17.000,15.6
2026-04-03 03:51:19.000,15.6
2026-04-03 03:51:19.000,16.8
2026-04-03 03:51:25.000,16.8
2026-04-03 03:51:25.000,15.6
2026-04-03 03:51:33.000,15.6
2026-04-03 03:51:33.000,14.4
2026-04-03 03:51:45.000,14.4
2026-04-03 03:51:45.000,15.6
2026-04-03 03:52:09.000,15.6
2026-04-03 03:52:09.000,16.8
2026-04-03 03:52:21.000,16.8
2026-04-03 03:52:21.000,15.6
2026-04-03 03:52:53.000,15.6
2026-04-03 03:52:53.000,14.4
2026-04-03 03:52:59.000,14.4
2026-04-03 03:52:59.000,13.2
2026-04-03 03:53:01.000,13.2
2026-04-03 03:53:01.000,14.4
2026-04-03 03:53:03.000,14.4
2026-04-03 03:53:03.000,13.2
2026-04-03 03:53:09.000,13.2
2026-04-03 03:53:09.000,14.4
2026-04-03 03:53:13.000,14.4
2026-04-03 03:53:13.000,12
2026-04-03 03:53:15.000,12
2026-04-03 03:53:15.000,9.6
2026-04-03 03:53:17.000,9.6
2026-04-03 03:53:17.000,4.8
2026-04-03 03:53:19.000,4.8
2026-04-03 03:53:19.000,2.4
2026-04-03 03:53:21.000,2.4
2026-04-03 03:53:21.000,3.6
2026-04-03 03:53:23.000,3.6
2026-04-03 03:53:23.000,4.8
2026-04-03 03:53:25.000,4.8
2026-04-03 03:53:25.000,6
2026-04-03 03:53:27.000,6
2026-04-03 03:53:27.000,8.4
2026-04-03 03:53:29.000,8.4
2026-04-03 03:53:29.000,9.6
2026-04-03 03:53:31.000,9.6
2026-04-03 03:53:31.000,12
2026-04-03 03:53:33.000,12
2026-04-03 03:53:33.000,13.2
2026-04-03 03:53:35.000,13.2
2026-04-03 03:53:35.000,14.4
2026-04-03 03:53:37.000,14.4
2026-04-03 03:53:37.000,15.6
2026-04-03 03:53:39.000,15.6
2026-04-03 03:53:39.000,16.8
2026-04-03 03:53:41.000,16.8
2026-04-03 03:53:41.000,18
2026-04-03 03:53:45.000,18
2026-04-03 03:53:45.000,19.2
2026-04-03 03:53:47.000,19.2
2026-04-03 03:53:47.000,18
2026-04-03 03:53:53.000,18
2026-04-03 03:53:53.000,16.8
2026-04-03 03:54:05.000,16.8
2026-04-03 03:54:05.000,18
2026-04-03 03:54:29.000,18
2026-04-03 03:54:29.000,16.8
2026-04-03 03:54:31.000,16.8
2026-04-03 03:54:31.000,14.4
2026-04-03 03:54:33.000,14.4
2026-04-03 03:54:33.000,15.6
2026-04-03 03:54:35.000,15.6
2026-04-03 03:54:35.000,14.4
2026-04-03 03:54:39.000,14.4
2026-04-03 03:54:39.000,13.2
2026-04-03 03:54:41.000,13.2
2026-04-03 03:54:41.000,14.4
2026-04-03 03:54:53.000,14.4
2026-04-03 03:54:53.000,16.8
2026-04-03 03:54:55.000,16.8
2026-04-03 03:54:55.000,15.6
2026-04-03 03:54:57.000,15.6
2026-04-03 03:54:57.000,14.4
2026-04-03 03:54:59.000,14.4
2026-04-03 03:54:59.000,2.4
2026-04-03 03:55:01.000,2.4
2026-04-03 03:55:01.000,15.6
2026-04-03 03:55:03.000,15.6
2026-04-03 03:55:03.000,1.2
2026-04-03 03:55:07.000,1.2
2026-04-03 03:55:07.000,0
2026-04-03 03:55:09.000,0
2026-04-03 03:55:09.000,1.2
2026-04-03 03:55:13.000,1.2
2026-04-03 03:55:13.000,2.4
2026-04-03 03:55:31.000,2.4
2026-04-03 03:55:31.000,1.2
2026-04-03 03:55:43.000,1.2
2026-04-03 03:55:43.000,2.4
2026-04-03 03:55:49.000,2.4
2026-04-03 03:55:49.000,7.2
2026-04-03 03:55:51.000,7.2
2026-04-03 03:55:51.000,3.6
2026-04-03 03:55:53.000,3.6
2026-04-03 03:55:53.000,6
2026-04-03 03:55:55.000,6
2026-04-03 03:55:55.000,2.4
2026-04-03 03:56:13.000,2.4
2026-04-03 03:56:13.000,3.6
2026-04-03 03:56:15.000,3.6
2026-04-03 03:56:15.000,2.4
2026-04-03 03:56:23.000,2.4
2026-04-03 03:56:23.000,3.6
2026-04-03 03:56:25.000,3.6
2026-04-03 03:56:25.000,4.8
2026-04-03 03:56:27.000,4.8
2026-04-03 03:56:27.000,7.2
2026-04-03 03:56:29.000,7.2
2026-04-03 03:56:29.000,10.8
2026-04-03 03:56:31.000,10.8
2026-04-03 03:56:31.000,13.2
2026-04-03 03:56:33.000,13.2
2026-04-03 03:56:33.000,16.8
2026-04-03 03:56:35.000,16.8
2026-04-03 03:56:35.000,18
2026-04-03 03:56:39.000,18
2026-04-03 03:56:39.000,19.2
2026-04-03 03:56:43.000,19.2
2026-04-03 03:56:43.000,20.4
2026-04-03 03:56:47.000,20.4
2026-04-03 03:56:47.000,21.6
2026-04-03 03:56:59.000,21.6
2026-04-03 03:56:59.000,22.8
2026-04-03 03:57:31.000,22.8
2026-04-03 03:57:31.000,24
2026-04-03 03:57:33.000,24
2026-04-03 03:57:33.000,22.8
2026-04-03 03:57:37.000,22.8
2026-04-03 03:57:37.000,24
2026-04-03 03:57:39.000,24
2026-04-03 03:57:39.000,22.8
2026-04-03 03:57:43.000,22.8
2026-04-03 03:57:43.000,24
2026-04-03 03:57:47.000,24
2026-04-03 03:57:47.000,22.8
2026-04-03 03:57:55.000,22.8
2026-04-03 03:57:55.000,21.6
2026-04-03 03:57:59.000,21.6
2026-04-03 03:57:59.000,22.8
2026-04-03 03:58:05.000,22.8
2026-04-03 03:58:05.000,24
2026-04-03 03:58:31.000,24
2026-04-03 03:58:31.000,22.8
2026-04-03 03:58:33.000,22.8
2026-04-03 03:58:33.000,18
2026-04-03 03:58:35.000,18
2026-04-03 03:58:35.000,13.2
2026-04-03 03:58:37.000,13.2
2026-04-03 03:58:37.000,0
2026-04-03 03:58:39.000,0
2026-04-03 03:58:39.000,4.8
2026-04-03 03:58:41.000,4.8
2026-04-03 03:58:41.000,1.2
2026-04-03 03:58:45.000,1.2
2026-04-03 03:58:45.000,3.6
2026-04-03 03:58:47.000,3.6
2026-04-03 03:58:47.000,2.4
2026-04-03 04:00:29.000,2.4
2026-04-03 04:00:29.000,1.2
2026-04-03 04:00:33.000,1.2
2026-04-03 04:00:33.000,2.4
2026-04-03 04:00:41.000,2.4
2026-04-03 04:00:41.000,1.2
2026-04-03 04:00:43.000,1.2
2026-04-03 04:00:43.000,2.4
2026-04-03 04:01:43.000,2.4
2026-04-03 04:01:43.000,3.6
2026-04-03 04:01:45.000,3.6
2026-04-03 04:01:45.000,2.4
2026-04-03 04:02:21.000,2.4
2026-04-03 04:02:21.000,3.6
2026-04-03 04:02:23.000,3.6
2026-04-03 04:02:23.000,2.4
2026-04-03 04:02:31.000,2.4
2026-04-03 04:02:31.000,1.2
2026-04-03 04:02:37.000,1.2
2026-04-03 04:02:37.000,2.4
2026-04-03 04:02:57.000,2.4
2026-04-03 04:02:57.000,3.6
2026-04-03 04:02:59.000,3.6
2026-04-03 04:02:59.000,7.2
2026-04-03 04:03:03.000,7.2
2026-04-03 04:03:03.000,12
2026-04-03 04:03:05.000,12
2026-04-03 04:03:05.000,10.8
2026-04-03 04:03:07.000,10.8
2026-04-03 04:03:07.000,12
2026-04-03 04:03:09.000,12
2026-04-03 04:03:09.000,10.8
2026-04-03 04:03:13.000,10.8
2026-04-03 04:03:13.000,9.6
2026-04-03 04:03:15.000,9.6
2026-04-03 04:03:15.000,8.4
2026-04-03 04:03:17.000,8.4
2026-04-03 04:03:17.000,7.2
2026-04-03 04:03:21.000,7.2
2026-04-03 04:03:21.000,8.4
2026-04-03 04:03:23.000,8.4
2026-04-03 04:03:23.000,9.6
2026-04-03 04:03:27.000,9.6
2026-04-03 04:03:27.000,8.4
2026-04-03 04:03:29.000,8.4
2026-04-03 04:03:29.000,7.2
2026-04-03 04:03:31.000,7.2
2026-04-03 04:03:31.000,4.8
2026-04-03 04:03:33.000,4.8
2026-04-03 04:03:33.000,3.6
2026-04-03 04:03:39.000,3.6
2026-04-03 04:03:39.000,2.4
2026-04-03 04:03:43.000,2.4
2026-04-03 04:03:43.000,3.6
2026-04-03 04:03:45.000,3.6
2026-04-03 04:03:45.000,4.8
2026-04-03 04:03:47.000,4.8
2026-04-03 04:03:47.000,7.2
2026-04-03 04:03:49.000,7.2
2026-04-03 04:03:49.000,10.8
2026-04-03 04:03:51.000,10.8
2026-04-03 04:03:51.000,12
2026-04-03 04:03:53.000,12
2026-04-03 04:03:53.000,3.6
2026-04-03 04:03:55.000,3.6
2026-04-03 04:03:55.000,2.4
2026-04-03 04:03:57.000,2.4
2026-04-03 04:03:57.000,10.8
2026-04-03 04:03:59.000,10.8
2026-04-03 04:03:59.000,1.2
2026-04-03 04:04:01.000,1.2
2026-04-03 04:04:01.000,4.8
2026-04-03 04:04:03.000,4.8
2026-04-03 04:04:03.000,3.6
2026-04-03 04:04:05.000,3.6
2026-04-03 04:04:05.000,4.8
2026-04-03 04:04:07.000,4.8
2026-04-03 04:04:07.000,6
2026-04-03 04:04:11.000,6
2026-04-03 04:04:11.000,8.4
2026-04-03 04:04:15.000,8.4
2026-04-03 04:04:15.000,9.6
2026-04-03 04:04:17.000,9.6
2026-04-03 04:04:17.000,10.8
2026-04-03 04:04:27.000,10.8
2026-04-03 04:04:27.000,12
2026-04-03 04:04:35.000,12
2026-04-03 04:04:35.000,13.2
2026-04-03 04:04:41.000,13.2
2026-04-03 04:04:41.000,12
2026-04-03 04:04:47.000,12
2026-04-03 04:04:47.000,13.2
2026-04-03 04:05:05.000,13.2
2026-04-03 04:05:05.000,12
2026-04-03 04:05:11.000,12
2026-04-03 04:05:11.000,13.2
2026-04-03 04:05:27.000,13.2
2026-04-03 04:05:27.000,14.4
2026-04-03 04:05:47.000,14.4
2026-04-03 04:05:47.000,13.2
2026-04-03 04:06:01.000,13.2
2026-04-03 04:06:01.000,14.4
2026-04-03 04:07:33.000,14.4
2026-04-03 04:07:33.000,15.6
2026-04-03 04:07:37.000,15.6
2026-04-03 04:07:37.000,14.4
2026-04-03 04:07:41.000,14.4
2026-04-03 04:07:41.000,13.2
2026-04-03 04:07:57.000,13.2
2026-04-03 04:07:57.000,14.4
2026-04-03 04:08:09.000,14.4
2026-04-03 04:08:09.000,15.6
2026-04-03 04:08:17.000,15.6
2026-04-03 04:08:17.000,14.4
2026-04-03 04:08:25.000,14.4
2026-04-03 04:08:25.000,13.2
2026-04-03 04:08:59.000,13.2
2026-04-03 04:08:59.000,14.4
2026-04-03 04:09:01.000,14.4
2026-04-03 04:09:01.000,13.2
2026-04-03 04:09:41.000,13.2
2026-04-03 04:09:41.000,14.4
2026-04-03 04:09:45.000,14.4
2026-04-03 04:09:45.000,13.2
2026-04-03 04:10:13.000,13.2
2026-04-03 04:10:13.000,14.4
2026-04-03 04:10:15.000,14.4
2026-04-03 04:10:15.000,13.2
2026-04-03 04:10:25.000,13.2
2026-04-03 04:10:25.000,14.4
2026-04-03 04:10:35.000,14.4
2026-04-03 04:10:35.000,15.6
2026-04-03 04:11:39.000,15.6
2026-04-03 04:11:39.000,16.8
2026-04-03 04:11:41.000,16.8
2026-04-03 04:11:41.000,20.4
2026-04-03 04:11:43.000,20.4
2026-04-03 04:11:43.000,19.2
2026-04-03 04:11:45.000,19.2
2026-04-03 04:11:45.000,16.8
2026-04-03 04:11:49.000,16.8
2026-04-03 04:11:49.000,10.8
2026-04-03 04:11:51.000,10.8
2026-04-03 04:11:51.000,13.2
2026-04-03 04:11:53.000,13.2
2026-04-03 04:11:53.000,0
2026-04-03 04:11:55.000,0
2026-04-03 04:11:55.000,15.6
2026-04-03 04:11:57.000,15.6
2026-04-03 04:11:57.000,3.6
2026-04-03 04:11:59.000,3.6
2026-04-03 04:11:59.000,7.2
2026-04-03 04:12:01.000,7.2
2026-04-03 04:12:01.000,3.6
2026-04-03 04:12:03.000,3.6
2026-04-03 04:12:03.000,4.8
2026-04-03 04:12:07.000,4.8
2026-04-03 04:12:07.000,3.6
2026-04-03 04:12:11.000,3.6
2026-04-03 04:12:11.000,4.8
2026-04-03 04:12:19.000,4.8
2026-04-03 04:12:19.000,6
2026-04-03 04:12:21.000,6
2026-04-03 04:12:21.000,7.2
2026-04-03 04:12:23.000,7.2
2026-04-03 04:12:23.000,8.4
2026-04-03 04:12:25.000,8.4
2026-04-03 04:12:25.000,13.2
2026-04-03 04:12:27.000,13.2
2026-04-03 04:12:27.000,10.8
2026-04-03 04:12:29.000,10.8
2026-04-03 04:12:29.000,13.2
2026-04-03 04:12:31.000,13.2
2026-04-03 04:12:31.000,12
2026-04-03 04:12:33.000,12
2026-04-03 04:12:33.000,13.2
2026-04-03 04:12:37.000,13.2
2026-04-03 04:12:37.000,14.4
2026-04-03 04:12:45.000,14.4
2026-04-03 04:12:45.000,15.6
2026-04-03 04:12:55.000,15.6
2026-04-03 04:12:55.000,16.8
2026-04-03 04:13:01.000,16.8
2026-04-03 04:13:01.000,15.6
2026-04-03 04:13:03.000,15.6
2026-04-03 04:13:03.000,12
2026-04-03 04:13:07.000,12
2026-04-03 04:13:07.000,9.6
2026-04-03 04:13:09.000,9.6
2026-04-03 04:13:09.000,10.8
2026-04-03 04:13:11.000,10.8
2026-04-03 04:13:11.000,9.6
2026-04-03 04:13:19.000,9.6
2026-04-03 04:13:19.000,8.4
2026-04-03 04:13:31.000,8.4
2026-04-03 04:13:31.000,9.6
2026-04-03 04:14:41.000,9.6
2026-04-03 04:14:41.000,8.4
2026-04-03 04:14:43.000,8.4
2026-04-03 04:14:43.000,7.2
2026-04-03 04:14:45.000,7.2
2026-04-03 04:14:45.000,6
2026-04-03 04:14:49.000,6
2026-04-03 04:14:49.000,4.8
2026-04-03 04:15:05.000,4.8
2026-04-03 04:15:05.000,6
2026-04-03 04:15:11.000,6
2026-04-03 04:15:11.000,4.8
2026-04-03 04:15:23.000,4.8
2026-04-03 04:15:23.000,3.6
2026-04-03 04:15:37.000,3.6
2026-04-03 04:15:37.000,4.8
2026-04-03 04:16:19.000,4.8
2026-04-03 04:16:19.000,6
2026-04-03 04:16:29.000,6
2026-04-03 04:16:29.000,7.2
2026-04-03 04:16:43.000,7.2
2026-04-03 04:16:43.000,6
2026-04-03 04:16:53.000,6
2026-04-03 04:16:53.000,4.8
2026-04-03 04:17:15.000,4.8
2026-04-03 04:17:15.000,6
2026-04-03 04:17:19.000,6
2026-04-03 04:17:19.000,4.8
2026-04-03 04:17:27.000,4.8
2026-04-03 04:17:27.000,3.6
2026-04-03 04:17:39.000,3.6
2026-04-03 04:17:39.000,4.8
2026-04-03 04:18:07.000,4.8
2026-04-03 04:18:07.000,3.6
2026-04-03 04:18:33.000,3.6
2026-04-03 04:18:33.000,4.8
2026-04-03 04:18:59.000,4.8
2026-04-03 04:18:59.000,3.6
2026-04-03 04:19:09.000,3.6
2026-04-03 04:19:09.000,4.8
2026-04-03 04:19:15.000,4.8
2026-04-03 04:19:15.000,3.6
2026-04-03 04:19:35.000,3.6
2026-04-03 04:19:35.000,4.8
2026-04-03 04:20:01.000,4.8
2026-04-03 04:20:01.000,3.6
2026-04-03 04:20:07.000,3.6
2026-04-03 04:20:07.000,4.8
2026-04-03 04:20:09.000,4.8
2026-04-03 04:20:09.000,3.6
2026-04-03 04:20:27.000,3.6
2026-04-03 04:20:27.000,4.8
2026-04-03 04:20:55.000,4.8
2026-04-03 04:20:55.000,3.6
2026-04-03 04:21:15.000,3.6
2026-04-03 04:21:15.000,4.8
2026-04-03 04:21:41.000,4.8
2026-04-03 04:21:41.000,3.6
2026-04-03 04:22:01.000,3.6
2026-04-03 04:22:01.000,4.8
2026-04-03 04:22:27.000,4.8
2026-04-03 04:22:27.000,3.6
2026-04-03 04:22:47.000,3.6
2026-04-03 04:22:47.000,4.8
2026-04-03 04:23:15.000,4.8
2026-04-03 04:23:15.000,3.6
2026-04-03 04:23:21.000,3.6
2026-04-03 04:23:21.000,4.8
2026-04-03 04:23:23.000,4.8
2026-04-03 04:23:23.000,3.6
2026-04-03 04:23:57.000,3.6
2026-04-03 04:23:57.000,4.8
2026-04-03 04:24:01.000,4.8
2026-04-03 04:24:01.000,3.6
2026-04-03 04:24:05.000,3.6
2026-04-03 04:24:05.000,4.8
2026-04-03 04:24:07.000,4.8
2026-04-03 04:24:07.000,3.6
2026-04-03 04:24:09.000,3.6
2026-04-03 04:24:09.000,4.8
2026-04-03 04:24:11.000,4.8
2026-04-03 04:24:11.000,3.6
2026-04-03 04:24:13.000,3.6
2026-04-03 04:24:13.000,4.8
2026-04-03 04:24:17.000,4.8
2026-04-03 04:24:17.000,3.6
2026-04-03 04:24:21.000,3.6
2026-04-03 04:24:21.000,4.8
2026-04-03 04:24:23.000,4.8
2026-04-03 04:24:23.000,3.6
2026-04-03 04:24:43.000,3.6
2026-04-03 04:24:43.000,4.8
2026-04-03 04:25:01.000,4.8
2026-04-03 04:25:01.000,3.6
2026-04-03 04:25:03.000,3.6
2026-04-03 04:25:03.000,4.8
2026-04-03 04:25:05.000,4.8
2026-04-03 04:25:05.000,3.6
2026-04-03 04:25:41.000,3.6
2026-04-03 04:25:41.000,4.8
2026-04-03 04:25:43.000,4.8
2026-04-03 04:25:43.000,3.6
2026-04-03 04:27:19.000,3.6
2026-04-03 04:27:19.000,4.8
2026-04-03 04:27:21.000,4.8
2026-04-03 04:27:21.000,3.6
2026-04-03 04:27:37.000,3.6
2026-04-03 04:27:37.000,4.8
2026-04-03 04:27:39.000,4.8
2026-04-03 04:27:39.000,3.6
2026-04-03 04:27:57.000,3.6
2026-04-03 04:27:57.000,4.8
2026-04-03 04:27:59.000,4.8
2026-04-03 04:27:59.000,55.2
2026-04-03 04:28:01.000,55.2
2026-04-03 04:28:01.000,0
2026-04-03 04:28:11.000,0
2026-04-03 04:28:11.000,2.4
2026-04-03 04:28:13.000,2.4
2026-04-03 04:28:13.000,3.6
2026-04-03 04:28:15.000,3.6
2026-04-03 04:28:15.000,4.8
2026-04-03 04:28:23.000,4.8
2026-04-03 04:28:23.000,6
2026-04-03 04:28:25.000,6
2026-04-03 04:28:25.000,7.2
2026-04-03 04:28:27.000,7.2
2026-04-03 04:28:27.000,10.8
2026-04-03 04:28:29.000,10.8
2026-04-03 04:28:29.000,9.6
2026-04-03 04:28:33.000,9.6
2026-04-03 04:28:33.000,8.4
2026-04-03 04:28:35.000,8.4
2026-04-03 04:28:35.000,7.2
2026-04-03 04:28:39.000,7.2
2026-04-03 04:28:39.000,6
2026-04-03 04:28:41.000,6
2026-04-03 04:28:41.000,4.8
2026-04-03 04:28:59.000,4.8
2026-04-03 04:28:59.000,6
2026-04-03 04:29:09.000,6
2026-04-03 04:29:09.000,7.2
2026-04-03 04:29:23.000,7.2
2026-04-03 04:29:23.000,6
2026-04-03 04:29:51.000,6
2026-04-03 04:29:51.000,7.2
2026-04-03 04:30:07.000,7.2
2026-04-03 04:30:07.000,6
2026-04-03 04:30:35.000,6
2026-04-03 04:30:35.000,7.2
2026-04-03 04:30:49.000,7.2
2026-04-03 04:30:49.000,6
2026-04-03 04:31:17.000,6
2026-04-03 04:31:17.000,7.2
2026-04-03 04:31:29.000,7.2
2026-04-03 04:31:29.000,8.4
2026-04-03 04:31:31.000,8.4
2026-04-03 04:31:31.000,7.2
2026-04-03 04:31:33.000,7.2
2026-04-03 04:31:33.000,6
2026-04-03 04:31:35.000,6
2026-04-03 04:31:35.000,4.8
2026-04-03 04:31:37.000,4.8
2026-04-03 04:31:37.000,3.6
2026-04-03 04:31:43.000,3.6
2026-04-03 04:31:43.000,4.8
2026-04-03 04:31:47.000,4.8
2026-04-03 04:31:47.000,6
2026-04-03 04:31:55.000,6
2026-04-03 04:31:55.000,7.2
2026-04-03 04:31:59.000,7.2
2026-04-03 04:31:59.000,8.4
2026-04-03 04:32:03.000,8.4
2026-04-03 04:32:03.000,7.2
2026-04-03 04:32:19.000,7.2
2026-04-03 04:32:19.000,6
2026-04-03 04:32:35.000,6
2026-04-03 04:32:35.000,7.2
2026-04-03 04:33:17.000,7.2
2026-04-03 04:33:17.000,6
2026-04-03 04:33:21.000,6
2026-04-03 04:33:21.000,7.2
2026-04-03 04:33:35.000,7.2
2026-04-03 04:33:35.000,8.4
2026-04-03 04:33:45.000,8.4
2026-04-03 04:33:45.000,7.2
2026-04-03 04:34:11.000,7.2
2026-04-03 04:34:11.000,8.4
2026-04-03 04:34:13.000,8.4
2026-04-03 04:34:13.000,7.2
2026-04-03 04:34:15.000,7.2
2026-04-03 04:34:15.000,8.4
2026-04-03 04:34:25.000,8.4
2026-04-03 04:34:25.000,7.2
2026-04-03 04:34:55.000,7.2
2026-04-03 04:34:55.000,8.4
2026-04-03 04:35:09.000,8.4
2026-04-03 04:35:09.000,7.2
2026-04-03 04:35:13.000,7.2
2026-04-03 04:35:13.000,8.4
2026-04-03 04:35:15.000,8.4
2026-04-03 04:35:15.000,7.2
2026-04-03 04:35:17.000,7.2
2026-04-03 04:35:17.000,8.4
2026-04-03 04:35:19.000,8.4
2026-04-03 04:35:19.000,9.6
2026-04-03 04:35:29.000,9.6
2026-04-03 04:35:29.000,8.4
2026-04-03 04:35:33.000,8.4
2026-04-03 04:35:33.000,7.2
2026-04-03 04:35:37.000,7.2
2026-04-03 04:35:37.000,6
2026-04-03 04:35:41.000,6
2026-04-03 04:35:41.000,7.2
2026-04-03 04:35:53.000,7.2
2026-04-03 04:35:53.000,8.4
2026-04-03 04:36:17.000,8.4
2026-04-03 04:36:17.000,9.6
2026-04-03 04:36:33.000,9.6
2026-04-03 04:36:33.000,10.8
2026-04-03 04:37:13.000,10.8
2026-04-03 04:37:13.000,12
2026-04-03 04:37:59.000,12
2026-04-03 04:37:59.000,13.2
2026-04-03 04:38:01.000,13.2
2026-04-03 04:38:01.000,12
2026-04-03 04:38:05.000,12
2026-04-03 04:38:05.000,10.8
2026-04-03 04:38:07.000,10.8
2026-04-03 04:38:07.000,9.6
2026-04-03 04:38:09.000,9.6
2026-04-03 04:38:09.000,8.4
2026-04-03 04:38:15.000,8.4
2026-04-03 04:38:15.000,7.2
2026-04-03 04:38:25.000,7.2
2026-04-03 04:38:25.000,8.4
2026-04-03 04:38:31.000,8.4
2026-04-03 04:38:31.000,9.6
2026-04-03 04:38:41.000,9.6
2026-04-03 04:38:41.000,10.8
2026-04-03 04:38:53.000,10.8
2026-04-03 04:38:53.000,12
2026-04-03 04:39:47.000,12
2026-04-03 04:39:47.000,13.2
2026-04-03 04:41:17.000,13.2
2026-04-03 04:41:17.000,14.4
2026-04-03 04:41:27.000,14.4
2026-04-03 04:41:27.000,13.2
2026-04-03 04:41:29.000,13.2
2026-04-03 04:41:29.000,12
2026-04-03 04:41:33.000,12
2026-04-03 04:41:33.000,10.8
2026-04-03 04:41:35.000,10.8
2026-04-03 04:41:35.000,12
2026-04-03 04:41:37.000,12
2026-04-03 04:41:37.000,10.8
2026-04-03 04:41:39.000,10.8
2026-04-03 04:41:39.000,9.6
2026-04-03 04:41:43.000,9.6
2026-04-03 04:41:43.000,8.4
2026-04-03 04:41:45.000,8.4
2026-04-03 04:41:45.000,7.2
2026-04-03 04:42:03.000,7.2
2026-04-03 04:42:03.000,8.4
2026-04-03 04:42:07.000,8.4
2026-04-03 04:42:07.000,7.2
2026-04-03 04:42:11.000,7.2
2026-04-03 04:42:11.000,8.4
2026-04-03 04:42:15.000,8.4
2026-04-03 04:42:15.000,7.2
2026-04-03 04:45:33.000,7.2
2026-04-03 04:45:33.000,8.4
2026-04-03 04:45:35.000,8.4
2026-04-03 04:45:35.000,7.2
2026-04-03 04:45:39.000,7.2
2026-04-03 04:45:39.000,8.4
2026-04-03 04:45:41.000,8.4
2026-04-03 04:45:41.000,7.2
2026-04-03 04:46:15.000,7.2
2026-04-03 04:46:15.000,8.4
2026-04-03 04:46:17.000,8.4
2026-04-03 04:46:17.000,7.2
2026-04-03 04:47:07.000,7.2
2026-04-03 04:47:07.000,8.4
2026-04-03 04:47:23.000,8.4
2026-04-03 04:47:23.000,9.6
2026-04-03 04:47:25.000,9.6
2026-04-03 04:47:25.000,8.4
2026-04-03 04:47:29.000,8.4
2026-04-03 04:47:29.000,0
2026-04-03 04:47:31.000,0
2026-04-03 04:47:31.000,1.2
2026-04-03 04:47:33.000,1.2
2026-04-03 04:47:33.000,0
2026-04-03 04:47:39.000,0
2026-04-03 04:47:39.000,1.2
2026-04-03 04:47:43.000,1.2
2026-04-03 04:47:43.000,3.6
2026-04-03 04:47:45.000,3.6
2026-04-03 04:47:45.000,7.2
2026-04-03 04:47:47.000,7.2
2026-04-03 04:47:47.000,13.2
2026-04-03 04:47:49.000,13.2
2026-04-03 04:47:49.000,12
2026-04-03 04:47:51.000,12
2026-04-03 04:47:51.000,19.2
2026-04-03 04:47:53.000,19.2
2026-04-03 04:47:53.000,13.2
2026-04-03 04:47:55.000,13.2
2026-04-03 04:47:55.000,14.4
2026-04-03 04:47:57.000,14.4
2026-04-03 04:47:57.000,13.2
2026-04-03 04:48:01.000,13.2
2026-04-03 04:48:01.000,12
2026-04-03 04:48:09.000,12
2026-04-03 04:48:09.000,10.8
2026-04-03 04:48:13.000,10.8
2026-04-03 04:48:13.000,8.4
2026-04-03 04:48:15.000,8.4
2026-04-03 04:48:15.000,7.2
2026-04-03 04:48:17.000,7.2
2026-04-03 04:48:17.000,6
2026-04-03 04:48:21.000,6
2026-04-03 04:48:21.000,4.8
2026-04-03 04:48:29.000,4.8
2026-04-03 04:48:29.000,6
2026-04-03 04:48:33.000,6
2026-04-03 04:48:33.000,7.2
2026-04-03 04:48:35.000,7.2
2026-04-03 04:48:35.000,8.4
2026-04-03 04:48:39.000,8.4
2026-04-03 04:48:39.000,9.6
2026-04-03 04:48:47.000,9.6
2026-04-03 04:48:47.000,8.4
2026-04-03 04:49:09.000,8.4
2026-04-03 04:49:09.000,9.6
2026-04-03 04:49:11.000,9.6
2026-04-03 04:49:11.000,8.4
2026-04-03 04:49:13.000,8.4
2026-04-03 04:49:13.000,6
2026-04-03 04:49:17.000,6
2026-04-03 04:49:17.000,3.6
2026-04-03 04:49:19.000,3.6
2026-04-03 04:49:19.000,2.4
2026-04-03 04:49:21.000,2.4
2026-04-03 04:49:21.000,1.2
2026-04-03 04:50:29.000,1.2
2026-04-03 04:50:29.000,2.4
2026-04-03 04:50:33.000,2.4
2026-04-03 04:50:33.000,4.8
2026-04-03 04:50:39.000,4.8
2026-04-03 04:50:39.000,6
2026-04-03 04:50:49.000,6
2026-04-03 04:50:49.000,7.2
2026-04-03 04:50:55.000,7.2
2026-04-03 04:50:55.000,8.4
2026-04-03 04:50:57.000,8.4
2026-04-03 04:50:57.000,9.6
2026-04-03 04:51:01.000,9.6
2026-04-03 04:51:01.000,14.4
2026-04-03 04:51:03.000,14.4
2026-04-03 04:51:03.000,3.6
2026-04-03 04:51:05.000,3.6
2026-04-03 04:51:05.000,10.8
2026-04-03 04:51:07.000,10.8
2026-04-03 04:51:07.000,4.8
2026-04-03 04:51:09.000,4.8
2026-04-03 04:51:09.000,8.4
2026-04-03 04:51:13.000,8.4
2026-04-03 04:51:13.000,9.6
2026-04-03 04:51:17.000,9.6
2026-04-03 04:51:17.000,10.8
2026-04-03 04:51:19.000,10.8
2026-04-03 04:51:19.000,12
2026-04-03 04:51:25.000,12
2026-04-03 04:51:25.000,13.2
2026-04-03 04:51:31.000,13.2
2026-04-03 04:51:31.000,14.4
2026-04-03 04:51:39.000,14.4
2026-04-03 04:51:39.000,15.6
2026-04-03 04:51:47.000,15.6
2026-04-03 04:51:47.000,16.8
2026-04-03 04:52:01.000,16.8
2026-04-03 04:52:01.000,18
2026-04-03 04:52:09.000,18
2026-04-03 04:52:09.000,19.2
2026-04-03 04:52:17.000,19.2
2026-04-03 04:52:17.000,20.4
2026-04-03 04:52:41.000,20.4
2026-04-03 04:52:41.000,21.6
2026-04-03 04:52:55.000,21.6
2026-04-03 04:52:55.000,22.8
2026-04-03 04:53:51.000,22.8
2026-04-03 04:53:51.000,24
2026-04-03 04:54:05.000,24
2026-04-03 04:54:05.000,25.2
2026-04-03 04:54:07.000,25.2
2026-04-03 04:54:07.000,24
2026-04-03 04:54:19.000,24
2026-04-03 04:54:19.000,22.8
2026-04-03 04:54:21.000,22.8
2026-04-03 04:54:21.000,24
2026-04-03 04:54:23.000,24
2026-04-03 04:54:23.000,22.8
2026-04-03 04:54:27.000,22.8
2026-04-03 04:54:27.000,24
2026-04-03 04:54:37.000,24
2026-04-03 04:54:37.000,25.2
2026-04-03 04:54:39.000,25.2
2026-04-03 04:54:39.000,24
2026-04-03 04:54:41.000,24
2026-04-03 04:54:41.000,25.2
2026-04-03 04:54:47.000,25.2
2026-04-03 04:54:47.000,24
2026-04-03 04:54:49.000,24
2026-04-03 04:54:49.000,25.2
2026-04-03 04:54:51.000,25.2
2026-04-03 04:54:51.000,24
2026-04-03 04:54:59.000,24
2026-04-03 04:54:59.000,22.8
2026-04-03 04:55:01.000,22.8
2026-04-03 04:55:01.000,24
2026-04-03 04:56:17.000,24
2026-04-03 04:56:17.000,25.2
2026-04-03 04:56:19.000,25.2
2026-04-03 04:56:19.000,24
2026-04-03 04:56:39.000,24
2026-04-03 04:56:39.000,25.2
2026-04-03 04:56:41.000,25.2
2026-04-03 04:56:41.000,24
2026-04-03 04:57:01.000,24
2026-04-03 04:57:01.000,25.2
2026-04-03 04:57:15.000,25.2
2026-04-03 04:57:15.000,24
2026-04-03 04:57:19.000,24
2026-04-03 04:57:19.000,22.8
2026-04-03 04:57:21.000,22.8
2026-04-03 04:57:21.000,2.4
2026-04-03 04:57:23.000,2.4
2026-04-03 04:57:23.000,16.8
2026-04-03 04:57:25.000,16.8
2026-04-03 04:57:25.000,0
2026-04-03 04:57:27.000,0
2026-04-03 04:57:27.000,2.4
2026-04-03 04:57:29.000,2.4
2026-04-03 04:57:29.000,0
2026-04-03 04:57:33.000,0
2026-04-03 04:57:33.000,1.2
2026-04-03 04:57:35.000,1.2
2026-04-03 04:57:35.000,0
2026-04-03 04:57:39.000,0
2026-04-03 04:57:39.000,2.4
2026-04-03 04:57:41.000,2.4
2026-04-03 04:57:41.000,3.6
2026-04-03 04:57:43.000,3.6
2026-04-03 04:57:43.000,6
2026-04-03 04:57:45.000,6
2026-04-03 04:57:45.000,7.2
2026-04-03 04:57:47.000,7.2
2026-04-03 04:57:47.000,12
2026-04-03 04:57:49.000,12
2026-04-03 04:57:49.000,14.4
2026-04-03 04:57:51.000,14.4
2026-04-03 04:57:51.000,18
2026-04-03 04:57:53.000,18
2026-04-03 04:57:53.000,21.6
2026-04-03 04:57:55.000,21.6
2026-04-03 04:57:55.000,26.4
2026-04-03 04:57:57.000,26.4
2026-04-03 04:57:57.000,21.6
2026-04-03 04:58:01.000,21.6
2026-04-03 04:58:01.000,18
2026-04-03 04:58:03.000,18
2026-04-03 04:58:03.000,20.4
2026-04-03 04:58:05.000,20.4
2026-04-03 04:58:05.000,16.8
2026-04-03 04:58:07.000,16.8
2026-04-03 04:58:07.000,18
2026-04-03 04:58:09.000,18
2026-04-03 04:58:09.000,16.8
2026-04-03 04:58:15.000,16.8
2026-04-03 04:58:15.000,18
2026-04-03 04:58:17.000,18
2026-04-03 04:58:17.000,20.4
2026-04-03 04:58:19.000,20.4
2026-04-03 04:58:19.000,21.6
2026-04-03 04:58:21.000,21.6
2026-04-03 04:58:21.000,22.8
2026-04-03 04:58:23.000,22.8
2026-04-03 04:58:23.000,25.2
2026-04-03 04:58:25.000,25.2
2026-04-03 04:58:25.000,24
2026-04-03 04:58:43.000,24
2026-04-03 04:58:43.000,22.8
2026-04-03 04:59:03.000,22.8
2026-04-03 04:59:03.000,24
2026-04-03 04:59:07.000,24
2026-04-03 04:59:07.000,25.2
2026-04-03 04:59:37.000,25.2
2026-04-03 04:59:37.000,26.4
2026-04-03 04:59:41.000,26.4
2026-04-03 04:59:41.000,25.2
2026-04-03 04:59:43.000,25.2
2026-04-03 04:59:43.000,24
2026-04-03 04:59:47.000,24
2026-04-03 04:59:47.000,22.8
2026-04-03 04:59:49.000,22.8
2026-04-03 04:59:49.000,20.4
2026-04-03 04:59:51.000,20.4
2026-04-03 04:59:51.000,18
2026-04-03 04:59:53.000,18
2026-04-03 04:59:53.000,9.6
2026-04-03 04:59:55.000,9.6
2026-04-03 04:59:55.000,14.4
2026-04-03 04:59:57.000,14.4
2026-04-03 04:59:57.000,4.8
2026-04-03 04:59:59.000,4.8
2026-04-03 04:59:59.000,8.4
2026-04-03 05:00:01.000,8.4
2026-04-03 05:00:01.000,6
2026-04-03 05:00:03.000,6
2026-04-03 05:00:03.000,7.2
2026-04-03 05:00:05.000,7.2
2026-04-03 05:00:05.000,6
2026-04-03 05:00:27.000,6
2026-04-03 05:00:27.000,7.2
2026-04-03 05:00:35.000,7.2
2026-04-03 05:00:35.000,6
2026-04-03 05:00:47.000,6
2026-04-03 05:00:47.000,4.8
2026-04-03 05:00:53.000,4.8
2026-04-03 05:00:53.000,6
2026-04-03 05:00:55.000,6
2026-04-03 05:00:55.000,4.8
2026-04-03 05:00:59.000,4.8
2026-04-03 05:00:59.000,6
2026-04-03 05:01:09.000,6
2026-04-03 05:01:09.000,4.8
2026-04-03 05:01:21.000,4.8
2026-04-03 05:01:21.000,6
2026-04-03 05:01:23.000,6
2026-04-03 05:01:23.000,4.8
2026-04-03 05:01:33.000,4.8
2026-04-03 05:01:33.000,6
2026-04-03 05:01:47.000,6
2026-04-03 05:01:47.000,7.2
2026-04-03 05:01:49.000,7.2
2026-04-03 05:01:49.000,10.8
2026-04-03 05:01:53.000,10.8
2026-04-03 05:01:53.000,0
2026-04-03 05:01:55.000,0
2026-04-03 05:01:55.000,2.4
2026-04-03 05:01:57.000,2.4
2026-04-03 05:01:57.000,0
2026-04-03 05:01:59.000,0
2026-04-03 05:01:59.000,3.6
2026-04-03 05:02:03.000,3.6
2026-04-03 05:02:03.000,4.8
2026-04-03 05:02:09.000,4.8
2026-04-03 05:02:09.000,6
2026-04-03 05:02:19.000,6
2026-04-03 05:02:19.000,7.2
2026-04-03 05:02:23.000,7.2
2026-04-03 05:02:23.000,12
2026-04-03 05:02:25.000,12
2026-04-03 05:02:25.000,9.6
2026-04-03 05:02:29.000,9.6
2026-04-03 05:02:29.000,3.6
2026-04-03 05:02:31.000,3.6
2026-04-03 05:02:31.000,7.2
2026-04-03 05:02:33.000,7.2
2026-04-03 05:02:33.000,2.4
2026-04-03 05:02:35.000,2.4
2026-04-03 05:02:35.000,3.6
2026-04-03 05:02:37.000,3.6
2026-04-03 05:02:37.000,2.4
2026-04-03 05:02:39.000,2.4
2026-04-03 05:02:39.000,3.6
2026-04-03 05:02:41.000,3.6
2026-04-03 05:02:41.000,2.4
2026-04-03 05:02:43.000,2.4
2026-04-03 05:02:43.000,3.6
2026-04-03 05:02:57.000,3.6
2026-04-03 05:02:57.000,4.8
2026-04-03 05:02:59.000,4.8
2026-04-03 05:02:59.000,3.6
2026-04-03 05:03:03.000,3.6
2026-04-03 05:03:03.000,4.8
2026-04-03 05:03:33.000,4.8
2026-04-03 05:03:33.000,3.6
2026-04-03 05:03:35.000,3.6
2026-04-03 05:03:35.000,4.8
2026-04-03 05:04:03.000,4.8
2026-04-03 05:04:03.000,3.6
2026-04-03 05:04:05.000,3.6
2026-04-03 05:04:05.000,4.8
2026-04-03 05:04:49.000,4.8
2026-04-03 05:04:49.000,3.6
2026-04-03 05:04:55.000,3.6
2026-04-03 05:04:55.000,6
2026-04-03 05:04:57.000,6
2026-04-03 05:04:57.000,7.2
2026-04-03 05:04:59.000,7.2
2026-04-03 05:04:59.000,6
2026-04-03 05:05:03.000,6
2026-04-03 05:05:03.000,7.2
2026-04-03 05:05:09.000,7.2
2026-04-03 05:05:09.000,6
2026-04-03 05:05:17.000,6
2026-04-03 05:05:17.000,7.2
2026-04-03 05:05:31.000,7.2
2026-04-03 05:05:31.000,6
2026-04-03 05:05:53.000,6
2026-04-03 05:05:53.000,7.2
2026-04-03 05:05:57.000,7.2
2026-04-03 05:05:57.000,6
2026-04-03 05:06:03.000,6
2026-04-03 05:06:03.000,7.2
2026-04-03 05:06:05.000,7.2
2026-04-03 05:06:05.000,6
2026-04-03 05:06:13.000,6
2026-04-03 05:06:13.000,7.2
2026-04-03 05:06:15.000,7.2
2026-04-03 05:06:15.000,6
2026-04-03 05:06:19.000,6
2026-04-03 05:06:19.000,7.2
2026-04-03 05:06:25.000,7.2
2026-04-03 05:06:25.000,6
2026-04-03 05:06:47.000,6
2026-04-03 05:06:47.000,7.2
2026-04-03 05:06:57.000,7.2
2026-04-03 05:06:57.000,8.4
2026-04-03 05:07:01.000,8.4
2026-04-03 05:07:01.000,9.6
2026-04-03 05:07:03.000,9.6
2026-04-03 05:07:03.000,12
2026-04-03 05:07:05.000,12
2026-04-03 05:07:05.000,13.2
2026-04-03 05:07:07.000,13.2
2026-04-03 05:07:07.000,14.4
2026-04-03 05:07:13.000,14.4
2026-04-03 05:07:13.000,15.6
2026-04-03 05:07:23.000,15.6
2026-04-03 05:07:23.000,16.8
2026-04-03 05:07:35.000,16.8
2026-04-03 05:07:35.000,18
2026-04-03 05:07:41.000,18
2026-04-03 05:07:41.000,19.2
2026-04-03 05:07:43.000,19.2
2026-04-03 05:07:43.000,20.4
2026-04-03 05:07:45.000,20.4
2026-04-03 05:07:45.000,19.2
2026-04-03 05:07:51.000,19.2
2026-04-03 05:07:51.000,21.6
2026-04-03 05:07:53.000,21.6
2026-04-03 05:07:53.000,15.6
2026-04-03 05:07:57.000,15.6
2026-04-03 05:07:57.000,12
2026-04-03 05:07:59.000,12
2026-04-03 05:07:59.000,10.8
2026-04-03 05:08:11.000,10.8
2026-04-03 05:08:11.000,9.6
2026-04-03 05:08:13.000,9.6
2026-04-03 05:08:13.000,10.8
2026-04-03 05:08:15.000,10.8
2026-04-03 05:08:15.000,9.6
2026-04-03 05:08:51.000,9.6
2026-04-03 05:08:51.000,8.4
2026-04-03 05:09:15.000,8.4
2026-04-03 05:09:15.000,9.6
2026-04-03 05:09:17.000,9.6
2026-04-03 05:09:17.000,10.8
2026-04-03 05:09:19.000,10.8
2026-04-03 05:09:19.000,13.2
2026-04-03 05:09:21.000,13.2
2026-04-03 05:09:21.000,14.4
2026-04-03 05:09:23.000,14.4
2026-04-03 05:09:23.000,15.6
2026-04-03 05:09:25.000,15.6
2026-04-03 05:09:25.000,18
2026-04-03 05:09:27.000,18
2026-04-03 05:09:27.000,20.4
2026-04-03 05:09:29.000,20.4
2026-04-03 05:09:29.000,22.8
2026-04-03 05:09:35.000,22.8
2026-04-03 05:09:35.000,24
2026-04-03 05:09:37.000,24
2026-04-03 05:09:37.000,22.8
2026-04-03 05:09:49.000,22.8
2026-04-03 05:09:49.000,24
2026-04-03 05:10:15.000,24
2026-04-03 05:10:15.000,25.2
2026-04-03 05:11:09.000,25.2
2026-04-03 05:11:09.000,26.4
2026-04-03 05:11:11.000,26.4
2026-04-03 05:11:11.000,25.2
2026-04-03 05:11:15.000,25.2
2026-04-03 05:11:15.000,26.4
2026-04-03 05:11:17.000,26.4
2026-04-03 05:11:17.000,25.2
2026-04-03 05:11:43.000,25.2
2026-04-03 05:11:43.000,26.4
2026-04-03 05:11:59.000,26.4
2026-04-03 05:11:59.000,25.2
2026-04-03 05:12:01.000,25.2
2026-04-03 05:12:01.000,26.4
2026-04-03 05:12:11.000,26.4
2026-04-03 05:12:11.000,25.2
2026-04-03 05:12:15.000,25.2
2026-04-03 05:12:15.000,24
2026-04-03 05:12:17.000,24
2026-04-03 05:12:17.000,22.8
2026-04-03 05:12:19.000,22.8
2026-04-03 05:12:19.000,21.6
2026-04-03 05:12:21.000,21.6
2026-04-03 05:12:21.000,20.4
2026-04-03 05:12:23.000,20.4
2026-04-03 05:12:23.000,21.6
2026-04-03 05:12:35.000,21.6
2026-04-03 05:12:35.000,16.8
2026-04-03 05:12:37.000,16.8
2026-04-03 05:12:37.000,9.6
2026-04-03 05:12:39.000,9.6
2026-04-03 05:12:39.000,10.8
2026-04-03 05:12:41.000,10.8
2026-04-03 05:12:41.000,13.2
2026-04-03 05:12:47.000,13.2
2026-04-03 05:12:47.000,14.4
2026-04-03 05:12:49.000,14.4
2026-04-03 05:12:49.000,13.2
2026-04-03 05:13:13.000,13.2
2026-04-03 05:13:13.000,14.4
2026-04-03 05:13:15.000,14.4
2026-04-03 05:13:15.000,15.6
2026-04-03 05:13:17.000,15.6
2026-04-03 05:13:17.000,20.4
2026-04-03 05:13:19.000,20.4
2026-04-03 05:13:19.000,22.8
2026-04-03 05:13:21.000,22.8
2026-04-03 05:13:21.000,26.4
2026-04-03 05:13:23.000,26.4
2026-04-03 05:13:23.000,27.6
2026-04-03 05:13:25.000,27.6
2026-04-03 05:13:25.000,31.2
2026-04-03 05:13:29.000,31.2
2026-04-03 05:13:29.000,33.6
2026-04-03 05:13:39.000,33.6
2026-04-03 05:13:39.000,34.8
2026-04-03 05:13:59.000,34.8
2026-04-03 05:13:59.000,33.6
2026-04-03 05:14:17.000,33.6
2026-04-03 05:14:17.000,34.8
2026-04-03 05:14:35.000,34.8
2026-04-03 05:14:35.000,36
2026-04-03 05:14:39.000,36
2026-04-03 05:14:39.000,34.8
2026-04-03 05:14:41.000,34.8
2026-04-03 05:14:41.000,36
2026-04-03 05:15:01.000,36
2026-04-03 05:15:01.000,34.8
2026-04-03 05:15:25.000,34.8
2026-04-03 05:15:25.000,36
2026-04-03 05:15:45.000,36
2026-04-03 05:15:45.000,37.2
2026-04-03 05:15:47.000,37.2
2026-04-03 05:15:47.000,36
2026-04-03 05:16:15.000,36
2026-04-03 05:16:15.000,37.2
2026-04-03 05:16:19.000,37.2
2026-04-03 05:16:19.000,36
2026-04-03 05:16:21.000,36
2026-04-03 05:16:21.000,33.6
2026-04-03 05:16:23.000,33.6
2026-04-03 05:16:23.000,34.8
2026-04-03 05:16:25.000,34.8
2026-04-03 05:16:25.000,32.4
2026-04-03 05:16:27.000,32.4
2026-04-03 05:16:27.000,33.6
2026-04-03 05:16:35.000,33.6
2026-04-03 05:16:35.000,32.4
2026-04-03 05:16:39.000,32.4
2026-04-03 05:16:39.000,31.2
2026-04-03 05:16:41.000,31.2
2026-04-03 05:16:41.000,32.4
2026-04-03 05:16:43.000,32.4
2026-04-03 05:16:43.000,31.2
2026-04-03 05:16:55.000,31.2
2026-04-03 05:16:55.000,32.4
2026-04-03 05:16:57.000,32.4
2026-04-03 05:16:57.000,33.6
2026-04-03 05:16:59.000,33.6
2026-04-03 05:16:59.000,34.8
2026-04-03 05:17:13.000,34.8
2026-04-03 05:17:13.000,36
2026-04-03 05:17:25.000,36
2026-04-03 05:17:25.000,34.8
2026-04-03 05:17:27.000,34.8
2026-04-03 05:17:27.000,26.4
2026-04-03 05:17:29.000,26.4
2026-04-03 05:17:29.000,3.6
2026-04-03 05:17:31.000,3.6
2026-04-03 05:17:31.000,0
2026-04-03 05:17:33.000,0
2026-04-03 05:17:33.000,3.6
2026-04-03 05:17:35.000,3.6
2026-04-03 05:17:35.000,2.4
2026-04-03 05:17:37.000,2.4
2026-04-03 05:17:37.000,3.6
2026-04-03 05:17:39.000,3.6
2026-04-03 05:17:39.000,4.8
2026-04-03 05:17:51.000,4.8
2026-04-03 05:17:51.000,6
2026-04-03 05:18:03.000,6
2026-04-03 05:18:03.000,7.2
2026-04-03 05:18:05.000,7.2
2026-04-03 05:18:05.000,8.4
2026-04-03 05:18:09.000,8.4
2026-04-03 05:18:09.000,9.6
2026-04-03 05:18:15.000,9.6
2026-04-03 05:18:15.000,10.8
2026-04-03 05:18:17.000,10.8
2026-04-03 05:18:17.000,9.6
2026-04-03 05:18:21.000,9.6
2026-04-03 05:18:21.000,7.2
2026-04-03 05:18:25.000,7.2
2026-04-03 05:18:25.000,6
2026-04-03 05:18:27.000,6
2026-04-03 05:18:27.000,7.2
2026-04-03 05:19:17.000,7.2
2026-04-03 05:19:17.000,8.4
2026-04-03 05:19:25.000,8.4
2026-04-03 05:19:25.000,9.6
2026-04-03 05:19:27.000,9.6
2026-04-03 05:19:27.000,8.4
2026-04-03 05:19:37.000,8.4
2026-04-03 05:19:37.000,9.6
2026-04-03 05:19:39.000,9.6
2026-04-03 05:19:39.000,7.2
2026-04-03 05:19:41.000,7.2
2026-04-03 05:19:41.000,12
2026-04-03 05:19:43.000,12
2026-04-03 05:19:43.000,10.8
2026-04-03 05:19:45.000,10.8
2026-04-03 05:19:45.000,8.4
2026-04-03 05:19:47.000,8.4
2026-04-03 05:19:47.000,7.2
2026-04-03 05:19:49.000,7.2
2026-04-03 05:19:49.000,3.6
2026-04-03 05:19:53.000,3.6
2026-04-03 05:19:53.000,4.8
2026-04-03 05:19:55.000,4.8
2026-04-03 05:19:55.000,3.6
2026-04-03 05:19:59.000,3.6
2026-04-03 05:19:59.000,6
2026-04-03 05:20:01.000,6
2026-04-03 05:20:01.000,4.8
2026-04-03 05:20:03.000,4.8
2026-04-03 05:20:03.000,26.4
2026-04-03 05:20:05.000,26.4
2026-04-03 05:20:05.000,85.2
2026-04-03 05:20:07.000,85.2
2026-04-03 05:20:07.000,120
2026-04-03 05:20:11.000,120
2026-04-03 05:20:11.000,68.4
2026-04-03 05:20:13.000,68.4
2026-04-03 05:20:13.000,70.8
2026-04-03 05:20:15.000,70.8
2026-04-03 05:20:15.000,24
2026-04-03 05:20:17.000,24
2026-04-03 05:20:17.000,0
2026-04-03 05:20:19.000,0
2026-04-03 05:20:19.000,4.8
2026-04-03 05:20:21.000,4.8
2026-04-03 05:20:21.000,0
2026-04-03 05:20:25.000,0
2026-04-03 05:20:25.000,4.8
2026-04-03 05:20:27.000,4.8
2026-04-03 05:20:27.000,0
2026-04-03 05:20:29.000,0
2026-04-03 05:20:29.000,1.2
2026-04-03 05:20:31.000,1.2
2026-04-03 05:20:31.000,0
2026-04-03 05:24:17.000,0
2026-04-03 05:24:17.000,1.2
2026-04-03 05:24:19.000,1.2
2026-04-03 05:24:19.000,0
2026-04-03 05:24:43.000,0
2026-04-03 05:24:43.000,4.8
2026-04-03 05:24:45.000,4.8
2026-04-03 05:24:45.000,0
2026-04-03 05:25:17.000,0
2026-04-03 05:25:17.000,1.2
2026-04-03 05:25:21.000,1.2
2026-04-03 05:25:21.000,0
2026-04-03 05:27:13.000,0
2026-04-03 05:27:13.000,1.2
2026-04-03 05:27:17.000,1.2
2026-04-03 05:27:17.000,0
2026-04-03 05:29:29.000,0
2026-04-03 05:29:29.000,1.2
2026-04-03 05:29:31.000,1.2
2026-04-03 05:29:31.000,2.4
2026-04-03 05:29:39.000,2.4
2026-04-03 05:29:39.000,0
2026-04-03 05:29:45.000,0
2026-04-03 05:29:45.000,1.2
2026-04-03 05:29:49.000,1.2
2026-04-03 05:29:49.000,2.4
2026-04-03 05:29:57.000,2.4
2026-04-03 05:29:57.000,3.6
2026-04-03 05:29:59.000,3.6
2026-04-03 05:29:59.000,2.4
2026-04-03 05:30:01.000,2.4
2026-04-03 05:30:01.000,3.6
2026-04-03 05:30:07.000,3.6
2026-04-03 05:30:07.000,7.2
2026-04-03 05:30:09.000,7.2
2026-04-03 05:30:09.000,8.4
2026-04-03 05:30:11.000,8.4
2026-04-03 05:30:11.000,13.2
2026-04-03 05:30:13.000,13.2
2026-04-03 05:30:13.000,12
2026-04-03 05:30:15.000,12
2026-04-03 05:30:15.000,14.4
2026-04-03 05:30:19.000,14.4
2026-04-03 05:30:19.000,15.6
2026-04-03 05:30:21.000,15.6
2026-04-03 05:30:21.000,16.8
2026-04-03 05:30:33.000,16.8
2026-04-03 05:30:33.000,18
2026-04-03 05:30:39.000,18
2026-04-03 05:30:39.000,19.2
2026-04-03 05:30:51.000,19.2
2026-04-03 05:30:51.000,18
2026-04-03 05:31:03.000,18
2026-04-03 05:31:03.000,19.2
2026-04-03 05:31:17.000,19.2
2026-04-03 05:31:17.000,20.4
2026-04-03 05:31:29.000,20.4
2026-04-03 05:31:29.000,19.2
2026-04-03 05:31:31.000,19.2
2026-04-03 05:31:31.000,16.8
2026-04-03 05:31:33.000,16.8
2026-04-03 05:31:33.000,6
2026-04-03 05:31:37.000,6
2026-04-03 05:31:37.000,0
2026-04-03 05:32:01.000,0
2026-04-03 05:32:01.000,1.2
2026-04-03 05:32:09.000,1.2
2026-04-03 05:32:09.000,0
2026-04-03 05:32:41.000,0
2026-04-03 05:32:41.000,1.2
2026-04-03 05:32:53.000,1.2
2026-04-03 05:32:53.000,0
2026-04-03 05:33:21.000,0
2026-04-03 05:33:21.000,1.2
2026-04-03 05:33:29.000,1.2
2026-04-03 05:33:29.000,0
2026-04-03 05:34:03.000,0
2026-04-03 05:34:03.000,1.2
2026-04-03 05:34:11.000,1.2
2026-04-03 05:34:11.000,0
2026-04-03 05:34:43.000,0
2026-04-03 05:34:43.000,1.2
2026-04-03 05:34:53.000,1.2
2026-04-03 05:34:53.000,0
2026-04-03 05:35:25.000,0
2026-04-03 05:35:25.000,1.2
2026-04-03 05:35:31.000,1.2
2026-04-03 05:35:31.000,0
2026-04-03 05:36:03.000,0
2026-04-03 05:36:03.000,1.2
2026-04-03 05:36:07.000,1.2
2026-04-03 05:36:07.000,3.6
2026-04-03 05:36:09.000,3.6
2026-04-03 05:36:09.000,4.8
2026-04-03 05:36:11.000,4.8
2026-04-03 05:36:11.000,0
2026-04-03 05:36:37.000,0
2026-04-03 05:36:37.000,2.4
2026-04-03 05:36:39.000,2.4
2026-04-03 05:36:39.000,0
2026-04-03 05:36:41.000,0
2026-04-03 05:36:41.000,4.8
2026-04-03 05:36:45.000,4.8
2026-04-03 05:36:45.000,6
2026-04-03 05:36:47.000,6
2026-04-03 05:36:47.000,7.2
2026-04-03 05:36:49.000,7.2
2026-04-03 05:36:49.000,9.6
2026-04-03 05:36:51.000,9.6
2026-04-03 05:36:51.000,10.8
2026-04-03 05:36:53.000,10.8
2026-04-03 05:36:53.000,12
2026-04-03 05:36:55.000,12
2026-04-03 05:36:55.000,13.2
2026-04-03 05:36:59.000,13.2
2026-04-03 05:36:59.000,14.4
2026-04-03 05:37:03.000,14.4
2026-04-03 05:37:03.000,15.6
2026-04-03 05:37:07.000,15.6
2026-04-03 05:37:07.000,16.8
2026-04-03 05:37:09.000,16.8
2026-04-03 05:37:09.000,19.2
2026-04-03 05:37:11.000,19.2
2026-04-03 05:37:11.000,20.4
2026-04-03 05:37:13.000,20.4
2026-04-03 05:37:13.000,22.8
2026-04-03 05:37:15.000,22.8
2026-04-03 05:37:15.000,24
2026-04-03 05:37:17.000,24
2026-04-03 05:37:17.000,26.4
2026-04-03 05:37:19.000,26.4
2026-04-03 05:37:19.000,25.2
2026-04-03 05:37:21.000,25.2
2026-04-03 05:37:21.000,26.4
2026-04-03 05:37:23.000,26.4
2026-04-03 05:37:23.000,25.2
2026-04-03 05:37:35.000,25.2
2026-04-03 05:37:35.000,26.4
2026-04-03 05:37:43.000,26.4
2026-04-03 05:37:43.000,27.6
2026-04-03 05:37:57.000,27.6
2026-04-03 05:37:57.000,28.8
2026-04-03 05:38:05.000,28.8
2026-04-03 05:38:05.000,27.6
2026-04-03 05:38:11.000,27.6
2026-04-03 05:38:11.000,26.4
2026-04-03 05:38:13.000,26.4
2026-04-03 05:38:13.000,19.2
2026-04-03 05:38:15.000,19.2
2026-04-03 05:38:15.000,14.4
2026-04-03 05:38:17.000,14.4
2026-04-03 05:38:17.000,0
2026-04-03 05:38:45.000,0
2026-04-03 05:38:45.000,2.4
2026-04-03 05:38:49.000,2.4
2026-04-03 05:38:49.000,6
2026-04-03 05:38:51.000,6
2026-04-03 05:38:51.000,7.2
2026-04-03 05:38:55.000,7.2
2026-04-03 05:38:55.000,6
2026-04-03 05:38:57.000,6
2026-04-03 05:38:57.000,4.8
2026-04-03 05:38:59.000,4.8
2026-04-03 05:38:59.000,2.4
2026-04-03 05:39:03.000,2.4
2026-04-03 05:39:03.000,1.2
2026-04-03 05:39:05.000,1.2
2026-04-03 05:39:05.000,2.4
2026-04-03 05:39:19.000,2.4
2026-04-03 05:39:19.000,1.2
2026-04-03 05:39:25.000,1.2
2026-04-03 05:39:25.000,2.4
2026-04-03 05:39:27.000,2.4
2026-04-03 05:39:27.000,3.6
2026-04-03 05:39:29.000,3.6
2026-04-03 05:39:29.000,8.4
2026-04-03 05:39:31.000,8.4
2026-04-03 05:39:31.000,7.2
2026-04-03 05:39:33.000,7.2
2026-04-03 05:39:33.000,10.8
2026-04-03 05:39:35.000,10.8
2026-04-03 05:39:35.000,9.6
2026-04-03 05:39:37.000,9.6
2026-04-03 05:39:37.000,10.8
2026-04-03 05:39:41.000,10.8
2026-04-03 05:39:41.000,12
2026-04-03 05:39:53.000,12
2026-04-03 05:39:53.000,13.2
2026-04-03 05:39:59.000,13.2
2026-04-03 05:39:59.000,14.4
2026-04-03 05:40:07.000,14.4
2026-04-03 05:40:07.000,15.6
2026-04-03 05:40:09.000,15.6
2026-04-03 05:40:09.000,14.4
2026-04-03 05:40:13.000,14.4
2026-04-03 05:40:13.000,13.2
2026-04-03 05:40:17.000,13.2
2026-04-03 05:40:17.000,12
2026-04-03 05:40:29.000,12
2026-04-03 05:40:29.000,10.8
2026-04-03 05:40:37.000,10.8
2026-04-03 05:40:37.000,12
2026-04-03 05:41:17.000,12
2026-04-03 05:41:17.000,13.2
2026-04-03 05:41:27.000,13.2
2026-04-03 05:41:27.000,12
2026-04-03 05:42:15.000,12
2026-04-03 05:42:15.000,10.8
2026-04-03 05:42:17.000,10.8
2026-04-03 05:42:17.000,12
2026-04-03 05:42:39.000,12
2026-04-03 05:42:39.000,13.2
2026-04-03 05:42:47.000,13.2
2026-04-03 05:42:47.000,12
2026-04-03 05:43:21.000,12
2026-04-03 05:43:21.000,13.2
2026-04-03 05:43:31.000,13.2
2026-04-03 05:43:31.000,12
2026-04-03 05:43:37.000,12
2026-04-03 05:43:37.000,10.8
2026-04-03 05:43:53.000,10.8
2026-04-03 05:43:53.000,12
2026-04-03 05:44:21.000,12
2026-04-03 05:44:21.000,10.8
2026-04-03 05:44:25.000,10.8
2026-04-03 05:44:25.000,12
2026-04-03 05:45:23.000,12
2026-04-03 05:45:23.000,10.8
2026-04-03 05:45:49.000,10.8
2026-04-03 05:45:49.000,12
2026-04-03 05:46:33.000,12
2026-04-03 05:46:33.000,13.2
2026-04-03 05:46:35.000,13.2
2026-04-03 05:46:35.000,15.6
2026-04-03 05:46:39.000,15.6
2026-04-03 05:46:39.000,18
2026-04-03 05:46:43.000,18
2026-04-03 05:46:43.000,19.2
2026-04-03 05:46:51.000,19.2
2026-04-03 05:46:51.000,20.4
2026-04-03 05:46:59.000,20.4
2026-04-03 05:46:59.000,21.6
2026-04-03 05:47:21.000,21.6
2026-04-03 05:47:21.000,22.8
2026-04-03 05:47:29.000,22.8
2026-04-03 05:47:29.000,21.6
2026-04-03 05:47:37.000,21.6
2026-04-03 05:47:37.000,20.4
2026-04-03 05:47:39.000,20.4
2026-04-03 05:47:39.000,19.2
2026-04-03 05:47:41.000,19.2
2026-04-03 05:47:41.000,20.4
2026-04-03 05:47:57.000,20.4
2026-04-03 05:47:57.000,21.6
2026-04-03 05:48:11.000,21.6
2026-04-03 05:48:11.000,22.8
2026-04-03 05:48:13.000,22.8
2026-04-03 05:48:13.000,21.6
2026-04-03 05:48:19.000,21.6
2026-04-03 05:48:19.000,22.8
2026-04-03 05:48:39.000,22.8
2026-04-03 05:48:39.000,24
2026-04-03 05:48:57.000,24
2026-04-03 05:48:57.000,22.8
2026-04-03 05:49:09.000,22.8
2026-04-03 05:49:09.000,24
2026-04-03 05:50:07.000,24
2026-04-03 05:50:07.000,25.2
2026-04-03 05:50:09.000,25.2
2026-04-03 05:50:09.000,24
2026-04-03 05:50:31.000,24
2026-04-03 05:50:31.000,25.2
2026-04-03 05:50:37.000,25.2
2026-04-03 05:50:37.000,18
2026-04-03 05:50:39.000,18
2026-04-03 05:50:39.000,0
2026-04-03 05:50:41.000,0
2026-04-03 05:50:41.000,9.6
2026-04-03 05:50:43.000,9.6
2026-04-03 05:50:43.000,0
2026-04-03 05:50:53.000,0
2026-04-03 05:50:53.000,2.4
2026-04-03 05:50:55.000,2.4
2026-04-03 05:50:55.000,1.2
2026-04-03 05:51:11.000,1.2
2026-04-03 05:51:11.000,0
2026-04-03 05:51:23.000,0
2026-04-03 05:51:23.000,1.2
2026-04-03 05:51:25.000,1.2
2026-04-03 05:51:25.000,0
2026-04-03 05:51:31.000,0
2026-04-03 05:51:31.000,1.2
2026-04-03 05:51:37.000,1.2
2026-04-03 05:51:37.000,0
2026-04-03 05:51:39.000,0
2026-04-03 05:51:39.000,1.2
2026-04-03 05:51:55.000,1.2
2026-04-03 05:51:55.000,0
2026-04-03 05:52:09.000,0
2026-04-03 05:52:09.000,1.2
2026-04-03 05:52:27.000,1.2
2026-04-03 05:52:27.000,0
2026-04-03 05:52:29.000,0
2026-04-03 05:52:29.000,1.2
2026-04-03 05:52:33.000,1.2
2026-04-03 05:52:33.000,0
2026-04-03 05:52:45.000,0
2026-04-03 05:52:45.000,1.2
2026-04-03 05:52:49.000,1.2
2026-04-03 05:52:49.000,0
2026-04-03 05:52:51.000,0
2026-04-03 05:52:51.000,1.2
2026-04-03 05:53:15.000,1.2
2026-04-03 05:53:15.000,0
2026-04-03 05:53:29.000,0
2026-04-03 05:53:29.000,1.2
2026-04-03 05:53:49.000,1.2
2026-04-03 05:53:49.000,0
2026-04-03 05:53:51.000,0
2026-04-03 05:53:51.000,1.2
2026-04-03 05:53:53.000,1.2
2026-04-03 05:53:53.000,0
2026-04-03 05:53:57.000,0
2026-04-03 05:53:57.000,1.2
2026-04-03 05:54:27.000,1.2
2026-04-03 05:54:27.000,0
2026-04-03 05:54:37.000,0
2026-04-03 05:54:37.000,1.2
2026-04-03 05:56:25.000,1.2
2026-04-03 05:56:25.000,0
2026-04-03 05:56:27.000,0
2026-04-03 05:56:27.000,1.2
2026-04-03 05:57:55.000,1.2
2026-04-03 05:57:55.000,2.4
2026-04-03 05:57:57.000,2.4
2026-04-03 05:57:57.000,4.8
2026-04-03 05:57:59.000,4.8
2026-04-03 05:57:59.000,3.6
2026-04-03 05:58:01.000,3.6
2026-04-03 05:58:01.000,2.4
2026-04-03 05:58:03.000,2.4
2026-04-03 05:58:03.000,1.2
2026-04-03 05:58:05.000,1.2
2026-04-03 05:58:05.000,0
2026-04-03 05:58:13.000,0
2026-04-03 05:58:13.000,1.2
2026-04-03 05:58:21.000,1.2
2026-04-03 05:58:21.000,3.6
2026-04-03 05:58:23.000,3.6
2026-04-03 05:58:23.000,2.4
2026-04-03 05:58:27.000,2.4
2026-04-03 05:58:27.000,1.2
2026-04-03 06:02:21.000,1.2
2026-04-03 06:02:21.000,2.4
2026-04-03 06:02:25.000,2.4
2026-04-03 06:02:25.000,1.2
2026-04-03 06:03:01.000,1.2
2026-04-03 06:03:01.000,2.4
2026-04-03 06:03:07.000,2.4
2026-04-03 06:03:07.000,1.2
2026-04-03 06:03:49.000,1.2
2026-04-03 06:03:49.000,2.4
2026-04-03 06:03:51.000,2.4
2026-04-03 06:03:51.000,1.2
2026-04-03 06:05:07.000,1.2
2026-04-03 06:05:07.000,2.4
2026-04-03 06:05:09.000,2.4
2026-04-03 06:05:09.000,1.2
2026-04-03 06:05:43.000,1.2
2026-04-03 06:05:43.000,2.4
2026-04-03 06:05:45.000,2.4
2026-04-03 06:05:45.000,1.2
2026-04-03 06:05:47.000,1.2
2026-04-03 06:05:47.000,2.4
2026-04-03 06:05:57.000,2.4
2026-04-03 06:05:57.000,1.2
2026-04-03 06:07:49.000,1.2
2026-04-03 06:07:49.000,2.4
2026-04-03 06:07:53.000,2.4
2026-04-03 06:07:53.000,4.8
2026-04-03 06:07:55.000,4.8
2026-04-03 06:07:55.000,3.6
2026-04-03 06:07:57.000,3.6
2026-04-03 06:07:57.000,0
2026-04-03 06:08:19.000,0
2026-04-03 06:08:19.000,1.2
2026-04-03 06:08:21.000,1.2
2026-04-03 06:08:21.000,6
2026-04-03 06:08:23.000,6
2026-04-03 06:08:23.000,0
2026-04-03 06:08:47.000,0
2026-04-03 06:08:47.000,2.4
2026-04-03 06:08:49.000,2.4
2026-04-03 06:08:49.000,3.6
2026-04-03 06:08:51.000,3.6
2026-04-03 06:08:51.000,4.8
2026-04-03 06:08:53.000,4.8
2026-04-03 06:08:53.000,9.6
2026-04-03 06:08:55.000,9.6
2026-04-03 06:08:55.000,6
2026-04-03 06:08:57.000,6
2026-04-03 06:08:57.000,4.8
2026-04-03 06:08:59.000,4.8
2026-04-03 06:08:59.000,3.6
2026-04-03 06:09:01.000,3.6
2026-04-03 06:09:01.000,2.4
2026-04-03 06:09:03.000,2.4
2026-04-03 06:09:03.000,1.2
2026-04-03 06:09:17.000,1.2
2026-04-03 06:09:17.000,2.4
2026-04-03 06:09:21.000,2.4
2026-04-03 06:09:21.000,1.2
2026-04-03 06:09:29.000,1.2
2026-04-03 06:09:29.000,0
2026-04-03 06:09:41.000,0
2026-04-03 06:09:41.000,1.2
2026-04-03 06:09:47.000,1.2
2026-04-03 06:09:47.000,2.4
2026-04-03 06:09:57.000,2.4
2026-04-03 06:09:57.000,3.6
2026-04-03 06:10:21.000,3.6
2026-04-03 06:10:21.000,4.8
2026-04-03 06:10:25.000,4.8
2026-04-03 06:10:25.000,7.2
2026-04-03 06:10:27.000,7.2
2026-04-03 06:10:27.000,8.4
2026-04-03 06:10:29.000,8.4
2026-04-03 06:10:29.000,9.6
2026-04-03 06:10:31.000,9.6
2026-04-03 06:10:31.000,10.8
2026-04-03 06:10:35.000,10.8
2026-04-03 06:10:35.000,12
2026-04-03 06:10:39.000,12
2026-04-03 06:10:39.000,13.2
2026-04-03 06:10:49.000,13.2
2026-04-03 06:10:49.000,14.4
2026-04-03 06:10:51.000,14.4
2026-04-03 06:10:51.000,13.2
2026-04-03 06:10:57.000,13.2
2026-04-03 06:10:57.000,12
2026-04-03 06:11:01.000,12
2026-04-03 06:11:01.000,10.8
2026-04-03 06:11:03.000,10.8
2026-04-03 06:11:03.000,12
2026-04-03 06:11:07.000,12
2026-04-03 06:11:07.000,13.2
2026-04-03 06:11:15.000,13.2
2026-04-03 06:11:15.000,14.4
2026-04-03 06:11:39.000,14.4
2026-04-03 06:11:39.000,13.2
2026-04-03 06:11:47.000,13.2
2026-04-03 06:11:47.000,10.8
2026-04-03 06:12:03.000,10.8
2026-04-03 06:12:03.000,12
2026-04-03 06:12:05.000,12
2026-04-03 06:12:05.000,10.8
2026-04-03 06:12:09.000,10.8
2026-04-03 06:12:09.000,12
2026-04-03 06:12:19.000,12
2026-04-03 06:12:19.000,13.2
2026-04-03 06:12:25.000,13.2
2026-04-03 06:12:25.000,12
2026-04-03 06:12:29.000,12
2026-04-03 06:12:29.000,10.8
2026-04-03 06:12:31.000,10.8
2026-04-03 06:12:31.000,3.6
2026-04-03 06:12:33.000,3.6
2026-04-03 06:12:33.000,4.8
2026-04-03 06:12:35.000,4.8
2026-04-03 06:12:35.000,1.2
2026-04-03 06:12:37.000,1.2
2026-04-03 06:12:37.000,2.4
2026-04-03 06:12:39.000,2.4
2026-04-03 06:12:39.000,1.2
2026-04-03 06:12:45.000,1.2
2026-04-03 06:12:45.000,2.4
2026-04-03 06:12:47.000,2.4
2026-04-03 06:12:47.000,4.8
2026-04-03 06:12:51.000,4.8
2026-04-03 06:12:51.000,6
2026-04-03 06:12:55.000,6
2026-04-03 06:12:55.000,7.2
2026-04-03 06:12:57.000,7.2
2026-04-03 06:12:57.000,8.4
2026-04-03 06:12:59.000,8.4
2026-04-03 06:12:59.000,9.6
2026-04-03 06:13:03.000,9.6
2026-04-03 06:13:03.000,10.8
2026-04-03 06:13:05.000,10.8
2026-04-03 06:13:05.000,12
2026-04-03 06:13:11.000,12
2026-04-03 06:13:11.000,13.2
2026-04-03 06:13:27.000,13.2
2026-04-03 06:13:27.000,12
2026-04-03 06:13:33.000,12
2026-04-03 06:13:33.000,13.2
2026-04-03 06:13:39.000,13.2
2026-04-03 06:13:39.000,14.4
2026-04-03 06:13:43.000,14.4
2026-04-03 06:13:43.000,15.6
2026-04-03 06:13:49.000,15.6
2026-04-03 06:13:49.000,16.8
2026-04-03 06:13:59.000,16.8
2026-04-03 06:13:59.000,15.6
2026-04-03 06:14:17.000,15.6
2026-04-03 06:14:17.000,16.8
2026-04-03 06:14:25.000,16.8
2026-04-03 06:14:25.000,15.6
2026-04-03 06:14:27.000,15.6
2026-04-03 06:14:27.000,12
2026-04-03 06:14:29.000,12
2026-04-03 06:14:29.000,13.2
2026-04-03 06:14:31.000,13.2
2026-04-03 06:14:31.000,12
2026-04-03 06:14:33.000,12
2026-04-03 06:14:33.000,13.2
2026-04-03 06:14:35.000,13.2
2026-04-03 06:14:35.000,12
2026-04-03 06:14:37.000,12
2026-04-03 06:14:37.000,10.8
2026-04-03 06:14:39.000,10.8
2026-04-03 06:14:39.000,2.4
2026-04-03 06:14:41.000,2.4
2026-04-03 06:14:41.000,0
2026-04-03 06:14:57.000,0
2026-04-03 06:14:57.000,4.8
2026-04-03 06:14:59.000,4.8
2026-04-03 06:14:59.000,2.4
2026-04-03 06:15:01.000,2.4
2026-04-03 06:15:01.000,4.8
2026-04-03 06:15:03.000,4.8
2026-04-03 06:15:03.000,2.4
2026-04-03 06:15:05.000,2.4
2026-04-03 06:15:05.000,3.6
2026-04-03 06:15:07.000,3.6
2026-04-03 06:15:07.000,4.8
2026-04-03 06:15:11.000,4.8
2026-04-03 06:15:11.000,10.8
2026-04-03 06:15:13.000,10.8
2026-04-03 06:15:13.000,16.8
2026-04-03 06:15:15.000,16.8
2026-04-03 06:15:15.000,20.4
2026-04-03 06:15:17.000,20.4
2026-04-03 06:15:17.000,25.2
2026-04-03 06:15:19.000,25.2
2026-04-03 06:15:19.000,26.4
2026-04-03 06:15:21.000,26.4
2026-04-03 06:15:21.000,27.6
2026-04-03 06:15:25.000,27.6
2026-04-03 06:15:25.000,28.8
2026-04-03 06:15:31.000,28.8
2026-04-03 06:15:31.000,30
2026-04-03 06:15:37.000,30
2026-04-03 06:15:37.000,28.8
2026-04-03 06:15:47.000,28.8
2026-04-03 06:15:47.000,25.2
2026-04-03 06:15:49.000,25.2
2026-04-03 06:15:49.000,16.8
2026-04-03 06:15:51.000,16.8
2026-04-03 06:15:51.000,13.2
2026-04-03 06:15:55.000,13.2
2026-04-03 06:15:55.000,9.6
2026-04-03 06:15:59.000,9.6
2026-04-03 06:15:59.000,8.4
2026-04-03 06:16:03.000,8.4
2026-04-03 06:16:03.000,9.6
2026-04-03 06:16:05.000,9.6
2026-04-03 06:16:05.000,10.8
2026-04-03 06:16:07.000,10.8
2026-04-03 06:16:07.000,12
2026-04-03 06:16:09.000,12
2026-04-03 06:16:09.000,13.2
2026-04-03 06:16:13.000,13.2
2026-04-03 06:16:13.000,14.4
2026-04-03 06:16:15.000,14.4
2026-04-03 06:16:15.000,15.6
2026-04-03 06:16:17.000,15.6
2026-04-03 06:16:17.000,18
2026-04-03 06:16:19.000,18
2026-04-03 06:16:19.000,16.8
2026-04-03 06:16:21.000,16.8
2026-04-03 06:16:21.000,18
2026-04-03 06:16:23.000,18
2026-04-03 06:16:23.000,16.8
2026-04-03 06:16:25.000,16.8
2026-04-03 06:16:25.000,15.6
2026-04-03 06:16:27.000,15.6
2026-04-03 06:16:27.000,13.2
2026-04-03 06:16:31.000,13.2
2026-04-03 06:16:31.000,14.4
2026-04-03 06:16:39.000,14.4
2026-04-03 06:16:39.000,15.6
2026-04-03 06:16:47.000,15.6
2026-04-03 06:16:47.000,16.8
2026-04-03 06:17:11.000,16.8
2026-04-03 06:17:11.000,14.4
2026-04-03 06:17:13.000,14.4
2026-04-03 06:17:13.000,15.6
2026-04-03 06:17:15.000,15.6
2026-04-03 06:17:15.000,16.8
2026-04-03 06:17:19.000,16.8
2026-04-03 06:17:19.000,15.6
2026-04-03 06:17:21.000,15.6
2026-04-03 06:17:21.000,9.6
2026-04-03 06:17:23.000,9.6
2026-04-03 06:17:23.000,8.4
2026-04-03 06:17:25.000,8.4
2026-04-03 06:17:25.000,0
2026-04-03 06:17:29.000,0
2026-04-03 06:17:29.000,1.2
2026-04-03 06:17:33.000,1.2
2026-04-03 06:17:33.000,0
2026-04-03 06:17:35.000,0
2026-04-03 06:17:35.000,1.2
2026-04-03 06:17:37.000,1.2
2026-04-03 06:17:37.000,2.4
2026-04-03 06:17:39.000,2.4
2026-04-03 06:17:39.000,1.2
2026-04-03 06:17:41.000,1.2
2026-04-03 06:17:41.000,2.4
2026-04-03 06:17:53.000,2.4
2026-04-03 06:17:53.000,1.2
2026-04-03 06:18:05.000,1.2
2026-04-03 06:18:05.000,2.4
2026-04-03 06:18:09.000,2.4
2026-04-03 06:18:09.000,1.2
2026-04-03 06:18:33.000,1.2
2026-04-03 06:18:33.000,2.4
2026-04-03 06:18:35.000,2.4
2026-04-03 06:18:35.000,3.6
2026-04-03 06:18:37.000,3.6
2026-04-03 06:18:37.000,4.8
2026-04-03 06:18:41.000,4.8
2026-04-03 06:18:41.000,6
2026-04-03 06:18:45.000,6
2026-04-03 06:18:45.000,7.2
2026-04-03 06:18:47.000,7.2
2026-04-03 06:18:47.000,8.4
2026-04-03 06:18:55.000,8.4
2026-04-03 06:18:55.000,9.6
2026-04-03 06:18:59.000,9.6
2026-04-03 06:18:59.000,10.8
2026-04-03 06:19:49.000,10.8
2026-04-03 06:19:49.000,12
2026-04-03 06:19:57.000,12
2026-04-03 06:19:57.000,13.2
2026-04-03 06:20:05.000,13.2
2026-04-03 06:20:05.000,12
2026-04-03 06:20:11.000,12
2026-04-03 06:20:11.000,10.8
2026-04-03 06:20:13.000,10.8
2026-04-03 06:20:13.000,12
2026-04-03 06:20:25.000,12
2026-04-03 06:20:25.000,13.2
2026-04-03 06:20:31.000,13.2
2026-04-03 06:20:31.000,14.4
2026-04-03 06:20:37.000,14.4
2026-04-03 06:20:37.000,15.6
2026-04-03 06:20:41.000,15.6
2026-04-03 06:20:41.000,13.2
2026-04-03 06:20:43.000,13.2
2026-04-03 06:20:43.000,4.8
2026-04-03 06:20:45.000,4.8
2026-04-03 06:20:45.000,0
2026-04-03 06:20:51.000,0
2026-04-03 06:20:51.000,1.2
2026-04-03 06:20:59.000,1.2
2026-04-03 06:20:59.000,2.4
2026-04-03 06:21:01.000,2.4
2026-04-03 06:21:01.000,3.6
2026-04-03 06:21:05.000,3.6
2026-04-03 06:21:05.000,7.2
2026-04-03 06:21:07.000,7.2
2026-04-03 06:21:07.000,6
2026-04-03 06:21:09.000,6
2026-04-03 06:21:09.000,7.2
2026-04-03 06:21:17.000,7.2
2026-04-03 06:21:17.000,8.4
2026-04-03 06:21:23.000,8.4
2026-04-03 06:21:23.000,9.6
2026-04-03 06:21:27.000,9.6
2026-04-03 06:21:27.000,10.8
2026-04-03 06:21:29.000,10.8
2026-04-03 06:21:29.000,13.2
2026-04-03 06:21:31.000,13.2
2026-04-03 06:21:31.000,15.6
2026-04-03 06:21:33.000,15.6
2026-04-03 06:21:33.000,14.4
2026-04-03 06:21:35.000,14.4
2026-04-03 06:21:35.000,13.2
2026-04-03 06:21:37.000,13.2
2026-04-03 06:21:37.000,8.4
2026-04-03 06:21:39.000,8.4
2026-04-03 06:21:39.000,7.2
2026-04-03 06:21:41.000,7.2
2026-04-03 06:21:41.000,4.8
2026-04-03 06:21:45.000,4.8
2026-04-03 06:21:45.000,6
2026-04-03 06:21:47.000,6
2026-04-03 06:21:47.000,7.2
2026-04-03 06:21:49.000,7.2
2026-04-03 06:21:49.000,9.6
2026-04-03 06:21:51.000,9.6
2026-04-03 06:21:51.000,7.2
2026-04-03 06:21:53.000,7.2
2026-04-03 06:21:53.000,6
2026-04-03 06:21:55.000,6
2026-04-03 06:21:55.000,2.4
2026-04-03 06:22:01.000,2.4
2026-04-03 06:22:01.000,1.2
2026-04-03 06:22:13.000,1.2
2026-04-03 06:22:13.000,2.4
2026-04-03 06:22:21.000,2.4
2026-04-03 06:22:21.000,3.6
2026-04-03 06:22:27.000,3.6
2026-04-03 06:22:27.000,4.8
2026-04-03 06:22:33.000,4.8
2026-04-03 06:22:33.000,1.2
2026-04-03 06:22:51.000,1.2
2026-04-03 06:22:51.000,2.4
2026-04-03 06:23:27.000,2.4
2026-04-03 06:23:27.000,3.6
2026-04-03 06:23:29.000,3.6
2026-04-03 06:23:29.000,2.4
2026-04-03 06:23:49.000,2.4
2026-04-03 06:23:49.000,3.6
2026-04-03 06:23:53.000,3.6
2026-04-03 06:23:53.000,4.8
2026-04-03 06:23:55.000,4.8
2026-04-03 06:23:55.000,8.4
2026-04-03 06:23:57.000,8.4
2026-04-03 06:23:57.000,13.2
2026-04-03 06:23:59.000,13.2
2026-04-03 06:23:59.000,22.8
2026-04-03 06:24:01.000,22.8
2026-04-03 06:24:01.000,21.6
2026-04-03 06:24:03.000,21.6
2026-04-03 06:24:03.000,26.4
2026-04-03 06:24:05.000,26.4
2026-04-03 06:24:05.000,27.6
2026-04-03 06:24:07.000,27.6
2026-04-03 06:24:07.000,28.8
2026-04-03 06:24:09.000,28.8
2026-04-03 06:24:09.000,30
2026-04-03 06:24:11.000,30
2026-04-03 06:24:11.000,31.2
2026-04-03 06:24:15.000,31.2
2026-04-03 06:24:15.000,32.4
2026-04-03 06:24:17.000,32.4
2026-04-03 06:24:17.000,33.6
2026-04-03 06:24:27.000,33.6
2026-04-03 06:24:27.000,32.4
2026-04-03 06:25:09.000,32.4
2026-04-03 06:25:09.000,27.6
2026-04-03 06:25:11.000,27.6
2026-04-03 06:25:11.000,28.8
2026-04-03 06:25:13.000,28.8
2026-04-03 06:25:13.000,16.8
2026-04-03 06:25:15.000,16.8
2026-04-03 06:25:15.000,12
2026-04-03 06:25:17.000,12
2026-04-03 06:25:17.000,0
2026-04-03 06:25:27.000,0
2026-04-03 06:25:27.000,1.2
2026-04-03 06:25:33.000,1.2
2026-04-03 06:25:33.000,2.4
2026-04-03 06:25:39.000,2.4
2026-04-03 06:25:39.000,1.2
2026-04-03 06:25:49.000,1.2
2026-04-03 06:25:49.000,0
2026-04-03 06:25:51.000,0
2026-04-03 06:25:51.000,1.2
2026-04-03 06:25:55.000,1.2
2026-04-03 06:25:55.000,2.4
2026-04-03 06:25:57.000,2.4
2026-04-03 06:25:57.000,3.6
2026-04-03 06:25:59.000,3.6
2026-04-03 06:25:59.000,6
2026-04-03 06:26:01.000,6
2026-04-03 06:26:01.000,7.2
2026-04-03 06:26:03.000,7.2
2026-04-03 06:26:03.000,9.6
2026-04-03 06:26:07.000,9.6
2026-04-03 06:26:07.000,10.8
2026-04-03 06:26:37.000,10.8
2026-04-03 06:26:37.000,12
2026-04-03 06:26:43.000,12
2026-04-03 06:26:43.000,13.2
2026-04-03 06:26:47.000,13.2
2026-04-03 06:26:47.000,14.4
2026-04-03 06:27:05.000,14.4
2026-04-03 06:27:05.000,13.2
2026-04-03 06:27:11.000,13.2
2026-04-03 06:27:11.000,14.4
2026-04-03 06:27:21.000,14.4
2026-04-03 06:27:21.000,15.6
2026-04-03 06:27:31.000,15.6
2026-04-03 06:27:31.000,16.8
2026-04-03 06:27:41.000,16.8
2026-04-03 06:27:41.000,15.6
2026-04-03 06:27:57.000,15.6
2026-04-03 06:27:57.000,16.8
2026-04-03 06:27:59.000,16.8
2026-04-03 06:27:59.000,15.6
2026-04-03 06:28:01.000,15.6
2026-04-03 06:28:01.000,16.8
2026-04-03 06:28:05.000,16.8
2026-04-03 06:28:05.000,18
2026-04-03 06:28:09.000,18
2026-04-03 06:28:09.000,19.2
2026-04-03 06:28:13.000,19.2
2026-04-03 06:28:13.000,20.4
2026-04-03 06:28:17.000,20.4
2026-04-03 06:28:17.000,21.6
2026-04-03 06:28:19.000,21.6
2026-04-03 06:28:19.000,20.4
2026-04-03 06:28:29.000,20.4
2026-04-03 06:28:29.000,21.6
2026-04-03 06:28:35.000,21.6
2026-04-03 06:28:35.000,22.8
2026-04-03 06:28:45.000,22.8
2026-04-03 06:28:45.000,19.2
2026-04-03 06:28:47.000,19.2
2026-04-03 06:28:47.000,10.8
2026-04-03 06:28:49.000,10.8
2026-04-03 06:28:49.000,6
2026-04-03 06:28:51.000,6
2026-04-03 06:28:51.000,3.6
2026-04-03 06:28:53.000,3.6
2026-04-03 06:28:53.000,1.2
2026-04-03 06:29:07.000,1.2
2026-04-03 06:29:07.000,2.4
2026-04-03 06:29:15.000,2.4
2026-04-03 06:29:15.000,1.2
2026-04-03 06:29:31.000,1.2
2026-04-03 06:29:31.000,3.6
2026-04-03 06:29:33.000,3.6
2026-04-03 06:29:33.000,9.6
2026-04-03 06:29:35.000,9.6
2026-04-03 06:29:35.000,7.2
2026-04-03 06:29:37.000,7.2
2026-04-03 06:29:37.000,0
2026-04-03 06:29:47.000,0
2026-04-03 06:29:47.000,1.2
2026-04-03 06:29:59.000,1.2
2026-04-03 06:29:59.000,4.8
2026-04-03 06:30:01.000,4.8
2026-04-03 06:30:01.000,3.6
2026-04-03 06:30:05.000,3.6
2026-04-03 06:30:05.000,2.4
2026-04-03 06:30:11.000,2.4
2026-04-03 06:30:11.000,6
2026-04-03 06:30:13.000,6
2026-04-03 06:30:13.000,13.2
2026-04-03 06:30:15.000,13.2
2026-04-03 06:30:15.000,20.4
2026-04-03 06:30:17.000,20.4
2026-04-03 06:30:17.000,25.2
2026-04-03 06:30:19.000,25.2
2026-04-03 06:30:19.000,28.8
2026-04-03 06:30:21.000,28.8
2026-04-03 06:30:21.000,30
2026-04-03 06:30:23.000,30
2026-04-03 06:30:23.000,31.2
2026-04-03 06:30:25.000,31.2
2026-04-03 06:30:25.000,28.8
2026-04-03 06:30:27.000,28.8
2026-04-03 06:30:27.000,25.2
2026-04-03 06:30:29.000,25.2
2026-04-03 06:30:29.000,22.8
2026-04-03 06:30:31.000,22.8
2026-04-03 06:30:31.000,19.2
2026-04-03 06:30:33.000,19.2
2026-04-03 06:30:33.000,20.4
2026-04-03 06:30:35.000,20.4
2026-04-03 06:30:35.000,16.8
2026-04-03 06:30:37.000,16.8
2026-04-03 06:30:37.000,15.6
2026-04-03 06:30:43.000,15.6
2026-04-03 06:30:43.000,14.4
2026-04-03 06:30:49.000,14.4
2026-04-03 06:30:49.000,10.8
2026-04-03 06:30:51.000,10.8
2026-04-03 06:30:51.000,9.6
2026-04-03 06:30:53.000,9.6
2026-04-03 06:30:53.000,7.2
2026-04-03 06:30:55.000,7.2
2026-04-03 06:30:55.000,2.4
2026-04-03 06:31:03.000,2.4
2026-04-03 06:31:03.000,1.2
2026-04-03 06:31:17.000,1.2
2026-04-03 06:31:17.000,2.4
2026-04-03 06:31:25.000,2.4
2026-04-03 06:31:25.000,1.2
2026-04-03 06:31:29.000,1.2
2026-04-03 06:31:29.000,2.4
2026-04-03 06:31:33.000,2.4
2026-04-03 06:31:33.000,3.6
2026-04-03 06:31:37.000,3.6
2026-04-03 06:31:37.000,4.8
2026-04-03 06:31:39.000,4.8
2026-04-03 06:31:39.000,6
2026-04-03 06:31:41.000,6
2026-04-03 06:31:41.000,8.4
2026-04-03 06:31:43.000,8.4
2026-04-03 06:31:43.000,14.4
2026-04-03 06:31:45.000,14.4
2026-04-03 06:31:45.000,6
2026-04-03 06:31:47.000,6
2026-04-03 06:31:47.000,7.2
2026-04-03 06:31:49.000,7.2
2026-04-03 06:31:49.000,1.2
2026-04-03 06:31:51.000,1.2
2026-04-03 06:31:51.000,3.6
2026-04-03 06:31:53.000,3.6
2026-04-03 06:31:53.000,0
2026-04-03 06:32:03.000,0
2026-04-03 06:32:03.000,2.4
2026-04-03 06:32:05.000,2.4
2026-04-03 06:32:05.000,4.8
2026-04-03 06:32:07.000,4.8
2026-04-03 06:32:07.000,8.4
2026-04-03 06:32:09.000,8.4
2026-04-03 06:32:09.000,13.2
2026-04-03 06:32:11.000,13.2
2026-04-03 06:32:11.000,12
2026-04-03 06:32:13.000,12
2026-04-03 06:32:13.000,13.2
2026-04-03 06:32:15.000,13.2
2026-04-03 06:32:15.000,14.4
2026-04-03 06:32:19.000,14.4
2026-04-03 06:32:19.000,13.2
2026-04-03 06:32:25.000,13.2
2026-04-03 06:32:25.000,14.4
2026-04-03 06:32:29.000,14.4
2026-04-03 06:32:29.000,13.2
2026-04-03 06:32:31.000,13.2
2026-04-03 06:32:31.000,10.8
2026-04-03 06:32:33.000,10.8
2026-04-03 06:32:33.000,6
2026-04-03 06:32:35.000,6
2026-04-03 06:32:35.000,7.2
2026-04-03 06:32:37.000,7.2
2026-04-03 06:32:37.000,2.4
2026-04-03 06:32:43.000,2.4
2026-04-03 06:32:43.000,1.2
2026-04-03 06:32:45.000,1.2
2026-04-03 06:32:45.000,2.4
2026-04-03 06:32:47.000,2.4
2026-04-03 06:32:47.000,1.2
2026-04-03 06:32:49.000,1.2
2026-04-03 06:32:49.000,2.4
2026-04-03 06:32:51.000,2.4
2026-04-03 06:32:51.000,3.6
2026-04-03 06:33:01.000,3.6
2026-04-03 06:33:01.000,4.8
2026-04-03 06:33:05.000,4.8
2026-04-03 06:33:05.000,6
2026-04-03 06:33:09.000,6
2026-04-03 06:33:09.000,10.8
2026-04-03 06:33:11.000,10.8
2026-04-03 06:33:11.000,9.6
2026-04-03 06:33:13.000,9.6
2026-04-03 06:33:13.000,13.2
2026-04-03 06:33:15.000,13.2
2026-04-03 06:33:15.000,12
2026-04-03 06:33:17.000,12
2026-04-03 06:33:17.000,4.8
2026-04-03 06:33:19.000,4.8
2026-04-03 06:33:19.000,2.4
2026-04-03 06:33:25.000,2.4
2026-04-03 06:33:25.000,4.8
2026-04-03 06:33:45.000,4.8
2026-04-03 06:33:45.000,6
2026-04-03 06:34:03.000,6
2026-04-03 06:34:03.000,4.8
2026-04-03 06:34:07.000,4.8
2026-04-03 06:34:07.000,6
2026-04-03 06:34:15.000,6
2026-04-03 06:34:15.000,4.8
2026-04-03 06:34:19.000,4.8
2026-04-03 06:34:19.000,6
2026-04-03 06:34:21.000,6
2026-04-03 06:34:21.000,4.8
2026-04-03 06:34:27.000,4.8
2026-04-03 06:34:27.000,6
2026-04-03 06:34:37.000,6
2026-04-03 06:34:37.000,4.8
2026-04-03 06:34:39.000,4.8
2026-04-03 06:34:39.000,6
2026-04-03 06:34:41.000,6
2026-04-03 06:34:41.000,4.8
2026-04-03 06:34:59.000,4.8
2026-04-03 06:34:59.000,6
2026-04-03 06:35:03.000,6
2026-04-03 06:35:03.000,4.8
2026-04-03 06:35:05.000,4.8
2026-04-03 06:35:05.000,6
2026-04-03 06:35:07.000,6
2026-04-03 06:35:07.000,4.8
2026-04-03 06:35:09.000,4.8
2026-04-03 06:35:09.000,6
2026-04-03 06:35:29.000,6
2026-04-03 06:35:29.000,4.8
2026-04-03 06:35:35.000,4.8
2026-04-03 06:35:35.000,6
2026-04-03 06:35:41.000,6
2026-04-03 06:35:41.000,7.2
2026-04-03 06:35:45.000,7.2
2026-04-03 06:35:45.000,6
2026-04-03 06:35:51.000,6
2026-04-03 06:35:51.000,7.2
2026-04-03 06:36:03.000,7.2
2026-04-03 06:36:03.000,4.8
2026-04-03 06:36:05.000,4.8
2026-04-03 06:36:05.000,9.6
2026-04-03 06:36:07.000,9.6
2026-04-03 06:36:07.000,7.2
2026-04-03 06:36:09.000,7.2
2026-04-03 06:36:09.000,3.6
2026-04-03 06:36:11.000,3.6
2026-04-03 06:36:11.000,6
2026-04-03 06:36:13.000,6
2026-04-03 06:36:13.000,2.4
2026-04-03 06:36:15.000,2.4
2026-04-03 06:36:15.000,3.6
2026-04-03 06:36:17.000,3.6
2026-04-03 06:36:17.000,2.4
2026-04-03 06:36:21.000,2.4
2026-04-03 06:36:21.000,1.2
2026-04-03 06:36:23.000,1.2
2026-04-03 06:36:23.000,2.4
2026-04-03 06:36:25.000,2.4
2026-04-03 06:36:25.000,3.6
2026-04-03 06:36:31.000,3.6
2026-04-03 06:36:31.000,4.8
2026-04-03 06:36:35.000,4.8
2026-04-03 06:36:35.000,6
2026-04-03 06:36:41.000,6
2026-04-03 06:36:41.000,7.2
2026-04-03 06:36:47.000,7.2
2026-04-03 06:36:47.000,6
2026-04-03 06:36:51.000,6
2026-04-03 06:36:51.000,4.8
2026-04-03 06:36:55.000,4.8
2026-04-03 06:36:55.000,3.6
2026-04-03 06:37:23.000,3.6
2026-04-03 06:37:23.000,4.8
2026-04-03 06:37:35.000,4.8
2026-04-03 06:37:35.000,3.6
2026-04-03 06:38:23.000,3.6
2026-04-03 06:38:23.000,4.8
2026-04-03 06:38:25.000,4.8
2026-04-03 06:38:25.000,3.6
2026-04-03 06:38:27.000,3.6
2026-04-03 06:38:27.000,4.8
2026-04-03 06:38:29.000,4.8
2026-04-03 06:38:29.000,3.6
2026-04-03 06:39:25.000,3.6
2026-04-03 06:39:25.000,4.8
2026-04-03 06:39:27.000,4.8
2026-04-03 06:39:27.000,3.6
2026-04-03 06:40:39.000,3.6
2026-04-03 06:40:39.000,4.8
2026-04-03 06:40:41.000,4.8
2026-04-03 06:40:41.000,7.2
2026-04-03 06:40:45.000,7.2
2026-04-03 06:40:45.000,6
2026-04-03 06:40:47.000,6
2026-04-03 06:40:47.000,1.2
2026-04-03 06:40:49.000,1.2
2026-04-03 06:40:49.000,0
2026-04-03 06:40:57.000,0
2026-04-03 06:40:57.000,1.2
2026-04-03 06:40:59.000,1.2
2026-04-03 06:40:59.000,0
2026-04-03 06:41:01.000,0
2026-04-03 06:41:01.000,1.2
2026-04-03 06:41:03.000,1.2
2026-04-03 06:41:03.000,2.4
2026-04-03 06:41:15.000,2.4
2026-04-03 06:41:15.000,3.6
2026-04-03 06:41:23.000,3.6
2026-04-03 06:41:23.000,2.4
2026-04-03 06:41:35.000,2.4
2026-04-03 06:41:35.000,3.6
2026-04-03 06:41:39.000,3.6
2026-04-03 06:41:39.000,2.4
2026-04-03 06:41:47.000,2.4
2026-04-03 06:41:47.000,3.6
2026-04-03 06:41:53.000,3.6
2026-04-03 06:41:53.000,2.4
2026-04-03 06:42:01.000,2.4
2026-04-03 06:42:01.000,3.6
2026-04-03 06:42:03.000,3.6
2026-04-03 06:42:03.000,4.8
2026-04-03 06:42:05.000,4.8
2026-04-03 06:42:05.000,6
2026-04-03 06:42:07.000,6
2026-04-03 06:42:07.000,4.8
2026-04-03 06:42:11.000,4.8
2026-04-03 06:42:11.000,3.6
2026-04-03 06:42:15.000,3.6
2026-04-03 06:42:15.000,2.4
2026-04-03 06:42:29.000,2.4
2026-04-03 06:42:29.000,3.6
2026-04-03 06:42:49.000,3.6
2026-04-03 06:42:49.000,2.4
2026-04-03 06:43:11.000,2.4
2026-04-03 06:43:11.000,3.6
2026-04-03 06:43:21.000,3.6
2026-04-03 06:43:21.000,2.4
2026-04-03 06:43:47.000,2.4
2026-04-03 06:43:47.000,3.6
2026-04-03 06:43:49.000,3.6
2026-04-03 06:43:49.000,6
2026-04-03 06:43:51.000,6
2026-04-03 06:43:51.000,10.8
2026-04-03 06:43:53.000,10.8
2026-04-03 06:43:53.000,13.2
2026-04-03 06:43:55.000,13.2
2026-04-03 06:43:55.000,4.8
2026-04-03 06:43:57.000,4.8
2026-04-03 06:43:57.000,6
2026-04-03 06:43:59.000,6
2026-04-03 06:43:59.000,0
2026-04-03 06:44:01.000,0
2026-04-03 06:44:01.000,1.2
2026-04-03 06:44:03.000,1.2
2026-04-03 06:44:03.000,0
2026-04-03 06:44:21.000,0
2026-04-03 06:44:21.000,2.4
2026-04-03 06:44:23.000,2.4
2026-04-03 06:44:23.000,3.6
2026-04-03 06:44:25.000,3.6
2026-04-03 06:44:25.000,4.8
2026-04-03 06:44:27.000,4.8
2026-04-03 06:44:27.000,3.6
2026-04-03 06:44:29.000,3.6
2026-04-03 06:44:29.000,4.8
2026-04-03 06:44:31.000,4.8
2026-04-03 06:44:31.000,1.2
2026-04-03 06:44:35.000,1.2
2026-04-03 06:44:35.000,0
2026-04-03 06:44:49.000,0
2026-04-03 06:44:49.000,1.2
2026-04-03 06:45:19.000,1.2
2026-04-03 06:45:19.000,2.4
2026-04-03 06:45:23.000,2.4
2026-04-03 06:45:23.000,3.6
2026-04-03 06:45:29.000,3.6
2026-04-03 06:45:29.000,4.8
2026-04-03 06:45:35.000,4.8
2026-04-03 06:45:35.000,6
2026-04-03 06:45:41.000,6
2026-04-03 06:45:41.000,7.2
2026-04-03 06:46:13.000,7.2
2026-04-03 06:46:13.000,8.4
2026-04-03 06:46:23.000,8.4
2026-04-03 06:46:23.000,9.6
2026-04-03 06:46:29.000,9.6
2026-04-03 06:46:29.000,14.4
2026-04-03 06:46:31.000,14.4
2026-04-03 06:46:31.000,13.2
2026-04-03 06:46:33.000,13.2
2026-04-03 06:46:33.000,4.8
2026-04-03 06:46:35.000,4.8
2026-04-03 06:46:35.000,0
2026-04-03 06:46:41.000,0
2026-04-03 06:46:41.000,1.2
2026-04-03 06:46:51.000,1.2
2026-04-03 06:46:51.000,2.4
2026-04-03 06:46:53.000,2.4
2026-04-03 06:46:53.000,9.6
2026-04-03 06:46:55.000,9.6
2026-04-03 06:46:55.000,0
2026-04-03 06:46:57.000,0
2026-04-03 06:46:57.000,2.4
2026-04-03 06:46:59.000,2.4
2026-04-03 06:46:59.000,0
2026-04-03 06:47:19.000,0
2026-04-03 06:47:19.000,1.2
2026-04-03 06:47:21.000,1.2
2026-04-03 06:47:21.000,2.4
2026-04-03 06:47:25.000,2.4
2026-04-03 06:47:25.000,3.6
2026-04-03 06:47:31.000,3.6
2026-04-03 06:47:31.000,2.4
2026-04-03 06:47:39.000,2.4
2026-04-03 06:47:39.000,1.2
2026-04-03 06:47:57.000,1.2
2026-04-03 06:47:57.000,2.4
2026-04-03 06:48:01.000,2.4
2026-04-03 06:48:01.000,3.6
2026-04-03 06:48:13.000,3.6
2026-04-03 06:48:13.000,2.4
2026-04-03 06:48:17.000,2.4
2026-04-03 06:48:17.000,1.2
2026-04-03 06:48:35.000,1.2
2026-04-03 06:48:35.000,2.4
2026-04-03 06:48:39.000,2.4
2026-04-03 06:48:39.000,3.6
2026-04-03 06:48:45.000,3.6
2026-04-03 06:48:45.000,2.4
2026-04-03 06:49:05.000,2.4
2026-04-03 06:49:05.000,3.6
2026-04-03 06:49:09.000,3.6
2026-04-03 06:49:09.000,2.4
2026-04-03 06:49:13.000,2.4
2026-04-03 06:49:13.000,1.2
2026-04-03 06:49:29.000,1.2
2026-04-03 06:49:29.000,2.4
2026-04-03 06:49:35.000,2.4
2026-04-03 06:49:35.000,7.2
2026-04-03 06:49:37.000,7.2
2026-04-03 06:49:37.000,6
2026-04-03 06:49:39.000,6
2026-04-03 06:49:39.000,8.4
2026-04-03 06:49:41.000,8.4
2026-04-03 06:49:41.000,4.8
2026-04-03 06:49:43.000,4.8
2026-04-03 06:49:43.000,6
2026-04-03 06:49:45.000,6
2026-04-03 06:49:45.000,1.2
2026-04-03 06:49:47.000,1.2
2026-04-03 06:49:47.000,3.6
2026-04-03 06:49:49.000,3.6
2026-04-03 06:49:49.000,2.4
2026-04-03 06:49:57.000,2.4
2026-04-03 06:49:57.000,1.2
2026-04-03 06:49:59.000,1.2
2026-04-03 06:49:59.000,2.4
2026-04-03 06:50:17.000,2.4
2026-04-03 06:50:17.000,3.6
2026-04-03 06:50:19.000,3.6
2026-04-03 06:50:19.000,7.2
2026-04-03 06:50:21.000,7.2
2026-04-03 06:50:21.000,9.6
2026-04-03 06:50:23.000,9.6
2026-04-03 06:50:23.000,8.4
2026-04-03 06:50:25.000,8.4
2026-04-03 06:50:25.000,7.2
2026-04-03 06:50:27.000,7.2
2026-04-03 06:50:27.000,6
2026-04-03 06:50:29.000,6
2026-04-03 06:50:29.000,4.8
2026-04-03 06:50:33.000,4.8
2026-04-03 06:50:33.000,2.4
2026-04-03 06:50:37.000,2.4
2026-04-03 06:50:37.000,1.2
2026-04-03 06:50:41.000,1.2
2026-04-03 06:50:41.000,0
2026-04-03 06:50:47.000,0
2026-04-03 06:50:47.000,1.2
2026-04-03 06:50:57.000,1.2
2026-04-03 06:50:57.000,2.4
2026-04-03 06:51:07.000,2.4
2026-04-03 06:51:07.000,1.2
2026-04-03 06:51:41.000,1.2
2026-04-03 06:51:41.000,2.4
2026-04-03 06:51:53.000,2.4
2026-04-03 06:51:53.000,1.2
2026-04-03 06:52:03.000,1.2
2026-04-03 06:52:03.000,2.4
2026-04-03 06:52:07.000,2.4
2026-04-03 06:52:07.000,4.8
2026-04-03 06:52:11.000,4.8
2026-04-03 06:52:11.000,6
2026-04-03 06:52:13.000,6
2026-04-03 06:52:13.000,7.2
2026-04-03 06:52:15.000,7.2
2026-04-03 06:52:15.000,8.4
2026-04-03 06:52:25.000,8.4
2026-04-03 06:52:25.000,7.2
2026-04-03 06:52:29.000,7.2
2026-04-03 06:52:29.000,6
2026-04-03 06:52:33.000,6
2026-04-03 06:52:33.000,4.8
2026-04-03 06:52:37.000,4.8
2026-04-03 06:52:37.000,3.6
2026-04-03 06:52:51.000,3.6
2026-04-03 06:52:51.000,4.8
2026-04-03 06:52:57.000,4.8
2026-04-03 06:52:57.000,6
2026-04-03 06:52:59.000,6
2026-04-03 06:52:59.000,4.8
2026-04-03 06:53:03.000,4.8
2026-04-03 06:53:03.000,3.6
2026-04-03 06:53:07.000,3.6
2026-04-03 06:53:07.000,2.4
2026-04-03 06:53:33.000,2.4
2026-04-03 06:53:33.000,3.6
2026-04-03 06:53:37.000,3.6
2026-04-03 06:53:37.000,2.4
2026-04-03 06:53:39.000,2.4
2026-04-03 06:53:39.000,3.6
2026-04-03 06:53:41.000,3.6
2026-04-03 06:53:41.000,4.8
2026-04-03 06:53:43.000,4.8
2026-04-03 06:53:43.000,3.6
2026-04-03 06:53:49.000,3.6
2026-04-03 06:53:49.000,2.4
2026-04-03 06:54:07.000,2.4
2026-04-03 06:54:07.000,4.8
2026-04-03 06:54:11.000,4.8
2026-04-03 06:54:11.000,6
2026-04-03 06:54:15.000,6
2026-04-03 06:54:15.000,4.8
2026-04-03 06:54:17.000,4.8
2026-04-03 06:54:17.000,6
2026-04-03 06:54:19.000,6
2026-04-03 06:54:19.000,4.8
2026-04-03 06:54:27.000,4.8
2026-04-03 06:54:27.000,3.6
2026-04-03 06:54:29.000,3.6
2026-04-03 06:54:29.000,4.8
2026-04-03 06:54:31.000,4.8
2026-04-03 06:54:31.000,2.4
2026-04-03 06:54:35.000,2.4
2026-04-03 06:54:35.000,4.8
2026-04-03 06:54:37.000,4.8
2026-04-03 06:54:37.000,2.4
2026-04-03 06:54:49.000,2.4
2026-04-03 06:54:49.000,1.2
2026-04-03 06:54:51.000,1.2
2026-04-03 06:54:51.000,2.4
2026-04-03 06:54:53.000,2.4
2026-04-03 06:54:53.000,4.8
2026-04-03 06:54:55.000,4.8
2026-04-03 06:54:55.000,6
2026-04-03 06:54:57.000,6
2026-04-03 06:54:57.000,4.8
2026-04-03 06:54:59.000,4.8
2026-04-03 06:54:59.000,2.4
2026-04-03 06:55:01.000,2.4
2026-04-03 06:55:01.000,1.2
2026-04-03 06:55:23.000,1.2
2026-04-03 06:55:23.000,2.4
2026-04-03 06:55:29.000,2.4
2026-04-03 06:55:29.000,3.6
2026-04-03 06:55:31.000,3.6
2026-04-03 06:55:31.000,2.4
2026-04-03 06:55:41.000,2.4
2026-04-03 06:55:41.000,1.2
2026-04-03 06:56:03.000,1.2
2026-04-03 06:56:03.000,2.4
2026-04-03 06:56:07.000,2.4
2026-04-03 06:56:07.000,3.6
2026-04-03 06:56:09.000,3.6
2026-04-03 06:56:09.000,2.4
2026-04-03 06:56:11.000,2.4
2026-04-03 06:56:11.000,3.6
2026-04-03 06:56:15.000,3.6
2026-04-03 06:56:15.000,2.4
2026-04-03 06:56:19.000,2.4
2026-04-03 06:56:19.000,1.2
2026-04-03 06:56:39.000,1.2
2026-04-03 06:56:39.000,2.4
2026-04-03 06:56:45.000,2.4
2026-04-03 06:56:45.000,3.6
2026-04-03 06:56:49.000,3.6
2026-04-03 06:56:49.000,2.4
2026-04-03 06:56:55.000,2.4
2026-04-03 06:56:55.000,1.2
2026-04-03 06:57:17.000,1.2
2026-04-03 06:57:17.000,2.4
2026-04-03 06:57:19.000,2.4
2026-04-03 06:57:19.000,3.6
2026-04-03 06:57:21.000,3.6
2026-04-03 06:57:21.000,9.6
2026-04-03 06:57:23.000,9.6
2026-04-03 06:57:23.000,13.2
2026-04-03 06:57:25.000,13.2
2026-04-03 06:57:25.000,0
2026-04-03 06:57:45.000,0
2026-04-03 06:57:45.000,1.2
2026-04-03 06:57:47.000,1.2
2026-04-03 06:57:47.000,2.4
2026-04-03 06:57:49.000,2.4
2026-04-03 06:57:49.000,3.6
2026-04-03 06:57:51.000,3.6
2026-04-03 06:57:51.000,4.8
2026-04-03 06:57:55.000,4.8
2026-04-03 06:57:55.000,3.6
2026-04-03 06:57:59.000,3.6
2026-04-03 06:57:59.000,2.4
2026-04-03 06:58:05.000,2.4
2026-04-03 06:58:05.000,1.2
2026-04-03 06:58:27.000,1.2
2026-04-03 06:58:27.000,2.4
2026-04-03 06:58:29.000,2.4
2026-04-03 06:58:29.000,3.6
2026-04-03 06:58:31.000,3.6
2026-04-03 06:58:31.000,2.4
2026-04-03 06:58:35.000,2.4
2026-04-03 06:58:35.000,1.2
2026-04-03 06:58:49.000,1.2
2026-04-03 06:58:49.000,2.4
2026-04-03 06:58:53.000,2.4
2026-04-03 06:58:53.000,4.8
2026-04-03 06:58:55.000,4.8
2026-04-03 06:58:55.000,3.6
2026-04-03 06:58:59.000,3.6
2026-04-03 06:58:59.000,2.4
2026-04-03 06:59:05.000,2.4
2026-04-03 06:59:05.000,1.2
2026-04-03 06:59:15.000,1.2
2026-04-03 06:59:15.000,2.4
2026-04-03 06:59:21.000,2.4
2026-04-03 06:59:21.000,3.6
2026-04-03 06:59:27.000,3.6
2026-04-03 06:59:27.000,4.8
2026-04-03 06:59:29.000,4.8
2026-04-03 06:59:29.000,6
2026-04-03 06:59:33.000,6
2026-04-03 06:59:33.000,7.2
2026-04-03 06:59:35.000,7.2
2026-04-03 06:59:35.000,6
2026-04-03 06:59:43.000,6
2026-04-03 06:59:43.000,4.8
2026-04-03 06:59:57.000,4.8
2026-04-03 06:59:57.000,3.6
2026-04-03 07:00:05.000,3.6
2026-04-03 07:00:05.000,2.4
2026-04-03 07:00:11.000,2.4
2026-04-03 07:00:11.000,3.6
2026-04-03 07:00:15.000,3.6
2026-04-03 07:00:15.000,1.2
2026-04-03 07:00:17.000,1.2
2026-04-03 07:00:17.000,6
2026-04-03 07:00:19.000,6
2026-04-03 07:00:19.000,2.4
2026-04-03 07:00:21.000,2.4
2026-04-03 07:00:21.000,7.2
2026-04-03 07:00:23.000,7.2
2026-04-03 07:00:23.000,3.6
2026-04-03 07:00:25.000,3.6
2026-04-03 07:00:25.000,4.8
2026-04-03 07:00:27.000,4.8
2026-04-03 07:00:27.000,3.6
2026-04-03 07:00:39.000,3.6
2026-04-03 07:00:39.000,4.8
2026-04-03 07:00:45.000,4.8
2026-04-03 07:00:45.000,6
2026-04-03 07:00:47.000,6
2026-04-03 07:00:47.000,7.2
2026-04-03 07:00:51.000,7.2
2026-04-03 07:00:51.000,6
2026-04-03 07:00:53.000,6
2026-04-03 07:00:53.000,8.4
2026-04-03 07:00:55.000,8.4
2026-04-03 07:00:55.000,4.8
2026-04-03 07:00:57.000,4.8
2026-04-03 07:00:57.000,6
2026-04-03 07:00:59.000,6
2026-04-03 07:00:59.000,4.8
2026-04-03 07:01:01.000,4.8
2026-04-03 07:01:01.000,6
2026-04-03 07:01:03.000,6
2026-04-03 07:01:03.000,4.8
2026-04-03 07:01:11.000,4.8
2026-04-03 07:01:11.000,3.6
2026-04-03 07:01:15.000,3.6
2026-04-03 07:01:15.000,4.8
2026-04-03 07:01:17.000,4.8
2026-04-03 07:01:17.000,3.6
2026-04-03 07:01:19.000,3.6
2026-04-03 07:01:19.000,4.8
2026-04-03 07:01:23.000,4.8
2026-04-03 07:01:23.000,3.6
2026-04-03 07:01:25.000,3.6
2026-04-03 07:01:25.000,4.8
2026-04-03 07:01:27.000,4.8
2026-04-03 07:01:27.000,3.6
2026-04-03 07:01:47.000,3.6
2026-04-03 07:01:47.000,4.8
2026-04-03 07:02:01.000,4.8
2026-04-03 07:02:01.000,3.6
2026-04-03 07:02:23.000,3.6
2026-04-03 07:02:23.000,4.8
2026-04-03 07:02:37.000,4.8
2026-04-03 07:02:37.000,3.6
2026-04-03 07:03:09.000,3.6
2026-04-03 07:03:09.000,4.8
2026-04-03 07:03:17.000,4.8
2026-04-03 07:03:17.000,3.6
2026-04-03 07:03:53.000,3.6
2026-04-03 07:03:53.000,4.8
2026-04-03 07:03:59.000,4.8
2026-04-03 07:03:59.000,6
2026-04-03 07:04:01.000,6
2026-04-03 07:04:01.000,4.8
2026-04-03 07:04:05.000,4.8
2026-04-03 07:04:05.000,3.6
2026-04-03 07:04:27.000,3.6
2026-04-03 07:04:27.000,4.8
2026-04-03 07:04:39.000,4.8
2026-04-03 07:04:39.000,3.6
2026-04-03 07:05:05.000,3.6
2026-04-03 07:05:05.000,4.8
2026-04-03 07:05:09.000,4.8
2026-04-03 07:05:09.000,7.2
2026-04-03 07:05:13.000,7.2
2026-04-03 07:05:13.000,6
2026-04-03 07:05:21.000,6
2026-04-03 07:05:21.000,4.8
2026-04-03 07:05:27.000,4.8
2026-04-03 07:05:27.000,3.6
2026-04-03 07:05:31.000,3.6
2026-04-03 07:05:31.000,4.8
2026-04-03 07:05:39.000,4.8
2026-04-03 07:05:39.000,6
2026-04-03 07:05:49.000,6
2026-04-03 07:05:49.000,7.2
2026-04-03 07:06:01.000,7.2
2026-04-03 07:06:01.000,8.4
2026-04-03 07:06:09.000,8.4
2026-04-03 07:06:09.000,7.2
2026-04-03 07:06:17.000,7.2
2026-04-03 07:06:17.000,8.4
2026-04-03 07:06:23.000,8.4
2026-04-03 07:06:23.000,7.2
2026-04-03 07:06:27.000,7.2
2026-04-03 07:06:27.000,6
2026-04-03 07:06:37.000,6
2026-04-03 07:06:37.000,7.2
2026-04-03 07:06:41.000,7.2
2026-04-03 07:06:41.000,6
2026-04-03 07:06:43.000,6
2026-04-03 07:06:43.000,8.4
2026-04-03 07:06:45.000,8.4
2026-04-03 07:06:45.000,7.2
2026-04-03 07:06:47.000,7.2
2026-04-03 07:06:47.000,8.4
2026-04-03 07:06:59.000,8.4
2026-04-03 07:06:59.000,9.6
2026-04-03 07:07:01.000,9.6
2026-04-03 07:07:01.000,8.4
2026-04-03 07:07:05.000,8.4
2026-04-03 07:07:05.000,9.6
2026-04-03 07:07:11.000,9.6
2026-04-03 07:07:11.000,10.8
2026-04-03 07:07:13.000,10.8
2026-04-03 07:07:13.000,9.6
2026-04-03 07:07:17.000,9.6
2026-04-03 07:07:17.000,8.4
2026-04-03 07:07:21.000,8.4
2026-04-03 07:07:21.000,9.6
2026-04-03 07:07:33.000,9.6
2026-04-03 07:07:33.000,10.8
2026-04-03 07:08:09.000,10.8
2026-04-03 07:08:09.000,12
2026-04-03 07:08:21.000,12
2026-04-03 07:08:21.000,13.2
2026-04-03 07:08:29.000,13.2
2026-04-03 07:08:29.000,12
2026-04-03 07:08:37.000,12
2026-04-03 07:08:37.000,10.8
2026-04-03 07:08:39.000,10.8
2026-04-03 07:08:39.000,12
2026-04-03 07:08:55.000,12
2026-04-03 07:08:55.000,13.2
2026-04-03 07:09:09.000,13.2
2026-04-03 07:09:09.000,12
2026-04-03 07:09:35.000,12
2026-04-03 07:09:35.000,13.2
2026-04-03 07:10:03.000,13.2
2026-04-03 07:10:03.000,12
2026-04-03 07:10:21.000,12
2026-04-03 07:10:21.000,13.2
2026-04-03 07:10:33.000,13.2
2026-04-03 07:10:33.000,12
2026-04-03 07:10:41.000,12
2026-04-03 07:10:41.000,13.2
2026-04-03 07:10:43.000,13.2
2026-04-03 07:10:43.000,12
2026-04-03 07:10:47.000,12
2026-04-03 07:10:47.000,13.2
2026-04-03 07:11:05.000,13.2
2026-04-03 07:11:05.000,12
2026-04-03 07:11:15.000,12
2026-04-03 07:11:15.000,13.2
2026-04-03 07:11:35.000,13.2
2026-04-03 07:11:35.000,14.4
2026-04-03 07:11:39.000,14.4
2026-04-03 07:11:39.000,4.8
2026-04-03 07:11:41.000,4.8
2026-04-03 07:11:41.000,6
2026-04-03 07:11:43.000,6
2026-04-03 07:11:43.000,4.8
2026-04-03 07:11:45.000,4.8
2026-04-03 07:11:45.000,7.2
2026-04-03 07:11:47.000,7.2
2026-04-03 07:11:47.000,9.6
2026-04-03 07:11:55.000,9.6
2026-04-03 07:11:55.000,10.8
2026-04-03 07:11:59.000,10.8
2026-04-03 07:11:59.000,13.2
2026-04-03 07:12:03.000,13.2
2026-04-03 07:12:03.000,18
2026-04-03 07:12:05.000,18
2026-04-03 07:12:05.000,12
2026-04-03 07:12:07.000,12
2026-04-03 07:12:07.000,16.8
2026-04-03 07:12:09.000,16.8
2026-04-03 07:12:09.000,12
2026-04-03 07:12:11.000,12
2026-04-03 07:12:11.000,13.2
2026-04-03 07:12:15.000,13.2
2026-04-03 07:12:15.000,12
2026-04-03 07:12:17.000,12
2026-04-03 07:12:17.000,9.6
2026-04-03 07:12:19.000,9.6
2026-04-03 07:12:19.000,10.8
2026-04-03 07:12:23.000,10.8
2026-04-03 07:12:23.000,12
2026-04-03 07:12:41.000,12
2026-04-03 07:12:41.000,13.2
2026-04-03 07:12:45.000,13.2
2026-04-03 07:12:45.000,14.4
2026-04-03 07:12:51.000,14.4
2026-04-03 07:12:51.000,13.2
2026-04-03 07:12:59.000,13.2
2026-04-03 07:12:59.000,12
2026-04-03 07:13:01.000,12
2026-04-03 07:13:01.000,13.2
2026-04-03 07:13:29.000,13.2
2026-04-03 07:13:29.000,14.4
2026-04-03 07:13:33.000,14.4
2026-04-03 07:13:33.000,15.6
2026-04-03 07:13:37.000,15.6
2026-04-03 07:13:37.000,14.4
2026-04-03 07:13:41.000,14.4
2026-04-03 07:13:41.000,13.2
2026-04-03 07:14:05.000,13.2
2026-04-03 07:14:05.000,14.4
2026-04-03 07:14:19.000,14.4
2026-04-03 07:14:19.000,13.2
2026-04-03 07:14:41.000,13.2
2026-04-03 07:14:41.000,14.4
2026-04-03 07:14:59.000,14.4
2026-04-03 07:14:59.000,13.2
2026-04-03 07:15:23.000,13.2
2026-04-03 07:15:23.000,14.4
2026-04-03 07:15:35.000,14.4
2026-04-03 07:15:35.000,15.6
2026-04-03 07:15:37.000,15.6
2026-04-03 07:15:37.000,14.4
2026-04-03 07:15:39.000,14.4
2026-04-03 07:15:39.000,15.6
2026-04-03 07:15:41.000,15.6
2026-04-03 07:15:41.000,14.4
2026-04-03 07:15:43.000,14.4
2026-04-03 07:15:43.000,13.2
2026-04-03 07:15:45.000,13.2
2026-04-03 07:15:45.000,14.4
2026-04-03 07:15:47.000,14.4
2026-04-03 07:15:47.000,12
2026-04-03 07:15:49.000,12
2026-04-03 07:15:49.000,14.4
2026-04-03 07:15:51.000,14.4
2026-04-03 07:15:51.000,13.2
2026-04-03 07:15:53.000,13.2
2026-04-03 07:15:53.000,12
2026-04-03 07:16:09.000,12
2026-04-03 07:16:09.000,13.2
2026-04-03 07:16:17.000,13.2
2026-04-03 07:16:17.000,15.6
2026-04-03 07:16:19.000,15.6
2026-04-03 07:16:19.000,14.4
2026-04-03 07:16:27.000,14.4
2026-04-03 07:16:27.000,13.2
2026-04-03 07:16:35.000,13.2
2026-04-03 07:16:35.000,12
2026-04-03 07:16:39.000,12
2026-04-03 07:16:39.000,13.2
2026-04-03 07:16:51.000,13.2
2026-04-03 07:16:51.000,14.4
2026-04-03 07:16:55.000,14.4
2026-04-03 07:16:55.000,15.6
2026-04-03 07:16:59.000,15.6
2026-04-03 07:16:59.000,14.4
2026-04-03 07:17:05.000,14.4
2026-04-03 07:17:05.000,13.2
2026-04-03 07:17:09.000,13.2
2026-04-03 07:17:09.000,12
2026-04-03 07:17:13.000,12
2026-04-03 07:17:13.000,13.2
2026-04-03 07:17:27.000,13.2
2026-04-03 07:17:27.000,14.4
2026-04-03 07:17:39.000,14.4
2026-04-03 07:17:39.000,13.2
2026-04-03 07:18:03.000,13.2
2026-04-03 07:18:03.000,14.4
2026-04-03 07:18:07.000,14.4
2026-04-03 07:18:07.000,15.6
2026-04-03 07:18:09.000,15.6
2026-04-03 07:18:09.000,14.4
2026-04-03 07:18:17.000,14.4
2026-04-03 07:18:17.000,13.2
2026-04-03 07:18:41.000,13.2
2026-04-03 07:18:41.000,14.4
2026-04-03 07:18:49.000,14.4
2026-04-03 07:18:49.000,15.6
2026-04-03 07:18:53.000,15.6
2026-04-03 07:18:53.000,14.4
2026-04-03 07:18:57.000,14.4
2026-04-03 07:18:57.000,13.2
2026-04-03 07:19:21.000,13.2
2026-04-03 07:19:21.000,14.4
2026-04-03 07:19:37.000,14.4
2026-04-03 07:19:37.000,13.2
2026-04-03 07:19:57.000,13.2
2026-04-03 07:19:57.000,14.4
2026-04-03 07:20:19.000,14.4
2026-04-03 07:20:19.000,15.6
2026-04-03 07:20:23.000,15.6
2026-04-03 07:20:23.000,14.4
2026-04-03 07:20:27.000,14.4
2026-04-03 07:20:27.000,10.8
2026-04-03 07:20:29.000,10.8
2026-04-03 07:20:29.000,13.2
2026-04-03 07:20:31.000,13.2
2026-04-03 07:20:31.000,10.8
2026-04-03 07:20:43.000,10.8
2026-04-03 07:20:43.000,9.6
2026-04-03 07:20:45.000,9.6
2026-04-03 07:20:45.000,10.8
2026-04-03 07:20:47.000,10.8
2026-04-03 07:20:47.000,12
2026-04-03 07:20:51.000,12
