Timestamp_ET,LeakRate_Lpm
2026-03-07 02:07:37.000,26.4
2026-03-07 02:07:39.000,26.4
2026-03-07 02:07:39.000,0
2026-03-07 02:07:43.000,0
2026-03-07 02:07:43.000,1.2
2026-03-07 02:07:45.000,1.2
2026-03-07 02:07:45.000,0
2026-03-07 02:07:47.000,0
2026-03-07 02:07:47.000,2.4
2026-03-07 02:07:49.000,2.4
2026-03-07 02:07:49.000,6
2026-03-07 02:07:51.000,6
2026-03-07 02:07:51.000,4.8
2026-03-07 02:07:53.000,4.8
2026-03-07 02:07:53.000,6
2026-03-07 02:07:55.000,6
2026-03-07 02:07:55.000,7.2
2026-03-07 02:07:57.000,7.2
2026-03-07 02:07:57.000,8.4
2026-03-07 02:07:59.000,8.4
2026-03-07 02:07:59.000,6
2026-03-07 02:08:09.000,6
2026-03-07 02:08:09.000,7.2
2026-03-07 02:08:11.000,7.2
2026-03-07 02:08:11.000,6
2026-03-07 02:08:25.000,6
2026-03-07 02:08:25.000,7.2
2026-03-07 02:08:37.000,7.2
2026-03-07 02:08:37.000,6
2026-03-07 02:08:53.000,6
2026-03-07 02:08:53.000,7.2
2026-03-07 02:08:55.000,7.2
2026-03-07 02:08:55.000,6
2026-03-07 02:08:59.000,6
2026-03-07 02:08:59.000,4.8
2026-03-07 02:09:01.000,4.8
2026-03-07 02:09:01.000,6
2026-03-07 02:09:11.000,6
2026-03-07 02:09:11.000,7.2
2026-03-07 02:09:19.000,7.2
2026-03-07 02:09:19.000,6
2026-03-07 02:09:29.000,6
2026-03-07 02:09:29.000,7.2
2026-03-07 02:09:33.000,7.2
2026-03-07 02:09:33.000,6
2026-03-07 02:09:47.000,6
2026-03-07 02:09:47.000,7.2
2026-03-07 02:09:49.000,7.2
2026-03-07 02:09:49.000,6
2026-03-07 02:09:51.000,6
2026-03-07 02:09:51.000,7.2
2026-03-07 02:09:55.000,7.2
2026-03-07 02:09:55.000,6
2026-03-07 02:10:17.000,6
2026-03-07 02:10:17.000,7.2
2026-03-07 02:10:21.000,7.2
2026-03-07 02:10:21.000,6
2026-03-07 02:10:35.000,6
2026-03-07 02:10:35.000,7.2
2026-03-07 02:10:39.000,7.2
2026-03-07 02:10:39.000,6
2026-03-07 02:10:53.000,6
2026-03-07 02:10:53.000,7.2
2026-03-07 02:11:01.000,7.2
2026-03-07 02:11:01.000,6
2026-03-07 02:11:25.000,6
2026-03-07 02:11:25.000,7.2
2026-03-07 02:11:27.000,7.2
2026-03-07 02:11:27.000,6
2026-03-07 02:11:35.000,6
2026-03-07 02:11:35.000,7.2
2026-03-07 02:11:39.000,7.2
2026-03-07 02:11:39.000,6
2026-03-07 02:12:15.000,6
2026-03-07 02:12:15.000,7.2
2026-03-07 02:12:19.000,7.2
2026-03-07 02:12:19.000,6
2026-03-07 02:13:07.000,6
2026-03-07 02:13:07.000,7.2
2026-03-07 02:13:15.000,7.2
2026-03-07 02:13:15.000,6
2026-03-07 02:13:35.000,6
2026-03-07 02:13:35.000,7.2
2026-03-07 02:13:47.000,7.2
2026-03-07 02:13:47.000,6
2026-03-07 02:14:03.000,6
2026-03-07 02:14:03.000,7.2
2026-03-07 02:14:11.000,7.2
2026-03-07 02:14:11.000,6
2026-03-07 02:14:21.000,6
2026-03-07 02:14:21.000,7.2
2026-03-07 02:14:23.000,7.2
2026-03-07 02:14:23.000,6
2026-03-07 02:14:29.000,6
2026-03-07 02:14:29.000,7.2
2026-03-07 02:14:31.000,7.2
2026-03-07 02:14:31.000,6
2026-03-07 02:14:45.000,6
2026-03-07 02:14:45.000,7.2
2026-03-07 02:14:47.000,7.2
2026-03-07 02:14:47.000,6
2026-03-07 02:15:05.000,6
2026-03-07 02:15:05.000,7.2
2026-03-07 02:15:17.000,7.2
2026-03-07 02:15:17.000,6
2026-03-07 02:15:55.000,6
2026-03-07 02:15:55.000,7.2
2026-03-07 02:15:59.000,7.2
2026-03-07 02:15:59.000,6
2026-03-07 02:16:01.000,6
2026-03-07 02:16:01.000,7.2
2026-03-07 02:16:09.000,7.2
2026-03-07 02:16:09.000,6
2026-03-07 02:16:13.000,6
2026-03-07 02:16:13.000,7.2
2026-03-07 02:16:27.000,7.2
2026-03-07 02:16:27.000,8.4
2026-03-07 02:16:35.000,8.4
2026-03-07 02:16:35.000,7.2
2026-03-07 02:17:01.000,7.2
2026-03-07 02:17:01.000,8.4
2026-03-07 02:17:11.000,8.4
2026-03-07 02:17:11.000,7.2
2026-03-07 02:17:41.000,7.2
2026-03-07 02:17:41.000,8.4
2026-03-07 02:17:47.000,8.4
2026-03-07 02:17:47.000,7.2
2026-03-07 02:18:15.000,7.2
2026-03-07 02:18:15.000,8.4
2026-03-07 02:18:21.000,8.4
2026-03-07 02:18:21.000,7.2
2026-03-07 02:18:53.000,7.2
2026-03-07 02:18:53.000,8.4
2026-03-07 02:18:57.000,8.4
2026-03-07 02:18:57.000,7.2
2026-03-07 02:19:11.000,7.2
2026-03-07 02:19:11.000,10.8
2026-03-07 02:19:13.000,10.8
2026-03-07 02:19:13.000,2.4
2026-03-07 02:19:17.000,2.4
2026-03-07 02:19:17.000,3.6
2026-03-07 02:19:19.000,3.6
2026-03-07 02:19:19.000,2.4
2026-03-07 02:19:21.000,2.4
2026-03-07 02:19:21.000,4.8
2026-03-07 02:19:25.000,4.8
2026-03-07 02:19:25.000,6
2026-03-07 02:19:27.000,6
2026-03-07 02:19:27.000,8.4
2026-03-07 02:19:29.000,8.4
2026-03-07 02:19:29.000,6
2026-03-07 02:19:31.000,6
2026-03-07 02:19:31.000,8.4
2026-03-07 02:19:33.000,8.4
2026-03-07 02:19:33.000,6
2026-03-07 02:19:47.000,6
2026-03-07 02:19:47.000,7.2
2026-03-07 02:19:49.000,7.2
2026-03-07 02:19:49.000,6
2026-03-07 02:19:51.000,6
2026-03-07 02:19:51.000,8.4
2026-03-07 02:19:53.000,8.4
2026-03-07 02:19:53.000,6
2026-03-07 02:19:55.000,6
2026-03-07 02:19:55.000,7.2
2026-03-07 02:19:57.000,7.2
2026-03-07 02:19:57.000,6
2026-03-07 02:20:05.000,6
2026-03-07 02:20:05.000,7.2
2026-03-07 02:20:15.000,7.2
2026-03-07 02:20:15.000,4.8
2026-03-07 02:20:19.000,4.8
2026-03-07 02:20:19.000,9.6
2026-03-07 02:20:21.000,9.6
2026-03-07 02:20:21.000,4.8
2026-03-07 02:20:23.000,4.8
2026-03-07 02:20:23.000,6
2026-03-07 02:20:25.000,6
2026-03-07 02:20:25.000,4.8
2026-03-07 02:20:35.000,4.8
2026-03-07 02:20:35.000,7.2
2026-03-07 02:20:37.000,7.2
2026-03-07 02:20:37.000,6
2026-03-07 02:20:41.000,6
2026-03-07 02:20:41.000,4.8
2026-03-07 02:20:43.000,4.8
2026-03-07 02:20:43.000,6
2026-03-07 02:20:45.000,6
2026-03-07 02:20:45.000,4.8
2026-03-07 02:20:49.000,4.8
2026-03-07 02:20:49.000,6
2026-03-07 02:21:17.000,6
2026-03-07 02:21:17.000,7.2
2026-03-07 02:21:19.000,7.2
2026-03-07 02:21:19.000,6
2026-03-07 02:21:39.000,6
2026-03-07 02:21:39.000,4.8
2026-03-07 02:21:41.000,4.8
2026-03-07 02:21:41.000,6
2026-03-07 02:21:47.000,6
2026-03-07 02:21:47.000,4.8
2026-03-07 02:22:01.000,4.8
2026-03-07 02:22:01.000,6
2026-03-07 02:22:17.000,6
2026-03-07 02:22:17.000,4.8
2026-03-07 02:22:37.000,4.8
2026-03-07 02:22:37.000,6
2026-03-07 02:22:45.000,6
2026-03-07 02:22:45.000,4.8
2026-03-07 02:22:57.000,4.8
2026-03-07 02:22:57.000,6
2026-03-07 02:23:11.000,6
2026-03-07 02:23:11.000,4.8
2026-03-07 02:23:13.000,4.8
2026-03-07 02:23:13.000,6
2026-03-07 02:23:21.000,6
2026-03-07 02:23:21.000,4.8
2026-03-07 02:23:37.000,4.8
2026-03-07 02:23:37.000,6
2026-03-07 02:24:13.000,6
2026-03-07 02:24:13.000,4.8
2026-03-07 02:24:19.000,4.8
2026-03-07 02:24:19.000,6
2026-03-07 02:24:23.000,6
2026-03-07 02:24:23.000,4.8
2026-03-07 02:24:27.000,4.8
2026-03-07 02:24:27.000,6
2026-03-07 02:24:35.000,6
2026-03-07 02:24:35.000,4.8
2026-03-07 02:24:43.000,4.8
2026-03-07 02:24:43.000,6
2026-03-07 02:24:51.000,6
2026-03-07 02:24:51.000,4.8
2026-03-07 02:25:05.000,4.8
2026-03-07 02:25:05.000,6
2026-03-07 02:25:13.000,6
2026-03-07 02:25:13.000,4.8
2026-03-07 02:25:17.000,4.8
2026-03-07 02:25:17.000,6
2026-03-07 02:25:23.000,6
2026-03-07 02:25:23.000,4.8
2026-03-07 02:25:33.000,4.8
2026-03-07 02:25:33.000,6
2026-03-07 02:25:49.000,6
2026-03-07 02:25:49.000,4.8
2026-03-07 02:25:55.000,4.8
2026-03-07 02:25:55.000,6
2026-03-07 02:26:01.000,6
2026-03-07 02:26:01.000,4.8
2026-03-07 02:26:11.000,4.8
2026-03-07 02:26:11.000,6
2026-03-07 02:26:21.000,6
2026-03-07 02:26:21.000,4.8
2026-03-07 02:26:29.000,4.8
2026-03-07 02:26:29.000,6
2026-03-07 02:26:31.000,6
2026-03-07 02:26:31.000,4.8
2026-03-07 02:26:39.000,4.8
2026-03-07 02:26:39.000,6
2026-03-07 02:26:45.000,6
2026-03-07 02:26:45.000,4.8
2026-03-07 02:27:05.000,4.8
2026-03-07 02:27:05.000,6
2026-03-07 02:27:15.000,6
2026-03-07 02:27:15.000,4.8
2026-03-07 02:27:29.000,4.8
2026-03-07 02:27:29.000,6
2026-03-07 02:27:33.000,6
2026-03-07 02:27:33.000,4.8
2026-03-07 02:27:39.000,4.8
2026-03-07 02:27:39.000,6
2026-03-07 02:27:57.000,6
2026-03-07 02:27:57.000,4.8
2026-03-07 02:27:59.000,4.8
2026-03-07 02:27:59.000,6
2026-03-07 02:28:09.000,6
2026-03-07 02:28:09.000,4.8
2026-03-07 02:28:17.000,4.8
2026-03-07 02:28:17.000,6
2026-03-07 02:28:19.000,6
2026-03-07 02:28:19.000,7.2
2026-03-07 02:28:25.000,7.2
2026-03-07 02:28:25.000,6
2026-03-07 02:28:29.000,6
2026-03-07 02:28:29.000,4.8
2026-03-07 02:28:35.000,4.8
2026-03-07 02:28:35.000,6
2026-03-07 02:28:41.000,6
2026-03-07 02:28:41.000,7.2
2026-03-07 02:28:49.000,7.2
2026-03-07 02:28:49.000,6
2026-03-07 02:29:01.000,6
2026-03-07 02:29:01.000,7.2
2026-03-07 02:29:19.000,7.2
2026-03-07 02:29:19.000,6
2026-03-07 02:29:29.000,6
2026-03-07 02:29:29.000,7.2
2026-03-07 02:29:45.000,7.2
2026-03-07 02:29:45.000,6
2026-03-07 02:29:53.000,6
2026-03-07 02:29:53.000,4.8
2026-03-07 02:29:57.000,4.8
2026-03-07 02:29:57.000,6
2026-03-07 02:29:59.000,6
2026-03-07 02:29:59.000,9.6
2026-03-07 02:30:01.000,9.6
2026-03-07 02:30:01.000,2.4
2026-03-07 02:30:03.000,2.4
2026-03-07 02:30:03.000,0
2026-03-07 02:30:05.000,0
2026-03-07 02:30:05.000,1.2
2026-03-07 02:30:07.000,1.2
2026-03-07 02:30:07.000,0
2026-03-07 02:30:11.000,0
2026-03-07 02:30:11.000,2.4
2026-03-07 02:30:15.000,2.4
2026-03-07 02:30:15.000,3.6
2026-03-07 02:30:17.000,3.6
2026-03-07 02:30:17.000,4.8
2026-03-07 02:30:19.000,4.8
2026-03-07 02:30:19.000,8.4
2026-03-07 02:30:21.000,8.4
2026-03-07 02:30:21.000,6
2026-03-07 02:30:23.000,6
2026-03-07 02:30:23.000,4.8
2026-03-07 02:30:27.000,4.8
2026-03-07 02:30:27.000,3.6
2026-03-07 02:30:39.000,3.6
2026-03-07 02:30:39.000,6
2026-03-07 02:30:41.000,6
2026-03-07 02:30:41.000,3.6
2026-03-07 02:30:43.000,3.6
2026-03-07 02:30:43.000,4.8
2026-03-07 02:30:49.000,4.8
2026-03-07 02:30:49.000,6
2026-03-07 02:30:51.000,6
2026-03-07 02:30:51.000,7.2
2026-03-07 02:30:53.000,7.2
2026-03-07 02:30:53.000,8.4
2026-03-07 02:30:55.000,8.4
2026-03-07 02:30:55.000,7.2
2026-03-07 02:30:59.000,7.2
2026-03-07 02:30:59.000,9.6
2026-03-07 02:31:01.000,9.6
2026-03-07 02:31:01.000,10.8
2026-03-07 02:31:05.000,10.8
2026-03-07 02:31:05.000,8.4
2026-03-07 02:31:07.000,8.4
2026-03-07 02:31:07.000,6
2026-03-07 02:31:09.000,6
2026-03-07 02:31:09.000,4.8
2026-03-07 02:31:11.000,4.8
2026-03-07 02:31:11.000,10.8
2026-03-07 02:31:13.000,10.8
2026-03-07 02:31:13.000,8.4
2026-03-07 02:31:21.000,8.4
2026-03-07 02:31:21.000,9.6
2026-03-07 02:31:23.000,9.6
2026-03-07 02:31:23.000,8.4
2026-03-07 02:31:27.000,8.4
2026-03-07 02:31:27.000,7.2
2026-03-07 02:31:33.000,7.2
2026-03-07 02:31:33.000,6
2026-03-07 02:31:37.000,6
2026-03-07 02:31:37.000,7.2
2026-03-07 02:31:41.000,7.2
2026-03-07 02:31:41.000,8.4
2026-03-07 02:31:43.000,8.4
2026-03-07 02:31:43.000,7.2
2026-03-07 02:31:45.000,7.2
2026-03-07 02:31:45.000,8.4
2026-03-07 02:31:47.000,8.4
2026-03-07 02:31:47.000,7.2
2026-03-07 02:31:55.000,7.2
2026-03-07 02:31:55.000,8.4
2026-03-07 02:31:57.000,8.4
2026-03-07 02:31:57.000,7.2
2026-03-07 02:32:13.000,7.2
2026-03-07 02:32:13.000,8.4
2026-03-07 02:32:25.000,8.4
2026-03-07 02:32:25.000,7.2
2026-03-07 02:32:29.000,7.2
2026-03-07 02:32:29.000,8.4
2026-03-07 02:32:33.000,8.4
2026-03-07 02:32:33.000,7.2
2026-03-07 02:32:43.000,7.2
2026-03-07 02:32:43.000,8.4
2026-03-07 02:32:47.000,8.4
2026-03-07 02:32:47.000,7.2
2026-03-07 02:33:03.000,7.2
2026-03-07 02:33:03.000,8.4
2026-03-07 02:33:11.000,8.4
2026-03-07 02:33:11.000,7.2
2026-03-07 02:33:33.000,7.2
2026-03-07 02:33:33.000,8.4
2026-03-07 02:33:37.000,8.4
2026-03-07 02:33:37.000,7.2
2026-03-07 02:33:41.000,7.2
2026-03-07 02:33:41.000,8.4
2026-03-07 02:33:43.000,8.4
2026-03-07 02:33:43.000,7.2
2026-03-07 02:33:53.000,7.2
2026-03-07 02:33:53.000,8.4
2026-03-07 02:34:01.000,8.4
2026-03-07 02:34:01.000,7.2
2026-03-07 02:34:19.000,7.2
2026-03-07 02:34:19.000,8.4
2026-03-07 02:34:21.000,8.4
2026-03-07 02:34:21.000,7.2
2026-03-07 02:34:23.000,7.2
2026-03-07 02:34:23.000,8.4
2026-03-07 02:34:25.000,8.4
2026-03-07 02:34:25.000,7.2
2026-03-07 02:34:27.000,7.2
2026-03-07 02:34:27.000,6
2026-03-07 02:34:37.000,6
2026-03-07 02:34:37.000,7.2
2026-03-07 02:34:41.000,7.2
2026-03-07 02:34:41.000,6
2026-03-07 02:34:43.000,6
2026-03-07 02:34:43.000,7.2
2026-03-07 02:34:45.000,7.2
2026-03-07 02:34:45.000,6
2026-03-07 02:34:51.000,6
2026-03-07 02:34:51.000,4.8
2026-03-07 02:34:55.000,4.8
2026-03-07 02:34:55.000,6
2026-03-07 02:35:03.000,6
2026-03-07 02:35:03.000,7.2
2026-03-07 02:35:19.000,7.2
2026-03-07 02:35:19.000,6
2026-03-07 02:35:23.000,6
2026-03-07 02:35:23.000,7.2
2026-03-07 02:35:29.000,7.2
2026-03-07 02:35:29.000,6
2026-03-07 02:36:03.000,6
2026-03-07 02:36:03.000,8.4
2026-03-07 02:36:05.000,8.4
2026-03-07 02:36:05.000,7.2
2026-03-07 02:36:11.000,7.2
2026-03-07 02:36:11.000,6
2026-03-07 02:36:13.000,6
2026-03-07 02:36:13.000,7.2
2026-03-07 02:36:15.000,7.2
2026-03-07 02:36:15.000,8.4
2026-03-07 02:36:21.000,8.4
2026-03-07 02:36:21.000,7.2
2026-03-07 02:36:23.000,7.2
2026-03-07 02:36:23.000,8.4
2026-03-07 02:36:29.000,8.4
2026-03-07 02:36:29.000,9.6
2026-03-07 02:36:31.000,9.6
2026-03-07 02:36:31.000,8.4
2026-03-07 02:36:47.000,8.4
2026-03-07 02:36:47.000,7.2
2026-03-07 02:36:59.000,7.2
2026-03-07 02:36:59.000,8.4
2026-03-07 02:37:17.000,8.4
2026-03-07 02:37:17.000,9.6
2026-03-07 02:37:21.000,9.6
2026-03-07 02:37:21.000,8.4
2026-03-07 02:37:23.000,8.4
2026-03-07 02:37:23.000,6
2026-03-07 02:37:35.000,6
2026-03-07 02:37:35.000,8.4
2026-03-07 02:37:43.000,8.4
2026-03-07 02:37:43.000,7.2
2026-03-07 02:37:49.000,7.2
2026-03-07 02:37:49.000,8.4
2026-03-07 02:37:51.000,8.4
2026-03-07 02:37:51.000,7.2
2026-03-07 02:37:53.000,7.2
2026-03-07 02:37:53.000,8.4
2026-03-07 02:37:55.000,8.4
2026-03-07 02:37:55.000,7.2
2026-03-07 02:37:59.000,7.2
2026-03-07 02:37:59.000,8.4
2026-03-07 02:38:05.000,8.4
2026-03-07 02:38:05.000,7.2
2026-03-07 02:38:07.000,7.2
2026-03-07 02:38:07.000,8.4
2026-03-07 02:38:09.000,8.4
2026-03-07 02:38:09.000,9.6
2026-03-07 02:38:15.000,9.6
2026-03-07 02:38:15.000,7.2
2026-03-07 02:38:17.000,7.2
2026-03-07 02:38:17.000,4.8
2026-03-07 02:38:19.000,4.8
2026-03-07 02:38:19.000,3.6
2026-03-07 02:38:21.000,3.6
2026-03-07 02:38:21.000,4.8
2026-03-07 02:38:25.000,4.8
2026-03-07 02:38:25.000,6
2026-03-07 02:38:33.000,6
2026-03-07 02:38:33.000,7.2
2026-03-07 02:38:37.000,7.2
2026-03-07 02:38:37.000,8.4
2026-03-07 02:38:41.000,8.4
2026-03-07 02:38:41.000,7.2
2026-03-07 02:38:43.000,7.2
2026-03-07 02:38:43.000,6
2026-03-07 02:38:47.000,6
2026-03-07 02:38:47.000,7.2
2026-03-07 02:38:49.000,7.2
2026-03-07 02:38:49.000,6
2026-03-07 02:38:51.000,6
2026-03-07 02:38:51.000,7.2
2026-03-07 02:38:53.000,7.2
2026-03-07 02:38:53.000,6
2026-03-07 02:38:57.000,6
2026-03-07 02:38:57.000,7.2
2026-03-07 02:39:01.000,7.2
2026-03-07 02:39:01.000,6
2026-03-07 02:39:03.000,6
2026-03-07 02:39:03.000,4.8
2026-03-07 02:39:07.000,4.8
2026-03-07 02:39:07.000,8.4
2026-03-07 02:39:09.000,8.4
2026-03-07 02:39:09.000,10.8
2026-03-07 02:39:11.000,10.8
2026-03-07 02:39:11.000,14.4
2026-03-07 02:39:13.000,14.4
2026-03-07 02:39:13.000,15.6
2026-03-07 02:39:15.000,15.6
2026-03-07 02:39:15.000,14.4
2026-03-07 02:39:17.000,14.4
2026-03-07 02:39:17.000,13.2
2026-03-07 02:39:19.000,13.2
2026-03-07 02:39:19.000,8.4
2026-03-07 02:39:21.000,8.4
2026-03-07 02:39:21.000,4.8
2026-03-07 02:39:23.000,4.8
2026-03-07 02:39:23.000,9.6
2026-03-07 02:39:25.000,9.6
2026-03-07 02:39:25.000,6
2026-03-07 02:39:27.000,6
2026-03-07 02:39:27.000,7.2
2026-03-07 02:39:29.000,7.2
2026-03-07 02:39:29.000,12
2026-03-07 02:39:31.000,12
2026-03-07 02:39:31.000,7.2
2026-03-07 02:39:35.000,7.2
2026-03-07 02:39:35.000,6
2026-03-07 02:39:37.000,6
2026-03-07 02:39:37.000,3.6
2026-03-07 02:39:39.000,3.6
2026-03-07 02:39:39.000,4.8
2026-03-07 02:39:49.000,4.8
2026-03-07 02:39:49.000,3.6
2026-03-07 02:39:57.000,3.6
2026-03-07 02:39:57.000,4.8
2026-03-07 02:40:09.000,4.8
2026-03-07 02:40:09.000,3.6
2026-03-07 02:40:11.000,3.6
2026-03-07 02:40:11.000,4.8
2026-03-07 02:40:15.000,4.8
2026-03-07 02:40:15.000,6
2026-03-07 02:40:17.000,6
2026-03-07 02:40:17.000,7.2
2026-03-07 02:40:21.000,7.2
2026-03-07 02:40:21.000,6
2026-03-07 02:40:27.000,6
2026-03-07 02:40:27.000,4.8
2026-03-07 02:40:51.000,4.8
2026-03-07 02:40:51.000,6
2026-03-07 02:40:55.000,6
2026-03-07 02:40:55.000,7.2
2026-03-07 02:41:03.000,7.2
2026-03-07 02:41:03.000,6
2026-03-07 02:41:07.000,6
2026-03-07 02:41:07.000,4.8
2026-03-07 02:41:23.000,4.8
2026-03-07 02:41:23.000,6
2026-03-07 02:41:39.000,6
2026-03-07 02:41:39.000,4.8
2026-03-07 02:41:55.000,4.8
2026-03-07 02:41:55.000,6
2026-03-07 02:42:13.000,6
2026-03-07 02:42:13.000,4.8
2026-03-07 02:42:33.000,4.8
2026-03-07 02:42:33.000,6
2026-03-07 02:42:41.000,6
2026-03-07 02:42:41.000,4.8
2026-03-07 02:42:59.000,4.8
2026-03-07 02:42:59.000,6
2026-03-07 02:43:09.000,6
2026-03-07 02:43:09.000,4.8
2026-03-07 02:43:35.000,4.8
2026-03-07 02:43:35.000,6
2026-03-07 02:43:55.000,6
2026-03-07 02:43:55.000,4.8
2026-03-07 02:44:19.000,4.8
2026-03-07 02:44:19.000,6
2026-03-07 02:44:35.000,6
2026-03-07 02:44:35.000,4.8
2026-03-07 02:45:11.000,4.8
2026-03-07 02:45:11.000,6
2026-03-07 02:45:13.000,6
2026-03-07 02:45:13.000,4.8
2026-03-07 02:45:25.000,4.8
2026-03-07 02:45:25.000,6
2026-03-07 02:45:29.000,6
2026-03-07 02:45:29.000,9.6
2026-03-07 02:45:33.000,9.6
2026-03-07 02:45:33.000,3.6
2026-03-07 02:45:37.000,3.6
2026-03-07 02:45:37.000,0
2026-03-07 02:45:39.000,0
2026-03-07 02:45:39.000,2.4
2026-03-07 02:45:41.000,2.4
2026-03-07 02:45:41.000,1.2
2026-03-07 02:45:43.000,1.2
2026-03-07 02:45:43.000,2.4
2026-03-07 02:45:45.000,2.4
2026-03-07 02:45:45.000,3.6
2026-03-07 02:45:51.000,3.6
2026-03-07 02:45:51.000,4.8
2026-03-07 02:45:55.000,4.8
2026-03-07 02:45:55.000,6
2026-03-07 02:45:59.000,6
2026-03-07 02:45:59.000,7.2
2026-03-07 02:46:07.000,7.2
2026-03-07 02:46:07.000,6
2026-03-07 02:46:13.000,6
2026-03-07 02:46:13.000,4.8
2026-03-07 02:46:31.000,4.8
2026-03-07 02:46:31.000,6
2026-03-07 02:46:55.000,6
2026-03-07 02:46:55.000,4.8
2026-03-07 02:46:57.000,4.8
2026-03-07 02:46:57.000,6
2026-03-07 02:46:59.000,6
2026-03-07 02:46:59.000,4.8
2026-03-07 02:47:03.000,4.8
2026-03-07 02:47:03.000,6
2026-03-07 02:47:11.000,6
2026-03-07 02:47:11.000,4.8
2026-03-07 02:47:19.000,4.8
2026-03-07 02:47:19.000,6
2026-03-07 02:47:21.000,6
2026-03-07 02:47:21.000,4.8
2026-03-07 02:47:25.000,4.8
2026-03-07 02:47:25.000,6
2026-03-07 02:47:49.000,6
2026-03-07 02:47:49.000,4.8
2026-03-07 02:47:51.000,4.8
2026-03-07 02:47:51.000,6
2026-03-07 02:47:53.000,6
2026-03-07 02:47:53.000,4.8
2026-03-07 02:48:07.000,4.8
2026-03-07 02:48:07.000,6
2026-03-07 02:48:09.000,6
2026-03-07 02:48:09.000,4.8
2026-03-07 02:48:11.000,4.8
2026-03-07 02:48:11.000,6
2026-03-07 02:48:25.000,6
2026-03-07 02:48:25.000,7.2
2026-03-07 02:48:27.000,7.2
2026-03-07 02:48:27.000,6
2026-03-07 02:48:29.000,6
2026-03-07 02:48:29.000,8.4
2026-03-07 02:48:31.000,8.4
2026-03-07 02:48:31.000,7.2
2026-03-07 02:48:33.000,7.2
2026-03-07 02:48:33.000,8.4
2026-03-07 02:48:39.000,8.4
2026-03-07 02:48:39.000,12
2026-03-07 02:48:41.000,12
2026-03-07 02:48:41.000,6
2026-03-07 02:48:43.000,6
2026-03-07 02:48:43.000,1.2
2026-03-07 02:48:45.000,1.2
2026-03-07 02:48:45.000,7.2
2026-03-07 02:48:49.000,7.2
2026-03-07 02:48:49.000,2.4
2026-03-07 02:48:51.000,2.4
2026-03-07 02:48:51.000,7.2
2026-03-07 02:48:53.000,7.2
2026-03-07 02:48:53.000,4.8
2026-03-07 02:48:55.000,4.8
2026-03-07 02:48:55.000,6
2026-03-07 02:48:57.000,6
2026-03-07 02:48:57.000,4.8
2026-03-07 02:49:11.000,4.8
2026-03-07 02:49:11.000,6
2026-03-07 02:49:13.000,6
2026-03-07 02:49:13.000,21.6
2026-03-07 02:49:15.000,21.6
2026-03-07 02:49:15.000,0
2026-03-07 02:49:27.000,0
2026-03-07 02:49:27.000,1.2
2026-03-07 02:49:31.000,1.2
2026-03-07 02:49:31.000,2.4
2026-03-07 02:49:33.000,2.4
2026-03-07 02:49:33.000,3.6
2026-03-07 02:49:37.000,3.6
2026-03-07 02:49:37.000,4.8
2026-03-07 02:49:47.000,4.8
2026-03-07 02:49:47.000,6
2026-03-07 02:49:49.000,6
2026-03-07 02:49:49.000,7.2
2026-03-07 02:49:51.000,7.2
2026-03-07 02:49:51.000,8.4
2026-03-07 02:49:53.000,8.4
2026-03-07 02:49:53.000,7.2
2026-03-07 02:49:57.000,7.2
2026-03-07 02:49:57.000,4.8
2026-03-07 02:50:13.000,4.8
2026-03-07 02:50:13.000,6
2026-03-07 02:50:21.000,6
2026-03-07 02:50:21.000,7.2
2026-03-07 02:50:25.000,7.2
2026-03-07 02:50:25.000,8.4
2026-03-07 02:50:31.000,8.4
2026-03-07 02:50:31.000,7.2
2026-03-07 02:50:35.000,7.2
2026-03-07 02:50:35.000,6
2026-03-07 02:50:59.000,6
2026-03-07 02:50:59.000,7.2
2026-03-07 02:51:11.000,7.2
2026-03-07 02:51:11.000,6
2026-03-07 02:51:33.000,6
2026-03-07 02:51:33.000,7.2
2026-03-07 02:51:39.000,7.2
2026-03-07 02:51:39.000,8.4
2026-03-07 02:51:45.000,8.4
2026-03-07 02:51:45.000,7.2
2026-03-07 02:51:47.000,7.2
2026-03-07 02:51:47.000,6
2026-03-07 02:51:49.000,6
2026-03-07 02:51:49.000,4.8
2026-03-07 02:52:07.000,4.8
2026-03-07 02:52:07.000,6
2026-03-07 02:52:11.000,6
2026-03-07 02:52:11.000,7.2
2026-03-07 02:52:13.000,7.2
2026-03-07 02:52:13.000,6
2026-03-07 02:52:15.000,6
2026-03-07 02:52:15.000,8.4
2026-03-07 02:52:17.000,8.4
2026-03-07 02:52:17.000,7.2
2026-03-07 02:52:21.000,7.2
2026-03-07 02:52:21.000,6
2026-03-07 02:52:25.000,6
2026-03-07 02:52:25.000,4.8
2026-03-07 02:52:43.000,4.8
2026-03-07 02:52:43.000,6
2026-03-07 02:52:49.000,6
2026-03-07 02:52:49.000,7.2
2026-03-07 02:52:51.000,7.2
2026-03-07 02:52:51.000,9.6
2026-03-07 02:52:53.000,9.6
2026-03-07 02:52:53.000,8.4
2026-03-07 02:52:55.000,8.4
2026-03-07 02:52:55.000,9.6
2026-03-07 02:52:57.000,9.6
2026-03-07 02:52:57.000,6
2026-03-07 02:52:59.000,6
2026-03-07 02:52:59.000,4.8
2026-03-07 02:53:01.000,4.8
2026-03-07 02:53:01.000,3.6
2026-03-07 02:53:03.000,3.6
2026-03-07 02:53:03.000,4.8
2026-03-07 02:53:05.000,4.8
2026-03-07 02:53:05.000,3.6
2026-03-07 02:53:13.000,3.6
2026-03-07 02:53:13.000,4.8
2026-03-07 02:53:23.000,4.8
2026-03-07 02:53:23.000,6
2026-03-07 02:53:31.000,6
2026-03-07 02:53:31.000,4.8
2026-03-07 02:54:37.000,4.8
2026-03-07 02:54:37.000,3.6
2026-03-07 02:54:39.000,3.6
2026-03-07 02:54:39.000,4.8
2026-03-07 02:54:57.000,4.8
2026-03-07 02:54:57.000,6
2026-03-07 02:54:59.000,6
2026-03-07 02:54:59.000,4.8
2026-03-07 02:56:43.000,4.8
2026-03-07 02:56:43.000,3.6
2026-03-07 02:56:45.000,3.6
2026-03-07 02:56:45.000,6
2026-03-07 02:56:47.000,6
2026-03-07 02:56:47.000,4.8
2026-03-07 02:58:47.000,4.8
2026-03-07 02:58:47.000,3.6
2026-03-07 02:58:49.000,3.6
2026-03-07 02:58:49.000,4.8
2026-03-07 03:03:57.000,4.8
2026-03-07 03:03:57.000,6
2026-03-07 03:04:19.000,6
2026-03-07 03:04:19.000,7.2
2026-03-07 03:04:21.000,7.2
2026-03-07 03:04:21.000,6
2026-03-07 03:04:25.000,6
2026-03-07 03:04:25.000,7.2
2026-03-07 03:04:57.000,7.2
2026-03-07 03:04:57.000,6
2026-03-07 03:05:03.000,6
2026-03-07 03:05:03.000,7.2
2026-03-07 03:06:59.000,7.2
2026-03-07 03:06:59.000,8.4
2026-03-07 03:07:01.000,8.4
2026-03-07 03:07:01.000,7.2
2026-03-07 03:07:27.000,7.2
2026-03-07 03:07:27.000,8.4
2026-03-07 03:07:29.000,8.4
2026-03-07 03:07:29.000,7.2
2026-03-07 03:07:31.000,7.2
2026-03-07 03:07:31.000,8.4
2026-03-07 03:09:31.000,8.4
2026-03-07 03:09:31.000,9.6
2026-03-07 03:09:35.000,9.6
2026-03-07 03:09:35.000,8.4
2026-03-07 03:09:51.000,8.4
2026-03-07 03:09:51.000,9.6
2026-03-07 03:10:21.000,9.6
2026-03-07 03:10:21.000,10.8
2026-03-07 03:11:23.000,10.8
2026-03-07 03:11:23.000,12
2026-03-07 03:11:25.000,12
2026-03-07 03:11:25.000,10.8
2026-03-07 03:11:55.000,10.8
2026-03-07 03:11:55.000,12
2026-03-07 03:12:43.000,12
2026-03-07 03:12:43.000,13.2
2026-03-07 03:12:47.000,13.2
2026-03-07 03:12:47.000,15.6
2026-03-07 03:12:49.000,15.6
2026-03-07 03:12:49.000,16.8
2026-03-07 03:12:51.000,16.8
2026-03-07 03:12:51.000,18
2026-03-07 03:12:53.000,18
2026-03-07 03:12:53.000,20.4
2026-03-07 03:12:57.000,20.4
2026-03-07 03:12:57.000,21.6
2026-03-07 03:13:01.000,21.6
2026-03-07 03:13:01.000,22.8
2026-03-07 03:13:05.000,22.8
2026-03-07 03:13:05.000,24
2026-03-07 03:13:11.000,24
2026-03-07 03:13:11.000,25.2
2026-03-07 03:13:23.000,25.2
2026-03-07 03:13:23.000,24
2026-03-07 03:13:25.000,24
2026-03-07 03:13:25.000,25.2
2026-03-07 03:13:27.000,25.2
2026-03-07 03:13:27.000,24
2026-03-07 03:13:29.000,24
2026-03-07 03:13:29.000,25.2
2026-03-07 03:13:51.000,25.2
2026-03-07 03:13:51.000,26.4
2026-03-07 03:14:43.000,26.4
2026-03-07 03:14:43.000,27.6
2026-03-07 03:14:49.000,27.6
2026-03-07 03:14:49.000,26.4
2026-03-07 03:16:11.000,26.4
2026-03-07 03:16:11.000,25.2
2026-03-07 03:16:41.000,25.2
2026-03-07 03:16:41.000,26.4
2026-03-07 03:16:49.000,26.4
2026-03-07 03:16:49.000,25.2
2026-03-07 03:17:09.000,25.2
2026-03-07 03:17:09.000,26.4
2026-03-07 03:17:45.000,26.4
2026-03-07 03:17:45.000,25.2
2026-03-07 03:17:49.000,25.2
2026-03-07 03:17:49.000,26.4
2026-03-07 03:20:17.000,26.4
2026-03-07 03:20:17.000,25.2
2026-03-07 03:20:27.000,25.2
2026-03-07 03:20:27.000,26.4
2026-03-07 03:20:39.000,26.4
2026-03-07 03:20:39.000,25.2
2026-03-07 03:24:05.000,25.2
2026-03-07 03:24:05.000,26.4
2026-03-07 03:24:33.000,26.4
2026-03-07 03:24:33.000,25.2
2026-03-07 03:24:45.000,25.2
2026-03-07 03:24:45.000,26.4
2026-03-07 03:24:49.000,26.4
2026-03-07 03:24:49.000,25.2
2026-03-07 03:26:11.000,25.2
2026-03-07 03:26:11.000,24
2026-03-07 03:26:13.000,24
2026-03-07 03:26:13.000,25.2
2026-03-07 03:26:31.000,25.2
2026-03-07 03:26:31.000,24
2026-03-07 03:27:03.000,24
2026-03-07 03:27:03.000,25.2
2026-03-07 03:27:09.000,25.2
2026-03-07 03:27:09.000,24
2026-03-07 03:27:13.000,24
2026-03-07 03:27:13.000,25.2
2026-03-07 03:27:15.000,25.2
2026-03-07 03:27:15.000,24
2026-03-07 03:27:51.000,24
2026-03-07 03:27:51.000,25.2
2026-03-07 03:29:09.000,25.2
2026-03-07 03:29:09.000,24
2026-03-07 03:29:13.000,24
2026-03-07 03:29:13.000,20.4
2026-03-07 03:29:15.000,20.4
2026-03-07 03:29:15.000,21.6
2026-03-07 03:29:17.000,21.6
2026-03-07 03:29:17.000,19.2
2026-03-07 03:33:27.000,19.2
2026-03-07 03:33:27.000,18
2026-03-07 03:33:29.000,18
2026-03-07 03:33:29.000,10.8
2026-03-07 03:33:31.000,10.8
2026-03-07 03:33:31.000,7.2
2026-03-07 03:33:33.000,7.2
2026-03-07 03:33:33.000,14.4
2026-03-07 03:33:35.000,14.4
2026-03-07 03:33:35.000,6
2026-03-07 03:33:37.000,6
2026-03-07 03:33:37.000,8.4
2026-03-07 03:33:43.000,8.4
2026-03-07 03:33:43.000,7.2
2026-03-07 03:33:47.000,7.2
2026-03-07 03:33:47.000,8.4
2026-03-07 03:33:49.000,8.4
2026-03-07 03:33:49.000,7.2
2026-03-07 03:33:57.000,7.2
2026-03-07 03:33:57.000,8.4
2026-03-07 03:34:05.000,8.4
2026-03-07 03:34:05.000,9.6
2026-03-07 03:34:07.000,9.6
2026-03-07 03:34:07.000,7.2
2026-03-07 03:34:11.000,7.2
2026-03-07 03:34:11.000,4.8
2026-03-07 03:34:13.000,4.8
2026-03-07 03:34:13.000,3.6
2026-03-07 03:34:17.000,3.6
2026-03-07 03:34:17.000,4.8
2026-03-07 03:34:25.000,4.8
2026-03-07 03:34:25.000,6
2026-03-07 03:34:33.000,6
2026-03-07 03:34:33.000,4.8
2026-03-07 03:34:43.000,4.8
2026-03-07 03:34:43.000,6
2026-03-07 03:34:49.000,6
2026-03-07 03:34:49.000,7.2
2026-03-07 03:34:55.000,7.2
2026-03-07 03:34:55.000,6
2026-03-07 03:34:57.000,6
2026-03-07 03:34:57.000,4.8
2026-03-07 03:35:07.000,4.8
2026-03-07 03:35:07.000,6
2026-03-07 03:35:19.000,6
2026-03-07 03:35:19.000,7.2
2026-03-07 03:35:27.000,7.2
2026-03-07 03:35:27.000,6
2026-03-07 03:35:29.000,6
2026-03-07 03:35:29.000,4.8
2026-03-07 03:35:35.000,4.8
2026-03-07 03:35:35.000,3.6
2026-03-07 03:35:49.000,3.6
2026-03-07 03:35:49.000,4.8
2026-03-07 03:36:13.000,4.8
2026-03-07 03:36:13.000,3.6
2026-03-07 03:36:31.000,3.6
2026-03-07 03:36:31.000,4.8
2026-03-07 03:37:13.000,4.8
2026-03-07 03:37:13.000,3.6
2026-03-07 03:37:37.000,3.6
2026-03-07 03:37:37.000,4.8
2026-03-07 03:37:49.000,4.8
2026-03-07 03:37:49.000,3.6
2026-03-07 03:38:05.000,3.6
2026-03-07 03:38:05.000,4.8
2026-03-07 03:38:11.000,4.8
2026-03-07 03:38:11.000,3.6
2026-03-07 03:38:35.000,3.6
2026-03-07 03:38:35.000,4.8
2026-03-07 03:38:43.000,4.8
2026-03-07 03:38:43.000,3.6
2026-03-07 03:38:45.000,3.6
2026-03-07 03:38:45.000,4.8
2026-03-07 03:38:47.000,4.8
2026-03-07 03:38:47.000,3.6
2026-03-07 03:38:51.000,3.6
2026-03-07 03:38:51.000,4.8
2026-03-07 03:38:53.000,4.8
2026-03-07 03:38:53.000,3.6
2026-03-07 03:39:05.000,3.6
2026-03-07 03:39:05.000,4.8
2026-03-07 03:39:19.000,4.8
2026-03-07 03:39:19.000,3.6
2026-03-07 03:39:43.000,3.6
2026-03-07 03:39:43.000,4.8
2026-03-07 03:39:47.000,4.8
2026-03-07 03:39:47.000,3.6
2026-03-07 03:39:49.000,3.6
2026-03-07 03:39:49.000,4.8
2026-03-07 03:39:51.000,4.8
2026-03-07 03:39:51.000,3.6
2026-03-07 03:39:53.000,3.6
2026-03-07 03:39:53.000,4.8
2026-03-07 03:40:05.000,4.8
2026-03-07 03:40:05.000,3.6
2026-03-07 03:40:47.000,3.6
2026-03-07 03:40:47.000,4.8
2026-03-07 03:40:49.000,4.8
2026-03-07 03:40:49.000,3.6
2026-03-07 03:40:53.000,3.6
2026-03-07 03:40:53.000,4.8
2026-03-07 03:40:59.000,4.8
2026-03-07 03:40:59.000,3.6
2026-03-07 03:41:09.000,3.6
2026-03-07 03:41:09.000,4.8
2026-03-07 03:41:13.000,4.8
2026-03-07 03:41:13.000,3.6
2026-03-07 03:41:15.000,3.6
2026-03-07 03:41:15.000,4.8
2026-03-07 03:41:19.000,4.8
2026-03-07 03:41:19.000,3.6
2026-03-07 03:41:59.000,3.6
2026-03-07 03:41:59.000,4.8
2026-03-07 03:42:01.000,4.8
2026-03-07 03:42:01.000,3.6
2026-03-07 03:42:21.000,3.6
2026-03-07 03:42:21.000,4.8
2026-03-07 03:42:27.000,4.8
2026-03-07 03:42:27.000,3.6
2026-03-07 03:42:31.000,3.6
2026-03-07 03:42:31.000,4.8
2026-03-07 03:42:33.000,4.8
2026-03-07 03:42:33.000,3.6
2026-03-07 03:42:47.000,3.6
2026-03-07 03:42:47.000,4.8
2026-03-07 03:42:49.000,4.8
2026-03-07 03:42:49.000,6
2026-03-07 03:42:55.000,6
2026-03-07 03:42:55.000,4.8
2026-03-07 03:42:57.000,4.8
2026-03-07 03:42:57.000,6
2026-03-07 03:42:59.000,6
2026-03-07 03:42:59.000,4.8
2026-03-07 03:43:01.000,4.8
2026-03-07 03:43:01.000,3.6
2026-03-07 03:43:03.000,3.6
2026-03-07 03:43:03.000,4.8
2026-03-07 03:43:17.000,4.8
2026-03-07 03:43:17.000,3.6
2026-03-07 03:43:19.000,3.6
2026-03-07 03:43:19.000,4.8
2026-03-07 03:43:41.000,4.8
2026-03-07 03:43:41.000,6
2026-03-07 03:43:51.000,6
2026-03-07 03:43:51.000,4.8
2026-03-07 03:44:23.000,4.8
2026-03-07 03:44:23.000,6
2026-03-07 03:44:47.000,6
2026-03-07 03:44:47.000,4.8
2026-03-07 03:45:07.000,4.8
2026-03-07 03:45:07.000,6
2026-03-07 03:45:13.000,6
2026-03-07 03:45:13.000,7.2
2026-03-07 03:45:21.000,7.2
2026-03-07 03:45:21.000,6
2026-03-07 03:45:31.000,6
2026-03-07 03:45:31.000,7.2
2026-03-07 03:45:33.000,7.2
2026-03-07 03:45:33.000,8.4
2026-03-07 03:45:35.000,8.4
2026-03-07 03:45:35.000,9.6
2026-03-07 03:45:37.000,9.6
2026-03-07 03:45:37.000,10.8
2026-03-07 03:45:39.000,10.8
2026-03-07 03:45:39.000,12
2026-03-07 03:45:43.000,12
2026-03-07 03:45:43.000,13.2
2026-03-07 03:45:47.000,13.2
2026-03-07 03:45:47.000,14.4
2026-03-07 03:45:57.000,14.4
2026-03-07 03:45:57.000,15.6
2026-03-07 03:46:07.000,15.6
2026-03-07 03:46:07.000,16.8
2026-03-07 03:46:19.000,16.8
2026-03-07 03:46:19.000,18
2026-03-07 03:46:23.000,18
2026-03-07 03:46:23.000,19.2
2026-03-07 03:46:27.000,19.2
2026-03-07 03:46:27.000,20.4
2026-03-07 03:46:33.000,20.4
2026-03-07 03:46:33.000,21.6
2026-03-07 03:46:45.000,21.6
2026-03-07 03:46:45.000,22.8
2026-03-07 03:46:59.000,22.8
2026-03-07 03:46:59.000,24
2026-03-07 03:47:31.000,24
2026-03-07 03:47:31.000,25.2
2026-03-07 03:47:59.000,25.2
2026-03-07 03:47:59.000,24
2026-03-07 03:48:23.000,24
2026-03-07 03:48:23.000,25.2
2026-03-07 03:48:35.000,25.2
2026-03-07 03:48:35.000,26.4
2026-03-07 03:49:55.000,26.4
2026-03-07 03:49:55.000,25.2
2026-03-07 03:49:57.000,25.2
2026-03-07 03:49:57.000,19.2
2026-03-07 03:49:59.000,19.2
2026-03-07 03:49:59.000,16.8
2026-03-07 03:50:01.000,16.8
2026-03-07 03:50:01.000,15.6
2026-03-07 03:50:05.000,15.6
2026-03-07 03:50:05.000,16.8
2026-03-07 03:50:07.000,16.8
2026-03-07 03:50:07.000,15.6
2026-03-07 03:50:09.000,15.6
2026-03-07 03:50:09.000,16.8
2026-03-07 03:50:21.000,16.8
2026-03-07 03:50:21.000,18
2026-03-07 03:50:55.000,18
2026-03-07 03:50:55.000,19.2
2026-03-07 03:51:05.000,19.2
2026-03-07 03:51:05.000,20.4
2026-03-07 03:51:23.000,20.4
2026-03-07 03:51:23.000,21.6
2026-03-07 03:51:27.000,21.6
2026-03-07 03:51:27.000,20.4
2026-03-07 03:51:31.000,20.4
2026-03-07 03:51:31.000,21.6
2026-03-07 03:51:47.000,21.6
2026-03-07 03:51:47.000,20.4
2026-03-07 03:51:49.000,20.4
2026-03-07 03:51:49.000,18
2026-03-07 03:51:51.000,18
2026-03-07 03:51:51.000,16.8
2026-03-07 03:51:53.000,16.8
2026-03-07 03:51:53.000,18
2026-03-07 03:52:01.000,18
2026-03-07 03:52:01.000,20.4
2026-03-07 03:52:03.000,20.4
2026-03-07 03:52:03.000,22.8
2026-03-07 03:52:07.000,22.8
2026-03-07 03:52:07.000,24
2026-03-07 03:52:11.000,24
2026-03-07 03:52:11.000,25.2
2026-03-07 03:52:25.000,25.2
2026-03-07 03:52:25.000,26.4
2026-03-07 03:52:53.000,26.4
2026-03-07 03:52:53.000,27.6
2026-03-07 03:53:49.000,27.6
2026-03-07 03:53:49.000,28.8
2026-03-07 03:54:17.000,28.8
2026-03-07 03:54:17.000,24
2026-03-07 03:54:19.000,24
2026-03-07 03:54:19.000,18
2026-03-07 03:54:21.000,18
2026-03-07 03:54:21.000,16.8
2026-03-07 03:54:23.000,16.8
2026-03-07 03:54:23.000,19.2
2026-03-07 03:54:25.000,19.2
2026-03-07 03:54:25.000,16.8
2026-03-07 03:54:27.000,16.8
2026-03-07 03:54:27.000,18
2026-03-07 03:54:29.000,18
2026-03-07 03:54:29.000,16.8
2026-03-07 03:54:31.000,16.8
2026-03-07 03:54:31.000,18
2026-03-07 03:54:35.000,18
2026-03-07 03:54:35.000,16.8
2026-03-07 03:54:37.000,16.8
2026-03-07 03:54:37.000,15.6
2026-03-07 03:54:39.000,15.6
2026-03-07 03:54:39.000,13.2
2026-03-07 03:54:41.000,13.2
2026-03-07 03:54:41.000,7.2
2026-03-07 03:54:43.000,7.2
2026-03-07 03:54:43.000,3.6
2026-03-07 03:54:45.000,3.6
2026-03-07 03:54:45.000,2.4
2026-03-07 03:54:49.000,2.4
2026-03-07 03:54:49.000,3.6
2026-03-07 03:54:55.000,3.6
2026-03-07 03:54:55.000,4.8
2026-03-07 03:54:59.000,4.8
2026-03-07 03:54:59.000,7.2
2026-03-07 03:55:01.000,7.2
2026-03-07 03:55:01.000,6
2026-03-07 03:55:03.000,6
2026-03-07 03:55:03.000,7.2
2026-03-07 03:55:05.000,7.2
2026-03-07 03:55:05.000,6
2026-03-07 03:55:09.000,6
2026-03-07 03:55:09.000,4.8
2026-03-07 03:55:41.000,4.8
2026-03-07 03:55:41.000,6
2026-03-07 03:55:49.000,6
2026-03-07 03:55:49.000,4.8
2026-03-07 03:55:55.000,4.8
2026-03-07 03:55:55.000,6
2026-03-07 03:55:57.000,6
2026-03-07 03:55:57.000,7.2
2026-03-07 03:55:59.000,7.2
2026-03-07 03:55:59.000,8.4
2026-03-07 03:56:03.000,8.4
2026-03-07 03:56:03.000,7.2
2026-03-07 03:56:05.000,7.2
2026-03-07 03:56:05.000,8.4
2026-03-07 03:56:09.000,8.4
2026-03-07 03:56:09.000,9.6
2026-03-07 03:56:21.000,9.6
2026-03-07 03:56:21.000,10.8
2026-03-07 03:56:25.000,10.8
2026-03-07 03:56:25.000,13.2
2026-03-07 03:56:31.000,13.2
2026-03-07 03:56:31.000,12
2026-03-07 03:56:37.000,12
2026-03-07 03:56:37.000,10.8
2026-03-07 03:57:03.000,10.8
2026-03-07 03:57:03.000,12
2026-03-07 03:57:15.000,12
2026-03-07 03:57:15.000,10.8
2026-03-07 03:57:27.000,10.8
2026-03-07 03:57:27.000,12
2026-03-07 03:58:07.000,12
2026-03-07 03:58:07.000,10.8
2026-03-07 03:58:25.000,10.8
2026-03-07 03:58:25.000,12
2026-03-07 03:58:39.000,12
2026-03-07 03:58:39.000,10.8
2026-03-07 03:58:41.000,10.8
2026-03-07 03:58:41.000,12
2026-03-07 03:58:49.000,12
2026-03-07 03:58:49.000,10.8
2026-03-07 03:58:53.000,10.8
2026-03-07 03:58:53.000,12
2026-03-07 03:58:59.000,12
2026-03-07 03:58:59.000,10.8
2026-03-07 03:59:01.000,10.8
2026-03-07 03:59:01.000,12
2026-03-07 03:59:05.000,12
2026-03-07 03:59:05.000,10.8
2026-03-07 03:59:13.000,10.8
2026-03-07 03:59:13.000,12
2026-03-07 03:59:45.000,12
2026-03-07 03:59:45.000,10.8
2026-03-07 03:59:49.000,10.8
2026-03-07 03:59:49.000,12
2026-03-07 03:59:51.000,12
2026-03-07 03:59:51.000,10.8
2026-03-07 03:59:55.000,10.8
2026-03-07 03:59:55.000,12
2026-03-07 04:00:33.000,12
2026-03-07 04:00:33.000,10.8
2026-03-07 04:00:41.000,10.8
2026-03-07 04:00:41.000,12
2026-03-07 04:01:07.000,12
2026-03-07 04:01:07.000,13.2
2026-03-07 04:01:09.000,13.2
2026-03-07 04:01:09.000,16.8
2026-03-07 04:01:13.000,16.8
2026-03-07 04:01:13.000,19.2
2026-03-07 04:01:15.000,19.2
2026-03-07 04:01:15.000,18
2026-03-07 04:01:17.000,18
2026-03-07 04:01:17.000,19.2
2026-03-07 04:01:35.000,19.2
2026-03-07 04:01:35.000,20.4
2026-03-07 04:01:57.000,20.4
2026-03-07 04:01:57.000,19.2
2026-03-07 04:02:07.000,19.2
2026-03-07 04:02:07.000,20.4
2026-03-07 04:02:09.000,20.4
2026-03-07 04:02:09.000,19.2
2026-03-07 04:02:15.000,19.2
2026-03-07 04:02:15.000,20.4
2026-03-07 04:02:21.000,20.4
2026-03-07 04:02:21.000,19.2
2026-03-07 04:02:41.000,19.2
2026-03-07 04:02:41.000,20.4
2026-03-07 04:03:01.000,20.4
2026-03-07 04:03:01.000,19.2
2026-03-07 04:03:19.000,19.2
2026-03-07 04:03:19.000,20.4
2026-03-07 04:03:41.000,20.4
2026-03-07 04:03:41.000,19.2
2026-03-07 04:04:01.000,19.2
2026-03-07 04:04:01.000,20.4
2026-03-07 04:04:03.000,20.4
2026-03-07 04:04:03.000,19.2
2026-03-07 04:04:05.000,19.2
2026-03-07 04:04:05.000,20.4
2026-03-07 04:04:35.000,20.4
2026-03-07 04:04:35.000,19.2
2026-03-07 04:04:43.000,19.2
2026-03-07 04:04:43.000,20.4
2026-03-07 04:05:15.000,20.4
2026-03-07 04:05:15.000,19.2
2026-03-07 04:05:17.000,19.2
2026-03-07 04:05:17.000,16.8
2026-03-07 04:05:19.000,16.8
2026-03-07 04:05:19.000,12
2026-03-07 04:05:21.000,12
2026-03-07 04:05:21.000,15.6
2026-03-07 04:05:23.000,15.6
2026-03-07 04:05:23.000,14.4
2026-03-07 04:05:31.000,14.4
2026-03-07 04:05:31.000,15.6
2026-03-07 04:05:43.000,15.6
2026-03-07 04:05:43.000,16.8
2026-03-07 04:05:51.000,16.8
2026-03-07 04:05:51.000,15.6
2026-03-07 04:06:55.000,15.6
2026-03-07 04:06:55.000,16.8
2026-03-07 04:06:57.000,16.8
2026-03-07 04:06:57.000,15.6
2026-03-07 04:06:59.000,15.6
2026-03-07 04:06:59.000,16.8
2026-03-07 04:09:19.000,16.8
2026-03-07 04:09:19.000,18
2026-03-07 04:09:27.000,18
2026-03-07 04:09:27.000,16.8
2026-03-07 04:09:51.000,16.8
2026-03-07 04:09:51.000,18
2026-03-07 04:09:53.000,18
2026-03-07 04:09:53.000,16.8
2026-03-07 04:09:55.000,16.8
2026-03-07 04:09:55.000,18
2026-03-07 04:10:15.000,18
2026-03-07 04:10:15.000,16.8
2026-03-07 04:10:19.000,16.8
2026-03-07 04:10:19.000,18
2026-03-07 04:10:21.000,18
2026-03-07 04:10:21.000,16.8
2026-03-07 04:10:37.000,16.8
2026-03-07 04:10:37.000,18
2026-03-07 04:10:53.000,18
2026-03-07 04:10:53.000,16.8
2026-03-07 04:11:07.000,16.8
2026-03-07 04:11:07.000,18
2026-03-07 04:11:27.000,18
2026-03-07 04:11:27.000,16.8
2026-03-07 04:12:35.000,16.8
2026-03-07 04:12:35.000,18
2026-03-07 04:12:43.000,18
2026-03-07 04:12:43.000,16.8
2026-03-07 04:12:47.000,16.8
2026-03-07 04:12:47.000,18
2026-03-07 04:14:51.000,18
2026-03-07 04:14:51.000,19.2
2026-03-07 04:15:59.000,19.2
2026-03-07 04:15:59.000,20.4
2026-03-07 04:16:01.000,20.4
2026-03-07 04:16:01.000,19.2
2026-03-07 04:16:03.000,19.2
2026-03-07 04:16:03.000,20.4
2026-03-07 04:17:19.000,20.4
2026-03-07 04:17:19.000,21.6
2026-03-07 04:17:59.000,21.6
2026-03-07 04:17:59.000,22.8
2026-03-07 04:18:03.000,22.8
2026-03-07 04:18:03.000,24
2026-03-07 04:18:13.000,24
2026-03-07 04:18:13.000,25.2
2026-03-07 04:18:49.000,25.2
2026-03-07 04:18:49.000,26.4
2026-03-07 04:19:35.000,26.4
2026-03-07 04:19:35.000,27.6
2026-03-07 04:19:39.000,27.6
2026-03-07 04:19:39.000,26.4
2026-03-07 04:19:43.000,26.4
2026-03-07 04:19:43.000,31.2
2026-03-07 04:19:45.000,31.2
2026-03-07 04:19:45.000,26.4
2026-03-07 04:19:47.000,26.4
2026-03-07 04:19:47.000,20.4
2026-03-07 04:19:49.000,20.4
2026-03-07 04:19:49.000,0
2026-03-07 04:19:51.000,0
2026-03-07 04:19:51.000,10.8
2026-03-07 04:19:53.000,10.8
2026-03-07 04:19:53.000,6
2026-03-07 04:19:55.000,6
2026-03-07 04:19:55.000,15.6
2026-03-07 04:19:57.000,15.6
2026-03-07 04:19:57.000,13.2
2026-03-07 04:19:59.000,13.2
2026-03-07 04:19:59.000,12
2026-03-07 04:20:01.000,12
2026-03-07 04:20:01.000,10.8
2026-03-07 04:20:11.000,10.8
2026-03-07 04:20:11.000,12
2026-03-07 04:20:15.000,12
2026-03-07 04:20:15.000,13.2
2026-03-07 04:20:17.000,13.2
2026-03-07 04:20:17.000,14.4
2026-03-07 04:20:21.000,14.4
2026-03-07 04:20:21.000,13.2
2026-03-07 04:20:25.000,13.2
2026-03-07 04:20:25.000,12
2026-03-07 04:20:29.000,12
2026-03-07 04:20:29.000,10.8
2026-03-07 04:20:49.000,10.8
2026-03-07 04:20:49.000,12
2026-03-07 04:20:55.000,12
2026-03-07 04:20:55.000,13.2
2026-03-07 04:20:59.000,13.2
2026-03-07 04:20:59.000,12
2026-03-07 04:21:15.000,12
2026-03-07 04:21:15.000,10.8
2026-03-07 04:21:17.000,10.8
2026-03-07 04:21:17.000,12
2026-03-07 04:22:23.000,12
2026-03-07 04:22:23.000,13.2
2026-03-07 04:22:31.000,13.2
2026-03-07 04:22:31.000,14.4
2026-03-07 04:22:37.000,14.4
2026-03-07 04:22:37.000,13.2
2026-03-07 04:22:39.000,13.2
2026-03-07 04:22:39.000,9.6
2026-03-07 04:22:45.000,9.6
2026-03-07 04:22:45.000,8.4
2026-03-07 04:22:51.000,8.4
2026-03-07 04:22:51.000,9.6
2026-03-07 04:22:53.000,9.6
2026-03-07 04:22:53.000,8.4
2026-03-07 04:22:55.000,8.4
2026-03-07 04:22:55.000,9.6
2026-03-07 04:22:57.000,9.6
2026-03-07 04:22:57.000,8.4
2026-03-07 04:22:59.000,8.4
2026-03-07 04:22:59.000,7.2
2026-03-07 04:23:05.000,7.2
2026-03-07 04:23:05.000,8.4
2026-03-07 04:23:13.000,8.4
2026-03-07 04:23:13.000,9.6
2026-03-07 04:23:19.000,9.6
2026-03-07 04:23:19.000,10.8
2026-03-07 04:23:23.000,10.8
2026-03-07 04:23:23.000,12
2026-03-07 04:23:27.000,12
2026-03-07 04:23:27.000,10.8
2026-03-07 04:23:33.000,10.8
2026-03-07 04:23:33.000,9.6
2026-03-07 04:23:55.000,9.6
2026-03-07 04:23:55.000,10.8
2026-03-07 04:24:23.000,10.8
2026-03-07 04:24:23.000,9.6
2026-03-07 04:24:29.000,9.6
2026-03-07 04:24:29.000,10.8
2026-03-07 04:25:15.000,10.8
2026-03-07 04:25:15.000,9.6
2026-03-07 04:25:17.000,9.6
2026-03-07 04:25:17.000,10.8
2026-03-07 04:26:01.000,10.8
2026-03-07 04:26:01.000,9.6
2026-03-07 04:26:03.000,9.6
2026-03-07 04:26:03.000,10.8
2026-03-07 04:26:55.000,10.8
2026-03-07 04:26:55.000,9.6
2026-03-07 04:26:57.000,9.6
2026-03-07 04:26:57.000,10.8
2026-03-07 04:28:11.000,10.8
2026-03-07 04:28:11.000,9.6
2026-03-07 04:28:21.000,9.6
2026-03-07 04:28:21.000,10.8
2026-03-07 04:29:47.000,10.8
2026-03-07 04:29:47.000,9.6
2026-03-07 04:29:49.000,9.6
2026-03-07 04:29:49.000,10.8
2026-03-07 04:35:35.000,10.8
2026-03-07 04:35:35.000,9.6
2026-03-07 04:35:37.000,9.6
2026-03-07 04:35:37.000,10.8
2026-03-07 04:36:07.000,10.8
2026-03-07 04:36:07.000,15.6
2026-03-07 04:36:09.000,15.6
2026-03-07 04:36:09.000,13.2
2026-03-07 04:36:11.000,13.2
2026-03-07 04:36:11.000,10.8
2026-03-07 04:36:13.000,10.8
2026-03-07 04:36:13.000,0
2026-03-07 04:36:15.000,0
2026-03-07 04:36:15.000,2.4
2026-03-07 04:36:17.000,2.4
2026-03-07 04:36:17.000,0
2026-03-07 04:36:23.000,0
2026-03-07 04:36:23.000,6
2026-03-07 04:36:25.000,6
2026-03-07 04:36:25.000,9.6
2026-03-07 04:36:31.000,9.6
2026-03-07 04:36:31.000,12
2026-03-07 04:36:33.000,12
2026-03-07 04:36:33.000,10.8
2026-03-07 04:36:35.000,10.8
2026-03-07 04:36:35.000,12
2026-03-07 04:36:41.000,12
2026-03-07 04:36:41.000,10.8
2026-03-07 04:36:45.000,10.8
2026-03-07 04:36:45.000,8.4
2026-03-07 04:36:49.000,8.4
2026-03-07 04:36:49.000,7.2
2026-03-07 04:37:03.000,7.2
2026-03-07 04:37:03.000,8.4
2026-03-07 04:37:15.000,8.4
2026-03-07 04:37:15.000,9.6
2026-03-07 04:37:27.000,9.6
2026-03-07 04:37:27.000,8.4
2026-03-07 04:37:57.000,8.4
2026-03-07 04:37:57.000,9.6
2026-03-07 04:38:09.000,9.6
2026-03-07 04:38:09.000,8.4
2026-03-07 04:38:43.000,8.4
2026-03-07 04:38:43.000,9.6
2026-03-07 04:38:49.000,9.6
2026-03-07 04:38:49.000,8.4
2026-03-07 04:40:59.000,8.4
2026-03-07 04:40:59.000,9.6
2026-03-07 04:41:01.000,9.6
2026-03-07 04:41:01.000,14.4
2026-03-07 04:41:07.000,14.4
2026-03-07 04:41:07.000,13.2
2026-03-07 04:41:11.000,13.2
2026-03-07 04:41:11.000,12
2026-03-07 04:41:13.000,12
2026-03-07 04:41:13.000,9.6
2026-03-07 04:41:15.000,9.6
2026-03-07 04:41:15.000,8.4
2026-03-07 04:41:17.000,8.4
2026-03-07 04:41:17.000,9.6
2026-03-07 04:41:23.000,9.6
2026-03-07 04:41:23.000,10.8
2026-03-07 04:41:29.000,10.8
2026-03-07 04:41:29.000,12
2026-03-07 04:41:47.000,12
2026-03-07 04:41:47.000,10.8
2026-03-07 04:41:53.000,10.8
2026-03-07 04:41:53.000,12
2026-03-07 04:41:55.000,12
2026-03-07 04:41:55.000,10.8
2026-03-07 04:41:57.000,10.8
2026-03-07 04:41:57.000,12
2026-03-07 04:42:35.000,12
2026-03-07 04:42:35.000,13.2
2026-03-07 04:42:37.000,13.2
2026-03-07 04:42:37.000,15.6
2026-03-07 04:42:39.000,15.6
2026-03-07 04:42:39.000,12
2026-03-07 04:42:41.000,12
2026-03-07 04:42:41.000,10.8
2026-03-07 04:42:43.000,10.8
2026-03-07 04:42:43.000,7.2
2026-03-07 04:43:01.000,7.2
2026-03-07 04:43:01.000,8.4
2026-03-07 04:43:05.000,8.4
2026-03-07 04:43:05.000,9.6
2026-03-07 04:43:07.000,9.6
2026-03-07 04:43:07.000,10.8
2026-03-07 04:43:11.000,10.8
2026-03-07 04:43:11.000,9.6
2026-03-07 04:43:17.000,9.6
2026-03-07 04:43:17.000,8.4
2026-03-07 04:43:29.000,8.4
2026-03-07 04:43:29.000,7.2
2026-03-07 04:43:43.000,7.2
2026-03-07 04:43:43.000,8.4
2026-03-07 04:43:53.000,8.4
2026-03-07 04:43:53.000,9.6
2026-03-07 04:43:55.000,9.6
2026-03-07 04:43:55.000,8.4
2026-03-07 04:44:17.000,8.4
2026-03-07 04:44:17.000,7.2
2026-03-07 04:44:21.000,7.2
2026-03-07 04:44:21.000,8.4
2026-03-07 04:44:51.000,8.4
2026-03-07 04:44:51.000,7.2
2026-03-07 04:44:55.000,7.2
2026-03-07 04:44:55.000,8.4
2026-03-07 04:44:59.000,8.4
2026-03-07 04:44:59.000,7.2
2026-03-07 04:45:03.000,7.2
2026-03-07 04:45:03.000,8.4
2026-03-07 04:45:33.000,8.4
2026-03-07 04:45:33.000,7.2
2026-03-07 04:45:35.000,7.2
2026-03-07 04:45:35.000,8.4
2026-03-07 04:45:39.000,8.4
2026-03-07 04:45:39.000,9.6
2026-03-07 04:45:41.000,9.6
2026-03-07 04:45:41.000,10.8
2026-03-07 04:45:53.000,10.8
2026-03-07 04:45:53.000,12
2026-03-07 04:46:05.000,12
2026-03-07 04:46:05.000,13.2
2026-03-07 04:46:09.000,13.2
2026-03-07 04:46:09.000,14.4
2026-03-07 04:46:13.000,14.4
2026-03-07 04:46:13.000,15.6
2026-03-07 04:46:19.000,15.6
2026-03-07 04:46:19.000,13.2
2026-03-07 04:46:27.000,13.2
2026-03-07 04:46:27.000,12
2026-03-07 04:46:31.000,12
2026-03-07 04:46:31.000,13.2
2026-03-07 04:46:51.000,13.2
2026-03-07 04:46:51.000,14.4
2026-03-07 04:47:03.000,14.4
2026-03-07 04:47:03.000,13.2
2026-03-07 04:47:27.000,13.2
2026-03-07 04:47:27.000,14.4
2026-03-07 04:47:43.000,14.4
2026-03-07 04:47:43.000,13.2
2026-03-07 04:48:09.000,13.2
2026-03-07 04:48:09.000,14.4
2026-03-07 04:48:23.000,14.4
2026-03-07 04:48:23.000,13.2
2026-03-07 04:48:51.000,13.2
2026-03-07 04:48:51.000,14.4
2026-03-07 04:49:05.000,14.4
2026-03-07 04:49:05.000,13.2
2026-03-07 04:49:35.000,13.2
2026-03-07 04:49:35.000,14.4
2026-03-07 04:49:47.000,14.4
2026-03-07 04:49:47.000,13.2
2026-03-07 04:50:11.000,13.2
2026-03-07 04:50:11.000,14.4
2026-03-07 04:50:15.000,14.4
2026-03-07 04:50:15.000,13.2
2026-03-07 04:50:17.000,13.2
2026-03-07 04:50:17.000,14.4
2026-03-07 04:50:19.000,14.4
2026-03-07 04:50:19.000,16.8
2026-03-07 04:50:21.000,16.8
2026-03-07 04:50:21.000,15.6
2026-03-07 04:50:23.000,15.6
2026-03-07 04:50:23.000,13.2
2026-03-07 04:50:25.000,13.2
2026-03-07 04:50:25.000,9.6
2026-03-07 04:50:33.000,9.6
2026-03-07 04:50:33.000,10.8
2026-03-07 04:50:41.000,10.8
2026-03-07 04:50:41.000,12
2026-03-07 04:50:45.000,12
2026-03-07 04:50:45.000,13.2
2026-03-07 04:50:59.000,13.2
2026-03-07 04:50:59.000,12
2026-03-07 04:51:33.000,12
2026-03-07 04:51:33.000,13.2
2026-03-07 04:51:41.000,13.2
2026-03-07 04:51:41.000,12
2026-03-07 04:53:57.000,12
2026-03-07 04:53:57.000,13.2
2026-03-07 04:53:59.000,13.2
2026-03-07 04:53:59.000,12
2026-03-07 04:54:07.000,12
2026-03-07 04:54:07.000,13.2
2026-03-07 04:54:11.000,13.2
2026-03-07 04:54:11.000,12
2026-03-07 04:54:47.000,12
2026-03-07 04:54:47.000,13.2
2026-03-07 04:54:49.000,13.2
2026-03-07 04:54:49.000,12
2026-03-07 04:54:55.000,12
2026-03-07 04:54:55.000,13.2
2026-03-07 04:55:01.000,13.2
2026-03-07 04:55:01.000,12
2026-03-07 04:55:29.000,12
2026-03-07 04:55:29.000,13.2
2026-03-07 04:55:31.000,13.2
2026-03-07 04:55:31.000,12
2026-03-07 04:55:59.000,12
2026-03-07 04:55:59.000,13.2
2026-03-07 04:56:07.000,13.2
2026-03-07 04:56:07.000,16.8
2026-03-07 04:56:09.000,16.8
2026-03-07 04:56:09.000,18
2026-03-07 04:56:11.000,18
2026-03-07 04:56:11.000,16.8
2026-03-07 04:56:15.000,16.8
2026-03-07 04:56:15.000,15.6
2026-03-07 04:56:19.000,15.6
2026-03-07 04:56:19.000,14.4
2026-03-07 04:56:33.000,14.4
2026-03-07 04:56:33.000,15.6
2026-03-07 04:56:39.000,15.6
2026-03-07 04:56:39.000,16.8
2026-03-07 04:56:41.000,16.8
2026-03-07 04:56:41.000,19.2
2026-03-07 04:56:43.000,19.2
2026-03-07 04:56:43.000,24
2026-03-07 04:56:47.000,24
2026-03-07 04:56:47.000,30
2026-03-07 04:56:49.000,30
2026-03-07 04:56:49.000,28.8
2026-03-07 04:56:51.000,28.8
2026-03-07 04:56:51.000,31.2
2026-03-07 04:56:55.000,31.2
2026-03-07 04:56:55.000,32.4
2026-03-07 04:57:01.000,32.4
2026-03-07 04:57:01.000,33.6
2026-03-07 04:57:09.000,33.6
2026-03-07 04:57:09.000,34.8
2026-03-07 04:57:11.000,34.8
2026-03-07 04:57:11.000,33.6
2026-03-07 04:57:13.000,33.6
2026-03-07 04:57:13.000,34.8
2026-03-07 04:57:31.000,34.8
2026-03-07 04:57:31.000,33.6
2026-03-07 04:57:59.000,33.6
2026-03-07 04:57:59.000,30
2026-03-07 04:58:01.000,30
2026-03-07 04:58:01.000,28.8
2026-03-07 04:58:05.000,28.8
2026-03-07 04:58:05.000,30
2026-03-07 04:58:23.000,30
2026-03-07 04:58:23.000,31.2
2026-03-07 04:58:25.000,31.2
2026-03-07 04:58:25.000,32.4
2026-03-07 04:58:27.000,32.4
2026-03-07 04:58:27.000,33.6
2026-03-07 04:58:47.000,33.6
2026-03-07 04:58:47.000,34.8
2026-03-07 04:59:01.000,34.8
2026-03-07 04:59:01.000,33.6
2026-03-07 04:59:03.000,33.6
2026-03-07 04:59:03.000,34.8
2026-03-07 04:59:23.000,34.8
2026-03-07 04:59:23.000,33.6
2026-03-07 04:59:25.000,33.6
2026-03-07 04:59:25.000,31.2
2026-03-07 04:59:27.000,31.2
2026-03-07 04:59:27.000,32.4
2026-03-07 04:59:29.000,32.4
2026-03-07 04:59:29.000,31.2
2026-03-07 04:59:33.000,31.2
2026-03-07 04:59:33.000,30
2026-03-07 04:59:37.000,30
2026-03-07 04:59:37.000,27.6
2026-03-07 04:59:41.000,27.6
2026-03-07 04:59:41.000,28.8
2026-03-07 04:59:43.000,28.8
2026-03-07 04:59:43.000,30
2026-03-07 04:59:49.000,30
2026-03-07 04:59:49.000,31.2
2026-03-07 04:59:57.000,31.2
2026-03-07 04:59:57.000,32.4
2026-03-07 05:00:01.000,32.4
2026-03-07 05:00:01.000,31.2
2026-03-07 05:00:11.000,31.2
2026-03-07 05:00:11.000,32.4
2026-03-07 05:00:25.000,32.4
2026-03-07 05:00:25.000,33.6
2026-03-07 05:00:39.000,33.6
2026-03-07 05:00:39.000,34.8
2026-03-07 05:00:45.000,34.8
2026-03-07 05:00:45.000,33.6
2026-03-07 05:00:47.000,33.6
2026-03-07 05:00:47.000,32.4
2026-03-07 05:00:49.000,32.4
2026-03-07 05:00:49.000,30
2026-03-07 05:00:51.000,30
2026-03-07 05:00:51.000,24
2026-03-07 05:00:53.000,24
2026-03-07 05:00:53.000,14.4
2026-03-07 05:00:55.000,14.4
2026-03-07 05:00:55.000,6
2026-03-07 05:00:57.000,6
2026-03-07 05:00:57.000,7.2
2026-03-07 05:00:59.000,7.2
2026-03-07 05:00:59.000,8.4
2026-03-07 05:01:01.000,8.4
2026-03-07 05:01:01.000,7.2
2026-03-07 05:01:03.000,7.2
2026-03-07 05:01:03.000,8.4
2026-03-07 05:01:25.000,8.4
2026-03-07 05:01:25.000,7.2
2026-03-07 05:01:49.000,7.2
2026-03-07 05:01:49.000,8.4
2026-03-07 05:01:51.000,8.4
2026-03-07 05:01:51.000,9.6
2026-03-07 05:01:53.000,9.6
2026-03-07 05:01:53.000,10.8
2026-03-07 05:01:57.000,10.8
2026-03-07 05:01:57.000,13.2
2026-03-07 05:02:01.000,13.2
2026-03-07 05:02:01.000,14.4
2026-03-07 05:02:09.000,14.4
2026-03-07 05:02:09.000,15.6
2026-03-07 05:02:15.000,15.6
2026-03-07 05:02:15.000,14.4
2026-03-07 05:02:17.000,14.4
2026-03-07 05:02:17.000,13.2
2026-03-07 05:02:23.000,13.2
2026-03-07 05:02:23.000,14.4
2026-03-07 05:02:27.000,14.4
2026-03-07 05:02:27.000,15.6
2026-03-07 05:02:29.000,15.6
2026-03-07 05:02:29.000,16.8
2026-03-07 05:02:31.000,16.8
2026-03-07 05:02:31.000,18
2026-03-07 05:02:35.000,18
2026-03-07 05:02:35.000,19.2
2026-03-07 05:02:39.000,19.2
2026-03-07 05:02:39.000,18
2026-03-07 05:02:41.000,18
2026-03-07 05:02:41.000,16.8
2026-03-07 05:02:43.000,16.8
2026-03-07 05:02:43.000,13.2
2026-03-07 05:02:47.000,13.2
2026-03-07 05:02:47.000,7.2
2026-03-07 05:02:53.000,7.2
2026-03-07 05:02:53.000,6
2026-03-07 05:03:01.000,6
2026-03-07 05:03:01.000,7.2
2026-03-07 05:03:15.000,7.2
2026-03-07 05:03:15.000,8.4
2026-03-07 05:03:25.000,8.4
2026-03-07 05:03:25.000,7.2
2026-03-07 05:03:31.000,7.2
2026-03-07 05:03:31.000,6
2026-03-07 05:03:33.000,6
2026-03-07 05:03:33.000,7.2
2026-03-07 05:03:45.000,7.2
2026-03-07 05:03:45.000,6
2026-03-07 05:03:49.000,6
2026-03-07 05:03:49.000,7.2
2026-03-07 05:03:59.000,7.2
2026-03-07 05:03:59.000,8.4
2026-03-07 05:04:01.000,8.4
2026-03-07 05:04:01.000,9.6
2026-03-07 05:04:03.000,9.6
2026-03-07 05:04:03.000,8.4
2026-03-07 05:04:05.000,8.4
2026-03-07 05:04:05.000,7.2
2026-03-07 05:04:11.000,7.2
2026-03-07 05:04:11.000,8.4
2026-03-07 05:04:13.000,8.4
2026-03-07 05:04:13.000,10.8
2026-03-07 05:04:15.000,10.8
2026-03-07 05:04:15.000,14.4
2026-03-07 05:04:17.000,14.4
2026-03-07 05:04:17.000,18
2026-03-07 05:04:19.000,18
2026-03-07 05:04:19.000,19.2
2026-03-07 05:04:21.000,19.2
2026-03-07 05:04:21.000,21.6
2026-03-07 05:04:23.000,21.6
2026-03-07 05:04:23.000,22.8
2026-03-07 05:04:25.000,22.8
2026-03-07 05:04:25.000,24
2026-03-07 05:04:27.000,24
2026-03-07 05:04:27.000,25.2
2026-03-07 05:04:33.000,25.2
2026-03-07 05:04:33.000,26.4
2026-03-07 05:04:39.000,26.4
2026-03-07 05:04:39.000,27.6
2026-03-07 05:04:49.000,27.6
2026-03-07 05:04:49.000,28.8
2026-03-07 05:04:53.000,28.8
2026-03-07 05:04:53.000,27.6
2026-03-07 05:04:57.000,27.6
2026-03-07 05:04:57.000,26.4
2026-03-07 05:04:59.000,26.4
2026-03-07 05:04:59.000,25.2
2026-03-07 05:05:01.000,25.2
2026-03-07 05:05:01.000,24
2026-03-07 05:05:09.000,24
2026-03-07 05:05:09.000,25.2
2026-03-07 05:05:13.000,25.2
2026-03-07 05:05:13.000,26.4
2026-03-07 05:05:15.000,26.4
2026-03-07 05:05:15.000,25.2
2026-03-07 05:05:19.000,25.2
2026-03-07 05:05:19.000,22.8
2026-03-07 05:05:21.000,22.8
2026-03-07 05:05:21.000,24
2026-03-07 05:05:25.000,24
2026-03-07 05:05:25.000,25.2
2026-03-07 05:05:27.000,25.2
2026-03-07 05:05:27.000,26.4
2026-03-07 05:05:29.000,26.4
2026-03-07 05:05:29.000,27.6
2026-03-07 05:05:31.000,27.6
2026-03-07 05:05:31.000,28.8
2026-03-07 05:05:35.000,28.8
2026-03-07 05:05:35.000,30
2026-03-07 05:05:37.000,30
2026-03-07 05:05:37.000,28.8
2026-03-07 05:05:39.000,28.8
2026-03-07 05:05:39.000,30
2026-03-07 05:05:43.000,30
2026-03-07 05:05:43.000,28.8
2026-03-07 05:05:47.000,28.8
2026-03-07 05:05:47.000,25.2
2026-03-07 05:05:51.000,25.2
2026-03-07 05:05:51.000,21.6
2026-03-07 05:05:53.000,21.6
2026-03-07 05:05:53.000,22.8
2026-03-07 05:05:57.000,22.8
2026-03-07 05:05:57.000,24
2026-03-07 05:05:59.000,24
2026-03-07 05:05:59.000,25.2
2026-03-07 05:06:05.000,25.2
2026-03-07 05:06:05.000,26.4
2026-03-07 05:06:07.000,26.4
2026-03-07 05:06:07.000,27.6
2026-03-07 05:06:15.000,27.6
2026-03-07 05:06:15.000,28.8
2026-03-07 05:06:29.000,28.8
2026-03-07 05:06:29.000,27.6
2026-03-07 05:06:35.000,27.6
2026-03-07 05:06:35.000,26.4
2026-03-07 05:06:59.000,26.4
2026-03-07 05:06:59.000,27.6
2026-03-07 05:07:05.000,27.6
2026-03-07 05:07:05.000,28.8
2026-03-07 05:07:43.000,28.8
2026-03-07 05:07:43.000,30
2026-03-07 05:07:45.000,30
2026-03-07 05:07:45.000,28.8
2026-03-07 05:07:55.000,28.8
2026-03-07 05:07:55.000,27.6
2026-03-07 05:08:05.000,27.6
2026-03-07 05:08:05.000,21.6
2026-03-07 05:08:07.000,21.6
2026-03-07 05:08:07.000,15.6
2026-03-07 05:08:09.000,15.6
2026-03-07 05:08:09.000,8.4
2026-03-07 05:08:11.000,8.4
2026-03-07 05:08:11.000,7.2
2026-03-07 05:08:13.000,7.2
2026-03-07 05:08:13.000,6
2026-03-07 05:08:15.000,6
2026-03-07 05:08:15.000,7.2
2026-03-07 05:08:17.000,7.2
2026-03-07 05:08:17.000,6
2026-03-07 05:08:19.000,6
2026-03-07 05:08:19.000,7.2
2026-03-07 05:08:31.000,7.2
2026-03-07 05:08:31.000,6
2026-03-07 05:08:43.000,6
2026-03-07 05:08:43.000,7.2
2026-03-07 05:09:07.000,7.2
2026-03-07 05:09:07.000,6
2026-03-07 05:09:09.000,6
2026-03-07 05:09:09.000,7.2
2026-03-07 05:09:11.000,7.2
2026-03-07 05:09:11.000,6
2026-03-07 05:09:19.000,6
2026-03-07 05:09:19.000,8.4
2026-03-07 05:09:21.000,8.4
2026-03-07 05:09:21.000,7.2
2026-03-07 05:09:23.000,7.2
2026-03-07 05:09:23.000,6
2026-03-07 05:09:25.000,6
2026-03-07 05:09:25.000,7.2
2026-03-07 05:09:29.000,7.2
2026-03-07 05:09:29.000,8.4
2026-03-07 05:09:31.000,8.4
2026-03-07 05:09:31.000,10.8
2026-03-07 05:09:33.000,10.8
2026-03-07 05:09:33.000,13.2
2026-03-07 05:09:35.000,13.2
2026-03-07 05:09:35.000,14.4
2026-03-07 05:09:39.000,14.4
2026-03-07 05:09:39.000,16.8
2026-03-07 05:09:43.000,16.8
2026-03-07 05:09:43.000,18
2026-03-07 05:09:51.000,18
2026-03-07 05:09:51.000,19.2
2026-03-07 05:12:09.000,19.2
2026-03-07 05:12:09.000,18
2026-03-07 05:12:35.000,18
2026-03-07 05:12:35.000,19.2
2026-03-07 05:12:37.000,19.2
2026-03-07 05:12:37.000,18
2026-03-07 05:12:39.000,18
2026-03-07 05:12:39.000,19.2
2026-03-07 05:12:51.000,19.2
2026-03-07 05:12:51.000,18
2026-03-07 05:12:57.000,18
2026-03-07 05:12:57.000,19.2
2026-03-07 05:13:05.000,19.2
2026-03-07 05:13:05.000,20.4
2026-03-07 05:13:09.000,20.4
2026-03-07 05:13:09.000,19.2
2026-03-07 05:13:11.000,19.2
2026-03-07 05:13:11.000,18
2026-03-07 05:13:13.000,18
2026-03-07 05:13:13.000,14.4
2026-03-07 05:13:17.000,14.4
2026-03-07 05:13:17.000,12
2026-03-07 05:13:19.000,12
2026-03-07 05:13:19.000,10.8
2026-03-07 05:13:23.000,10.8
2026-03-07 05:13:23.000,9.6
2026-03-07 05:13:31.000,9.6
2026-03-07 05:13:31.000,8.4
2026-03-07 05:13:55.000,8.4
2026-03-07 05:13:55.000,9.6
2026-03-07 05:13:59.000,9.6
2026-03-07 05:13:59.000,10.8
2026-03-07 05:14:01.000,10.8
2026-03-07 05:14:01.000,8.4
2026-03-07 05:14:03.000,8.4
2026-03-07 05:14:03.000,9.6
2026-03-07 05:14:05.000,9.6
2026-03-07 05:14:05.000,7.2
2026-03-07 05:14:07.000,7.2
2026-03-07 05:14:07.000,6
2026-03-07 05:14:13.000,6
2026-03-07 05:14:13.000,7.2
2026-03-07 05:14:23.000,7.2
2026-03-07 05:14:23.000,8.4
2026-03-07 05:14:25.000,8.4
2026-03-07 05:14:25.000,7.2
2026-03-07 05:14:27.000,7.2
2026-03-07 05:14:27.000,8.4
2026-03-07 05:14:33.000,8.4
2026-03-07 05:14:33.000,9.6
2026-03-07 05:14:35.000,9.6
2026-03-07 05:14:35.000,12
2026-03-07 05:14:37.000,12
2026-03-07 05:14:37.000,13.2
2026-03-07 05:14:39.000,13.2
2026-03-07 05:14:39.000,7.2
2026-03-07 05:14:41.000,7.2
2026-03-07 05:14:41.000,6
2026-03-07 05:14:43.000,6
2026-03-07 05:14:43.000,4.8
2026-03-07 05:14:45.000,4.8
2026-03-07 05:14:45.000,6
2026-03-07 05:14:47.000,6
2026-03-07 05:14:47.000,9.6
2026-03-07 05:14:49.000,9.6
2026-03-07 05:14:49.000,8.4
2026-03-07 05:14:51.000,8.4
2026-03-07 05:14:51.000,12
2026-03-07 05:14:53.000,12
2026-03-07 05:14:53.000,10.8
2026-03-07 05:14:57.000,10.8
2026-03-07 05:14:57.000,9.6
2026-03-07 05:14:59.000,9.6
2026-03-07 05:14:59.000,10.8
2026-03-07 05:15:07.000,10.8
2026-03-07 05:15:07.000,12
2026-03-07 05:15:13.000,12
2026-03-07 05:15:13.000,13.2
2026-03-07 05:15:17.000,13.2
2026-03-07 05:15:17.000,15.6
2026-03-07 05:15:19.000,15.6
2026-03-07 05:15:19.000,18
2026-03-07 05:15:21.000,18
2026-03-07 05:15:21.000,20.4
2026-03-07 05:15:25.000,20.4
2026-03-07 05:15:25.000,22.8
2026-03-07 05:15:27.000,22.8
2026-03-07 05:15:27.000,21.6
2026-03-07 05:15:29.000,21.6
2026-03-07 05:15:29.000,22.8
2026-03-07 05:15:39.000,22.8
2026-03-07 05:15:39.000,24
2026-03-07 05:15:41.000,24
2026-03-07 05:15:41.000,25.2
2026-03-07 05:15:43.000,25.2
2026-03-07 05:15:43.000,26.4
2026-03-07 05:15:45.000,26.4
2026-03-07 05:15:45.000,27.6
2026-03-07 05:15:57.000,27.6
2026-03-07 05:15:57.000,28.8
2026-03-07 05:16:03.000,28.8
2026-03-07 05:16:03.000,27.6
2026-03-07 05:16:11.000,27.6
2026-03-07 05:16:11.000,28.8
2026-03-07 05:16:25.000,28.8
2026-03-07 05:16:25.000,30
2026-03-07 05:16:27.000,30
2026-03-07 05:16:27.000,28.8
2026-03-07 05:16:29.000,28.8
2026-03-07 05:16:29.000,30
2026-03-07 05:16:35.000,30
2026-03-07 05:16:35.000,28.8
2026-03-07 05:17:11.000,28.8
2026-03-07 05:17:11.000,27.6
2026-03-07 05:17:19.000,27.6
2026-03-07 05:17:19.000,28.8
2026-03-07 05:17:21.000,28.8
2026-03-07 05:17:21.000,27.6
2026-03-07 05:17:23.000,27.6
2026-03-07 05:17:23.000,28.8
2026-03-07 05:17:27.000,28.8
2026-03-07 05:17:27.000,30
2026-03-07 05:17:31.000,30
2026-03-07 05:17:31.000,31.2
2026-03-07 05:17:39.000,31.2
2026-03-07 05:17:39.000,32.4
2026-03-07 05:18:15.000,32.4
2026-03-07 05:18:15.000,31.2
2026-03-07 05:18:19.000,31.2
2026-03-07 05:18:19.000,30
2026-03-07 05:18:21.000,30
2026-03-07 05:18:21.000,31.2
2026-03-07 05:18:29.000,31.2
2026-03-07 05:18:29.000,32.4
2026-03-07 05:18:39.000,32.4
2026-03-07 05:18:39.000,31.2
2026-03-07 05:18:41.000,31.2
2026-03-07 05:18:41.000,32.4
2026-03-07 05:18:43.000,32.4
2026-03-07 05:18:43.000,31.2
2026-03-07 05:18:53.000,31.2
2026-03-07 05:18:53.000,30
2026-03-07 05:18:55.000,30
2026-03-07 05:18:55.000,24
2026-03-07 05:18:57.000,24
2026-03-07 05:18:57.000,22.8
2026-03-07 05:18:59.000,22.8
2026-03-07 05:18:59.000,10.8
2026-03-07 05:19:01.000,10.8
2026-03-07 05:19:01.000,18
2026-03-07 05:19:03.000,18
2026-03-07 05:19:03.000,16.8
2026-03-07 05:19:05.000,16.8
2026-03-07 05:19:05.000,18
2026-03-07 05:19:07.000,18
2026-03-07 05:19:07.000,19.2
2026-03-07 05:19:09.000,19.2
2026-03-07 05:19:09.000,18
2026-03-07 05:19:11.000,18
2026-03-07 05:19:11.000,19.2
2026-03-07 05:19:13.000,19.2
2026-03-07 05:19:13.000,20.4
2026-03-07 05:19:17.000,20.4
2026-03-07 05:19:17.000,21.6
2026-03-07 05:19:21.000,21.6
2026-03-07 05:19:21.000,22.8
2026-03-07 05:19:27.000,22.8
2026-03-07 05:19:27.000,24
2026-03-07 05:19:31.000,24
2026-03-07 05:19:31.000,25.2
2026-03-07 05:19:45.000,25.2
2026-03-07 05:19:45.000,26.4
2026-03-07 05:19:47.000,26.4
2026-03-07 05:19:47.000,25.2
2026-03-07 05:19:49.000,25.2
2026-03-07 05:19:49.000,26.4
2026-03-07 05:19:51.000,26.4
2026-03-07 05:19:51.000,24
2026-03-07 05:19:55.000,24
2026-03-07 05:19:55.000,25.2
2026-03-07 05:19:57.000,25.2
2026-03-07 05:19:57.000,26.4
2026-03-07 05:19:59.000,26.4
2026-03-07 05:19:59.000,28.8
2026-03-07 05:20:03.000,28.8
2026-03-07 05:20:03.000,30
2026-03-07 05:20:07.000,30
2026-03-07 05:20:07.000,31.2
2026-03-07 05:20:19.000,31.2
2026-03-07 05:20:19.000,32.4
2026-03-07 05:20:37.000,32.4
2026-03-07 05:20:37.000,30
2026-03-07 05:20:39.000,30
2026-03-07 05:20:39.000,27.6
2026-03-07 05:20:41.000,27.6
2026-03-07 05:20:41.000,25.2
2026-03-07 05:20:43.000,25.2
2026-03-07 05:20:43.000,24
2026-03-07 05:20:45.000,24
2026-03-07 05:20:45.000,22.8
2026-03-07 05:20:49.000,22.8
2026-03-07 05:20:49.000,21.6
2026-03-07 05:20:51.000,21.6
2026-03-07 05:20:51.000,22.8
2026-03-07 05:20:53.000,22.8
2026-03-07 05:20:53.000,21.6
2026-03-07 05:20:55.000,21.6
2026-03-07 05:20:55.000,22.8
2026-03-07 05:21:01.000,22.8
2026-03-07 05:21:01.000,24
2026-03-07 05:21:07.000,24
2026-03-07 05:21:07.000,25.2
2026-03-07 05:21:13.000,25.2
2026-03-07 05:21:13.000,26.4
2026-03-07 05:21:25.000,26.4
2026-03-07 05:21:25.000,27.6
2026-03-07 05:21:27.000,27.6
2026-03-07 05:21:27.000,26.4
2026-03-07 05:21:39.000,26.4
2026-03-07 05:21:39.000,27.6
2026-03-07 05:21:55.000,27.6
2026-03-07 05:21:55.000,26.4
2026-03-07 05:21:57.000,26.4
2026-03-07 05:21:57.000,27.6
2026-03-07 05:22:03.000,27.6
2026-03-07 05:22:03.000,28.8
2026-03-07 05:22:09.000,28.8
2026-03-07 05:22:09.000,30
2026-03-07 05:22:13.000,30
2026-03-07 05:22:13.000,31.2
2026-03-07 05:22:25.000,31.2
2026-03-07 05:22:25.000,32.4
2026-03-07 05:22:29.000,32.4
2026-03-07 05:22:29.000,31.2
2026-03-07 05:22:43.000,31.2
2026-03-07 05:22:43.000,30
2026-03-07 05:23:11.000,30
2026-03-07 05:23:11.000,28.8
2026-03-07 05:23:13.000,28.8
2026-03-07 05:23:13.000,27.6
2026-03-07 05:23:19.000,27.6
2026-03-07 05:23:19.000,26.4
2026-03-07 05:23:21.000,26.4
2026-03-07 05:23:21.000,24
2026-03-07 05:23:23.000,24
2026-03-07 05:23:23.000,21.6
2026-03-07 05:23:25.000,21.6
2026-03-07 05:23:25.000,16.8
2026-03-07 05:23:27.000,16.8
2026-03-07 05:23:27.000,18
2026-03-07 05:23:29.000,18
2026-03-07 05:23:29.000,13.2
2026-03-07 05:23:31.000,13.2
2026-03-07 05:23:31.000,15.6
2026-03-07 05:23:33.000,15.6
2026-03-07 05:23:33.000,12
2026-03-07 05:23:35.000,12
2026-03-07 05:23:35.000,10.8
2026-03-07 05:23:41.000,10.8
2026-03-07 05:23:41.000,12
2026-03-07 05:23:43.000,12
2026-03-07 05:23:43.000,13.2
2026-03-07 05:23:45.000,13.2
2026-03-07 05:23:45.000,14.4
2026-03-07 05:23:47.000,14.4
2026-03-07 05:23:47.000,15.6
2026-03-07 05:23:57.000,15.6
2026-03-07 05:23:57.000,14.4
2026-03-07 05:24:03.000,14.4
2026-03-07 05:24:03.000,12
2026-03-07 05:24:15.000,12
2026-03-07 05:24:15.000,13.2
2026-03-07 05:24:21.000,13.2
2026-03-07 05:24:21.000,14.4
2026-03-07 05:24:25.000,14.4
2026-03-07 05:24:25.000,16.8
2026-03-07 05:24:27.000,16.8
2026-03-07 05:24:27.000,18
2026-03-07 05:24:29.000,18
2026-03-07 05:24:29.000,19.2
2026-03-07 05:24:31.000,19.2
2026-03-07 05:24:31.000,21.6
2026-03-07 05:24:33.000,21.6
2026-03-07 05:24:33.000,22.8
2026-03-07 05:24:37.000,22.8
2026-03-07 05:24:37.000,24
2026-03-07 05:24:39.000,24
2026-03-07 05:24:39.000,25.2
2026-03-07 05:24:41.000,25.2
2026-03-07 05:24:41.000,24
2026-03-07 05:24:43.000,24
2026-03-07 05:24:43.000,21.6
2026-03-07 05:24:45.000,21.6
2026-03-07 05:24:45.000,15.6
2026-03-07 05:24:49.000,15.6
2026-03-07 05:24:49.000,13.2
2026-03-07 05:24:51.000,13.2
2026-03-07 05:24:51.000,15.6
2026-03-07 05:24:53.000,15.6
2026-03-07 05:24:53.000,16.8
2026-03-07 05:24:55.000,16.8
2026-03-07 05:24:55.000,20.4
2026-03-07 05:24:57.000,20.4
2026-03-07 05:24:57.000,24
2026-03-07 05:24:59.000,24
2026-03-07 05:24:59.000,26.4
2026-03-07 05:25:01.000,26.4
2026-03-07 05:25:01.000,30
2026-03-07 05:25:05.000,30
2026-03-07 05:25:05.000,32.4
2026-03-07 05:25:09.000,32.4
2026-03-07 05:25:09.000,33.6
2026-03-07 05:25:11.000,33.6
2026-03-07 05:25:11.000,32.4
2026-03-07 05:25:23.000,32.4
2026-03-07 05:25:23.000,31.2
2026-03-07 05:25:37.000,31.2
2026-03-07 05:25:37.000,30
2026-03-07 05:25:53.000,30
2026-03-07 05:25:53.000,31.2
2026-03-07 05:26:09.000,31.2
2026-03-07 05:26:09.000,30
2026-03-07 05:26:17.000,30
2026-03-07 05:26:17.000,31.2
2026-03-07 05:26:33.000,31.2
2026-03-07 05:26:33.000,32.4
2026-03-07 05:26:53.000,32.4
2026-03-07 05:26:53.000,33.6
2026-03-07 05:27:05.000,33.6
2026-03-07 05:27:05.000,32.4
2026-03-07 05:27:11.000,32.4
2026-03-07 05:27:11.000,31.2
2026-03-07 05:27:13.000,31.2
2026-03-07 05:27:13.000,27.6
2026-03-07 05:27:15.000,27.6
2026-03-07 05:27:15.000,25.2
2026-03-07 05:27:17.000,25.2
2026-03-07 05:27:17.000,18
2026-03-07 05:27:21.000,18
2026-03-07 05:27:21.000,13.2
2026-03-07 05:27:23.000,13.2
2026-03-07 05:27:23.000,15.6
2026-03-07 05:27:27.000,15.6
2026-03-07 05:27:27.000,16.8
2026-03-07 05:27:29.000,16.8
2026-03-07 05:27:29.000,21.6
2026-03-07 05:27:31.000,21.6
2026-03-07 05:27:31.000,18
2026-03-07 05:27:33.000,18
2026-03-07 05:27:33.000,20.4
2026-03-07 05:27:35.000,20.4
2026-03-07 05:27:35.000,18
2026-03-07 05:27:37.000,18
2026-03-07 05:27:37.000,16.8
2026-03-07 05:27:39.000,16.8
2026-03-07 05:27:39.000,14.4
2026-03-07 05:27:41.000,14.4
2026-03-07 05:27:41.000,9.6
2026-03-07 05:27:43.000,9.6
2026-03-07 05:27:43.000,10.8
2026-03-07 05:27:45.000,10.8
2026-03-07 05:27:45.000,9.6
2026-03-07 05:27:47.000,9.6
2026-03-07 05:27:47.000,10.8
2026-03-07 05:27:55.000,10.8
2026-03-07 05:27:55.000,13.2
2026-03-07 05:27:57.000,13.2
2026-03-07 05:27:57.000,14.4
2026-03-07 05:27:59.000,14.4
2026-03-07 05:27:59.000,16.8
2026-03-07 05:28:01.000,16.8
2026-03-07 05:28:01.000,18
2026-03-07 05:28:03.000,18
2026-03-07 05:28:03.000,20.4
2026-03-07 05:28:05.000,20.4
2026-03-07 05:28:05.000,21.6
2026-03-07 05:28:07.000,21.6
2026-03-07 05:28:07.000,22.8
2026-03-07 05:28:09.000,22.8
2026-03-07 05:28:09.000,24
2026-03-07 05:28:11.000,24
2026-03-07 05:28:11.000,25.2
2026-03-07 05:28:17.000,25.2
2026-03-07 05:28:17.000,26.4
2026-03-07 05:28:23.000,26.4
2026-03-07 05:28:23.000,27.6
2026-03-07 05:28:25.000,27.6
2026-03-07 05:28:25.000,26.4
2026-03-07 05:28:27.000,26.4
2026-03-07 05:28:27.000,24
2026-03-07 05:28:29.000,24
2026-03-07 05:28:29.000,18
2026-03-07 05:28:31.000,18
2026-03-07 05:28:31.000,19.2
2026-03-07 05:28:33.000,19.2
2026-03-07 05:28:33.000,24
2026-03-07 05:28:35.000,24
2026-03-07 05:28:35.000,28.8
2026-03-07 05:28:37.000,28.8
2026-03-07 05:28:37.000,33.6
2026-03-07 05:28:41.000,33.6
2026-03-07 05:28:41.000,36
2026-03-07 05:28:43.000,36
2026-03-07 05:28:43.000,37.2
2026-03-07 05:28:47.000,37.2
2026-03-07 05:28:47.000,38.4
2026-03-07 05:28:49.000,38.4
2026-03-07 05:28:49.000,39.6
2026-03-07 05:28:51.000,39.6
2026-03-07 05:28:51.000,38.4
2026-03-07 05:28:53.000,38.4
2026-03-07 05:28:53.000,36
2026-03-07 05:28:55.000,36
2026-03-07 05:28:55.000,33.6
2026-03-07 05:28:59.000,33.6
2026-03-07 05:28:59.000,34.8
2026-03-07 05:29:03.000,34.8
2026-03-07 05:29:03.000,36
2026-03-07 05:29:05.000,36
2026-03-07 05:29:05.000,37.2
2026-03-07 05:29:13.000,37.2
2026-03-07 05:29:13.000,38.4
2026-03-07 05:29:25.000,38.4
2026-03-07 05:29:25.000,39.6
2026-03-07 05:29:33.000,39.6
2026-03-07 05:29:33.000,38.4
2026-03-07 05:29:35.000,38.4
2026-03-07 05:29:35.000,39.6
2026-03-07 05:29:37.000,39.6
2026-03-07 05:29:37.000,40.8
2026-03-07 05:29:39.000,40.8
2026-03-07 05:29:39.000,39.6
2026-03-07 05:29:43.000,39.6
2026-03-07 05:29:43.000,38.4
2026-03-07 05:29:45.000,38.4
2026-03-07 05:29:45.000,39.6
2026-03-07 05:29:47.000,39.6
2026-03-07 05:29:47.000,38.4
2026-03-07 05:30:09.000,38.4
2026-03-07 05:30:09.000,37.2
2026-03-07 05:30:23.000,37.2
2026-03-07 05:30:23.000,36
2026-03-07 05:30:47.000,36
2026-03-07 05:30:47.000,34.8
2026-03-07 05:30:57.000,34.8
2026-03-07 05:30:57.000,33.6
2026-03-07 05:31:01.000,33.6
2026-03-07 05:31:01.000,32.4
2026-03-07 05:31:03.000,32.4
2026-03-07 05:31:03.000,33.6
2026-03-07 05:31:05.000,33.6
2026-03-07 05:31:05.000,32.4
2026-03-07 05:31:13.000,32.4
2026-03-07 05:31:13.000,33.6
2026-03-07 05:31:19.000,33.6
2026-03-07 05:31:19.000,32.4
2026-03-07 05:31:21.000,32.4
2026-03-07 05:31:21.000,27.6
2026-03-07 05:31:23.000,27.6
2026-03-07 05:31:23.000,22.8
2026-03-07 05:31:25.000,22.8
2026-03-07 05:31:25.000,20.4
2026-03-07 05:31:27.000,20.4
2026-03-07 05:31:27.000,19.2
2026-03-07 05:31:31.000,19.2
2026-03-07 05:31:31.000,20.4
2026-03-07 05:31:33.000,20.4
2026-03-07 05:31:33.000,21.6
2026-03-07 05:31:39.000,21.6
2026-03-07 05:31:39.000,24
2026-03-07 05:31:41.000,24
2026-03-07 05:31:41.000,25.2
2026-03-07 05:31:43.000,25.2
2026-03-07 05:31:43.000,26.4
2026-03-07 05:31:51.000,26.4
2026-03-07 05:31:51.000,27.6
2026-03-07 05:31:55.000,27.6
2026-03-07 05:31:55.000,28.8
2026-03-07 05:32:07.000,28.8
2026-03-07 05:32:07.000,30
2026-03-07 05:32:19.000,30
2026-03-07 05:32:19.000,31.2
2026-03-07 05:32:21.000,31.2
2026-03-07 05:32:21.000,32.4
2026-03-07 05:32:29.000,32.4
2026-03-07 05:32:29.000,33.6
2026-03-07 05:32:53.000,33.6
2026-03-07 05:32:53.000,32.4
2026-03-07 05:33:03.000,32.4
2026-03-07 05:33:03.000,31.2
2026-03-07 05:33:07.000,31.2
2026-03-07 05:33:07.000,30
2026-03-07 05:33:09.000,30
2026-03-07 05:33:09.000,24
2026-03-07 05:33:11.000,24
2026-03-07 05:33:11.000,21.6
2026-03-07 05:33:13.000,21.6
2026-03-07 05:33:13.000,20.4
2026-03-07 05:33:23.000,20.4
2026-03-07 05:33:23.000,21.6
2026-03-07 05:33:31.000,21.6
2026-03-07 05:33:31.000,22.8
2026-03-07 05:33:41.000,22.8
2026-03-07 05:33:41.000,24
2026-03-07 05:33:47.000,24
2026-03-07 05:33:47.000,22.8
2026-03-07 05:33:55.000,22.8
2026-03-07 05:33:55.000,24
2026-03-07 05:34:07.000,24
2026-03-07 05:34:07.000,25.2
2026-03-07 05:34:21.000,25.2
2026-03-07 05:34:21.000,24
2026-03-07 05:34:23.000,24
2026-03-07 05:34:23.000,25.2
2026-03-07 05:35:01.000,25.2
2026-03-07 05:35:01.000,26.4
2026-03-07 05:35:11.000,26.4
2026-03-07 05:35:11.000,25.2
2026-03-07 05:35:21.000,25.2
2026-03-07 05:35:21.000,26.4
2026-03-07 05:36:13.000,26.4
2026-03-07 05:36:13.000,27.6
2026-03-07 05:36:15.000,27.6
2026-03-07 05:36:15.000,26.4
2026-03-07 05:36:19.000,26.4
2026-03-07 05:36:19.000,27.6
2026-03-07 05:36:33.000,27.6
2026-03-07 05:36:33.000,26.4
2026-03-07 05:36:37.000,26.4
2026-03-07 05:36:37.000,27.6
2026-03-07 05:37:35.000,27.6
2026-03-07 05:37:35.000,28.8
2026-03-07 05:37:39.000,28.8
2026-03-07 05:37:39.000,27.6
2026-03-07 05:38:07.000,27.6
2026-03-07 05:38:07.000,28.8
2026-03-07 05:38:09.000,28.8
2026-03-07 05:38:09.000,27.6
2026-03-07 05:38:25.000,27.6
2026-03-07 05:38:25.000,28.8
2026-03-07 05:38:27.000,28.8
2026-03-07 05:38:27.000,27.6
2026-03-07 05:38:35.000,27.6
2026-03-07 05:38:35.000,28.8
2026-03-07 05:38:41.000,28.8
2026-03-07 05:38:41.000,27.6
2026-03-07 05:39:09.000,27.6
2026-03-07 05:39:09.000,28.8
2026-03-07 05:39:11.000,28.8
2026-03-07 05:39:11.000,27.6
2026-03-07 05:39:19.000,27.6
2026-03-07 05:39:19.000,28.8
2026-03-07 05:39:21.000,28.8
2026-03-07 05:39:21.000,27.6
2026-03-07 05:40:21.000,27.6
2026-03-07 05:40:21.000,28.8
2026-03-07 05:40:35.000,28.8
2026-03-07 05:40:35.000,16.8
2026-03-07 05:40:37.000,16.8
2026-03-07 05:40:37.000,26.4
2026-03-07 05:40:39.000,26.4
2026-03-07 05:40:39.000,9.6
2026-03-07 05:40:41.000,9.6
2026-03-07 05:40:41.000,8.4
2026-03-07 05:40:43.000,8.4
2026-03-07 05:40:43.000,9.6
2026-03-07 05:40:45.000,9.6
2026-03-07 05:40:45.000,13.2
2026-03-07 05:40:47.000,13.2
2026-03-07 05:40:47.000,12
2026-03-07 05:40:49.000,12
2026-03-07 05:40:49.000,10.8
2026-03-07 05:40:51.000,10.8
2026-03-07 05:40:51.000,12
2026-03-07 05:41:37.000,12
2026-03-07 05:41:37.000,13.2
2026-03-07 05:42:03.000,13.2
2026-03-07 05:42:03.000,12
2026-03-07 05:42:09.000,12
2026-03-07 05:42:09.000,13.2
2026-03-07 05:42:19.000,13.2
2026-03-07 05:42:19.000,12
2026-03-07 05:42:27.000,12
2026-03-07 05:42:27.000,14.4
2026-03-07 05:42:31.000,14.4
2026-03-07 05:42:31.000,16.8
2026-03-07 05:42:33.000,16.8
2026-03-07 05:42:33.000,20.4
2026-03-07 05:42:35.000,20.4
2026-03-07 05:42:35.000,24
2026-03-07 05:42:37.000,24
2026-03-07 05:42:37.000,30
2026-03-07 05:42:39.000,30
2026-03-07 05:42:39.000,32.4
2026-03-07 05:42:41.000,32.4
2026-03-07 05:42:41.000,33.6
2026-03-07 05:42:43.000,33.6
2026-03-07 05:42:43.000,36
2026-03-07 05:42:47.000,36
2026-03-07 05:42:47.000,34.8
2026-03-07 05:42:49.000,34.8
2026-03-07 05:42:49.000,33.6
2026-03-07 05:42:51.000,33.6
2026-03-07 05:42:51.000,31.2
2026-03-07 05:42:53.000,31.2
2026-03-07 05:42:53.000,24
2026-03-07 05:42:55.000,24
2026-03-07 05:42:55.000,21.6
2026-03-07 05:42:57.000,21.6
2026-03-07 05:42:57.000,14.4
2026-03-07 05:42:59.000,14.4
2026-03-07 05:42:59.000,13.2
2026-03-07 05:43:05.000,13.2
2026-03-07 05:43:05.000,15.6
2026-03-07 05:43:07.000,15.6
2026-03-07 05:43:07.000,13.2
2026-03-07 05:43:09.000,13.2
2026-03-07 05:43:09.000,14.4
2026-03-07 05:43:11.000,14.4
2026-03-07 05:43:11.000,12
2026-03-07 05:43:23.000,12
2026-03-07 05:43:23.000,10.8
2026-03-07 05:43:33.000,10.8
2026-03-07 05:43:33.000,13.2
2026-03-07 05:43:45.000,13.2
2026-03-07 05:43:45.000,14.4
2026-03-07 05:43:49.000,14.4
2026-03-07 05:43:49.000,15.6
2026-03-07 05:43:51.000,15.6
2026-03-07 05:43:51.000,13.2
2026-03-07 05:43:55.000,13.2
2026-03-07 05:43:55.000,10.8
2026-03-07 05:44:03.000,10.8
2026-03-07 05:44:03.000,9.6
2026-03-07 05:44:09.000,9.6
2026-03-07 05:44:09.000,10.8
2026-03-07 05:44:21.000,10.8
2026-03-07 05:44:21.000,9.6
2026-03-07 05:44:33.000,9.6
2026-03-07 05:44:33.000,8.4
2026-03-07 05:44:35.000,8.4
2026-03-07 05:44:35.000,9.6
2026-03-07 05:44:45.000,9.6
2026-03-07 05:44:45.000,10.8
2026-03-07 05:44:53.000,10.8
2026-03-07 05:44:53.000,9.6
2026-03-07 05:44:57.000,9.6
2026-03-07 05:44:57.000,8.4
2026-03-07 05:45:01.000,8.4
2026-03-07 05:45:01.000,9.6
2026-03-07 05:45:05.000,9.6
2026-03-07 05:45:05.000,8.4
2026-03-07 05:45:17.000,8.4
2026-03-07 05:45:17.000,9.6
2026-03-07 05:45:23.000,9.6
2026-03-07 05:45:23.000,12
2026-03-07 05:45:25.000,12
2026-03-07 05:45:25.000,10.8
2026-03-07 05:45:31.000,10.8
2026-03-07 05:45:31.000,9.6
2026-03-07 05:45:41.000,9.6
2026-03-07 05:45:41.000,8.4
2026-03-07 05:45:55.000,8.4
2026-03-07 05:45:55.000,9.6
2026-03-07 05:46:01.000,9.6
2026-03-07 05:46:01.000,10.8
2026-03-07 05:46:07.000,10.8
2026-03-07 05:46:07.000,9.6
2026-03-07 05:46:15.000,9.6
2026-03-07 05:46:15.000,8.4
2026-03-07 05:46:29.000,8.4
2026-03-07 05:46:29.000,9.6
2026-03-07 05:46:59.000,9.6
2026-03-07 05:46:59.000,8.4
2026-03-07 05:47:03.000,8.4
2026-03-07 05:47:03.000,9.6
2026-03-07 05:47:13.000,9.6
2026-03-07 05:47:13.000,8.4
2026-03-07 05:47:15.000,8.4
2026-03-07 05:47:15.000,9.6
2026-03-07 05:47:23.000,9.6
2026-03-07 05:47:23.000,8.4
2026-03-07 05:47:31.000,8.4
2026-03-07 05:47:31.000,9.6
2026-03-07 05:47:37.000,9.6
2026-03-07 05:47:37.000,10.8
2026-03-07 05:47:39.000,10.8
2026-03-07 05:47:39.000,13.2
2026-03-07 05:47:43.000,13.2
2026-03-07 05:47:43.000,14.4
2026-03-07 05:47:45.000,14.4
2026-03-07 05:47:45.000,13.2
2026-03-07 05:47:49.000,13.2
2026-03-07 05:47:49.000,10.8
2026-03-07 05:47:51.000,10.8
2026-03-07 05:47:51.000,12
2026-03-07 05:47:55.000,12
2026-03-07 05:47:55.000,13.2
2026-03-07 05:48:11.000,13.2
2026-03-07 05:48:11.000,14.4
2026-03-07 05:48:13.000,14.4
2026-03-07 05:48:13.000,13.2
2026-03-07 05:48:43.000,13.2
2026-03-07 05:48:43.000,14.4
2026-03-07 05:48:47.000,14.4
2026-03-07 05:48:47.000,13.2
2026-03-07 05:48:49.000,13.2
2026-03-07 05:48:49.000,14.4
2026-03-07 05:48:57.000,14.4
2026-03-07 05:48:57.000,13.2
2026-03-07 05:49:29.000,13.2
2026-03-07 05:49:29.000,14.4
2026-03-07 05:49:31.000,14.4
2026-03-07 05:49:31.000,13.2
2026-03-07 05:49:35.000,13.2
2026-03-07 05:49:35.000,14.4
2026-03-07 05:49:39.000,14.4
2026-03-07 05:49:39.000,13.2
2026-03-07 05:50:09.000,13.2
2026-03-07 05:50:09.000,14.4
2026-03-07 05:50:27.000,14.4
2026-03-07 05:50:27.000,13.2
2026-03-07 05:50:45.000,13.2
2026-03-07 05:50:45.000,14.4
2026-03-07 05:51:09.000,14.4
2026-03-07 05:51:09.000,13.2
2026-03-07 05:51:19.000,13.2
2026-03-07 05:51:19.000,14.4
2026-03-07 05:51:21.000,14.4
2026-03-07 05:51:21.000,13.2
2026-03-07 05:51:25.000,13.2
2026-03-07 05:51:25.000,14.4
2026-03-07 05:51:29.000,14.4
2026-03-07 05:51:29.000,13.2
2026-03-07 05:51:31.000,13.2
2026-03-07 05:51:31.000,14.4
2026-03-07 05:51:49.000,14.4
2026-03-07 05:51:49.000,13.2
2026-03-07 05:52:05.000,13.2
2026-03-07 05:52:05.000,14.4
2026-03-07 05:52:29.000,14.4
2026-03-07 05:52:29.000,13.2
2026-03-07 05:52:31.000,13.2
2026-03-07 05:52:31.000,14.4
2026-03-07 05:52:35.000,14.4
2026-03-07 05:52:35.000,15.6
2026-03-07 05:52:37.000,15.6
2026-03-07 05:52:37.000,18
2026-03-07 05:52:41.000,18
2026-03-07 05:52:41.000,19.2
2026-03-07 05:52:45.000,19.2
2026-03-07 05:52:45.000,20.4
2026-03-07 05:52:51.000,20.4
2026-03-07 05:52:51.000,21.6
2026-03-07 05:53:03.000,21.6
2026-03-07 05:53:03.000,20.4
2026-03-07 05:53:05.000,20.4
2026-03-07 05:53:05.000,21.6
2026-03-07 05:53:07.000,21.6
2026-03-07 05:53:07.000,20.4
2026-03-07 05:53:09.000,20.4
2026-03-07 05:53:09.000,18
2026-03-07 05:53:11.000,18
2026-03-07 05:53:11.000,16.8
2026-03-07 05:53:13.000,16.8
2026-03-07 05:53:13.000,15.6
2026-03-07 05:53:15.000,15.6
2026-03-07 05:53:15.000,14.4
2026-03-07 05:53:25.000,14.4
2026-03-07 05:53:25.000,13.2
2026-03-07 05:53:31.000,13.2
2026-03-07 05:53:31.000,14.4
2026-03-07 05:53:39.000,14.4
2026-03-07 05:53:39.000,15.6
2026-03-07 05:53:41.000,15.6
2026-03-07 05:53:41.000,14.4
2026-03-07 05:53:49.000,14.4
2026-03-07 05:53:49.000,13.2
2026-03-07 05:53:53.000,13.2
2026-03-07 05:53:53.000,12
2026-03-07 05:53:59.000,12
2026-03-07 05:53:59.000,13.2
2026-03-07 05:54:03.000,13.2
2026-03-07 05:54:03.000,12
2026-03-07 05:54:05.000,12
2026-03-07 05:54:05.000,13.2
2026-03-07 05:55:49.000,13.2
2026-03-07 05:55:49.000,12
2026-03-07 05:55:53.000,12
2026-03-07 05:55:53.000,13.2
2026-03-07 05:56:59.000,13.2
2026-03-07 05:56:59.000,14.4
2026-03-07 05:57:01.000,14.4
2026-03-07 05:57:01.000,20.4
2026-03-07 05:57:03.000,20.4
2026-03-07 05:57:03.000,26.4
2026-03-07 05:57:05.000,26.4
2026-03-07 05:57:05.000,28.8
2026-03-07 05:57:07.000,28.8
2026-03-07 05:57:07.000,31.2
2026-03-07 05:57:09.000,31.2
2026-03-07 05:57:09.000,32.4
2026-03-07 05:57:33.000,32.4
2026-03-07 05:57:33.000,31.2
2026-03-07 05:58:25.000,31.2
2026-03-07 05:58:25.000,30
2026-03-07 05:58:39.000,30
2026-03-07 05:58:39.000,28.8
2026-03-07 05:58:41.000,28.8
2026-03-07 05:58:41.000,30
2026-03-07 06:00:27.000,30
2026-03-07 06:00:27.000,31.2
2026-03-07 06:00:49.000,31.2
2026-03-07 06:00:49.000,30
2026-03-07 06:02:05.000,30
2026-03-07 06:02:05.000,31.2
2026-03-07 06:02:07.000,31.2
2026-03-07 06:02:07.000,28.8
2026-03-07 06:02:11.000,28.8
2026-03-07 06:02:11.000,27.6
2026-03-07 06:02:13.000,27.6
2026-03-07 06:02:13.000,26.4
2026-03-07 06:02:15.000,26.4
2026-03-07 06:02:15.000,22.8
2026-03-07 06:02:17.000,22.8
2026-03-07 06:02:17.000,19.2
2026-03-07 06:02:19.000,19.2
2026-03-07 06:02:19.000,20.4
2026-03-07 06:02:21.000,20.4
2026-03-07 06:02:21.000,18
2026-03-07 06:02:23.000,18
2026-03-07 06:02:23.000,16.8
2026-03-07 06:02:31.000,16.8
2026-03-07 06:02:31.000,18
2026-03-07 06:02:37.000,18
2026-03-07 06:02:37.000,19.2
2026-03-07 06:02:57.000,19.2
2026-03-07 06:02:57.000,20.4
2026-03-07 06:03:09.000,20.4
2026-03-07 06:03:09.000,21.6
2026-03-07 06:03:21.000,21.6
2026-03-07 06:03:21.000,22.8
2026-03-07 06:03:27.000,22.8
2026-03-07 06:03:27.000,21.6
2026-03-07 06:03:29.000,21.6
2026-03-07 06:03:29.000,22.8
2026-03-07 06:03:45.000,22.8
2026-03-07 06:03:45.000,24
2026-03-07 06:03:51.000,24
2026-03-07 06:03:51.000,26.4
2026-03-07 06:03:53.000,26.4
2026-03-07 06:03:53.000,30
2026-03-07 06:03:55.000,30
2026-03-07 06:03:55.000,31.2
2026-03-07 06:03:57.000,31.2
2026-03-07 06:03:57.000,33.6
2026-03-07 06:04:01.000,33.6
2026-03-07 06:04:01.000,37.2
2026-03-07 06:04:03.000,37.2
2026-03-07 06:04:03.000,36
2026-03-07 06:04:05.000,36
2026-03-07 06:04:05.000,37.2
2026-03-07 06:04:07.000,37.2
2026-03-07 06:04:07.000,36
2026-03-07 06:04:11.000,36
2026-03-07 06:04:11.000,34.8
2026-03-07 06:04:23.000,34.8
2026-03-07 06:04:23.000,36
2026-03-07 06:04:35.000,36
2026-03-07 06:04:35.000,37.2
2026-03-07 06:04:45.000,37.2
2026-03-07 06:04:45.000,38.4
2026-03-07 06:04:57.000,38.4
2026-03-07 06:04:57.000,39.6
2026-03-07 06:05:55.000,39.6
2026-03-07 06:05:55.000,40.8
2026-03-07 06:06:17.000,40.8
2026-03-07 06:06:17.000,39.6
2026-03-07 06:06:33.000,39.6
2026-03-07 06:06:33.000,37.2
2026-03-07 06:06:35.000,37.2
2026-03-07 06:06:35.000,25.2
2026-03-07 06:06:37.000,25.2
2026-03-07 06:06:37.000,10.8
2026-03-07 06:06:39.000,10.8
2026-03-07 06:06:39.000,12
2026-03-07 06:06:41.000,12
2026-03-07 06:06:41.000,21.6
2026-03-07 06:06:43.000,21.6
2026-03-07 06:06:43.000,14.4
2026-03-07 06:06:47.000,14.4
2026-03-07 06:06:47.000,13.2
2026-03-07 06:06:51.000,13.2
2026-03-07 06:06:51.000,14.4
2026-03-07 06:06:59.000,14.4
2026-03-07 06:06:59.000,15.6
2026-03-07 06:07:01.000,15.6
2026-03-07 06:07:01.000,14.4
2026-03-07 06:07:47.000,14.4
2026-03-07 06:07:47.000,13.2
2026-03-07 06:07:55.000,13.2
2026-03-07 06:07:55.000,12
2026-03-07 06:08:07.000,12
2026-03-07 06:08:07.000,13.2
2026-03-07 06:08:19.000,13.2
2026-03-07 06:08:19.000,12
2026-03-07 06:08:27.000,12
2026-03-07 06:08:27.000,10.8
2026-03-07 06:08:37.000,10.8
2026-03-07 06:08:37.000,12
2026-03-07 06:09:13.000,12
2026-03-07 06:09:13.000,10.8
2026-03-07 06:09:15.000,10.8
2026-03-07 06:09:15.000,12
2026-03-07 06:09:25.000,12
2026-03-07 06:09:25.000,40.8
2026-03-07 06:09:27.000,40.8
2026-03-07 06:09:27.000,117.6
2026-03-07 06:09:29.000,117.6
2026-03-07 06:09:29.000,24
2026-03-07 06:09:31.000,24
2026-03-07 06:09:31.000,22.8
2026-03-07 06:09:33.000,22.8
2026-03-07 06:09:33.000,7.2
2026-03-07 06:09:35.000,7.2
2026-03-07 06:09:35.000,15.6
2026-03-07 06:09:37.000,15.6
2026-03-07 06:09:37.000,8.4
2026-03-07 06:09:39.000,8.4
2026-03-07 06:09:39.000,10.8
2026-03-07 06:09:43.000,10.8
2026-03-07 06:09:43.000,9.6
2026-03-07 06:09:45.000,9.6
2026-03-07 06:09:45.000,10.8
2026-03-07 06:09:55.000,10.8
2026-03-07 06:09:55.000,12
2026-03-07 06:09:57.000,12
2026-03-07 06:09:57.000,13.2
2026-03-07 06:09:59.000,13.2
2026-03-07 06:09:59.000,19.2
2026-03-07 06:10:01.000,19.2
2026-03-07 06:10:01.000,9.6
2026-03-07 06:10:03.000,9.6
2026-03-07 06:10:03.000,14.4
2026-03-07 06:10:05.000,14.4
2026-03-07 06:10:05.000,10.8
2026-03-07 06:10:21.000,10.8
2026-03-07 06:10:21.000,12
2026-03-07 06:10:25.000,12
2026-03-07 06:10:25.000,13.2
2026-03-07 06:10:31.000,13.2
2026-03-07 06:10:31.000,14.4
2026-03-07 06:10:39.000,14.4
2026-03-07 06:10:39.000,13.2
2026-03-07 06:11:03.000,13.2
2026-03-07 06:11:03.000,14.4
2026-03-07 06:11:11.000,14.4
2026-03-07 06:11:11.000,13.2
2026-03-07 06:11:47.000,13.2
2026-03-07 06:11:47.000,14.4
2026-03-07 06:11:53.000,14.4
2026-03-07 06:11:53.000,13.2
2026-03-07 06:12:21.000,13.2
2026-03-07 06:12:21.000,14.4
2026-03-07 06:12:31.000,14.4
2026-03-07 06:12:31.000,13.2
2026-03-07 06:13:11.000,13.2
2026-03-07 06:13:11.000,14.4
2026-03-07 06:13:17.000,14.4
2026-03-07 06:13:17.000,13.2
2026-03-07 06:13:23.000,13.2
2026-03-07 06:13:23.000,14.4
2026-03-07 06:13:25.000,14.4
2026-03-07 06:13:25.000,13.2
2026-03-07 06:13:47.000,13.2
2026-03-07 06:13:47.000,14.4
2026-03-07 06:13:51.000,14.4
2026-03-07 06:13:51.000,13.2
2026-03-07 06:14:27.000,13.2
2026-03-07 06:14:27.000,14.4
2026-03-07 06:14:29.000,14.4
2026-03-07 06:14:29.000,13.2
2026-03-07 06:29:49.000,13.2
2026-03-07 06:29:49.000,14.4
2026-03-07 06:29:51.000,14.4
2026-03-07 06:29:51.000,13.2
2026-03-07 06:31:39.000,13.2
2026-03-07 06:31:39.000,12
2026-03-07 06:32:11.000,12
2026-03-07 06:32:11.000,13.2
2026-03-07 06:32:13.000,13.2
2026-03-07 06:32:13.000,12
2026-03-07 06:38:19.000,12
2026-03-07 06:38:19.000,13.2
2026-03-07 06:38:29.000,13.2
2026-03-07 06:38:29.000,15.6
2026-03-07 06:38:31.000,15.6
2026-03-07 06:38:31.000,14.4
2026-03-07 06:38:35.000,14.4
2026-03-07 06:38:35.000,13.2
2026-03-07 06:38:39.000,13.2
2026-03-07 06:38:39.000,10.8
2026-03-07 06:38:41.000,10.8
2026-03-07 06:38:41.000,13.2
2026-03-07 06:38:43.000,13.2
2026-03-07 06:38:43.000,9.6
2026-03-07 06:38:45.000,9.6
2026-03-07 06:38:45.000,10.8
2026-03-07 06:38:47.000,10.8
2026-03-07 06:38:47.000,12
2026-03-07 06:38:51.000,12
2026-03-07 06:38:51.000,10.8
2026-03-07 06:39:03.000,10.8
2026-03-07 06:39:03.000,9.6
2026-03-07 06:39:11.000,9.6
2026-03-07 06:39:11.000,8.4
2026-03-07 06:39:21.000,8.4
2026-03-07 06:39:21.000,9.6
2026-03-07 06:39:25.000,9.6
2026-03-07 06:39:25.000,10.8
2026-03-07 06:39:29.000,10.8
2026-03-07 06:39:29.000,12
2026-03-07 06:39:31.000,12
2026-03-07 06:39:31.000,13.2
2026-03-07 06:39:33.000,13.2
2026-03-07 06:39:33.000,12
2026-03-07 06:39:37.000,12
2026-03-07 06:39:37.000,10.8
2026-03-07 06:39:39.000,10.8
2026-03-07 06:39:39.000,9.6
2026-03-07 06:39:43.000,9.6
2026-03-07 06:39:43.000,8.4
2026-03-07 06:40:01.000,8.4
2026-03-07 06:40:01.000,9.6
2026-03-07 06:40:03.000,9.6
2026-03-07 06:40:03.000,10.8
2026-03-07 06:40:11.000,10.8
2026-03-07 06:40:11.000,9.6
2026-03-07 06:40:21.000,9.6
2026-03-07 06:40:21.000,8.4
2026-03-07 06:40:37.000,8.4
2026-03-07 06:40:37.000,9.6
2026-03-07 06:40:59.000,9.6
2026-03-07 06:40:59.000,8.4
2026-03-07 06:41:11.000,8.4
2026-03-07 06:41:11.000,9.6
2026-03-07 06:41:39.000,9.6
2026-03-07 06:41:39.000,8.4
2026-03-07 06:41:41.000,8.4
2026-03-07 06:41:41.000,9.6
2026-03-07 06:42:01.000,9.6
2026-03-07 06:42:01.000,8.4
2026-03-07 06:42:03.000,8.4
2026-03-07 06:42:03.000,9.6
2026-03-07 06:42:23.000,9.6
2026-03-07 06:42:23.000,10.8
2026-03-07 06:42:33.000,10.8
2026-03-07 06:42:33.000,9.6
2026-03-07 06:42:45.000,9.6
2026-03-07 06:42:45.000,8.4
2026-03-07 06:42:53.000,8.4
2026-03-07 06:42:53.000,9.6
2026-03-07 06:43:07.000,9.6
2026-03-07 06:43:07.000,10.8
2026-03-07 06:43:11.000,10.8
2026-03-07 06:43:11.000,9.6
2026-03-07 06:43:27.000,9.6
2026-03-07 06:43:27.000,8.4
2026-03-07 06:43:29.000,8.4
2026-03-07 06:43:29.000,9.6
2026-03-07 06:43:47.000,9.6
2026-03-07 06:43:47.000,10.8
2026-03-07 06:43:53.000,10.8
2026-03-07 06:43:53.000,9.6
2026-03-07 06:45:31.000,9.6
2026-03-07 06:45:31.000,8.4
2026-03-07 06:45:35.000,8.4
2026-03-07 06:45:35.000,9.6
2026-03-07 06:48:39.000,9.6
2026-03-07 06:48:39.000,10.8
2026-03-07 06:48:41.000,10.8
2026-03-07 06:48:41.000,6
2026-03-07 06:48:43.000,6
2026-03-07 06:48:43.000,4.8
2026-03-07 06:48:45.000,4.8
2026-03-07 06:48:45.000,7.2
2026-03-07 06:48:47.000,7.2
2026-03-07 06:48:47.000,6
2026-03-07 06:48:49.000,6
2026-03-07 06:48:49.000,7.2
2026-03-07 06:48:57.000,7.2
2026-03-07 06:48:57.000,8.4
2026-03-07 06:49:07.000,8.4
2026-03-07 06:49:07.000,9.6
2026-03-07 06:49:15.000,9.6
2026-03-07 06:49:15.000,10.8
2026-03-07 06:49:21.000,10.8
2026-03-07 06:49:21.000,9.6
2026-03-07 06:49:27.000,9.6
2026-03-07 06:49:27.000,8.4
2026-03-07 06:49:43.000,8.4
2026-03-07 06:49:43.000,9.6
2026-03-07 06:49:57.000,9.6
2026-03-07 06:49:57.000,10.8
2026-03-07 06:50:01.000,10.8
2026-03-07 06:50:01.000,9.6
2026-03-07 06:50:09.000,9.6
2026-03-07 06:50:09.000,8.4
2026-03-07 06:50:23.000,8.4
2026-03-07 06:50:23.000,9.6
2026-03-07 06:50:33.000,9.6
2026-03-07 06:50:33.000,10.8
2026-03-07 06:50:35.000,10.8
2026-03-07 06:50:35.000,14.4
2026-03-07 06:50:37.000,14.4
2026-03-07 06:50:37.000,13.2
2026-03-07 06:50:39.000,13.2
2026-03-07 06:50:39.000,3.6
2026-03-07 06:50:41.000,3.6
2026-03-07 06:50:41.000,4.8
2026-03-07 06:50:43.000,4.8
2026-03-07 06:50:43.000,1.2
2026-03-07 06:50:45.000,1.2
2026-03-07 06:50:45.000,2.4
2026-03-07 06:50:49.000,2.4
2026-03-07 06:50:49.000,3.6
2026-03-07 06:50:53.000,3.6
2026-03-07 06:50:53.000,4.8
2026-03-07 06:50:55.000,4.8
2026-03-07 06:50:55.000,6
2026-03-07 06:51:01.000,6
2026-03-07 06:51:01.000,7.2
2026-03-07 06:51:05.000,7.2
2026-03-07 06:51:05.000,9.6
2026-03-07 06:51:07.000,9.6
2026-03-07 06:51:07.000,8.4
2026-03-07 06:51:09.000,8.4
2026-03-07 06:51:09.000,9.6
2026-03-07 06:51:11.000,9.6
2026-03-07 06:51:11.000,8.4
2026-03-07 06:51:17.000,8.4
2026-03-07 06:51:17.000,7.2
2026-03-07 06:51:49.000,7.2
2026-03-07 06:51:49.000,8.4
2026-03-07 06:52:03.000,8.4
2026-03-07 06:52:03.000,7.2
2026-03-07 06:52:35.000,7.2
2026-03-07 06:52:35.000,8.4
2026-03-07 06:52:47.000,8.4
2026-03-07 06:52:47.000,7.2
2026-03-07 06:53:21.000,7.2
2026-03-07 06:53:21.000,8.4
2026-03-07 06:53:23.000,8.4
2026-03-07 06:53:23.000,7.2
2026-03-07 06:53:25.000,7.2
2026-03-07 06:53:25.000,8.4
2026-03-07 06:53:29.000,8.4
2026-03-07 06:53:29.000,7.2
2026-03-07 06:54:49.000,7.2
2026-03-07 06:54:49.000,8.4
2026-03-07 06:54:59.000,8.4
2026-03-07 06:54:59.000,7.2
2026-03-07 06:55:41.000,7.2
2026-03-07 06:55:41.000,8.4
2026-03-07 06:55:43.000,8.4
2026-03-07 06:55:43.000,7.2
2026-03-07 06:56:21.000,7.2
2026-03-07 06:56:21.000,8.4
2026-03-07 06:56:29.000,8.4
2026-03-07 06:56:29.000,7.2
2026-03-07 06:56:37.000,7.2
2026-03-07 06:56:37.000,8.4
2026-03-07 06:56:39.000,8.4
2026-03-07 06:56:39.000,12
2026-03-07 06:56:43.000,12
2026-03-07 06:56:43.000,10.8
2026-03-07 06:56:45.000,10.8
2026-03-07 06:56:45.000,8.4
2026-03-07 06:56:49.000,8.4
2026-03-07 06:56:49.000,7.2
2026-03-07 06:56:51.000,7.2
2026-03-07 06:56:51.000,6
2026-03-07 06:56:57.000,6
2026-03-07 06:56:57.000,7.2
2026-03-07 06:57:01.000,7.2
2026-03-07 06:57:01.000,8.4
2026-03-07 06:57:05.000,8.4
2026-03-07 06:57:05.000,9.6
2026-03-07 06:57:09.000,9.6
2026-03-07 06:57:09.000,10.8
2026-03-07 06:57:15.000,10.8
2026-03-07 06:57:15.000,9.6
2026-03-07 06:57:21.000,9.6
2026-03-07 06:57:21.000,8.4
2026-03-07 06:57:45.000,8.4
2026-03-07 06:57:45.000,9.6
2026-03-07 06:57:55.000,9.6
2026-03-07 06:57:55.000,10.8
2026-03-07 06:57:57.000,10.8
2026-03-07 06:57:57.000,9.6
2026-03-07 06:58:11.000,9.6
2026-03-07 06:58:11.000,8.4
2026-03-07 06:58:27.000,8.4
2026-03-07 06:58:27.000,9.6
2026-03-07 06:58:37.000,9.6
2026-03-07 06:58:37.000,10.8
2026-03-07 06:58:47.000,10.8
2026-03-07 06:58:47.000,9.6
2026-03-07 06:58:57.000,9.6
2026-03-07 06:58:57.000,8.4
2026-03-07 06:59:09.000,8.4
2026-03-07 06:59:09.000,9.6
2026-03-07 06:59:23.000,9.6
2026-03-07 06:59:23.000,10.8
2026-03-07 06:59:29.000,10.8
2026-03-07 06:59:29.000,9.6
2026-03-07 06:59:43.000,9.6
2026-03-07 06:59:43.000,8.4
2026-03-07 06:59:45.000,8.4
2026-03-07 06:59:45.000,9.6
2026-03-07 07:00:05.000,9.6
2026-03-07 07:00:05.000,10.8
2026-03-07 07:00:13.000,10.8
2026-03-07 07:00:13.000,9.6
2026-03-07 07:00:27.000,9.6
2026-03-07 07:00:27.000,8.4
2026-03-07 07:00:29.000,8.4
2026-03-07 07:00:29.000,9.6
2026-03-07 07:03:15.000,9.6
2026-03-07 07:03:15.000,10.8
2026-03-07 07:03:17.000,10.8
2026-03-07 07:03:17.000,9.6
2026-03-07 07:03:19.000,9.6
2026-03-07 07:03:19.000,10.8
2026-03-07 07:03:23.000,10.8
2026-03-07 07:03:23.000,9.6
2026-03-07 07:03:57.000,9.6
2026-03-07 07:03:57.000,10.8
2026-03-07 07:03:59.000,10.8
2026-03-07 07:03:59.000,9.6
2026-03-07 07:04:39.000,9.6
2026-03-07 07:04:39.000,10.8
2026-03-07 07:04:43.000,10.8
2026-03-07 07:04:43.000,9.6
2026-03-07 07:04:45.000,9.6
2026-03-07 07:04:45.000,8.4
2026-03-07 07:04:51.000,8.4
2026-03-07 07:04:51.000,7.2
2026-03-07 07:05:05.000,7.2
2026-03-07 07:05:05.000,8.4
2026-03-07 07:05:13.000,8.4
2026-03-07 07:05:13.000,14.4
2026-03-07 07:05:15.000,14.4
2026-03-07 07:05:15.000,10.8
2026-03-07 07:05:17.000,10.8
2026-03-07 07:05:17.000,19.2
2026-03-07 07:05:19.000,19.2
2026-03-07 07:05:19.000,10.8
2026-03-07 07:05:21.000,10.8
2026-03-07 07:05:21.000,12
2026-03-07 07:05:23.000,12
2026-03-07 07:05:23.000,7.2
2026-03-07 07:05:25.000,7.2
2026-03-07 07:05:25.000,9.6
2026-03-07 07:05:29.000,9.6
2026-03-07 07:05:29.000,10.8
2026-03-07 07:05:31.000,10.8
2026-03-07 07:05:31.000,12
2026-03-07 07:05:39.000,12
2026-03-07 07:05:39.000,13.2
2026-03-07 07:05:45.000,13.2
2026-03-07 07:05:45.000,15.6
2026-03-07 07:05:47.000,15.6
2026-03-07 07:05:47.000,14.4
2026-03-07 07:05:49.000,14.4
2026-03-07 07:05:49.000,18
2026-03-07 07:05:53.000,18
2026-03-07 07:05:53.000,16.8
2026-03-07 07:05:57.000,16.8
2026-03-07 07:05:57.000,14.4
2026-03-07 07:06:01.000,14.4
2026-03-07 07:06:01.000,13.2
2026-03-07 07:06:15.000,13.2
2026-03-07 07:06:15.000,14.4
2026-03-07 07:06:29.000,14.4
2026-03-07 07:06:29.000,15.6
2026-03-07 07:06:45.000,15.6
2026-03-07 07:06:45.000,14.4
2026-03-07 07:07:13.000,14.4
2026-03-07 07:07:13.000,15.6
2026-03-07 07:07:35.000,15.6
2026-03-07 07:07:35.000,14.4
2026-03-07 07:07:49.000,14.4
2026-03-07 07:07:49.000,15.6
2026-03-07 07:07:53.000,15.6
2026-03-07 07:07:53.000,18
2026-03-07 07:07:57.000,18
2026-03-07 07:07:57.000,19.2
2026-03-07 07:08:03.000,19.2
2026-03-07 07:08:03.000,21.6
2026-03-07 07:08:05.000,21.6
2026-03-07 07:08:05.000,20.4
2026-03-07 07:08:07.000,20.4
2026-03-07 07:08:07.000,19.2
2026-03-07 07:08:11.000,19.2
2026-03-07 07:08:11.000,16.8
2026-03-07 07:08:15.000,16.8
2026-03-07 07:08:15.000,15.6
2026-03-07 07:08:19.000,15.6
2026-03-07 07:08:19.000,16.8
2026-03-07 07:08:21.000,16.8
2026-03-07 07:08:21.000,18
2026-03-07 07:08:23.000,18
2026-03-07 07:08:23.000,19.2
2026-03-07 07:08:25.000,19.2
2026-03-07 07:08:25.000,20.4
2026-03-07 07:08:27.000,20.4
2026-03-07 07:08:27.000,22.8
2026-03-07 07:08:29.000,22.8
2026-03-07 07:08:29.000,24
2026-03-07 07:08:33.000,24
2026-03-07 07:08:33.000,25.2
2026-03-07 07:08:35.000,25.2
2026-03-07 07:08:35.000,22.8
2026-03-07 07:08:39.000,22.8
2026-03-07 07:08:39.000,19.2
2026-03-07 07:08:41.000,19.2
2026-03-07 07:08:41.000,20.4
2026-03-07 07:08:43.000,20.4
2026-03-07 07:08:43.000,19.2
2026-03-07 07:08:47.000,19.2
2026-03-07 07:08:47.000,20.4
2026-03-07 07:08:49.000,20.4
2026-03-07 07:08:49.000,21.6
2026-03-07 07:08:51.000,21.6
2026-03-07 07:08:51.000,24
2026-03-07 07:08:53.000,24
2026-03-07 07:08:53.000,26.4
2026-03-07 07:08:55.000,26.4
2026-03-07 07:08:55.000,27.6
2026-03-07 07:08:57.000,27.6
2026-03-07 07:08:57.000,28.8
2026-03-07 07:08:59.000,28.8
2026-03-07 07:08:59.000,27.6
2026-03-07 07:09:03.000,27.6
2026-03-07 07:09:03.000,28.8
2026-03-07 07:09:07.000,28.8
2026-03-07 07:09:07.000,30
2026-03-07 07:09:15.000,30
2026-03-07 07:09:15.000,31.2
2026-03-07 07:09:17.000,31.2
2026-03-07 07:09:17.000,32.4
2026-03-07 07:09:19.000,32.4
2026-03-07 07:09:19.000,33.6
2026-03-07 07:09:21.000,33.6
2026-03-07 07:09:21.000,32.4
2026-03-07 07:09:23.000,32.4
2026-03-07 07:09:23.000,31.2
2026-03-07 07:09:25.000,31.2
2026-03-07 07:09:25.000,27.6
2026-03-07 07:09:27.000,27.6
2026-03-07 07:09:27.000,26.4
2026-03-07 07:09:29.000,26.4
2026-03-07 07:09:29.000,22.8
2026-03-07 07:09:31.000,22.8
2026-03-07 07:09:31.000,24
2026-03-07 07:09:35.000,24
2026-03-07 07:09:35.000,25.2
2026-03-07 07:09:37.000,25.2
2026-03-07 07:09:37.000,26.4
2026-03-07 07:09:39.000,26.4
2026-03-07 07:09:39.000,27.6
2026-03-07 07:09:41.000,27.6
2026-03-07 07:09:41.000,28.8
2026-03-07 07:09:43.000,28.8
2026-03-07 07:09:43.000,34.8
2026-03-07 07:09:45.000,34.8
2026-03-07 07:09:45.000,42
2026-03-07 07:09:47.000,42
2026-03-07 07:09:47.000,48
2026-03-07 07:09:49.000,48
2026-03-07 07:09:49.000,54
2026-03-07 07:09:51.000,54
2026-03-07 07:09:51.000,52.8
2026-03-07 07:09:53.000,52.8
2026-03-07 07:09:53.000,49.2
2026-03-07 07:09:55.000,49.2
2026-03-07 07:09:55.000,43.2
2026-03-07 07:09:57.000,43.2
2026-03-07 07:09:57.000,36
2026-03-07 07:09:59.000,36
2026-03-07 07:09:59.000,42
2026-03-07 07:10:01.000,42
2026-03-07 07:10:01.000,39.6
2026-03-07 07:10:03.000,39.6
2026-03-07 07:10:03.000,42
2026-03-07 07:10:05.000,42
2026-03-07 07:10:05.000,45.6
2026-03-07 07:10:07.000,45.6
2026-03-07 07:10:07.000,49.2
2026-03-07 07:10:09.000,49.2
2026-03-07 07:10:09.000,50.4
2026-03-07 07:10:11.000,50.4
2026-03-07 07:10:11.000,52.8
2026-03-07 07:10:13.000,52.8
2026-03-07 07:10:13.000,54
2026-03-07 07:10:15.000,54
2026-03-07 07:10:15.000,55.2
2026-03-07 07:10:17.000,55.2
2026-03-07 07:10:17.000,56.4
2026-03-07 07:10:23.000,56.4
2026-03-07 07:10:23.000,57.6
2026-03-07 07:10:39.000,57.6
2026-03-07 07:10:39.000,56.4
2026-03-07 07:10:49.000,56.4
2026-03-07 07:10:49.000,55.2
2026-03-07 07:10:55.000,55.2
2026-03-07 07:10:55.000,56.4
2026-03-07 07:11:21.000,56.4
2026-03-07 07:11:21.000,55.2
2026-03-07 07:11:23.000,55.2
2026-03-07 07:11:23.000,52.8
2026-03-07 07:11:25.000,52.8
2026-03-07 07:11:25.000,55.2
2026-03-07 07:11:27.000,55.2
2026-03-07 07:11:27.000,51.6
2026-03-07 07:11:31.000,51.6
2026-03-07 07:11:31.000,52.8
2026-03-07 07:11:41.000,52.8
2026-03-07 07:11:41.000,54
2026-03-07 07:11:45.000,54
2026-03-07 07:11:45.000,55.2
2026-03-07 07:11:53.000,55.2
2026-03-07 07:11:53.000,56.4
2026-03-07 07:12:05.000,56.4
2026-03-07 07:12:05.000,57.6
2026-03-07 07:12:17.000,57.6
2026-03-07 07:12:17.000,56.4
2026-03-07 07:12:19.000,56.4
2026-03-07 07:12:19.000,52.8
2026-03-07 07:12:21.000,52.8
2026-03-07 07:12:21.000,42
2026-03-07 07:12:23.000,42
2026-03-07 07:12:23.000,38.4
2026-03-07 07:12:25.000,38.4
2026-03-07 07:12:25.000,20.4
2026-03-07 07:12:27.000,20.4
2026-03-07 07:12:27.000,26.4
2026-03-07 07:12:29.000,26.4
2026-03-07 07:12:29.000,19.2
2026-03-07 07:12:33.000,19.2
2026-03-07 07:12:33.000,20.4
2026-03-07 07:12:35.000,20.4
2026-03-07 07:12:35.000,19.2
2026-03-07 07:12:37.000,19.2
2026-03-07 07:12:37.000,20.4
2026-03-07 07:12:45.000,20.4
2026-03-07 07:12:45.000,19.2
2026-03-07 07:12:49.000,19.2
2026-03-07 07:12:49.000,20.4
2026-03-07 07:12:57.000,20.4
2026-03-07 07:12:57.000,21.6
2026-03-07 07:13:01.000,21.6
2026-03-07 07:13:01.000,22.8
2026-03-07 07:13:03.000,22.8
2026-03-07 07:13:03.000,24
2026-03-07 07:13:05.000,24
2026-03-07 07:13:05.000,25.2
2026-03-07 07:13:07.000,25.2
2026-03-07 07:13:07.000,26.4
2026-03-07 07:13:11.000,26.4
2026-03-07 07:13:11.000,28.8
2026-03-07 07:13:13.000,28.8
2026-03-07 07:13:13.000,27.6
2026-03-07 07:13:15.000,27.6
2026-03-07 07:13:15.000,28.8
2026-03-07 07:13:27.000,28.8
2026-03-07 07:13:27.000,30
2026-03-07 07:13:31.000,30
2026-03-07 07:13:31.000,28.8
2026-03-07 07:13:33.000,28.8
2026-03-07 07:13:33.000,30
2026-03-07 07:13:35.000,30
2026-03-07 07:13:35.000,28.8
2026-03-07 07:13:41.000,28.8
2026-03-07 07:13:41.000,27.6
2026-03-07 07:13:55.000,27.6
2026-03-07 07:13:55.000,28.8
2026-03-07 07:14:07.000,28.8
2026-03-07 07:14:07.000,30
2026-03-07 07:14:09.000,30
2026-03-07 07:14:09.000,28.8
2026-03-07 07:14:13.000,28.8
2026-03-07 07:14:13.000,30
2026-03-07 07:14:15.000,30
2026-03-07 07:14:15.000,33.6
2026-03-07 07:14:17.000,33.6
2026-03-07 07:14:17.000,37.2
2026-03-07 07:14:19.000,37.2
2026-03-07 07:14:19.000,40.8
2026-03-07 07:14:21.000,40.8
2026-03-07 07:14:21.000,43.2
2026-03-07 07:14:23.000,43.2
2026-03-07 07:14:23.000,45.6
2026-03-07 07:14:27.000,45.6
2026-03-07 07:14:27.000,46.8
2026-03-07 07:14:37.000,46.8
2026-03-07 07:14:37.000,48
2026-03-07 07:14:47.000,48
2026-03-07 07:14:47.000,46.8
2026-03-07 07:14:49.000,46.8
2026-03-07 07:14:49.000,45.6
2026-03-07 07:14:51.000,45.6
2026-03-07 07:14:51.000,43.2
2026-03-07 07:14:53.000,43.2
2026-03-07 07:14:53.000,2.4
2026-03-07 07:14:55.000,2.4
2026-03-07 07:14:55.000,10.8
2026-03-07 07:14:57.000,10.8
2026-03-07 07:14:57.000,21.6
2026-03-07 07:14:59.000,21.6
2026-03-07 07:14:59.000,16.8
2026-03-07 07:15:01.000,16.8
2026-03-07 07:15:01.000,21.6
2026-03-07 07:15:03.000,21.6
2026-03-07 07:15:03.000,19.2
2026-03-07 07:15:05.000,19.2
2026-03-07 07:15:05.000,20.4
2026-03-07 07:15:07.000,20.4
2026-03-07 07:15:07.000,19.2
2026-03-07 07:16:01.000,19.2
2026-03-07 07:16:01.000,20.4
2026-03-07 07:16:07.000,20.4
2026-03-07 07:16:07.000,19.2
2026-03-07 07:16:09.000,19.2
2026-03-07 07:16:09.000,20.4
2026-03-07 07:16:17.000,20.4
2026-03-07 07:16:17.000,19.2
2026-03-07 07:16:21.000,19.2
2026-03-07 07:16:21.000,20.4
2026-03-07 07:16:23.000,20.4
2026-03-07 07:16:23.000,19.2
2026-03-07 07:16:27.000,19.2
2026-03-07 07:16:27.000,20.4
2026-03-07 07:16:29.000,20.4
2026-03-07 07:16:29.000,19.2
2026-03-07 07:16:35.000,19.2
2026-03-07 07:16:35.000,20.4
2026-03-07 07:16:43.000,20.4
2026-03-07 07:16:43.000,21.6
2026-03-07 07:16:45.000,21.6
2026-03-07 07:16:45.000,22.8
2026-03-07 07:16:51.000,22.8
2026-03-07 07:16:51.000,21.6
2026-03-07 07:16:55.000,21.6
2026-03-07 07:16:55.000,20.4
2026-03-07 07:17:19.000,20.4
2026-03-07 07:17:19.000,21.6
2026-03-07 07:17:23.000,21.6
2026-03-07 07:17:23.000,20.4
2026-03-07 07:17:27.000,20.4
2026-03-07 07:17:27.000,21.6
2026-03-07 07:17:33.000,21.6
2026-03-07 07:17:33.000,20.4
2026-03-07 07:17:35.000,20.4
2026-03-07 07:17:35.000,21.6
2026-03-07 07:18:11.000,21.6
2026-03-07 07:18:11.000,22.8
2026-03-07 07:18:17.000,22.8
2026-03-07 07:18:17.000,24
2026-03-07 07:18:19.000,24
2026-03-07 07:18:19.000,22.8
2026-03-07 07:18:37.000,22.8
2026-03-07 07:18:37.000,24
2026-03-07 07:18:47.000,24
2026-03-07 07:18:47.000,25.2
2026-03-07 07:19:13.000,25.2
2026-03-07 07:19:13.000,26.4
2026-03-07 07:19:15.000,26.4
2026-03-07 07:19:15.000,25.2
2026-03-07 07:20:07.000,25.2
2026-03-07 07:20:07.000,24
2026-03-07 07:20:15.000,24
2026-03-07 07:20:15.000,25.2
2026-03-07 07:20:19.000,25.2
2026-03-07 07:20:19.000,24
2026-03-07 07:20:27.000,24
2026-03-07 07:20:27.000,25.2
2026-03-07 07:20:33.000,25.2
2026-03-07 07:20:33.000,24
2026-03-07 07:20:41.000,24
2026-03-07 07:20:41.000,25.2
2026-03-07 07:20:43.000,25.2
2026-03-07 07:20:43.000,24
2026-03-07 07:20:45.000,24
2026-03-07 07:20:45.000,25.2
2026-03-07 07:20:49.000,25.2
2026-03-07 07:20:49.000,24
2026-03-07 07:22:39.000,24
2026-03-07 07:22:39.000,25.2
2026-03-07 07:22:41.000,25.2
2026-03-07 07:22:41.000,26.4
2026-03-07 07:22:45.000,26.4
2026-03-07 07:22:45.000,27.6
2026-03-07 07:22:49.000,27.6
2026-03-07 07:22:49.000,28.8
2026-03-07 07:23:07.000,28.8
2026-03-07 07:23:07.000,27.6
2026-03-07 07:23:19.000,27.6
2026-03-07 07:23:19.000,26.4
2026-03-07 07:23:25.000,26.4
2026-03-07 07:23:25.000,27.6
2026-03-07 07:23:27.000,27.6
2026-03-07 07:23:27.000,26.4
2026-03-07 07:23:31.000,26.4
2026-03-07 07:23:31.000,27.6
2026-03-07 07:23:41.000,27.6
2026-03-07 07:23:41.000,28.8
2026-03-07 07:23:43.000,28.8
2026-03-07 07:23:43.000,30
2026-03-07 07:23:45.000,30
2026-03-07 07:23:45.000,27.6
2026-03-07 07:23:47.000,27.6
2026-03-07 07:23:47.000,22.8
2026-03-07 07:23:49.000,22.8
2026-03-07 07:23:49.000,21.6
2026-03-07 07:23:51.000,21.6
2026-03-07 07:23:51.000,26.4
2026-03-07 07:23:53.000,26.4
2026-03-07 07:23:53.000,25.2
2026-03-07 07:23:57.000,25.2
2026-03-07 07:23:57.000,26.4
2026-03-07 07:23:59.000,26.4
2026-03-07 07:23:59.000,27.6
2026-03-07 07:24:01.000,27.6
2026-03-07 07:24:01.000,31.2
2026-03-07 07:24:03.000,31.2
2026-03-07 07:24:03.000,30
2026-03-07 07:24:05.000,30
2026-03-07 07:24:05.000,36
2026-03-07 07:24:07.000,36
2026-03-07 07:24:07.000,31.2
2026-03-07 07:24:09.000,31.2
2026-03-07 07:24:09.000,33.6
2026-03-07 07:24:11.000,33.6
2026-03-07 07:24:11.000,30
2026-03-07 07:24:13.000,30
2026-03-07 07:24:13.000,31.2
2026-03-07 07:24:15.000,31.2
2026-03-07 07:24:15.000,27.6
2026-03-07 07:24:19.000,27.6
2026-03-07 07:24:19.000,26.4
2026-03-07 07:24:25.000,26.4
2026-03-07 07:24:25.000,28.8
2026-03-07 07:24:29.000,28.8
2026-03-07 07:24:29.000,30
2026-03-07 07:24:35.000,30
2026-03-07 07:24:35.000,33.6
2026-03-07 07:24:37.000,33.6
2026-03-07 07:24:37.000,37.2
2026-03-07 07:24:39.000,37.2
2026-03-07 07:24:39.000,43.2
2026-03-07 07:24:41.000,43.2
2026-03-07 07:24:41.000,34.8
2026-03-07 07:24:43.000,34.8
2026-03-07 07:24:43.000,38.4
2026-03-07 07:24:45.000,38.4
2026-03-07 07:24:45.000,32.4
2026-03-07 07:24:47.000,32.4
2026-03-07 07:24:47.000,24
2026-03-07 07:24:49.000,24
2026-03-07 07:24:49.000,4.8
2026-03-07 07:24:51.000,4.8
2026-03-07 07:24:51.000,14.4
2026-03-07 07:24:53.000,14.4
2026-03-07 07:24:53.000,12
2026-03-07 07:24:59.000,12
2026-03-07 07:24:59.000,14.4
2026-03-07 07:25:21.000,14.4
2026-03-07 07:25:21.000,15.6
2026-03-07 07:25:25.000,15.6
2026-03-07 07:25:25.000,16.8
2026-03-07 07:25:31.000,16.8
2026-03-07 07:25:31.000,18
2026-03-07 07:25:33.000,18
2026-03-07 07:25:33.000,19.2
2026-03-07 07:25:35.000,19.2
2026-03-07 07:25:35.000,20.4
2026-03-07 07:25:37.000,20.4
2026-03-07 07:25:37.000,22.8
2026-03-07 07:25:41.000,22.8
2026-03-07 07:25:41.000,25.2
2026-03-07 07:25:43.000,25.2
2026-03-07 07:25:43.000,26.4
2026-03-07 07:25:49.000,26.4
2026-03-07 07:25:49.000,27.6
2026-03-07 07:26:01.000,27.6
2026-03-07 07:26:01.000,28.8
2026-03-07 07:26:17.000,28.8
2026-03-07 07:26:17.000,27.6
2026-03-07 07:26:21.000,27.6
2026-03-07 07:26:21.000,28.8
2026-03-07 07:26:31.000,28.8
2026-03-07 07:26:31.000,26.4
2026-03-07 07:26:33.000,26.4
2026-03-07 07:26:33.000,24
2026-03-07 07:26:35.000,24
2026-03-07 07:26:35.000,25.2
2026-03-07 07:26:37.000,25.2
2026-03-07 07:26:37.000,26.4
2026-03-07 07:26:39.000,26.4
2026-03-07 07:26:39.000,27.6
2026-03-07 07:26:43.000,27.6
2026-03-07 07:26:43.000,28.8
2026-03-07 07:26:47.000,28.8
2026-03-07 07:26:47.000,30
2026-03-07 07:26:51.000,30
2026-03-07 07:26:51.000,31.2
2026-03-07 07:26:57.000,31.2
2026-03-07 07:26:57.000,32.4
2026-03-07 07:27:29.000,32.4
2026-03-07 07:27:29.000,33.6
2026-03-07 07:27:37.000,33.6
2026-03-07 07:27:37.000,34.8
2026-03-07 07:27:43.000,34.8
2026-03-07 07:27:43.000,33.6
2026-03-07 07:28:17.000,33.6
2026-03-07 07:28:17.000,34.8
2026-03-07 07:28:31.000,34.8
2026-03-07 07:28:31.000,33.6
2026-03-07 07:28:45.000,33.6
2026-03-07 07:28:45.000,34.8
2026-03-07 07:28:53.000,34.8
2026-03-07 07:28:53.000,33.6
2026-03-07 07:29:11.000,33.6
2026-03-07 07:29:11.000,34.8
2026-03-07 07:29:29.000,34.8
2026-03-07 07:29:29.000,33.6
2026-03-07 07:29:31.000,33.6
2026-03-07 07:29:31.000,34.8
2026-03-07 07:29:33.000,34.8
2026-03-07 07:29:33.000,33.6
2026-03-07 07:29:35.000,33.6
2026-03-07 07:29:35.000,34.8
2026-03-07 07:29:51.000,34.8
2026-03-07 07:29:51.000,36
2026-03-07 07:29:55.000,36
2026-03-07 07:29:55.000,34.8
2026-03-07 07:30:03.000,34.8
2026-03-07 07:30:03.000,33.6
2026-03-07 07:30:23.000,33.6
2026-03-07 07:30:23.000,34.8
2026-03-07 07:31:05.000,34.8
2026-03-07 07:31:05.000,33.6
2026-03-07 07:31:07.000,33.6
2026-03-07 07:31:07.000,34.8
2026-03-07 07:31:09.000,34.8
2026-03-07 07:31:09.000,33.6
2026-03-07 07:31:13.000,33.6
2026-03-07 07:31:13.000,34.8
2026-03-07 07:31:19.000,34.8
2026-03-07 07:31:19.000,33.6
2026-03-07 07:31:43.000,33.6
2026-03-07 07:31:43.000,34.8
2026-03-07 07:31:51.000,34.8
2026-03-07 07:31:51.000,36
2026-03-07 07:32:13.000,36
2026-03-07 07:32:13.000,34.8
2026-03-07 07:32:17.000,34.8
2026-03-07 07:32:17.000,36
2026-03-07 07:32:23.000,36
2026-03-07 07:32:23.000,34.8
2026-03-07 07:32:27.000,34.8
2026-03-07 07:32:27.000,36
2026-03-07 07:32:41.000,36
2026-03-07 07:32:41.000,34.8
2026-03-07 07:32:43.000,34.8
2026-03-07 07:32:43.000,31.2
2026-03-07 07:32:45.000,31.2
2026-03-07 07:32:45.000,24
2026-03-07 07:32:47.000,24
2026-03-07 07:32:47.000,20.4
2026-03-07 07:32:49.000,20.4
2026-03-07 07:32:49.000,24
2026-03-07 07:32:51.000,24
2026-03-07 07:32:51.000,22.8
2026-03-07 07:32:53.000,22.8
2026-03-07 07:32:53.000,26.4
2026-03-07 07:33:03.000,26.4
2026-03-07 07:33:03.000,25.2
2026-03-07 07:33:05.000,25.2
2026-03-07 07:33:05.000,21.6
2026-03-07 07:33:07.000,21.6
2026-03-07 07:33:07.000,19.2
2026-03-07 07:33:09.000,19.2
2026-03-07 07:33:09.000,10.8
2026-03-07 07:33:11.000,10.8
2026-03-07 07:33:11.000,12
2026-03-07 07:33:13.000,12
2026-03-07 07:33:13.000,13.2
2026-03-07 07:33:15.000,13.2
2026-03-07 07:33:15.000,15.6
2026-03-07 07:33:17.000,15.6
2026-03-07 07:33:17.000,14.4
2026-03-07 07:33:21.000,14.4
2026-03-07 07:33:21.000,15.6
2026-03-07 07:33:25.000,15.6
2026-03-07 07:33:25.000,20.4
2026-03-07 07:33:27.000,20.4
2026-03-07 07:33:27.000,16.8
2026-03-07 07:33:35.000,16.8
2026-03-07 07:33:35.000,15.6
2026-03-07 07:33:45.000,15.6
2026-03-07 07:33:45.000,16.8
2026-03-07 07:33:49.000,16.8
2026-03-07 07:33:49.000,18
2026-03-07 07:33:53.000,18
2026-03-07 07:33:53.000,15.6
2026-03-07 07:33:57.000,15.6
2026-03-07 07:33:57.000,14.4
2026-03-07 07:34:15.000,14.4
2026-03-07 07:34:15.000,15.6
2026-03-07 07:34:37.000,15.6
2026-03-07 07:34:37.000,16.8
2026-03-07 07:34:47.000,16.8
2026-03-07 07:34:47.000,18
2026-03-07 07:35:01.000,18
2026-03-07 07:35:01.000,16.8
2026-03-07 07:35:03.000,16.8
2026-03-07 07:35:03.000,18
2026-03-07 07:35:05.000,18
2026-03-07 07:35:05.000,21.6
2026-03-07 07:35:07.000,21.6
2026-03-07 07:35:07.000,27.6
2026-03-07 07:35:09.000,27.6
2026-03-07 07:35:09.000,28.8
2026-03-07 07:35:11.000,28.8
2026-03-07 07:35:11.000,33.6
2026-03-07 07:35:13.000,33.6
2026-03-07 07:35:13.000,34.8
2026-03-07 07:35:15.000,34.8
2026-03-07 07:35:15.000,37.2
2026-03-07 07:35:19.000,37.2
2026-03-07 07:35:19.000,38.4
2026-03-07 07:35:39.000,38.4
2026-03-07 07:35:39.000,34.8
2026-03-07 07:35:41.000,34.8
2026-03-07 07:35:41.000,32.4
2026-03-07 07:35:43.000,32.4
2026-03-07 07:35:43.000,31.2
2026-03-07 07:35:47.000,31.2
2026-03-07 07:35:47.000,30
2026-03-07 07:35:51.000,30
2026-03-07 07:35:51.000,31.2
2026-03-07 07:35:55.000,31.2
2026-03-07 07:35:55.000,32.4
2026-03-07 07:36:01.000,32.4
2026-03-07 07:36:01.000,33.6
2026-03-07 07:36:05.000,33.6
2026-03-07 07:36:05.000,34.8
2026-03-07 07:36:13.000,34.8
2026-03-07 07:36:13.000,33.6
2026-03-07 07:36:43.000,33.6
2026-03-07 07:36:43.000,32.4
2026-03-07 07:36:55.000,32.4
2026-03-07 07:36:55.000,33.6
2026-03-07 07:37:03.000,33.6
2026-03-07 07:37:03.000,31.2
2026-03-07 07:37:05.000,31.2
2026-03-07 07:37:05.000,21.6
2026-03-07 07:37:07.000,21.6
2026-03-07 07:37:07.000,20.4
2026-03-07 07:37:09.000,20.4
2026-03-07 07:37:09.000,14.4
2026-03-07 07:37:11.000,14.4
2026-03-07 07:37:11.000,16.8
2026-03-07 07:37:13.000,16.8
2026-03-07 07:37:13.000,20.4
2026-03-07 07:37:15.000,20.4
2026-03-07 07:37:15.000,22.8
2026-03-07 07:37:17.000,22.8
2026-03-07 07:37:17.000,26.4
2026-03-07 07:37:19.000,26.4
2026-03-07 07:37:19.000,27.6
2026-03-07 07:37:21.000,27.6
2026-03-07 07:37:21.000,30
2026-03-07 07:37:25.000,30
2026-03-07 07:37:25.000,31.2
2026-03-07 07:37:27.000,31.2
2026-03-07 07:37:27.000,32.4
2026-03-07 07:37:37.000,32.4
2026-03-07 07:37:37.000,33.6
2026-03-07 07:37:47.000,33.6
2026-03-07 07:37:47.000,34.8
2026-03-07 07:37:51.000,34.8
2026-03-07 07:37:51.000,36
2026-03-07 07:37:55.000,36
2026-03-07 07:37:55.000,37.2
2026-03-07 07:38:03.000,37.2
2026-03-07 07:38:03.000,38.4
2026-03-07 07:38:07.000,38.4
2026-03-07 07:38:07.000,39.6
2026-03-07 07:38:11.000,39.6
2026-03-07 07:38:11.000,40.8
2026-03-07 07:38:15.000,40.8
2026-03-07 07:38:15.000,42
2026-03-07 07:38:21.000,42
2026-03-07 07:38:21.000,43.2
2026-03-07 07:38:23.000,43.2
2026-03-07 07:38:23.000,42
2026-03-07 07:38:25.000,42
2026-03-07 07:38:25.000,40.8
2026-03-07 07:38:27.000,40.8
2026-03-07 07:38:27.000,39.6
2026-03-07 07:38:29.000,39.6
2026-03-07 07:38:29.000,37.2
2026-03-07 07:38:31.000,37.2
2026-03-07 07:38:31.000,39.6
2026-03-07 07:38:33.000,39.6
2026-03-07 07:38:33.000,37.2
2026-03-07 07:38:35.000,37.2
2026-03-07 07:38:35.000,36
2026-03-07 07:38:37.000,36
2026-03-07 07:38:37.000,28.8
2026-03-07 07:38:39.000,28.8
2026-03-07 07:38:39.000,24
2026-03-07 07:38:41.000,24
2026-03-07 07:38:41.000,10.8
2026-03-07 07:38:43.000,10.8
2026-03-07 07:38:43.000,15.6
2026-03-07 07:38:45.000,15.6
2026-03-07 07:38:45.000,16.8
2026-03-07 07:38:51.000,16.8
2026-03-07 07:38:51.000,18
2026-03-07 07:38:57.000,18
2026-03-07 07:38:57.000,19.2
2026-03-07 07:38:59.000,19.2
2026-03-07 07:38:59.000,24
2026-03-07 07:39:01.000,24
2026-03-07 07:39:01.000,26.4
2026-03-07 07:39:03.000,26.4
2026-03-07 07:39:03.000,30
2026-03-07 07:39:05.000,30
2026-03-07 07:39:05.000,39.6
2026-03-07 07:39:07.000,39.6
2026-03-07 07:39:07.000,38.4
2026-03-07 07:39:09.000,38.4
2026-03-07 07:39:09.000,36
2026-03-07 07:39:15.000,36
2026-03-07 07:39:15.000,37.2
2026-03-07 07:39:17.000,37.2
2026-03-07 07:39:17.000,38.4
2026-03-07 07:39:21.000,38.4
2026-03-07 07:39:21.000,37.2
2026-03-07 07:39:25.000,37.2
2026-03-07 07:39:25.000,38.4
2026-03-07 07:39:27.000,38.4
2026-03-07 07:39:27.000,39.6
2026-03-07 07:39:31.000,39.6
2026-03-07 07:39:31.000,42
2026-03-07 07:39:33.000,42
2026-03-07 07:39:33.000,40.8
2026-03-07 07:39:41.000,40.8
2026-03-07 07:39:41.000,42
2026-03-07 07:39:51.000,42
2026-03-07 07:39:51.000,43.2
2026-03-07 07:40:01.000,43.2
2026-03-07 07:40:01.000,44.4
2026-03-07 07:40:27.000,44.4
2026-03-07 07:40:27.000,45.6
2026-03-07 07:40:49.000,45.6
2026-03-07 07:40:49.000,44.4
2026-03-07 07:40:59.000,44.4
2026-03-07 07:40:59.000,45.6
2026-03-07 07:41:05.000,45.6
2026-03-07 07:41:05.000,44.4
2026-03-07 07:41:07.000,44.4
2026-03-07 07:41:07.000,40.8
2026-03-07 07:41:09.000,40.8
2026-03-07 07:41:09.000,39.6
2026-03-07 07:41:11.000,39.6
2026-03-07 07:41:11.000,38.4
2026-03-07 07:41:19.000,38.4
2026-03-07 07:41:19.000,39.6
2026-03-07 07:41:21.000,39.6
2026-03-07 07:41:21.000,40.8
2026-03-07 07:41:23.000,40.8
2026-03-07 07:41:23.000,42
2026-03-07 07:41:27.000,42
2026-03-07 07:41:27.000,43.2
2026-03-07 07:41:33.000,43.2
2026-03-07 07:41:33.000,44.4
2026-03-07 07:41:55.000,44.4
2026-03-07 07:41:55.000,45.6
2026-03-07 07:41:57.000,45.6
2026-03-07 07:41:57.000,44.4
2026-03-07 07:42:09.000,44.4
2026-03-07 07:42:09.000,43.2
2026-03-07 07:42:13.000,43.2
2026-03-07 07:42:13.000,42
2026-03-07 07:42:15.000,42
2026-03-07 07:42:15.000,43.2
2026-03-07 07:42:17.000,43.2
2026-03-07 07:42:17.000,42
2026-03-07 07:42:19.000,42
2026-03-07 07:42:19.000,40.8
2026-03-07 07:42:21.000,40.8
2026-03-07 07:42:21.000,38.4
2026-03-07 07:42:23.000,38.4
2026-03-07 07:42:23.000,37.2
2026-03-07 07:42:25.000,37.2
2026-03-07 07:42:25.000,19.2
2026-03-07 07:42:27.000,19.2
2026-03-07 07:42:27.000,20.4
2026-03-07 07:42:29.000,20.4
2026-03-07 07:42:29.000,10.8
2026-03-07 07:42:31.000,10.8
2026-03-07 07:42:31.000,15.6
2026-03-07 07:42:33.000,15.6
2026-03-07 07:42:33.000,13.2
2026-03-07 07:42:35.000,13.2
2026-03-07 07:42:35.000,14.4
2026-03-07 07:42:45.000,14.4
2026-03-07 07:42:45.000,15.6
2026-03-07 07:42:51.000,15.6
2026-03-07 07:42:51.000,16.8
2026-03-07 07:42:53.000,16.8
2026-03-07 07:42:53.000,15.6
2026-03-07 07:42:59.000,15.6
2026-03-07 07:42:59.000,14.4
2026-03-07 07:43:01.000,14.4
2026-03-07 07:43:01.000,15.6
2026-03-07 07:43:05.000,15.6
2026-03-07 07:43:05.000,14.4
2026-03-07 07:43:23.000,14.4
2026-03-07 07:43:23.000,15.6
2026-03-07 07:43:27.000,15.6
2026-03-07 07:43:27.000,16.8
2026-03-07 07:43:31.000,16.8
2026-03-07 07:43:31.000,18
2026-03-07 07:43:33.000,18
2026-03-07 07:43:33.000,20.4
2026-03-07 07:43:39.000,20.4
2026-03-07 07:43:39.000,21.6
2026-03-07 07:43:41.000,21.6
2026-03-07 07:43:41.000,22.8
2026-03-07 07:43:49.000,22.8
2026-03-07 07:43:49.000,24
2026-03-07 07:43:55.000,24
2026-03-07 07:43:55.000,25.2
2026-03-07 07:43:59.000,25.2
2026-03-07 07:43:59.000,28.8
2026-03-07 07:44:01.000,28.8
2026-03-07 07:44:01.000,25.2
2026-03-07 07:44:03.000,25.2
2026-03-07 07:44:03.000,28.8
2026-03-07 07:44:05.000,28.8
2026-03-07 07:44:05.000,25.2
2026-03-07 07:44:15.000,25.2
2026-03-07 07:44:15.000,26.4
2026-03-07 07:44:17.000,26.4
2026-03-07 07:44:17.000,27.6
2026-03-07 07:44:25.000,27.6
2026-03-07 07:44:25.000,28.8
2026-03-07 07:44:29.000,28.8
2026-03-07 07:44:29.000,30
2026-03-07 07:44:37.000,30
2026-03-07 07:44:37.000,28.8
2026-03-07 07:44:53.000,28.8
2026-03-07 07:44:53.000,30
2026-03-07 07:45:21.000,30
2026-03-07 07:45:21.000,28.8
2026-03-07 07:45:23.000,28.8
2026-03-07 07:45:23.000,30
2026-03-07 07:45:39.000,30
2026-03-07 07:45:39.000,31.2
2026-03-07 07:45:43.000,31.2
2026-03-07 07:45:43.000,30
2026-03-07 07:46:31.000,30
2026-03-07 07:46:31.000,31.2
2026-03-07 07:46:35.000,31.2
2026-03-07 07:46:35.000,30
2026-03-07 07:47:13.000,30
2026-03-07 07:47:13.000,31.2
2026-03-07 07:47:15.000,31.2
2026-03-07 07:47:15.000,30
2026-03-07 07:47:17.000,30
2026-03-07 07:47:17.000,31.2
2026-03-07 07:47:35.000,31.2
2026-03-07 07:47:35.000,30
2026-03-07 07:47:43.000,30
2026-03-07 07:47:43.000,31.2
2026-03-07 07:47:45.000,31.2
2026-03-07 07:47:45.000,30
2026-03-07 07:47:57.000,30
2026-03-07 07:47:57.000,31.2
2026-03-07 07:48:21.000,31.2
2026-03-07 07:48:21.000,30
2026-03-07 07:48:31.000,30
2026-03-07 07:48:31.000,31.2
2026-03-07 07:48:33.000,31.2
2026-03-07 07:48:33.000,32.4
2026-03-07 07:48:35.000,32.4
2026-03-07 07:48:35.000,33.6
2026-03-07 07:48:37.000,33.6
2026-03-07 07:48:37.000,26.4
2026-03-07 07:48:39.000,26.4
2026-03-07 07:48:39.000,20.4
2026-03-07 07:48:41.000,20.4
2026-03-07 07:48:41.000,18
2026-03-07 07:48:43.000,18
2026-03-07 07:48:43.000,26.4
2026-03-07 07:48:45.000,26.4
2026-03-07 07:48:45.000,21.6
2026-03-07 07:48:47.000,21.6
2026-03-07 07:48:47.000,24
2026-03-07 07:48:49.000,24
2026-03-07 07:48:49.000,22.8
2026-03-07 07:48:51.000,22.8
2026-03-07 07:48:51.000,21.6
2026-03-07 07:48:57.000,21.6
2026-03-07 07:48:57.000,20.4
2026-03-07 07:49:01.000,20.4
2026-03-07 07:49:01.000,21.6
2026-03-07 07:49:19.000,21.6
2026-03-07 07:49:19.000,22.8
2026-03-07 07:49:21.000,22.8
2026-03-07 07:49:21.000,27.6
2026-03-07 07:49:23.000,27.6
2026-03-07 07:49:23.000,30
2026-03-07 07:49:25.000,30
2026-03-07 07:49:25.000,33.6
2026-03-07 07:49:27.000,33.6
2026-03-07 07:49:27.000,36
2026-03-07 07:49:29.000,36
2026-03-07 07:49:29.000,38.4
2026-03-07 07:49:31.000,38.4
2026-03-07 07:49:31.000,40.8
2026-03-07 07:49:33.000,40.8
2026-03-07 07:49:33.000,42
2026-03-07 07:49:35.000,42
2026-03-07 07:49:35.000,43.2
2026-03-07 07:49:37.000,43.2
2026-03-07 07:49:37.000,44.4
2026-03-07 07:49:41.000,44.4
2026-03-07 07:49:41.000,45.6
2026-03-07 07:49:47.000,45.6
2026-03-07 07:49:47.000,46.8
2026-03-07 07:49:53.000,46.8
2026-03-07 07:49:53.000,48
2026-03-07 07:49:55.000,48
2026-03-07 07:49:55.000,46.8
2026-03-07 07:49:57.000,46.8
2026-03-07 07:49:57.000,48
2026-03-07 07:50:21.000,48
2026-03-07 07:50:21.000,49.2
2026-03-07 07:50:31.000,49.2
2026-03-07 07:50:31.000,50.4
2026-03-07 07:50:47.000,50.4
2026-03-07 07:50:47.000,49.2
2026-03-07 07:51:31.000,49.2
2026-03-07 07:51:31.000,48
2026-03-07 07:51:51.000,48
2026-03-07 07:51:51.000,46.8
2026-03-07 07:51:53.000,46.8
2026-03-07 07:51:53.000,48
2026-03-07 07:52:13.000,48
2026-03-07 07:52:13.000,46.8
2026-03-07 07:52:43.000,46.8
2026-03-07 07:52:43.000,42
2026-03-07 07:52:45.000,42
2026-03-07 07:52:45.000,39.6
2026-03-07 07:52:47.000,39.6
2026-03-07 07:52:47.000,36
2026-03-07 07:52:49.000,36
2026-03-07 07:52:49.000,34.8
2026-03-07 07:52:57.000,34.8
2026-03-07 07:52:57.000,36
2026-03-07 07:52:59.000,36
2026-03-07 07:52:59.000,37.2
2026-03-07 07:53:13.000,37.2
2026-03-07 07:53:13.000,38.4
2026-03-07 07:53:19.000,38.4
2026-03-07 07:53:19.000,39.6
2026-03-07 07:53:31.000,39.6
2026-03-07 07:53:31.000,38.4
2026-03-07 07:53:33.000,38.4
2026-03-07 07:53:33.000,39.6
2026-03-07 07:53:55.000,39.6
2026-03-07 07:53:55.000,40.8
2026-03-07 07:54:47.000,40.8
2026-03-07 07:54:47.000,42
2026-03-07 07:54:49.000,42
2026-03-07 07:54:49.000,44.4
2026-03-07 07:54:51.000,44.4
2026-03-07 07:54:51.000,39.6
2026-03-07 07:54:53.000,39.6
2026-03-07 07:54:53.000,30
2026-03-07 07:54:55.000,30
2026-03-07 07:54:55.000,20.4
2026-03-07 07:54:59.000,20.4
2026-03-07 07:54:59.000,30
2026-03-07 07:55:01.000,30
2026-03-07 07:55:01.000,18
2026-03-07 07:55:03.000,18
2026-03-07 07:55:03.000,19.2
2026-03-07 07:55:05.000,19.2
2026-03-07 07:55:05.000,10.8
2026-03-07 07:55:07.000,10.8
2026-03-07 07:55:07.000,9.6
2026-03-07 07:55:15.000,9.6
2026-03-07 07:55:15.000,8.4
2026-03-07 07:55:17.000,8.4
2026-03-07 07:55:17.000,9.6
2026-03-07 07:55:19.000,9.6
2026-03-07 07:55:19.000,10.8
2026-03-07 07:55:21.000,10.8
2026-03-07 07:55:21.000,12
2026-03-07 07:55:23.000,12
2026-03-07 07:55:23.000,10.8
2026-03-07 07:55:29.000,10.8
2026-03-07 07:55:29.000,9.6
2026-03-07 07:55:33.000,9.6
2026-03-07 07:55:33.000,8.4
2026-03-07 07:55:45.000,8.4
2026-03-07 07:55:45.000,9.6
2026-03-07 07:55:51.000,9.6
2026-03-07 07:55:51.000,10.8
2026-03-07 07:56:01.000,10.8
2026-03-07 07:56:01.000,12
2026-03-07 07:56:05.000,12
2026-03-07 07:56:05.000,13.2
2026-03-07 07:56:11.000,13.2
2026-03-07 07:56:11.000,14.4
2026-03-07 07:56:27.000,14.4
2026-03-07 07:56:27.000,15.6
2026-03-07 07:56:33.000,15.6
2026-03-07 07:56:33.000,16.8
2026-03-07 07:56:41.000,16.8
2026-03-07 07:56:41.000,18
2026-03-07 07:56:59.000,18
2026-03-07 07:56:59.000,19.2
2026-03-07 07:57:11.000,19.2
2026-03-07 07:57:11.000,20.4
2026-03-07 07:57:39.000,20.4
2026-03-07 07:57:39.000,21.6
2026-03-07 07:57:41.000,21.6
2026-03-07 07:57:41.000,20.4
2026-03-07 07:57:45.000,20.4
2026-03-07 07:57:45.000,21.6
2026-03-07 07:58:17.000,21.6
2026-03-07 07:58:17.000,22.8
2026-03-07 07:58:53.000,22.8
2026-03-07 07:58:53.000,24
2026-03-07 07:59:01.000,24
2026-03-07 07:59:01.000,25.2
2026-03-07 07:59:03.000,25.2
2026-03-07 07:59:03.000,26.4
2026-03-07 07:59:09.000,26.4
2026-03-07 07:59:09.000,27.6
2026-03-07 07:59:51.000,27.6
2026-03-07 07:59:51.000,26.4
2026-03-07 07:59:59.000,26.4
2026-03-07 07:59:59.000,25.2
2026-03-07 08:00:15.000,25.2
2026-03-07 08:00:15.000,26.4
2026-03-07 08:00:17.000,26.4
2026-03-07 08:00:17.000,22.8
2026-03-07 08:00:19.000,22.8
2026-03-07 08:00:19.000,16.8
2026-03-07 08:00:21.000,16.8
2026-03-07 08:00:21.000,9.6
2026-03-07 08:00:23.000,9.6
2026-03-07 08:00:23.000,8.4
2026-03-07 08:00:25.000,8.4
2026-03-07 08:00:25.000,7.2
2026-03-07 08:00:45.000,7.2
2026-03-07 08:00:45.000,8.4
2026-03-07 08:00:47.000,8.4
2026-03-07 08:00:47.000,0
2026-03-07 08:00:55.000,0
2026-03-07 08:00:55.000,1.2
2026-03-07 08:00:57.000,1.2
2026-03-07 08:00:57.000,2.4
2026-03-07 08:00:59.000,2.4
2026-03-07 08:00:59.000,3.6
2026-03-07 08:01:05.000,3.6
2026-03-07 08:01:05.000,4.8
2026-03-07 08:01:11.000,4.8
2026-03-07 08:01:11.000,6
2026-03-07 08:01:15.000,6
2026-03-07 08:01:15.000,7.2
2026-03-07 08:01:19.000,7.2
2026-03-07 08:01:19.000,9.6
2026-03-07 08:01:21.000,9.6
2026-03-07 08:01:21.000,8.4
2026-03-07 08:01:23.000,8.4
2026-03-07 08:01:23.000,10.8
2026-03-07 08:01:25.000,10.8
2026-03-07 08:01:25.000,8.4
2026-03-07 08:01:29.000,8.4
2026-03-07 08:01:29.000,7.2
2026-03-07 08:01:37.000,7.2
2026-03-07 08:01:37.000,6
2026-03-07 08:01:51.000,6
2026-03-07 08:01:51.000,7.2
2026-03-07 08:01:57.000,7.2
2026-03-07 08:01:57.000,8.4
2026-03-07 08:02:01.000,8.4
2026-03-07 08:02:01.000,9.6
2026-03-07 08:02:05.000,9.6
2026-03-07 08:02:05.000,13.2
2026-03-07 08:02:07.000,13.2
2026-03-07 08:02:07.000,4.8
2026-03-07 08:02:09.000,4.8
2026-03-07 08:02:09.000,6
2026-03-07 08:02:11.000,6
2026-03-07 08:02:11.000,4.8
2026-03-07 08:02:13.000,4.8
2026-03-07 08:02:13.000,6
2026-03-07 08:02:17.000,6
2026-03-07 08:02:17.000,8.4
2026-03-07 08:02:19.000,8.4
2026-03-07 08:02:19.000,13.2
2026-03-07 08:02:21.000,13.2
2026-03-07 08:02:21.000,18
2026-03-07 08:02:23.000,18
2026-03-07 08:02:23.000,21.6
2026-03-07 08:02:25.000,21.6
2026-03-07 08:02:25.000,24
2026-03-07 08:02:27.000,24
2026-03-07 08:02:27.000,26.4
2026-03-07 08:02:29.000,26.4
2026-03-07 08:02:29.000,25.2
2026-03-07 08:02:31.000,25.2
2026-03-07 08:02:31.000,28.8
2026-03-07 08:02:33.000,28.8
2026-03-07 08:02:33.000,27.6
2026-03-07 08:02:43.000,27.6
2026-03-07 08:02:43.000,26.4
2026-03-07 08:02:49.000,26.4
2026-03-07 08:02:49.000,27.6
2026-03-07 08:02:57.000,27.6
2026-03-07 08:02:57.000,28.8
2026-03-07 08:03:07.000,28.8
2026-03-07 08:03:07.000,30
2026-03-07 08:03:13.000,30
2026-03-07 08:03:13.000,31.2
2026-03-07 08:03:33.000,31.2
2026-03-07 08:03:33.000,30
2026-03-07 08:03:35.000,30
2026-03-07 08:03:35.000,31.2
2026-03-07 08:03:37.000,31.2
2026-03-07 08:03:37.000,32.4
2026-03-07 08:03:39.000,32.4
2026-03-07 08:03:39.000,33.6
2026-03-07 08:03:41.000,33.6
2026-03-07 08:03:41.000,34.8
2026-03-07 08:03:43.000,34.8
2026-03-07 08:03:43.000,32.4
2026-03-07 08:03:45.000,32.4
2026-03-07 08:03:45.000,28.8
2026-03-07 08:03:47.000,28.8
2026-03-07 08:03:47.000,22.8
2026-03-07 08:03:51.000,22.8
2026-03-07 08:03:51.000,20.4
2026-03-07 08:03:53.000,20.4
2026-03-07 08:03:53.000,22.8
2026-03-07 08:03:55.000,22.8
2026-03-07 08:03:55.000,19.2
2026-03-07 08:03:57.000,19.2
2026-03-07 08:03:57.000,18
2026-03-07 08:03:59.000,18
2026-03-07 08:03:59.000,14.4
2026-03-07 08:04:01.000,14.4
2026-03-07 08:04:01.000,12
2026-03-07 08:04:09.000,12
2026-03-07 08:04:09.000,10.8
2026-03-07 08:04:11.000,10.8
2026-03-07 08:04:11.000,9.6
2026-03-07 08:04:23.000,9.6
2026-03-07 08:04:23.000,10.8
2026-03-07 08:04:27.000,10.8
2026-03-07 08:04:27.000,13.2
2026-03-07 08:04:29.000,13.2
2026-03-07 08:04:29.000,12
2026-03-07 08:04:31.000,12
2026-03-07 08:04:31.000,13.2
2026-03-07 08:04:35.000,13.2
2026-03-07 08:04:35.000,14.4
2026-03-07 08:04:37.000,14.4
2026-03-07 08:04:37.000,15.6
2026-03-07 08:04:39.000,15.6
2026-03-07 08:04:39.000,16.8
2026-03-07 08:04:43.000,16.8
2026-03-07 08:04:43.000,18
2026-03-07 08:04:45.000,18
2026-03-07 08:04:45.000,19.2
2026-03-07 08:04:51.000,19.2
2026-03-07 08:04:51.000,20.4
2026-03-07 08:04:57.000,20.4
2026-03-07 08:04:57.000,21.6
2026-03-07 08:05:01.000,21.6
2026-03-07 08:05:01.000,22.8
2026-03-07 08:05:03.000,22.8
2026-03-07 08:05:03.000,24
2026-03-07 08:05:07.000,24
2026-03-07 08:05:07.000,26.4
2026-03-07 08:05:09.000,26.4
2026-03-07 08:05:09.000,25.2
2026-03-07 08:05:11.000,25.2
2026-03-07 08:05:11.000,26.4
2026-03-07 08:05:13.000,26.4
2026-03-07 08:05:13.000,27.6
2026-03-07 08:05:15.000,27.6
2026-03-07 08:05:15.000,30
2026-03-07 08:05:17.000,30
2026-03-07 08:05:17.000,32.4
2026-03-07 08:05:19.000,32.4
2026-03-07 08:05:19.000,30
2026-03-07 08:05:27.000,30
2026-03-07 08:05:27.000,31.2
2026-03-07 08:05:29.000,31.2
2026-03-07 08:05:29.000,34.8
2026-03-07 08:05:31.000,34.8
2026-03-07 08:05:31.000,36
2026-03-07 08:05:33.000,36
2026-03-07 08:05:33.000,37.2
2026-03-07 08:05:37.000,37.2
2026-03-07 08:05:37.000,38.4
2026-03-07 08:05:41.000,38.4
2026-03-07 08:05:41.000,39.6
2026-03-07 08:05:47.000,39.6
2026-03-07 08:05:47.000,40.8
2026-03-07 08:05:51.000,40.8
2026-03-07 08:05:51.000,42
2026-03-07 08:05:55.000,42
2026-03-07 08:05:55.000,40.8
2026-03-07 08:05:59.000,40.8
2026-03-07 08:05:59.000,39.6
2026-03-07 08:06:01.000,39.6
2026-03-07 08:06:01.000,38.4
2026-03-07 08:06:15.000,38.4
2026-03-07 08:06:15.000,39.6
2026-03-07 08:06:21.000,39.6
2026-03-07 08:06:21.000,40.8
2026-03-07 08:06:27.000,40.8
2026-03-07 08:06:27.000,42
2026-03-07 08:06:37.000,42
2026-03-07 08:06:37.000,40.8
2026-03-07 08:06:39.000,40.8
2026-03-07 08:06:39.000,42
2026-03-07 08:06:41.000,42
2026-03-07 08:06:41.000,40.8
2026-03-07 08:06:43.000,40.8
2026-03-07 08:06:43.000,42
2026-03-07 08:06:53.000,42
2026-03-07 08:06:53.000,43.2
2026-03-07 08:07:01.000,43.2
2026-03-07 08:07:01.000,44.4
2026-03-07 08:07:23.000,44.4
2026-03-07 08:07:23.000,43.2
2026-03-07 08:07:31.000,43.2
2026-03-07 08:07:31.000,44.4
2026-03-07 08:07:41.000,44.4
2026-03-07 08:07:41.000,45.6
2026-03-07 08:07:53.000,45.6
2026-03-07 08:07:53.000,46.8
2026-03-07 08:07:57.000,46.8
2026-03-07 08:07:57.000,44.4
2026-03-07 08:07:59.000,44.4
2026-03-07 08:07:59.000,34.8
2026-03-07 08:08:01.000,34.8
2026-03-07 08:08:01.000,0
2026-03-07 08:08:05.000,0
2026-03-07 08:08:05.000,2.4
2026-03-07 08:08:07.000,2.4
2026-03-07 08:08:07.000,6
2026-03-07 08:08:09.000,6
2026-03-07 08:08:09.000,7.2
2026-03-07 08:08:23.000,7.2
2026-03-07 08:08:23.000,8.4
2026-03-07 08:08:27.000,8.4
2026-03-07 08:08:27.000,9.6
2026-03-07 08:08:31.000,9.6
2026-03-07 08:08:31.000,8.4
2026-03-07 08:08:35.000,8.4
2026-03-07 08:08:35.000,7.2
2026-03-07 08:09:03.000,7.2
2026-03-07 08:09:03.000,8.4
2026-03-07 08:09:35.000,8.4
2026-03-07 08:09:35.000,9.6
2026-03-07 08:09:51.000,9.6
2026-03-07 08:09:51.000,8.4
2026-03-07 08:09:57.000,8.4
2026-03-07 08:09:57.000,9.6
2026-03-07 08:09:59.000,9.6
2026-03-07 08:09:59.000,8.4
2026-03-07 08:10:01.000,8.4
2026-03-07 08:10:01.000,10.8
2026-03-07 08:10:03.000,10.8
2026-03-07 08:10:03.000,14.4
2026-03-07 08:10:05.000,14.4
2026-03-07 08:10:05.000,8.4
2026-03-07 08:10:07.000,8.4
2026-03-07 08:10:07.000,3.6
2026-03-07 08:10:09.000,3.6
2026-03-07 08:10:09.000,4.8
2026-03-07 08:10:11.000,4.8
2026-03-07 08:10:11.000,2.4
2026-03-07 08:10:15.000,2.4
2026-03-07 08:10:15.000,3.6
2026-03-07 08:10:17.000,3.6
2026-03-07 08:10:17.000,4.8
2026-03-07 08:10:23.000,4.8
2026-03-07 08:10:23.000,6
2026-03-07 08:10:25.000,6
2026-03-07 08:10:25.000,7.2
2026-03-07 08:10:27.000,7.2
2026-03-07 08:10:27.000,8.4
2026-03-07 08:10:31.000,8.4
2026-03-07 08:10:31.000,9.6
2026-03-07 08:10:33.000,9.6
2026-03-07 08:10:33.000,10.8
2026-03-07 08:10:41.000,10.8
2026-03-07 08:10:41.000,8.4
2026-03-07 08:10:43.000,8.4
2026-03-07 08:10:43.000,6
2026-03-07 08:11:07.000,6
2026-03-07 08:11:07.000,7.2
2026-03-07 08:11:15.000,7.2
2026-03-07 08:11:15.000,8.4
2026-03-07 08:11:19.000,8.4
2026-03-07 08:11:19.000,7.2
2026-03-07 08:11:27.000,7.2
2026-03-07 08:11:27.000,6
2026-03-07 08:11:53.000,6
2026-03-07 08:11:53.000,7.2
2026-03-07 08:12:11.000,7.2
2026-03-07 08:12:11.000,6
2026-03-07 08:12:35.000,6
2026-03-07 08:12:35.000,7.2
2026-03-07 08:12:53.000,7.2
2026-03-07 08:12:53.000,6
2026-03-07 08:12:57.000,6
2026-03-07 08:12:57.000,7.2
2026-03-07 08:12:59.000,7.2
2026-03-07 08:12:59.000,9.6
2026-03-07 08:13:01.000,9.6
2026-03-07 08:13:01.000,12
2026-03-07 08:13:03.000,12
2026-03-07 08:13:03.000,14.4
2026-03-07 08:13:05.000,14.4
2026-03-07 08:13:05.000,16.8
2026-03-07 08:13:09.000,16.8
2026-03-07 08:13:09.000,18
2026-03-07 08:13:13.000,18
2026-03-07 08:13:13.000,19.2
2026-03-07 08:13:17.000,19.2
2026-03-07 08:13:17.000,20.4
2026-03-07 08:13:25.000,20.4
2026-03-07 08:13:25.000,21.6
2026-03-07 08:13:35.000,21.6
2026-03-07 08:13:35.000,20.4
2026-03-07 08:13:49.000,20.4
2026-03-07 08:13:49.000,21.6
2026-03-07 08:13:59.000,21.6
2026-03-07 08:13:59.000,22.8
2026-03-07 08:14:15.000,22.8
2026-03-07 08:14:15.000,20.4
2026-03-07 08:14:17.000,20.4
2026-03-07 08:14:17.000,21.6
2026-03-07 08:14:19.000,21.6
2026-03-07 08:14:19.000,18
2026-03-07 08:14:21.000,18
2026-03-07 08:14:21.000,10.8
2026-03-07 08:14:23.000,10.8
2026-03-07 08:14:23.000,6
2026-03-07 08:14:29.000,6
2026-03-07 08:14:29.000,7.2
2026-03-07 08:14:41.000,7.2
2026-03-07 08:14:41.000,9.6
2026-03-07 08:14:43.000,9.6
2026-03-07 08:14:43.000,16.8
2026-03-07 08:14:45.000,16.8
2026-03-07 08:14:45.000,0
2026-03-07 08:14:47.000,0
2026-03-07 08:14:47.000,13.2
2026-03-07 08:14:49.000,13.2
2026-03-07 08:14:49.000,1.2
2026-03-07 08:14:51.000,1.2
2026-03-07 08:14:51.000,3.6
2026-03-07 08:14:53.000,3.6
2026-03-07 08:14:53.000,2.4
2026-03-07 08:14:55.000,2.4
2026-03-07 08:14:55.000,3.6
2026-03-07 08:14:57.000,3.6
2026-03-07 08:14:57.000,4.8
2026-03-07 08:15:03.000,4.8
2026-03-07 08:15:03.000,6
2026-03-07 08:15:13.000,6
2026-03-07 08:15:13.000,7.2
2026-03-07 08:15:15.000,7.2
2026-03-07 08:15:15.000,8.4
2026-03-07 08:15:21.000,8.4
2026-03-07 08:15:21.000,9.6
2026-03-07 08:15:23.000,9.6
2026-03-07 08:15:23.000,8.4
2026-03-07 08:15:27.000,8.4
2026-03-07 08:15:27.000,7.2
2026-03-07 08:15:33.000,7.2
2026-03-07 08:15:33.000,8.4
2026-03-07 08:15:49.000,8.4
2026-03-07 08:15:49.000,9.6
2026-03-07 08:15:55.000,9.6
2026-03-07 08:15:55.000,10.8
2026-03-07 08:15:59.000,10.8
2026-03-07 08:15:59.000,12
2026-03-07 08:16:13.000,12
2026-03-07 08:16:13.000,10.8
2026-03-07 08:16:27.000,10.8
2026-03-07 08:16:27.000,12
2026-03-07 08:16:29.000,12
2026-03-07 08:16:29.000,15.6
2026-03-07 08:16:31.000,15.6
2026-03-07 08:16:31.000,19.2
2026-03-07 08:16:33.000,19.2
2026-03-07 08:16:33.000,20.4
2026-03-07 08:16:35.000,20.4
2026-03-07 08:16:35.000,25.2
2026-03-07 08:16:37.000,25.2
2026-03-07 08:16:37.000,22.8
2026-03-07 08:16:39.000,22.8
2026-03-07 08:16:39.000,25.2
2026-03-07 08:16:41.000,25.2
2026-03-07 08:16:41.000,24
2026-03-07 08:16:43.000,24
2026-03-07 08:16:43.000,25.2
2026-03-07 08:16:49.000,25.2
2026-03-07 08:16:49.000,24
2026-03-07 08:16:55.000,24
2026-03-07 08:16:55.000,25.2
2026-03-07 08:17:01.000,25.2
2026-03-07 08:17:01.000,26.4
2026-03-07 08:17:05.000,26.4
2026-03-07 08:17:05.000,27.6
2026-03-07 08:17:07.000,27.6
2026-03-07 08:17:07.000,28.8
2026-03-07 08:17:09.000,28.8
2026-03-07 08:17:09.000,30
2026-03-07 08:17:11.000,30
2026-03-07 08:17:11.000,31.2
2026-03-07 08:17:13.000,31.2
2026-03-07 08:17:13.000,32.4
2026-03-07 08:17:15.000,32.4
2026-03-07 08:17:15.000,33.6
2026-03-07 08:17:17.000,33.6
2026-03-07 08:17:17.000,34.8
2026-03-07 08:17:29.000,34.8
2026-03-07 08:17:29.000,36
2026-03-07 08:17:37.000,36
2026-03-07 08:17:37.000,37.2
2026-03-07 08:17:39.000,37.2
2026-03-07 08:17:39.000,38.4
2026-03-07 08:17:41.000,38.4
2026-03-07 08:17:41.000,40.8
2026-03-07 08:17:43.000,40.8
2026-03-07 08:17:43.000,42
2026-03-07 08:17:45.000,42
2026-03-07 08:17:45.000,43.2
2026-03-07 08:17:49.000,43.2
2026-03-07 08:17:49.000,45.6
2026-03-07 08:18:03.000,45.6
2026-03-07 08:18:03.000,44.4
2026-03-07 08:18:17.000,44.4
2026-03-07 08:18:17.000,45.6
2026-03-07 08:18:29.000,45.6
2026-03-07 08:18:29.000,46.8
2026-03-07 08:18:39.000,46.8
2026-03-07 08:18:39.000,45.6
2026-03-07 08:18:43.000,45.6
2026-03-07 08:18:43.000,44.4
2026-03-07 08:18:51.000,44.4
2026-03-07 08:18:51.000,45.6
2026-03-07 08:19:01.000,45.6
2026-03-07 08:19:01.000,46.8
2026-03-07 08:19:09.000,46.8
2026-03-07 08:19:09.000,48
2026-03-07 08:19:15.000,48
2026-03-07 08:19:15.000,46.8
2026-03-07 08:19:19.000,46.8
2026-03-07 08:19:19.000,44.4
2026-03-07 08:19:23.000,44.4
2026-03-07 08:19:23.000,43.2
2026-03-07 08:19:31.000,43.2
2026-03-07 08:19:31.000,44.4
2026-03-07 08:19:43.000,44.4
2026-03-07 08:19:43.000,45.6
2026-03-07 08:19:47.000,45.6
2026-03-07 08:19:47.000,46.8
2026-03-07 08:19:49.000,46.8
2026-03-07 08:19:49.000,45.6
2026-03-07 08:19:51.000,45.6
2026-03-07 08:19:51.000,46.8
2026-03-07 08:19:53.000,46.8
2026-03-07 08:19:53.000,45.6
2026-03-07 08:19:55.000,45.6
2026-03-07 08:19:55.000,44.4
2026-03-07 08:19:59.000,44.4
2026-03-07 08:19:59.000,43.2
2026-03-07 08:20:11.000,43.2
2026-03-07 08:20:11.000,44.4
2026-03-07 08:20:23.000,44.4
2026-03-07 08:20:23.000,45.6
2026-03-07 08:20:27.000,45.6
2026-03-07 08:20:27.000,46.8
2026-03-07 08:20:39.000,46.8
2026-03-07 08:20:39.000,44.4
2026-03-07 08:20:43.000,44.4
2026-03-07 08:20:43.000,43.2
2026-03-07 08:20:49.000,43.2
2026-03-07 08:20:49.000,44.4
2026-03-07 08:21:01.000,44.4
2026-03-07 08:21:01.000,45.6
2026-03-07 08:21:09.000,45.6
2026-03-07 08:21:09.000,46.8
2026-03-07 08:21:15.000,46.8
2026-03-07 08:21:15.000,45.6
2026-03-07 08:21:19.000,45.6
2026-03-07 08:21:19.000,44.4
2026-03-07 08:21:23.000,44.4
2026-03-07 08:21:23.000,43.2
2026-03-07 08:21:29.000,43.2
2026-03-07 08:21:29.000,44.4
2026-03-07 08:21:37.000,44.4
2026-03-07 08:21:37.000,45.6
2026-03-07 08:21:45.000,45.6
2026-03-07 08:21:45.000,46.8
2026-03-07 08:21:53.000,46.8
2026-03-07 08:21:53.000,45.6
2026-03-07 08:22:01.000,45.6
2026-03-07 08:22:01.000,44.4
2026-03-07 08:22:13.000,44.4
2026-03-07 08:22:13.000,45.6
2026-03-07 08:22:23.000,45.6
2026-03-07 08:22:23.000,46.8
2026-03-07 08:22:29.000,46.8
2026-03-07 08:22:29.000,48
2026-03-07 08:22:31.000,48
2026-03-07 08:22:31.000,46.8
2026-03-07 08:22:35.000,46.8
2026-03-07 08:22:35.000,45.6
2026-03-07 08:22:39.000,45.6
2026-03-07 08:22:39.000,44.4
2026-03-07 08:22:49.000,44.4
2026-03-07 08:22:49.000,39.6
2026-03-07 08:22:51.000,39.6
2026-03-07 08:22:51.000,14.4
2026-03-07 08:22:53.000,14.4
2026-03-07 08:22:53.000,1.2
2026-03-07 08:22:55.000,1.2
2026-03-07 08:22:55.000,4.8
2026-03-07 08:22:57.000,4.8
2026-03-07 08:22:57.000,6
2026-03-07 08:23:07.000,6
2026-03-07 08:23:07.000,7.2
2026-03-07 08:23:15.000,7.2
2026-03-07 08:23:15.000,8.4
2026-03-07 08:23:19.000,8.4
2026-03-07 08:23:19.000,10.8
2026-03-07 08:23:21.000,10.8
2026-03-07 08:23:21.000,9.6
2026-03-07 08:23:27.000,9.6
2026-03-07 08:23:27.000,8.4
2026-03-07 08:23:29.000,8.4
2026-03-07 08:23:29.000,7.2
2026-03-07 08:23:33.000,7.2
2026-03-07 08:23:33.000,6
2026-03-07 08:23:35.000,6
2026-03-07 08:23:35.000,7.2
2026-03-07 08:23:55.000,7.2
2026-03-07 08:23:55.000,9.6
2026-03-07 08:23:59.000,9.6
2026-03-07 08:23:59.000,8.4
2026-03-07 08:24:05.000,8.4
2026-03-07 08:24:05.000,7.2
2026-03-07 08:24:29.000,7.2
2026-03-07 08:24:29.000,8.4
2026-03-07 08:24:33.000,8.4
2026-03-07 08:24:33.000,9.6
2026-03-07 08:24:39.000,9.6
2026-03-07 08:24:39.000,8.4
2026-03-07 08:24:43.000,8.4
2026-03-07 08:24:43.000,7.2
2026-03-07 08:24:49.000,7.2
2026-03-07 08:24:49.000,6
2026-03-07 08:24:55.000,6
2026-03-07 08:24:55.000,7.2
2026-03-07 08:25:09.000,7.2
2026-03-07 08:25:09.000,8.4
2026-03-07 08:25:11.000,8.4
2026-03-07 08:25:11.000,9.6
2026-03-07 08:25:21.000,9.6
2026-03-07 08:25:21.000,7.2
2026-03-07 08:25:27.000,7.2
2026-03-07 08:25:27.000,6
2026-03-07 08:25:29.000,6
2026-03-07 08:25:29.000,7.2
2026-03-07 08:25:31.000,7.2
2026-03-07 08:25:31.000,6
2026-03-07 08:25:37.000,6
2026-03-07 08:25:37.000,7.2
2026-03-07 08:25:53.000,7.2
2026-03-07 08:25:53.000,8.4
2026-03-07 08:25:55.000,8.4
2026-03-07 08:25:55.000,9.6
2026-03-07 08:25:59.000,9.6
2026-03-07 08:25:59.000,10.8
2026-03-07 08:26:01.000,10.8
2026-03-07 08:26:01.000,8.4
2026-03-07 08:26:03.000,8.4
2026-03-07 08:26:03.000,7.2
2026-03-07 08:26:07.000,7.2
2026-03-07 08:26:07.000,8.4
2026-03-07 08:26:29.000,8.4
2026-03-07 08:26:29.000,9.6
2026-03-07 08:26:35.000,9.6
2026-03-07 08:26:35.000,12
2026-03-07 08:26:37.000,12
2026-03-07 08:26:37.000,10.8
2026-03-07 08:26:39.000,10.8
2026-03-07 08:26:39.000,13.2
2026-03-07 08:26:41.000,13.2
2026-03-07 08:26:41.000,12
2026-03-07 08:26:43.000,12
2026-03-07 08:26:43.000,10.8
2026-03-07 08:26:45.000,10.8
2026-03-07 08:26:45.000,9.6
2026-03-07 08:26:47.000,9.6
2026-03-07 08:26:47.000,8.4
2026-03-07 08:27:05.000,8.4
2026-03-07 08:27:05.000,9.6
2026-03-07 08:27:37.000,9.6
2026-03-07 08:27:37.000,8.4
2026-03-07 08:27:41.000,8.4
2026-03-07 08:27:41.000,9.6
2026-03-07 08:27:43.000,9.6
2026-03-07 08:27:43.000,8.4
2026-03-07 08:27:45.000,8.4
2026-03-07 08:27:45.000,9.6
2026-03-07 08:28:13.000,9.6
2026-03-07 08:28:13.000,8.4
2026-03-07 08:28:17.000,8.4
2026-03-07 08:28:17.000,9.6
2026-03-07 08:28:25.000,9.6
2026-03-07 08:28:25.000,13.2
2026-03-07 08:28:27.000,13.2
2026-03-07 08:28:27.000,12
2026-03-07 08:28:29.000,12
2026-03-07 08:28:29.000,2.4
2026-03-07 08:28:33.000,2.4
2026-03-07 08:28:33.000,1.2
2026-03-07 08:28:35.000,1.2
2026-03-07 08:28:35.000,2.4
2026-03-07 08:28:37.000,2.4
2026-03-07 08:28:37.000,3.6
2026-03-07 08:28:39.000,3.6
2026-03-07 08:28:39.000,4.8
2026-03-07 08:28:45.000,4.8
2026-03-07 08:28:45.000,6
2026-03-07 08:28:47.000,6
2026-03-07 08:28:47.000,4.8
2026-03-07 08:28:49.000,4.8
2026-03-07 08:28:49.000,12
2026-03-07 08:28:51.000,12
2026-03-07 08:28:51.000,9.6
2026-03-07 08:28:53.000,9.6
2026-03-07 08:28:53.000,0
2026-03-07 08:28:55.000,0
2026-03-07 08:28:55.000,4.8
2026-03-07 08:28:57.000,4.8
2026-03-07 08:28:57.000,2.4
2026-03-07 08:28:59.000,2.4
2026-03-07 08:28:59.000,3.6
2026-03-07 08:29:03.000,3.6
2026-03-07 08:29:03.000,4.8
2026-03-07 08:29:05.000,4.8
2026-03-07 08:29:05.000,3.6
2026-03-07 08:29:07.000,3.6
2026-03-07 08:29:07.000,4.8
2026-03-07 08:29:17.000,4.8
2026-03-07 08:29:17.000,6
2026-03-07 08:29:23.000,6
2026-03-07 08:29:23.000,9.6
2026-03-07 08:29:25.000,9.6
2026-03-07 08:29:25.000,7.2
2026-03-07 08:29:27.000,7.2
2026-03-07 08:29:27.000,9.6
2026-03-07 08:29:29.000,9.6
2026-03-07 08:29:29.000,8.4
2026-03-07 08:29:33.000,8.4
2026-03-07 08:29:33.000,7.2
2026-03-07 08:29:35.000,7.2
2026-03-07 08:29:35.000,6
2026-03-07 08:29:51.000,6
2026-03-07 08:29:51.000,7.2
2026-03-07 08:29:53.000,7.2
2026-03-07 08:29:53.000,8.4
2026-03-07 08:29:55.000,8.4
2026-03-07 08:29:55.000,10.8
2026-03-07 08:29:59.000,10.8
2026-03-07 08:29:59.000,13.2
2026-03-07 08:30:05.000,13.2
2026-03-07 08:30:05.000,14.4
2026-03-07 08:30:15.000,14.4
2026-03-07 08:30:15.000,13.2
2026-03-07 08:30:29.000,13.2
2026-03-07 08:30:29.000,15.6
2026-03-07 08:30:31.000,15.6
2026-03-07 08:30:31.000,14.4
2026-03-07 08:30:33.000,14.4
2026-03-07 08:30:33.000,13.2
2026-03-07 08:30:35.000,13.2
2026-03-07 08:30:35.000,12
2026-03-07 08:30:37.000,12
2026-03-07 08:30:37.000,9.6
2026-03-07 08:30:41.000,9.6
2026-03-07 08:30:41.000,10.8
2026-03-07 08:30:43.000,10.8
2026-03-07 08:30:43.000,8.4
2026-03-07 08:30:45.000,8.4
2026-03-07 08:30:45.000,7.2
2026-03-07 08:30:47.000,7.2
2026-03-07 08:30:47.000,6
2026-03-07 08:30:51.000,6
2026-03-07 08:30:51.000,7.2
2026-03-07 08:30:53.000,7.2
2026-03-07 08:30:53.000,6
2026-03-07 08:31:05.000,6
2026-03-07 08:31:05.000,7.2
2026-03-07 08:31:09.000,7.2
2026-03-07 08:31:09.000,9.6
2026-03-07 08:31:11.000,9.6
2026-03-07 08:31:11.000,13.2
2026-03-07 08:31:13.000,13.2
2026-03-07 08:31:13.000,7.2
2026-03-07 08:31:15.000,7.2
2026-03-07 08:31:15.000,12
2026-03-07 08:31:17.000,12
2026-03-07 08:31:17.000,8.4
2026-03-07 08:31:19.000,8.4
2026-03-07 08:31:19.000,7.2
2026-03-07 08:31:21.000,7.2
2026-03-07 08:31:21.000,6
2026-03-07 08:31:27.000,6
2026-03-07 08:31:27.000,7.2
2026-03-07 08:31:37.000,7.2
2026-03-07 08:31:37.000,8.4
2026-03-07 08:31:41.000,8.4
2026-03-07 08:31:41.000,10.8
2026-03-07 08:31:43.000,10.8
2026-03-07 08:31:43.000,9.6
2026-03-07 08:31:53.000,9.6
2026-03-07 08:31:53.000,8.4
2026-03-07 08:31:59.000,8.4
2026-03-07 08:31:59.000,9.6
2026-03-07 08:32:03.000,9.6
2026-03-07 08:32:03.000,8.4
2026-03-07 08:32:35.000,8.4
2026-03-07 08:32:35.000,9.6
2026-03-07 08:32:49.000,9.6
2026-03-07 08:32:49.000,8.4
2026-03-07 08:33:09.000,8.4
2026-03-07 08:33:09.000,9.6
2026-03-07 08:33:13.000,9.6
2026-03-07 08:33:13.000,10.8
2026-03-07 08:33:17.000,10.8
2026-03-07 08:33:17.000,9.6
2026-03-07 08:33:23.000,9.6
2026-03-07 08:33:23.000,8.4
2026-03-07 08:33:49.000,8.4
2026-03-07 08:33:49.000,9.6
2026-03-07 08:33:53.000,9.6
2026-03-07 08:33:53.000,12
2026-03-07 08:33:55.000,12
2026-03-07 08:33:55.000,10.8
2026-03-07 08:33:57.000,10.8
2026-03-07 08:33:57.000,12
2026-03-07 08:33:59.000,12
2026-03-07 08:33:59.000,10.8
2026-03-07 08:34:01.000,10.8
2026-03-07 08:34:01.000,9.6
2026-03-07 08:34:03.000,9.6
2026-03-07 08:34:03.000,10.8
2026-03-07 08:34:09.000,10.8
2026-03-07 08:34:09.000,9.6
2026-03-07 08:34:11.000,9.6
2026-03-07 08:34:11.000,8.4
2026-03-07 08:34:13.000,8.4
2026-03-07 08:34:13.000,7.2
2026-03-07 08:34:15.000,7.2
2026-03-07 08:34:15.000,6
2026-03-07 08:34:19.000,6
2026-03-07 08:34:19.000,8.4
2026-03-07 08:34:21.000,8.4
2026-03-07 08:34:21.000,7.2
2026-03-07 08:34:29.000,7.2
2026-03-07 08:34:29.000,8.4
2026-03-07 08:34:31.000,8.4
2026-03-07 08:34:31.000,9.6
2026-03-07 08:34:35.000,9.6
2026-03-07 08:34:35.000,10.8
2026-03-07 08:34:43.000,10.8
2026-03-07 08:34:43.000,8.4
2026-03-07 08:34:49.000,8.4
2026-03-07 08:34:49.000,7.2
2026-03-07 08:35:01.000,7.2
2026-03-07 08:35:01.000,8.4
2026-03-07 08:35:11.000,8.4
2026-03-07 08:35:11.000,9.6
2026-03-07 08:35:19.000,9.6
2026-03-07 08:35:19.000,10.8
2026-03-07 08:35:21.000,10.8
2026-03-07 08:35:21.000,8.4
2026-03-07 08:35:23.000,8.4
2026-03-07 08:35:23.000,6
2026-03-07 08:35:27.000,6
2026-03-07 08:35:27.000,4.8
2026-03-07 08:35:31.000,4.8
2026-03-07 08:35:31.000,6
2026-03-07 08:35:35.000,6
2026-03-07 08:35:35.000,4.8
2026-03-07 08:35:39.000,4.8
2026-03-07 08:35:39.000,6
2026-03-07 08:35:51.000,6
2026-03-07 08:35:51.000,7.2
2026-03-07 08:35:59.000,7.2
2026-03-07 08:35:59.000,6
2026-03-07 08:36:09.000,6
2026-03-07 08:36:09.000,4.8
2026-03-07 08:36:15.000,4.8
2026-03-07 08:36:15.000,6
2026-03-07 08:36:19.000,6
2026-03-07 08:36:19.000,9.6
2026-03-07 08:36:29.000,9.6
2026-03-07 08:36:29.000,8.4
2026-03-07 08:36:37.000,8.4
2026-03-07 08:36:37.000,10.8
2026-03-07 08:36:39.000,10.8
2026-03-07 08:36:39.000,9.6
2026-03-07 08:36:41.000,9.6
2026-03-07 08:36:41.000,12
2026-03-07 08:36:43.000,12
2026-03-07 08:36:43.000,13.2
2026-03-07 08:36:45.000,13.2
2026-03-07 08:36:45.000,14.4
2026-03-07 08:36:47.000,14.4
2026-03-07 08:36:47.000,12
2026-03-07 08:36:49.000,12
2026-03-07 08:36:49.000,13.2
2026-03-07 08:36:51.000,13.2
2026-03-07 08:36:51.000,12
2026-03-07 08:36:53.000,12
2026-03-07 08:36:53.000,10.8
2026-03-07 08:36:55.000,10.8
2026-03-07 08:36:55.000,12
2026-03-07 08:37:01.000,12
2026-03-07 08:37:01.000,10.8
2026-03-07 08:37:15.000,10.8
2026-03-07 08:37:15.000,9.6
2026-03-07 08:37:29.000,9.6
2026-03-07 08:37:29.000,10.8
2026-03-07 08:37:35.000,10.8
2026-03-07 08:37:35.000,9.6
2026-03-07 08:37:41.000,9.6
2026-03-07 08:37:41.000,8.4
2026-03-07 08:37:57.000,8.4
2026-03-07 08:37:57.000,9.6
2026-03-07 08:37:59.000,9.6
2026-03-07 08:37:59.000,8.4
2026-03-07 08:38:01.000,8.4
2026-03-07 08:38:01.000,12
2026-03-07 08:38:03.000,12
2026-03-07 08:38:03.000,10.8
2026-03-07 08:38:15.000,10.8
2026-03-07 08:38:15.000,9.6
2026-03-07 08:38:17.000,9.6
2026-03-07 08:38:17.000,8.4
2026-03-07 08:38:31.000,8.4
2026-03-07 08:38:31.000,9.6
2026-03-07 08:38:39.000,9.6
2026-03-07 08:38:39.000,8.4
2026-03-07 08:38:53.000,8.4
2026-03-07 08:38:53.000,9.6
2026-03-07 08:38:57.000,9.6
2026-03-07 08:38:57.000,10.8
2026-03-07 08:38:59.000,10.8
2026-03-07 08:38:59.000,13.2
2026-03-07 08:39:01.000,13.2
2026-03-07 08:39:01.000,15.6
2026-03-07 08:39:05.000,15.6
2026-03-07 08:39:05.000,19.2
2026-03-07 08:39:09.000,19.2
2026-03-07 08:39:09.000,21.6
2026-03-07 08:39:13.000,21.6
2026-03-07 08:39:13.000,22.8
2026-03-07 08:39:15.000,22.8
2026-03-07 08:39:15.000,24
2026-03-07 08:39:17.000,24
2026-03-07 08:39:17.000,25.2
2026-03-07 08:39:19.000,25.2
2026-03-07 08:39:19.000,26.4
2026-03-07 08:39:21.000,26.4
2026-03-07 08:39:21.000,27.6
2026-03-07 08:39:25.000,27.6
2026-03-07 08:39:25.000,28.8
2026-03-07 08:39:33.000,28.8
2026-03-07 08:39:33.000,30
2026-03-07 08:39:37.000,30
2026-03-07 08:39:37.000,31.2
2026-03-07 08:39:39.000,31.2
2026-03-07 08:39:39.000,32.4
2026-03-07 08:39:41.000,32.4
2026-03-07 08:39:41.000,33.6
2026-03-07 08:39:43.000,33.6
2026-03-07 08:39:43.000,34.8
2026-03-07 08:39:45.000,34.8
2026-03-07 08:39:45.000,37.2
2026-03-07 08:39:49.000,37.2
2026-03-07 08:39:49.000,38.4
2026-03-07 08:39:51.000,38.4
2026-03-07 08:39:51.000,39.6
2026-03-07 08:39:53.000,39.6
2026-03-07 08:39:53.000,40.8
2026-03-07 08:39:55.000,40.8
2026-03-07 08:39:55.000,42
2026-03-07 08:39:59.000,42
2026-03-07 08:39:59.000,43.2
2026-03-07 08:40:19.000,43.2
2026-03-07 08:40:19.000,39.6
2026-03-07 08:40:21.000,39.6
2026-03-07 08:40:21.000,42
2026-03-07 08:40:23.000,42
2026-03-07 08:40:23.000,38.4
2026-03-07 08:40:25.000,38.4
2026-03-07 08:40:25.000,39.6
2026-03-07 08:40:31.000,39.6
2026-03-07 08:40:31.000,40.8
2026-03-07 08:40:37.000,40.8
2026-03-07 08:40:37.000,42
2026-03-07 08:40:47.000,42
2026-03-07 08:40:47.000,43.2
2026-03-07 08:40:53.000,43.2
2026-03-07 08:40:53.000,44.4
2026-03-07 08:41:05.000,44.4
2026-03-07 08:41:05.000,43.2
2026-03-07 08:41:09.000,43.2
2026-03-07 08:41:09.000,42
2026-03-07 08:41:15.000,42
2026-03-07 08:41:15.000,43.2
2026-03-07 08:42:03.000,43.2
2026-03-07 08:42:03.000,42
2026-03-07 08:42:17.000,42
2026-03-07 08:42:17.000,40.8
2026-03-07 08:42:19.000,40.8
2026-03-07 08:42:19.000,34.8
2026-03-07 08:42:21.000,34.8
2026-03-07 08:42:21.000,14.4
2026-03-07 08:42:23.000,14.4
2026-03-07 08:42:23.000,15.6
2026-03-07 08:42:25.000,15.6
2026-03-07 08:42:25.000,10.8
2026-03-07 08:42:27.000,10.8
2026-03-07 08:42:27.000,13.2
2026-03-07 08:42:33.000,13.2
2026-03-07 08:42:33.000,14.4
2026-03-07 08:42:39.000,14.4
2026-03-07 08:42:39.000,13.2
2026-03-07 08:42:41.000,13.2
2026-03-07 08:42:41.000,14.4
2026-03-07 08:42:45.000,14.4
2026-03-07 08:42:45.000,13.2
2026-03-07 08:42:47.000,13.2
2026-03-07 08:42:47.000,14.4
2026-03-07 08:43:03.000,14.4
2026-03-07 08:43:03.000,15.6
2026-03-07 08:43:15.000,15.6
2026-03-07 08:43:15.000,14.4
2026-03-07 08:43:19.000,14.4
2026-03-07 08:43:19.000,16.8
2026-03-07 08:43:21.000,16.8
2026-03-07 08:43:21.000,14.4
2026-03-07 08:43:23.000,14.4
2026-03-07 08:43:23.000,15.6
2026-03-07 08:43:25.000,15.6
2026-03-07 08:43:25.000,14.4
2026-03-07 08:43:31.000,14.4
2026-03-07 08:43:31.000,13.2
2026-03-07 08:43:49.000,13.2
2026-03-07 08:43:49.000,14.4
2026-03-07 08:43:55.000,14.4
2026-03-07 08:43:55.000,15.6
2026-03-07 08:44:03.000,15.6
2026-03-07 08:44:03.000,14.4
2026-03-07 08:44:11.000,14.4
2026-03-07 08:44:11.000,13.2
2026-03-07 08:44:27.000,13.2
2026-03-07 08:44:27.000,14.4
2026-03-07 08:44:53.000,14.4
2026-03-07 08:44:53.000,13.2
2026-03-07 08:44:55.000,13.2
2026-03-07 08:44:55.000,14.4
2026-03-07 08:45:29.000,14.4
2026-03-07 08:45:29.000,13.2
2026-03-07 08:45:39.000,13.2
2026-03-07 08:45:39.000,14.4
2026-03-07 08:45:41.000,14.4
2026-03-07 08:45:41.000,13.2
2026-03-07 08:45:47.000,13.2
2026-03-07 08:45:47.000,14.4
2026-03-07 08:46:09.000,14.4
2026-03-07 08:46:09.000,13.2
2026-03-07 08:46:17.000,13.2
2026-03-07 08:46:17.000,14.4
2026-03-07 08:46:21.000,14.4
2026-03-07 08:46:21.000,13.2
2026-03-07 08:46:23.000,13.2
2026-03-07 08:46:23.000,14.4
2026-03-07 08:46:47.000,14.4
2026-03-07 08:46:47.000,13.2
2026-03-07 08:46:49.000,13.2
2026-03-07 08:46:49.000,14.4
2026-03-07 08:46:57.000,14.4
2026-03-07 08:46:57.000,13.2
2026-03-07 08:46:59.000,13.2
2026-03-07 08:46:59.000,14.4
2026-03-07 08:47:09.000,14.4
2026-03-07 08:47:09.000,13.2
2026-03-07 08:47:17.000,13.2
2026-03-07 08:47:17.000,14.4
2026-03-07 08:47:45.000,14.4
2026-03-07 08:47:45.000,13.2
2026-03-07 08:47:57.000,13.2
2026-03-07 08:47:57.000,14.4
2026-03-07 08:48:13.000,14.4
2026-03-07 08:48:13.000,13.2
2026-03-07 08:48:15.000,13.2
2026-03-07 08:48:15.000,14.4
2026-03-07 08:48:19.000,14.4
2026-03-07 08:48:19.000,13.2
2026-03-07 08:48:31.000,13.2
2026-03-07 08:48:31.000,14.4
2026-03-07 08:48:59.000,14.4
2026-03-07 08:48:59.000,13.2
2026-03-07 08:49:17.000,13.2
2026-03-07 08:49:17.000,14.4
2026-03-07 08:49:21.000,14.4
2026-03-07 08:49:21.000,13.2
2026-03-07 08:49:23.000,13.2
2026-03-07 08:49:23.000,14.4
2026-03-07 08:49:25.000,14.4
2026-03-07 08:49:25.000,13.2
2026-03-07 08:49:29.000,13.2
2026-03-07 08:49:29.000,14.4
2026-03-07 08:49:53.000,14.4
2026-03-07 08:49:53.000,13.2
2026-03-07 08:50:05.000,13.2
2026-03-07 08:50:05.000,14.4
2026-03-07 08:50:09.000,14.4
2026-03-07 08:50:09.000,13.2
2026-03-07 08:50:25.000,13.2
2026-03-07 08:50:25.000,14.4
2026-03-07 08:50:45.000,14.4
2026-03-07 08:50:45.000,15.6
2026-03-07 08:50:47.000,15.6
2026-03-07 08:50:47.000,18
2026-03-07 08:50:49.000,18
2026-03-07 08:50:49.000,16.8
2026-03-07 08:51:01.000,16.8
2026-03-07 08:51:01.000,18
2026-03-07 08:51:03.000,18
2026-03-07 08:51:03.000,16.8
2026-03-07 08:51:05.000,16.8
2026-03-07 08:51:05.000,15.6
2026-03-07 08:51:09.000,15.6
2026-03-07 08:51:09.000,14.4
2026-03-07 08:51:25.000,14.4
2026-03-07 08:51:25.000,15.6
2026-03-07 08:51:27.000,15.6
2026-03-07 08:51:27.000,14.4
2026-03-07 08:51:29.000,14.4
2026-03-07 08:51:29.000,15.6
2026-03-07 08:51:31.000,15.6
2026-03-07 08:51:31.000,14.4
2026-03-07 08:51:41.000,14.4
2026-03-07 08:51:41.000,15.6
2026-03-07 08:51:47.000,15.6
2026-03-07 08:51:47.000,18
2026-03-07 08:51:51.000,18
2026-03-07 08:51:51.000,19.2
2026-03-07 08:51:55.000,19.2
2026-03-07 08:51:55.000,20.4
2026-03-07 08:51:57.000,20.4
2026-03-07 08:51:57.000,21.6
2026-03-07 08:52:03.000,21.6
2026-03-07 08:52:03.000,22.8
2026-03-07 08:52:05.000,22.8
2026-03-07 08:52:05.000,24
2026-03-07 08:52:11.000,24
2026-03-07 08:52:11.000,25.2
2026-03-07 08:52:19.000,25.2
2026-03-07 08:52:19.000,26.4
2026-03-07 08:52:23.000,26.4
2026-03-07 08:52:23.000,25.2
2026-03-07 08:52:41.000,25.2
2026-03-07 08:52:41.000,26.4
2026-03-07 08:52:43.000,26.4
2026-03-07 08:52:43.000,25.2
2026-03-07 08:52:45.000,25.2
2026-03-07 08:52:45.000,26.4
2026-03-07 08:52:59.000,26.4
2026-03-07 08:52:59.000,27.6
2026-03-07 08:53:01.000,27.6
2026-03-07 08:53:01.000,26.4
2026-03-07 08:53:03.000,26.4
2026-03-07 08:53:03.000,27.6
2026-03-07 08:53:09.000,27.6
2026-03-07 08:53:09.000,26.4
2026-03-07 08:53:11.000,26.4
2026-03-07 08:53:11.000,27.6
2026-03-07 08:53:13.000,27.6
2026-03-07 08:53:13.000,26.4
2026-03-07 08:53:15.000,26.4
2026-03-07 08:53:15.000,27.6
2026-03-07 08:53:23.000,27.6
2026-03-07 08:53:23.000,26.4
2026-03-07 08:53:29.000,26.4
2026-03-07 08:53:29.000,27.6
2026-03-07 08:53:31.000,27.6
2026-03-07 08:53:31.000,26.4
2026-03-07 08:53:33.000,26.4
2026-03-07 08:53:33.000,27.6
2026-03-07 08:53:39.000,27.6
2026-03-07 08:53:39.000,28.8
2026-03-07 08:53:49.000,28.8
2026-03-07 08:53:49.000,27.6
2026-03-07 08:53:53.000,27.6
2026-03-07 08:53:53.000,26.4
2026-03-07 08:54:07.000,26.4
2026-03-07 08:54:07.000,27.6
2026-03-07 08:54:17.000,27.6
2026-03-07 08:54:17.000,28.8
2026-03-07 08:54:21.000,28.8
2026-03-07 08:54:21.000,39.6
2026-03-07 08:54:23.000,39.6
2026-03-07 08:54:23.000,31.2
2026-03-07 08:54:25.000,31.2
2026-03-07 08:54:25.000,25.2
2026-03-07 08:54:27.000,25.2
2026-03-07 08:54:27.000,22.8
2026-03-07 08:54:29.000,22.8
2026-03-07 08:54:29.000,3.6
2026-03-07 08:54:31.000,3.6
2026-03-07 08:54:31.000,16.8
2026-03-07 08:54:33.000,16.8
2026-03-07 08:54:33.000,6
2026-03-07 08:54:37.000,6
2026-03-07 08:54:37.000,7.2
2026-03-07 08:54:41.000,7.2
2026-03-07 08:54:41.000,8.4
2026-03-07 08:54:51.000,8.4
2026-03-07 08:54:51.000,9.6
2026-03-07 08:54:53.000,9.6
2026-03-07 08:54:53.000,10.8
2026-03-07 08:54:59.000,10.8
2026-03-07 08:54:59.000,12
2026-03-07 08:55:05.000,12
2026-03-07 08:55:05.000,13.2
2026-03-07 08:55:07.000,13.2
2026-03-07 08:55:07.000,14.4
2026-03-07 08:55:09.000,14.4
2026-03-07 08:55:09.000,15.6
2026-03-07 08:55:13.000,15.6
2026-03-07 08:55:13.000,16.8
2026-03-07 08:55:15.000,16.8
2026-03-07 08:55:15.000,18
2026-03-07 08:55:19.000,18
2026-03-07 08:55:19.000,15.6
2026-03-07 08:55:21.000,15.6
2026-03-07 08:55:21.000,13.2
2026-03-07 08:55:23.000,13.2
2026-03-07 08:55:23.000,12
2026-03-07 08:55:25.000,12
2026-03-07 08:55:25.000,10.8
2026-03-07 08:55:31.000,10.8
2026-03-07 08:55:31.000,9.6
2026-03-07 08:55:35.000,9.6
2026-03-07 08:55:35.000,8.4
2026-03-07 08:55:37.000,8.4
2026-03-07 08:55:37.000,9.6
2026-03-07 08:55:43.000,9.6
2026-03-07 08:55:43.000,10.8
2026-03-07 08:55:47.000,10.8
2026-03-07 08:55:47.000,12
2026-03-07 08:55:49.000,12
2026-03-07 08:55:49.000,13.2
2026-03-07 08:55:55.000,13.2
2026-03-07 08:55:55.000,14.4
2026-03-07 08:55:57.000,14.4
2026-03-07 08:55:57.000,13.2
2026-03-07 08:56:01.000,13.2
2026-03-07 08:56:01.000,15.6
2026-03-07 08:56:03.000,15.6
2026-03-07 08:56:03.000,16.8
2026-03-07 08:56:07.000,16.8
2026-03-07 08:56:07.000,18
2026-03-07 08:56:11.000,18
2026-03-07 08:56:11.000,19.2
2026-03-07 08:56:13.000,19.2
2026-03-07 08:56:13.000,20.4
2026-03-07 08:56:15.000,20.4
2026-03-07 08:56:15.000,21.6
2026-03-07 08:56:19.000,21.6
2026-03-07 08:56:19.000,20.4
2026-03-07 08:56:21.000,20.4
2026-03-07 08:56:21.000,19.2
2026-03-07 08:56:35.000,19.2
2026-03-07 08:56:35.000,20.4
2026-03-07 08:56:39.000,20.4
2026-03-07 08:56:39.000,21.6
2026-03-07 08:56:43.000,21.6
2026-03-07 08:56:43.000,22.8
2026-03-07 08:56:45.000,22.8
2026-03-07 08:56:45.000,26.4
2026-03-07 08:56:47.000,26.4
2026-03-07 08:56:47.000,28.8
2026-03-07 08:56:49.000,28.8
2026-03-07 08:56:49.000,24
2026-03-07 08:56:51.000,24
2026-03-07 08:56:51.000,20.4
2026-03-07 08:56:53.000,20.4
2026-03-07 08:56:53.000,9.6
2026-03-07 08:56:59.000,9.6
2026-03-07 08:56:59.000,10.8
2026-03-07 08:57:05.000,10.8
2026-03-07 08:57:05.000,9.6
2026-03-07 08:57:07.000,9.6
2026-03-07 08:57:07.000,10.8
2026-03-07 08:57:13.000,10.8
2026-03-07 08:57:13.000,12
2026-03-07 08:57:17.000,12
2026-03-07 08:57:17.000,13.2
2026-03-07 08:57:21.000,13.2
2026-03-07 08:57:21.000,12
2026-03-07 08:57:31.000,12
2026-03-07 08:57:31.000,13.2
2026-03-07 08:57:35.000,13.2
2026-03-07 08:57:35.000,14.4
2026-03-07 08:57:37.000,14.4
2026-03-07 08:57:37.000,13.2
2026-03-07 08:57:39.000,13.2
2026-03-07 08:57:39.000,16.8
2026-03-07 08:57:41.000,16.8
2026-03-07 08:57:41.000,13.2
2026-03-07 08:57:43.000,13.2
2026-03-07 08:57:43.000,10.8
2026-03-07 08:57:47.000,10.8
2026-03-07 08:57:47.000,9.6
2026-03-07 08:57:51.000,9.6
2026-03-07 08:57:51.000,8.4
2026-03-07 08:58:09.000,8.4
2026-03-07 08:58:09.000,9.6
2026-03-07 08:58:15.000,9.6
2026-03-07 08:58:15.000,10.8
2026-03-07 08:58:17.000,10.8
2026-03-07 08:58:17.000,14.4
2026-03-07 08:58:19.000,14.4
2026-03-07 08:58:19.000,13.2
2026-03-07 08:58:21.000,13.2
2026-03-07 08:58:21.000,16.8
2026-03-07 08:58:23.000,16.8
2026-03-07 08:58:23.000,15.6
2026-03-07 08:58:25.000,15.6
2026-03-07 08:58:25.000,16.8
2026-03-07 08:58:27.000,16.8
2026-03-07 08:58:27.000,18
2026-03-07 08:58:29.000,18
2026-03-07 08:58:29.000,19.2
2026-03-07 08:58:31.000,19.2
2026-03-07 08:58:31.000,21.6
2026-03-07 08:58:33.000,21.6
2026-03-07 08:58:33.000,22.8
2026-03-07 08:58:35.000,22.8
2026-03-07 08:58:35.000,25.2
2026-03-07 08:58:37.000,25.2
2026-03-07 08:58:37.000,27.6
2026-03-07 08:58:39.000,27.6
2026-03-07 08:58:39.000,28.8
2026-03-07 08:58:45.000,28.8
2026-03-07 08:58:45.000,30
2026-03-07 08:58:49.000,30
2026-03-07 08:58:49.000,31.2
2026-03-07 08:58:51.000,31.2
2026-03-07 08:58:51.000,32.4
2026-03-07 08:58:53.000,32.4
2026-03-07 08:58:53.000,31.2
2026-03-07 08:58:59.000,31.2
2026-03-07 08:58:59.000,30
2026-03-07 08:59:03.000,30
2026-03-07 08:59:03.000,27.6
2026-03-07 08:59:13.000,27.6
2026-03-07 08:59:13.000,28.8
2026-03-07 08:59:17.000,28.8
2026-03-07 08:59:17.000,30
2026-03-07 08:59:27.000,30
2026-03-07 08:59:27.000,31.2
2026-03-07 08:59:57.000,31.2
2026-03-07 08:59:57.000,30
2026-03-07 08:59:59.000,30
2026-03-07 08:59:59.000,24
2026-03-07 09:00:01.000,24
2026-03-07 09:00:01.000,16.8
2026-03-07 09:00:03.000,16.8
2026-03-07 09:00:03.000,10.8
2026-03-07 09:00:07.000,10.8
2026-03-07 09:00:07.000,12
2026-03-07 09:00:09.000,12
2026-03-07 09:00:09.000,10.8
2026-03-07 09:00:11.000,10.8
2026-03-07 09:00:11.000,12
2026-03-07 09:00:25.000,12
2026-03-07 09:00:25.000,13.2
2026-03-07 09:00:41.000,13.2
2026-03-07 09:00:41.000,14.4
2026-03-07 09:00:45.000,14.4
2026-03-07 09:00:45.000,15.6
2026-03-07 09:00:47.000,15.6
2026-03-07 09:00:47.000,16.8
2026-03-07 09:00:49.000,16.8
2026-03-07 09:00:49.000,18
2026-03-07 09:00:51.000,18
2026-03-07 09:00:51.000,19.2
2026-03-07 09:00:53.000,19.2
2026-03-07 09:00:53.000,24
2026-03-07 09:00:55.000,24
2026-03-07 09:00:55.000,31.2
2026-03-07 09:00:57.000,31.2
2026-03-07 09:00:57.000,36
2026-03-07 09:00:59.000,36
2026-03-07 09:00:59.000,39.6
2026-03-07 09:01:03.000,39.6
2026-03-07 09:01:03.000,40.8
2026-03-07 09:01:05.000,40.8
2026-03-07 09:01:05.000,39.6
2026-03-07 09:01:13.000,39.6
2026-03-07 09:01:13.000,40.8
2026-03-07 09:01:17.000,40.8
2026-03-07 09:01:17.000,39.6
2026-03-07 09:01:19.000,39.6
2026-03-07 09:01:19.000,37.2
2026-03-07 09:01:21.000,37.2
2026-03-07 09:01:21.000,28.8
2026-03-07 09:01:23.000,28.8
2026-03-07 09:01:23.000,19.2
2026-03-07 09:01:25.000,19.2
2026-03-07 09:01:25.000,21.6
2026-03-07 09:01:27.000,21.6
2026-03-07 09:01:27.000,15.6
2026-03-07 09:01:29.000,15.6
2026-03-07 09:01:29.000,19.2
2026-03-07 09:01:31.000,19.2
2026-03-07 09:01:31.000,16.8
2026-03-07 09:01:35.000,16.8
2026-03-07 09:01:35.000,18
2026-03-07 09:01:39.000,18
2026-03-07 09:01:39.000,19.2
2026-03-07 09:01:47.000,19.2
2026-03-07 09:01:47.000,20.4
2026-03-07 09:01:49.000,20.4
2026-03-07 09:01:49.000,24
2026-03-07 09:01:51.000,24
2026-03-07 09:01:51.000,25.2
2026-03-07 09:01:53.000,25.2
2026-03-07 09:01:53.000,28.8
2026-03-07 09:01:57.000,28.8
2026-03-07 09:01:57.000,32.4
2026-03-07 09:01:59.000,32.4
2026-03-07 09:01:59.000,30
2026-03-07 09:02:01.000,30
2026-03-07 09:02:01.000,31.2
2026-03-07 09:02:03.000,31.2
2026-03-07 09:02:03.000,32.4
2026-03-07 09:02:07.000,32.4
2026-03-07 09:02:07.000,25.2
2026-03-07 09:02:09.000,25.2
2026-03-07 09:02:09.000,20.4
2026-03-07 09:02:11.000,20.4
2026-03-07 09:02:11.000,2.4
2026-03-07 09:02:13.000,2.4
2026-03-07 09:02:13.000,16.8
2026-03-07 09:02:15.000,16.8
2026-03-07 09:02:15.000,7.2
2026-03-07 09:02:17.000,7.2
2026-03-07 09:02:17.000,8.4
2026-03-07 09:02:21.000,8.4
2026-03-07 09:02:21.000,9.6
2026-03-07 09:02:23.000,9.6
2026-03-07 09:02:23.000,10.8
2026-03-07 09:02:25.000,10.8
2026-03-07 09:02:25.000,9.6
2026-03-07 09:02:27.000,9.6
2026-03-07 09:02:27.000,10.8
2026-03-07 09:02:33.000,10.8
2026-03-07 09:02:33.000,12
2026-03-07 09:02:49.000,12
2026-03-07 09:02:49.000,13.2
2026-03-07 09:02:51.000,13.2
2026-03-07 09:02:51.000,14.4
2026-03-07 09:02:53.000,14.4
2026-03-07 09:02:53.000,15.6
2026-03-07 09:02:55.000,15.6
2026-03-07 09:02:55.000,16.8
2026-03-07 09:02:57.000,16.8
2026-03-07 09:02:57.000,19.2
2026-03-07 09:03:01.000,19.2
2026-03-07 09:03:01.000,20.4
2026-03-07 09:03:05.000,20.4
2026-03-07 09:03:05.000,21.6
2026-03-07 09:03:09.000,21.6
2026-03-07 09:03:09.000,22.8
2026-03-07 09:03:25.000,22.8
2026-03-07 09:03:25.000,24
2026-03-07 09:03:33.000,24
2026-03-07 09:03:33.000,25.2
2026-03-07 09:03:39.000,25.2
2026-03-07 09:03:39.000,26.4
2026-03-07 09:03:41.000,26.4
2026-03-07 09:03:41.000,28.8
2026-03-07 09:03:43.000,28.8
2026-03-07 09:03:43.000,31.2
2026-03-07 09:03:45.000,31.2
2026-03-07 09:03:45.000,38.4
2026-03-07 09:03:47.000,38.4
2026-03-07 09:03:47.000,42
2026-03-07 09:03:49.000,42
2026-03-07 09:03:49.000,51.6
2026-03-07 09:03:51.000,51.6
2026-03-07 09:03:51.000,44.4
2026-03-07 09:03:53.000,44.4
2026-03-07 09:03:53.000,48
2026-03-07 09:03:55.000,48
2026-03-07 09:03:55.000,42
2026-03-07 09:03:57.000,42
2026-03-07 09:03:57.000,38.4
2026-03-07 09:03:59.000,38.4
2026-03-07 09:03:59.000,31.2
2026-03-07 09:04:01.000,31.2
2026-03-07 09:04:01.000,30
2026-03-07 09:04:03.000,30
2026-03-07 09:04:03.000,31.2
2026-03-07 09:04:11.000,31.2
2026-03-07 09:04:11.000,32.4
2026-03-07 09:04:17.000,32.4
2026-03-07 09:04:17.000,33.6
2026-03-07 09:04:21.000,33.6
2026-03-07 09:04:21.000,36
2026-03-07 09:04:25.000,36
2026-03-07 09:04:25.000,38.4
2026-03-07 09:04:31.000,38.4
2026-03-07 09:04:31.000,37.2
2026-03-07 09:04:33.000,37.2
2026-03-07 09:04:33.000,38.4
2026-03-07 09:04:37.000,38.4
2026-03-07 09:04:37.000,39.6
2026-03-07 09:04:41.000,39.6
2026-03-07 09:04:41.000,40.8
2026-03-07 09:04:51.000,40.8
2026-03-07 09:04:51.000,38.4
2026-03-07 09:04:53.000,38.4
2026-03-07 09:04:53.000,37.2
2026-03-07 09:04:55.000,37.2
2026-03-07 09:04:55.000,36
2026-03-07 09:04:57.000,36
2026-03-07 09:04:57.000,37.2
2026-03-07 09:05:05.000,37.2
2026-03-07 09:05:05.000,36
2026-03-07 09:05:09.000,36
2026-03-07 09:05:09.000,37.2
2026-03-07 09:05:11.000,37.2
2026-03-07 09:05:11.000,36
2026-03-07 09:05:13.000,36
2026-03-07 09:05:13.000,26.4
2026-03-07 09:05:15.000,26.4
2026-03-07 09:05:15.000,24
2026-03-07 09:05:17.000,24
2026-03-07 09:05:17.000,8.4
2026-03-07 09:05:25.000,8.4
2026-03-07 09:05:25.000,9.6
2026-03-07 09:05:29.000,9.6
2026-03-07 09:05:29.000,10.8
2026-03-07 09:05:33.000,10.8
2026-03-07 09:05:33.000,12
2026-03-07 09:05:35.000,12
2026-03-07 09:05:35.000,10.8
2026-03-07 09:05:47.000,10.8
2026-03-07 09:05:47.000,9.6
2026-03-07 09:05:49.000,9.6
2026-03-07 09:05:49.000,13.2
2026-03-07 09:05:51.000,13.2
2026-03-07 09:05:51.000,12
2026-03-07 09:05:53.000,12
2026-03-07 09:05:53.000,13.2
2026-03-07 09:05:57.000,13.2
2026-03-07 09:05:57.000,12
2026-03-07 09:06:01.000,12
2026-03-07 09:06:01.000,10.8
2026-03-07 09:06:17.000,10.8
2026-03-07 09:06:17.000,12
2026-03-07 09:06:23.000,12
2026-03-07 09:06:23.000,13.2
2026-03-07 09:06:37.000,13.2
2026-03-07 09:06:37.000,12
2026-03-07 09:06:39.000,12
2026-03-07 09:06:39.000,13.2
2026-03-07 09:06:43.000,13.2
2026-03-07 09:06:43.000,16.8
2026-03-07 09:06:45.000,16.8
2026-03-07 09:06:45.000,18
2026-03-07 09:06:47.000,18
2026-03-07 09:06:47.000,19.2
2026-03-07 09:06:49.000,19.2
2026-03-07 09:06:49.000,13.2
2026-03-07 09:06:51.000,13.2
2026-03-07 09:06:51.000,14.4
2026-03-07 09:06:53.000,14.4
2026-03-07 09:06:53.000,15.6
2026-03-07 09:06:55.000,15.6
2026-03-07 09:06:55.000,18
2026-03-07 09:06:57.000,18
2026-03-07 09:06:57.000,16.8
2026-03-07 09:06:59.000,16.8
2026-03-07 09:06:59.000,15.6
2026-03-07 09:07:01.000,15.6
2026-03-07 09:07:01.000,14.4
2026-03-07 09:07:03.000,14.4
2026-03-07 09:07:03.000,15.6
2026-03-07 09:07:17.000,15.6
2026-03-07 09:07:17.000,16.8
2026-03-07 09:07:19.000,16.8
2026-03-07 09:07:19.000,18
2026-03-07 09:07:25.000,18
2026-03-07 09:07:25.000,16.8
2026-03-07 09:07:31.000,16.8
2026-03-07 09:07:31.000,15.6
2026-03-07 09:07:35.000,15.6
2026-03-07 09:07:35.000,14.4
2026-03-07 09:07:37.000,14.4
2026-03-07 09:07:37.000,15.6
2026-03-07 09:07:57.000,15.6
2026-03-07 09:07:57.000,19.2
2026-03-07 09:07:59.000,19.2
2026-03-07 09:07:59.000,18
2026-03-07 09:08:01.000,18
2026-03-07 09:08:01.000,19.2
2026-03-07 09:08:03.000,19.2
2026-03-07 09:08:03.000,18
2026-03-07 09:08:07.000,18
2026-03-07 09:08:07.000,16.8
2026-03-07 09:08:11.000,16.8
2026-03-07 09:08:11.000,15.6
2026-03-07 09:08:31.000,15.6
2026-03-07 09:08:31.000,16.8
2026-03-07 09:08:33.000,16.8
2026-03-07 09:08:33.000,15.6
2026-03-07 09:08:35.000,15.6
2026-03-07 09:08:35.000,19.2
2026-03-07 09:08:39.000,19.2
2026-03-07 09:08:39.000,18
2026-03-07 09:08:41.000,18
2026-03-07 09:08:41.000,20.4
2026-03-07 09:08:45.000,20.4
2026-03-07 09:08:45.000,19.2
2026-03-07 09:08:47.000,19.2
2026-03-07 09:08:47.000,15.6
2026-03-07 09:08:49.000,15.6
2026-03-07 09:08:49.000,16.8
2026-03-07 09:08:51.000,16.8
2026-03-07 09:08:51.000,15.6
2026-03-07 09:09:05.000,15.6
2026-03-07 09:09:05.000,16.8
2026-03-07 09:09:07.000,16.8
2026-03-07 09:09:07.000,20.4
2026-03-07 09:09:09.000,20.4
2026-03-07 09:09:09.000,19.2
2026-03-07 09:09:11.000,19.2
2026-03-07 09:09:11.000,18
2026-03-07 09:09:15.000,18
2026-03-07 09:09:15.000,16.8
2026-03-07 09:09:17.000,16.8
2026-03-07 09:09:17.000,15.6
2026-03-07 09:09:19.000,15.6
2026-03-07 09:09:19.000,13.2
2026-03-07 09:09:23.000,13.2
2026-03-07 09:09:23.000,14.4
2026-03-07 09:09:25.000,14.4
2026-03-07 09:09:25.000,13.2
2026-03-07 09:09:27.000,13.2
2026-03-07 09:09:27.000,15.6
2026-03-07 09:09:37.000,15.6
