Timestamp_ET,Breathing_Lpm
2026-03-24 20:23:10.000,39.12
2026-03-24 20:23:10.640,29.64
2026-03-24 20:23:11.280,15.36
2026-03-24 20:23:11.920,6.48
2026-03-24 20:23:12.560,-67.8
2026-03-24 20:23:13.200,-34.32
2026-03-24 20:23:13.840,-17.76
2026-03-24 20:23:14.480,1.68
2026-03-24 20:23:15.120,37.68
2026-03-24 20:23:15.760,37.68
2026-03-24 20:23:16.400,33
2026-03-24 20:23:17.040,34.08
2026-03-24 20:23:17.680,28.2
2026-03-24 20:23:18.320,-66.84
2026-03-24 20:23:18.960,-58.2
2026-03-24 20:23:19.600,-42.72
2026-03-24 20:23:20.240,-31.2
2026-03-24 20:23:20.880,20.16
2026-03-24 20:23:21.520,42.6
2026-03-24 20:23:22.160,35.28
2026-03-24 20:23:22.800,18.36
2026-03-24 20:23:23.440,26.28
2026-03-24 20:23:24.080,16.92
2026-03-24 20:23:24.720,-58.44
2026-03-24 20:23:25.360,-43.92
2026-03-24 20:23:26.000,-28.44
2026-03-24 20:23:26.640,-19.44
2026-03-24 20:23:27.280,37.92
2026-03-24 20:23:27.920,41.64
2026-03-24 20:23:28.560,38.52
2026-03-24 20:23:29.200,38.88
2026-03-24 20:23:29.840,-50.88
2026-03-24 20:23:30.480,-37.56
2026-03-24 20:23:31.120,-36.72
2026-03-24 20:23:31.760,-28.92
2026-03-24 20:23:32.400,-24.96
2026-03-24 20:23:33.040,47.52
2026-03-24 20:23:33.680,45.36
2026-03-24 20:23:34.320,43.92
2026-03-24 20:23:34.960,33.36
2026-03-24 20:23:35.600,-55.68
2026-03-24 20:23:36.240,-48.84
2026-03-24 20:23:36.880,-29.52
2026-03-24 20:23:37.520,-28.08
2026-03-24 20:23:38.160,-39
2026-03-24 20:23:38.800,23.4
2026-03-24 20:23:39.440,-33.24
2026-03-24 20:23:40.080,53.16
2026-03-24 20:23:40.720,40.8
2026-03-24 20:23:41.360,0.84
2026-03-24 20:23:42.000,0.96
2026-03-24 20:23:42.640,-45.84
2026-03-24 20:23:43.280,-19.2
2026-03-24 20:23:43.920,40.92
2026-03-24 20:23:44.560,51.36
2026-03-24 20:23:45.200,51.6
2026-03-24 20:23:45.840,48.12
2026-03-24 20:23:46.480,49.32
2026-03-24 20:23:47.120,40.8
2026-03-24 20:23:47.760,13.68
2026-03-24 20:23:48.400,-79.08
2026-03-24 20:23:49.040,-74.88
2026-03-24 20:23:49.680,-53.04
2026-03-24 20:23:50.320,-21
2026-03-24 20:23:50.960,-1.56
2026-03-24 20:23:51.600,32.88
2026-03-24 20:23:52.240,42.36
2026-03-24 20:23:52.880,35.76
2026-03-24 20:23:53.520,29.88
2026-03-24 20:23:54.160,25.44
2026-03-24 20:23:54.800,16.44
2026-03-24 20:23:55.440,-36.36
2026-03-24 20:23:56.080,-35.76
2026-03-24 20:23:56.720,-28.44
2026-03-24 20:23:57.360,-26.64
2026-03-24 20:23:58.000,-10.32
2026-03-24 20:23:58.640,1.8
2026-03-24 20:23:59.280,26.76
2026-03-24 20:23:59.920,33.24
2026-03-24 20:24:00.560,33.48
2026-03-24 20:24:01.200,-29.76
2026-03-24 20:24:01.840,-28.8
2026-03-24 20:24:02.480,-14.88
2026-03-24 20:24:03.120,-5.28
2026-03-24 20:24:03.760,19.8
2026-03-24 20:24:04.400,35.28
2026-03-24 20:24:05.040,33.72
2026-03-24 20:24:05.680,24.36
2026-03-24 20:24:06.320,-36.72
2026-03-24 20:24:06.960,-33.12
2026-03-24 20:24:07.600,-22.56
2026-03-24 20:24:08.240,-9
2026-03-24 20:24:08.880,34.8
2026-03-24 20:24:09.520,46.2
2026-03-24 20:24:10.160,33.84
2026-03-24 20:24:10.800,-42.24
2026-03-24 20:24:11.440,-37.08
2026-03-24 20:24:12.080,-24.48
2026-03-24 20:24:12.720,-7.44
2026-03-24 20:24:13.360,31.32
2026-03-24 20:24:14.000,47.76
2026-03-24 20:24:14.640,36
2026-03-24 20:24:15.280,29.64
2026-03-24 20:24:15.920,26.28
2026-03-24 20:24:16.560,-51.12
2026-03-24 20:24:17.200,-44.4
2026-03-24 20:24:17.840,-30.24
2026-03-24 20:24:18.480,-16.08
2026-03-24 20:24:19.120,-4.92
2026-03-24 20:24:19.760,21.6
2026-03-24 20:24:20.400,31.44
2026-03-24 20:24:21.040,30.48
2026-03-24 20:24:21.680,29.04
2026-03-24 20:24:22.320,-36.6
2026-03-24 20:24:22.960,-33.96
2026-03-24 20:24:23.600,-23.16
2026-03-24 20:24:24.240,-11.16
2026-03-24 20:24:24.880,4.2
2026-03-24 20:24:25.520,20.28
2026-03-24 20:24:26.160,27.48
2026-03-24 20:24:26.800,23.88
2026-03-24 20:24:27.440,26.4
2026-03-24 20:24:28.080,8.76
2026-03-24 20:24:28.720,-44.16
2026-03-24 20:24:29.360,-30.48
2026-03-24 20:24:30.000,-17.52
2026-03-24 20:24:30.640,-5.76
2026-03-24 20:24:31.280,13.68
2026-03-24 20:24:31.920,27
2026-03-24 20:24:32.560,30.12
2026-03-24 20:24:33.200,28.68
2026-03-24 20:24:33.840,-40.56
2026-03-24 20:24:34.480,-30.12
2026-03-24 20:24:35.120,-14.28
2026-03-24 20:24:35.760,-1.8
2026-03-24 20:24:36.400,4.56
2026-03-24 20:24:37.040,27.48
2026-03-24 20:24:37.680,30.48
2026-03-24 20:24:38.320,34.56
2026-03-24 20:24:38.960,-24.72
2026-03-24 20:24:39.600,-37.56
2026-03-24 20:24:40.240,-27.36
2026-03-24 20:24:40.880,-13.68
2026-03-24 20:24:41.520,-5.4
2026-03-24 20:24:42.160,7.2
2026-03-24 20:24:42.800,19.56
2026-03-24 20:24:43.440,23.88
2026-03-24 20:24:44.080,29.64
2026-03-24 20:24:44.720,27.12
2026-03-24 20:24:45.360,-27.36
2026-03-24 20:24:46.000,-31.08
2026-03-24 20:24:46.640,-28.2
2026-03-24 20:24:47.280,-14.76
2026-03-24 20:24:47.920,-0.24
2026-03-24 20:24:48.560,12.6
2026-03-24 20:24:49.200,23.52
2026-03-24 20:24:49.840,28.08
2026-03-24 20:24:50.480,30.96
2026-03-24 20:24:51.120,-26.04
2026-03-24 20:24:51.760,-40.92
2026-03-24 20:24:52.400,-29.4
2026-03-24 20:24:53.040,-13.56
2026-03-24 20:24:53.680,-0.96
2026-03-24 20:24:54.320,2.52
2026-03-24 20:24:54.960,14.88
2026-03-24 20:24:55.600,16.08
2026-03-24 20:24:56.240,19.92
2026-03-24 20:24:56.880,22.2
2026-03-24 20:24:57.520,14.16
2026-03-24 20:24:58.160,-33.6
2026-03-24 20:24:58.800,-27.48
2026-03-24 20:24:59.440,-14.64
2026-03-24 20:25:00.080,-0.36
2026-03-24 20:25:00.720,-0.24
2026-03-24 20:25:01.360,-0.48
2026-03-24 20:25:02.000,-21.48
2026-03-24 20:25:02.640,11.76
2026-03-24 20:25:03.280,25.56
2026-03-24 20:25:03.920,28.56
2026-03-24 20:25:04.560,23.64
2026-03-24 20:25:05.200,24.6
2026-03-24 20:25:05.840,2.64
2026-03-24 20:25:06.480,-39.48
2026-03-24 20:25:07.120,-33.12
2026-03-24 20:25:07.760,-20.88
2026-03-24 20:25:08.400,-5.4
2026-03-24 20:25:09.040,4.32
2026-03-24 20:25:09.680,29.28
2026-03-24 20:25:10.320,23.4
2026-03-24 20:25:10.960,19.8
2026-03-24 20:25:11.600,-38.4
2026-03-24 20:25:12.240,-31.32
2026-03-24 20:25:12.880,-20.4
2026-03-24 20:25:13.520,-9.96
2026-03-24 20:25:14.160,18.12
2026-03-24 20:25:14.800,28.68
2026-03-24 20:25:15.440,27
2026-03-24 20:25:16.080,27.6
2026-03-24 20:25:16.720,-3.24
2026-03-24 20:25:17.360,-35.64
2026-03-24 20:25:18.000,-28.8
2026-03-24 20:25:18.640,-15.48
2026-03-24 20:25:19.280,-8.76
2026-03-24 20:25:19.920,-1.8
2026-03-24 20:25:20.560,17.16
2026-03-24 20:25:21.200,28.8
2026-03-24 20:25:21.840,27
2026-03-24 20:25:22.480,23.04
2026-03-24 20:25:23.120,-34.68
2026-03-24 20:25:23.760,-29.64
2026-03-24 20:25:24.400,-16.92
2026-03-24 20:25:25.040,-4.68
2026-03-24 20:25:25.680,-3.24
2026-03-24 20:25:26.320,3
2026-03-24 20:25:26.960,12.48
2026-03-24 20:25:27.600,22.32
2026-03-24 20:25:28.240,26.4
2026-03-24 20:25:28.880,28.32
2026-03-24 20:25:29.520,26.4
2026-03-24 20:25:30.160,-36.84
2026-03-24 20:25:30.800,-34.8
2026-03-24 20:25:31.440,-26.4
2026-03-24 20:25:32.080,-15.48
2026-03-24 20:25:32.720,-4.08
2026-03-24 20:25:33.360,-1.68
2026-03-24 20:25:34.000,6.96
2026-03-24 20:25:34.640,13.92
2026-03-24 20:25:35.280,18.72
2026-03-24 20:25:35.920,19.56
2026-03-24 20:25:36.560,10.92
2026-03-24 20:25:37.200,-29.88
2026-03-24 20:25:37.840,-25.2
2026-03-24 20:25:38.480,-12.36
2026-03-24 20:25:39.120,-3.96
2026-03-24 20:25:39.760,1.08
2026-03-24 20:25:40.400,12.48
2026-03-24 20:25:41.040,21.48
2026-03-24 20:25:41.680,24.12
2026-03-24 20:25:42.320,26.28
2026-03-24 20:25:42.960,-19.44
2026-03-24 20:25:43.600,-32.52
2026-03-24 20:25:44.240,-22.68
2026-03-24 20:25:44.880,-9.84
2026-03-24 20:25:45.520,-2.88
2026-03-24 20:25:46.160,9.12
2026-03-24 20:25:46.800,27.12
2026-03-24 20:25:47.440,38.4
2026-03-24 20:25:48.080,30.96
2026-03-24 20:25:48.720,-43.56
2026-03-24 20:25:49.360,-28.2
2026-03-24 20:25:50.000,-13.44
2026-03-24 20:25:50.640,-1.44
2026-03-24 20:25:51.280,19.32
2026-03-24 20:25:51.920,33.36
2026-03-24 20:25:52.560,29.28
2026-03-24 20:25:53.200,-30
2026-03-24 20:25:53.840,-31.56
2026-03-24 20:25:54.480,-19.08
2026-03-24 20:25:55.120,-8.28
2026-03-24 20:25:55.760,-3.96
2026-03-24 20:25:56.400,-2.16
2026-03-24 20:25:57.040,2.88
2026-03-24 20:25:57.680,5.16
2026-03-24 20:25:58.320,15
2026-03-24 20:25:58.960,22.56
2026-03-24 20:25:59.600,26.16
2026-03-24 20:26:00.240,23.64
2026-03-24 20:26:00.880,-30.6
2026-03-24 20:26:01.520,-30.96
2026-03-24 20:26:02.160,-19.08
2026-03-24 20:26:02.800,-7.44
2026-03-24 20:26:03.440,-3.48
2026-03-24 20:26:04.080,-3
2026-03-24 20:26:04.720,1.08
2026-03-24 20:26:05.360,16.68
2026-03-24 20:26:06.000,18.24
2026-03-24 20:26:06.640,27.6
2026-03-24 20:26:07.280,14.76
2026-03-24 20:26:07.920,-34.08
2026-03-24 20:26:08.560,-24.12
2026-03-24 20:26:09.200,-2.28
2026-03-24 20:26:09.840,7.8
2026-03-24 20:26:10.480,20.4
2026-03-24 20:26:11.120,25.8
2026-03-24 20:26:11.760,-35.04
2026-03-24 20:26:12.400,-30.96
2026-03-24 20:26:13.040,-4.2
2026-03-24 20:26:13.680,-0.84
2026-03-24 20:26:14.320,-0.72
2026-03-24 20:26:14.960,-0.84
2026-03-24 20:26:15.600,-17.76
2026-03-24 20:26:16.240,8.76
2026-03-24 20:26:16.880,27.72
2026-03-24 20:26:17.520,35.04
2026-03-24 20:26:18.160,37.8
2026-03-24 20:26:18.800,32.52
2026-03-24 20:26:19.440,22.2
2026-03-24 20:26:20.080,-45.36
2026-03-24 20:26:20.720,-37.8
2026-03-24 20:26:21.360,-31.8
2026-03-24 20:26:22.000,-15.72
2026-03-24 20:26:22.640,-7.8
2026-03-24 20:26:23.280,-4.44
2026-03-24 20:26:23.920,6
2026-03-24 20:26:24.560,18.24
2026-03-24 20:26:25.200,23.88
2026-03-24 20:26:25.840,21.6
2026-03-24 20:26:26.480,-37.44
2026-03-24 20:26:27.120,-26.64
2026-03-24 20:26:27.760,-12.6
2026-03-24 20:26:28.400,-0.96
2026-03-24 20:26:29.040,2.64
2026-03-24 20:26:29.680,17.64
2026-03-24 20:26:30.320,24.36
2026-03-24 20:26:30.960,25.92
2026-03-24 20:26:31.600,-27.36
2026-03-24 20:26:32.240,-26.4
2026-03-24 20:26:32.880,-13.2
2026-03-24 20:26:33.520,-5.4
2026-03-24 20:26:34.160,-2.4
2026-03-24 20:26:34.800,0
2026-03-24 20:26:35.440,-0.6
2026-03-24 20:26:36.080,16.92
2026-03-24 20:26:36.720,24.84
2026-03-24 20:26:37.360,28.32
2026-03-24 20:26:38.000,-29.76
2026-03-24 20:26:38.640,-26.64
2026-03-24 20:26:39.280,-14.16
2026-03-24 20:26:39.920,-4.92
2026-03-24 20:26:40.560,1.92
2026-03-24 20:26:41.200,8.76
2026-03-24 20:26:41.840,18.24
2026-03-24 20:26:42.480,15.72
2026-03-24 20:26:43.120,-24.96
2026-03-24 20:26:43.760,-9.6
2026-03-24 20:26:44.400,-1.2
2026-03-24 20:26:45.040,14.4
2026-03-24 20:26:45.680,31.08
2026-03-24 20:26:46.320,39
2026-03-24 20:26:46.960,35.76
2026-03-24 20:26:47.600,36.12
2026-03-24 20:26:48.240,-11.4
2026-03-24 20:26:48.880,-45.12
2026-03-24 20:26:49.520,-40.8
2026-03-24 20:26:50.160,-32.52
2026-03-24 20:26:50.800,-21
2026-03-24 20:26:51.440,-9.36
2026-03-24 20:26:52.080,-4.56
2026-03-24 20:26:52.720,0.12
2026-03-24 20:26:53.360,12.84
2026-03-24 20:26:54.000,19.44
2026-03-24 20:26:54.640,19.56
2026-03-24 20:26:55.280,9.24
2026-03-24 20:26:55.920,-24.6
2026-03-24 20:26:56.560,-16.2
2026-03-24 20:26:57.200,2.76
2026-03-24 20:26:57.840,1.68
2026-03-24 20:26:58.480,1.32
2026-03-24 20:26:59.120,29.04
2026-03-24 20:26:59.760,0.48
2026-03-24 20:27:00.400,13.2
2026-03-24 20:27:01.040,32.64
2026-03-24 20:27:01.680,4.32
2026-03-24 20:27:02.320,-1.8
2026-03-24 20:27:02.960,-2.64
2026-03-24 20:27:03.600,-2.64
2026-03-24 20:27:04.240,-2.28
2026-03-24 20:27:04.880,-2.52
2026-03-24 20:27:05.520,-2.64
2026-03-24 20:27:06.160,-2.16
2026-03-24 20:27:06.800,-2.88
2026-03-24 20:27:07.440,-2.64
2026-03-24 20:27:08.080,-1.8
2026-03-24 20:27:08.720,-2.76
2026-03-24 20:27:09.360,-2.28
2026-03-24 20:27:10.000,-1.56
2026-03-24 20:27:10.640,-2.64
2026-03-24 20:27:11.280,-2.52
2026-03-24 20:27:11.920,3.24
2026-03-24 20:27:12.560,-33.24
2026-03-24 20:27:13.200,-18.24
2026-03-24 20:27:13.840,-1.68
2026-03-24 20:27:14.480,-0.84
2026-03-24 20:27:15.120,-4.8
2026-03-24 20:27:15.760,31.56
2026-03-24 20:27:16.400,43.56
2026-03-24 20:27:17.040,37.8
2026-03-24 20:27:17.680,32.4
2026-03-24 20:27:18.320,25.68
2026-03-24 20:27:18.960,27.12
2026-03-24 20:27:19.600,30.48
2026-03-24 20:27:20.240,30.48
2026-03-24 20:27:20.880,-54.72
2026-03-24 20:27:21.520,-46.92
2026-03-24 20:27:22.160,-40.2
2026-03-24 20:27:22.800,-38.52
2026-03-24 20:27:23.440,-34.68
2026-03-24 20:27:24.080,-32.28
2026-03-24 20:27:24.720,-25.92
2026-03-24 20:27:25.360,-15.84
2026-03-24 20:27:26.000,4.08
2026-03-24 20:27:26.640,22.2
2026-03-24 20:27:27.280,30.12
2026-03-24 20:27:27.920,23.76
2026-03-24 20:27:28.560,24.84
2026-03-24 20:27:29.200,23.52
2026-03-24 20:27:29.840,3.48
2026-03-24 20:27:30.480,-8.76
2026-03-24 20:27:31.120,-27
2026-03-24 20:27:31.760,-23.04
2026-03-24 20:27:32.400,-19.8
2026-03-24 20:27:33.040,-13.32
2026-03-24 20:27:33.680,-6.24
2026-03-24 20:27:34.320,-0.36
2026-03-24 20:27:34.960,12.24
2026-03-24 20:27:35.600,23.76
2026-03-24 20:27:36.240,28.68
2026-03-24 20:27:36.880,23.16
2026-03-24 20:27:37.520,-21.36
2026-03-24 20:27:38.160,-20.76
2026-03-24 20:27:38.800,-13.92
2026-03-24 20:27:39.440,-5.16
2026-03-24 20:27:40.080,3.84
2026-03-24 20:27:40.720,9
2026-03-24 20:27:41.360,26.28
2026-03-24 20:27:42.000,32.16
2026-03-24 20:27:42.640,14.76
2026-03-24 20:27:43.280,-31.08
2026-03-24 20:27:43.920,-18.12
2026-03-24 20:27:44.560,-7.2
2026-03-24 20:27:45.200,7.2
2026-03-24 20:27:45.840,24.6
2026-03-24 20:27:46.480,28.68
2026-03-24 20:27:47.120,28.68
2026-03-24 20:27:47.760,-31.68
2026-03-24 20:27:48.400,-23.04
2026-03-24 20:27:49.040,-7.92
2026-03-24 20:27:49.680,0.36
2026-03-24 20:27:50.320,18.24
2026-03-24 20:27:50.960,29.28
2026-03-24 20:27:51.600,18.24
2026-03-24 20:27:52.240,0.36
2026-03-24 20:27:52.880,1.32
2026-03-24 20:27:53.520,-0.12
2026-03-24 20:27:54.160,-36.84
2026-03-24 20:27:54.800,-22.32
2026-03-24 20:27:55.440,-7.92
2026-03-24 20:27:56.080,-0.72
2026-03-24 20:27:56.720,16.92
2026-03-24 20:27:57.360,28.32
2026-03-24 20:27:58.000,28.32
2026-03-24 20:27:58.640,-33.48
2026-03-24 20:27:59.280,-25.92
2026-03-24 20:27:59.920,-11.04
2026-03-24 20:28:00.560,-4.8
2026-03-24 20:28:01.200,2.04
2026-03-24 20:28:01.840,19.2
2026-03-24 20:28:02.480,13.2
2026-03-24 20:28:03.120,-14.28
2026-03-24 20:28:03.760,-6.24
2026-03-24 20:28:04.400,-2.52
2026-03-24 20:28:05.040,7.32
2026-03-24 20:28:05.680,20.88
2026-03-24 20:28:06.320,-16.32
2026-03-24 20:28:06.960,-7.68
2026-03-24 20:28:07.600,-1.68
2026-03-24 20:28:08.240,-2.88
2026-03-24 20:28:08.880,24.84
2026-03-24 20:28:09.520,37.44
2026-03-24 20:28:10.160,-24.48
2026-03-24 20:28:10.800,-13.2
2026-03-24 20:28:11.440,-2.88
2026-03-24 20:28:12.080,22.8
2026-03-24 20:28:12.720,35.4
2026-03-24 20:28:13.360,38.52
2026-03-24 20:28:14.000,7.32
2026-03-24 20:28:14.640,-45
2026-03-24 20:28:15.280,-27.84
2026-03-24 20:28:15.920,-16.8
2026-03-24 20:28:16.560,-3.96
2026-03-24 20:28:17.200,39.24
2026-03-24 20:28:17.840,38.64
2026-03-24 20:28:18.480,31.92
2026-03-24 20:28:19.120,-42.36
2026-03-24 20:28:19.760,-37.2
2026-03-24 20:28:20.400,-25.08
2026-03-24 20:28:21.040,-8.76
2026-03-24 20:28:21.680,-2.64
2026-03-24 20:28:22.320,13.68
2026-03-24 20:28:22.960,-2.76
2026-03-24 20:28:23.600,-12.96
2026-03-24 20:28:24.240,-2.4
2026-03-24 20:28:24.880,19.92
2026-03-24 20:28:25.520,32.4
2026-03-24 20:28:26.160,32.88
2026-03-24 20:28:26.800,3.12
2026-03-24 20:28:27.440,-33.48
2026-03-24 20:28:28.080,-28.08
2026-03-24 20:28:28.720,-16.92
2026-03-24 20:28:29.360,-8.4
2026-03-24 20:28:30.000,-1.08
2026-03-24 20:28:30.640,13.32
2026-03-24 20:28:31.280,21.36
2026-03-24 20:28:31.920,-21.6
2026-03-24 20:28:32.560,-16.92
2026-03-24 20:28:33.200,-6.24
2026-03-24 20:28:33.840,-0.72
2026-03-24 20:28:34.480,13.8
2026-03-24 20:28:35.120,23.4
2026-03-24 20:28:35.760,22.32
2026-03-24 20:28:36.400,-28.32
2026-03-24 20:28:37.040,-21.48
2026-03-24 20:28:37.680,-10.08
2026-03-24 20:28:38.320,-2.64
2026-03-24 20:28:38.960,7.08
2026-03-24 20:28:39.600,19.56
2026-03-24 20:28:40.240,22.92
2026-03-24 20:28:40.880,15
2026-03-24 20:28:41.520,-26.28
2026-03-24 20:28:42.160,-23.28
2026-03-24 20:28:42.800,-7.92
2026-03-24 20:28:43.440,-4.2
2026-03-24 20:28:44.080,6.96
2026-03-24 20:28:44.720,18.72
2026-03-24 20:28:45.360,20.04
2026-03-24 20:28:46.000,-23.04
2026-03-24 20:28:46.640,-11.76
2026-03-24 20:28:47.280,-4.08
2026-03-24 20:28:47.920,2.52
2026-03-24 20:28:48.560,20.76
2026-03-24 20:28:49.200,33.12
2026-03-24 20:28:49.840,16.08
2026-03-24 20:28:50.480,-31.56
2026-03-24 20:28:51.120,-19.32
2026-03-24 20:28:51.760,-8.4
2026-03-24 20:28:52.400,10.32
2026-03-24 20:28:53.040,24.36
2026-03-24 20:28:53.680,17.52
2026-03-24 20:28:54.320,-29.16
2026-03-24 20:28:54.960,-11.64
2026-03-24 20:28:55.600,-6.96
2026-03-24 20:28:56.240,29.4
2026-03-24 20:28:56.880,27.84
2026-03-24 20:28:57.520,1.56
2026-03-24 20:28:58.160,0.6
2026-03-24 20:28:58.800,1.44
2026-03-24 20:28:59.440,-0.96
2026-03-24 20:29:00.080,-1.08
2026-03-24 20:29:00.720,-0.96
2026-03-24 20:29:01.360,-18.24
2026-03-24 20:29:02.000,26.16
2026-03-24 20:29:02.640,19.08
2026-03-24 20:29:03.280,-2.28
2026-03-24 20:29:03.920,-4.08
2026-03-24 20:29:04.560,-2.52
2026-03-24 20:29:05.200,-2.64
2026-03-24 20:29:05.840,-2.04
2026-03-24 20:29:06.480,-2.4
2026-03-24 20:29:07.120,-2.04
2026-03-24 20:29:07.760,-12.12
2026-03-24 20:29:08.400,-14.52
2026-03-24 20:29:09.040,29.16
2026-03-24 20:29:09.680,-2.28
2026-03-24 20:29:10.320,-1.68
2026-03-24 20:29:10.960,-2.04
2026-03-24 20:29:11.600,-1.68
2026-03-24 20:29:12.240,33.48
2026-03-24 20:29:12.880,38.88
2026-03-24 20:29:13.520,-3.48
2026-03-24 20:29:14.160,-3.36
2026-03-24 20:29:14.800,-4.44
2026-03-24 20:29:15.440,-4.68
2026-03-24 20:29:16.080,-5.16
2026-03-24 20:29:16.720,-44.76
2026-03-24 20:29:17.360,-31.2
2026-03-24 20:29:18.000,-14.64
2026-03-24 20:29:18.640,12.48
2026-03-24 20:29:19.280,33.24
2026-03-24 20:29:19.920,35.88
2026-03-24 20:29:20.560,30
2026-03-24 20:29:21.200,-6.24
2026-03-24 20:29:21.840,-44.4
2026-03-24 20:29:22.480,-29.16
2026-03-24 20:29:23.120,-15.48
2026-03-24 20:29:23.760,-3.24
2026-03-24 20:29:24.400,24
2026-03-24 20:29:25.040,27.96
2026-03-24 20:29:25.680,25.92
2026-03-24 20:29:26.320,23.4
2026-03-24 20:29:26.960,-29.64
2026-03-24 20:29:27.600,-30.96
2026-03-24 20:29:28.240,-24.36
2026-03-24 20:29:28.880,-12.12
2026-03-24 20:29:29.520,2.4
2026-03-24 20:29:30.160,19.2
2026-03-24 20:29:30.800,26.76
2026-03-24 20:29:31.440,21.96
2026-03-24 20:29:32.080,-24.36
2026-03-24 20:29:32.720,-28.44
2026-03-24 20:29:33.360,-19.92
2026-03-24 20:29:34.000,-9.48
2026-03-24 20:29:34.640,2.88
2026-03-24 20:29:35.280,17.4
2026-03-24 20:29:35.920,28.2
2026-03-24 20:29:36.560,15.12
2026-03-24 20:29:37.200,-24.72
2026-03-24 20:29:37.840,-17.88
2026-03-24 20:29:38.480,-8.04
2026-03-24 20:29:39.120,2.52
2026-03-24 20:29:39.760,17.04
2026-03-24 20:29:40.400,23.76
2026-03-24 20:29:41.040,20.28
2026-03-24 20:29:41.680,-28.32
2026-03-24 20:29:42.320,-24
2026-03-24 20:29:42.960,-14.76
2026-03-24 20:29:43.600,-6.24
2026-03-24 20:29:44.240,10.56
2026-03-24 20:29:44.880,21.12
2026-03-24 20:29:45.520,27
2026-03-24 20:29:46.160,24.36
2026-03-24 20:29:46.800,16.8
2026-03-24 20:29:47.440,-36.24
2026-03-24 20:29:48.080,-30.12
2026-03-24 20:29:48.720,-16.8
2026-03-24 20:29:49.360,-6.72
2026-03-24 20:29:50.000,8.16
2026-03-24 20:29:50.640,33.36
2026-03-24 20:29:51.280,32.04
2026-03-24 20:29:51.920,-38.04
2026-03-24 20:29:52.560,-25.8
2026-03-24 20:29:53.200,-15.36
2026-03-24 20:29:53.840,9.24
2026-03-24 20:29:54.480,24.72
2026-03-24 20:29:55.120,25.2
2026-03-24 20:29:55.760,21.84
2026-03-24 20:29:56.400,-20.64
2026-03-24 20:29:57.040,-8.04
2026-03-24 20:29:57.680,-7.44
2026-03-24 20:29:58.320,-26.4
2026-03-24 20:29:58.960,-19.44
2026-03-24 20:29:59.600,-7.32
2026-03-24 20:30:00.240,21.6
2026-03-24 20:30:00.880,28.2
2026-03-24 20:30:01.520,25.44
2026-03-24 20:30:02.160,5.04
2026-03-24 20:30:02.800,-29.76
2026-03-24 20:30:03.440,-24.96
2026-03-24 20:30:04.080,-12
2026-03-24 20:30:04.720,-6
2026-03-24 20:30:05.360,11.76
2026-03-24 20:30:06.000,25.2
2026-03-24 20:30:06.640,26.52
2026-03-24 20:30:07.280,24.48
2026-03-24 20:30:07.920,-32.76
2026-03-24 20:30:08.560,-30
2026-03-24 20:30:09.200,-19.2
2026-03-24 20:30:09.840,-8.28
2026-03-24 20:30:10.480,8.28
2026-03-24 20:30:11.120,21.72
2026-03-24 20:30:11.760,26.76
2026-03-24 20:30:12.400,24.36
2026-03-24 20:30:13.040,-34.32
2026-03-24 20:30:13.680,-30.48
2026-03-24 20:30:14.320,-20.76
2026-03-24 20:30:14.960,-7.8
2026-03-24 20:30:15.600,-3.48
2026-03-24 20:30:16.240,8.04
2026-03-24 20:30:16.880,21.24
2026-03-24 20:30:17.520,14.16
2026-03-24 20:30:18.160,-14.76
2026-03-24 20:30:18.800,-7.8
2026-03-24 20:30:19.440,-5.76
2026-03-24 20:30:20.080,1.2
2026-03-24 20:30:20.720,15.24
2026-03-24 20:30:21.360,18.96
2026-03-24 20:30:22.000,-10.08
2026-03-24 20:30:22.640,-10.56
2026-03-24 20:30:23.280,-6.48
2026-03-24 20:30:23.920,-4.2
2026-03-24 20:30:24.560,0.36
2026-03-24 20:30:25.200,0.24
2026-03-24 20:30:25.840,1.2
2026-03-24 20:30:26.480,2.04
2026-03-24 20:30:27.120,16.92
2026-03-24 20:30:27.760,26.16
2026-03-24 20:30:28.400,22.08
2026-03-24 20:30:29.040,-28.32
2026-03-24 20:30:29.680,-20.88
2026-03-24 20:30:30.320,-11.04
2026-03-24 20:30:30.960,-3.96
2026-03-24 20:30:31.600,11.88
2026-03-24 20:30:32.240,26.04
2026-03-24 20:30:32.880,20.4
2026-03-24 20:30:33.520,-29.04
2026-03-24 20:30:34.160,-23.88
2026-03-24 20:30:34.800,-12.96
2026-03-24 20:30:35.440,-0.12
2026-03-24 20:30:36.080,17.04
2026-03-24 20:30:36.720,23.4
2026-03-24 20:30:37.360,27.12
2026-03-24 20:30:38.000,3.84
2026-03-24 20:30:38.640,-27.36
2026-03-24 20:30:39.280,-25.32
2026-03-24 20:30:39.920,-17.16
2026-03-24 20:30:40.560,12.48
2026-03-24 20:30:41.200,24.6
2026-03-24 20:30:41.840,24.96
2026-03-24 20:30:42.480,-24.48
2026-03-24 20:30:43.120,-25.44
2026-03-24 20:30:43.760,2.16
2026-03-24 20:30:44.400,-1.32
2026-03-24 20:30:45.040,-1.92
2026-03-24 20:30:45.680,-0.6
2026-03-24 20:30:46.320,-0.48
2026-03-24 20:30:46.960,-0.36
2026-03-24 20:30:47.600,-1.56
2026-03-24 20:30:48.240,19.92
2026-03-24 20:30:48.880,34.92
2026-03-24 20:30:49.520,34.56
2026-03-24 20:30:50.160,26.16
2026-03-24 20:30:50.800,-40.68
2026-03-24 20:30:51.440,-32.04
2026-03-24 20:30:52.080,-18
2026-03-24 20:30:52.720,-5.76
2026-03-24 20:30:53.360,4.8
2026-03-24 20:30:54.000,19.08
2026-03-24 20:30:54.640,26.88
2026-03-24 20:30:55.280,24.24
2026-03-24 20:30:55.920,7.2
2026-03-24 20:30:56.560,-35.76
2026-03-24 20:30:57.200,-26.28
2026-03-24 20:30:57.840,-11.4
2026-03-24 20:30:58.480,-5.16
2026-03-24 20:30:59.120,-3.48
2026-03-24 20:30:59.760,12.6
2026-03-24 20:31:00.400,21.84
2026-03-24 20:31:01.040,14.16
2026-03-24 20:31:01.680,-20.88
2026-03-24 20:31:02.320,-16.56
2026-03-24 20:31:02.960,-6.24
2026-03-24 20:31:03.600,9.96
2026-03-24 20:31:04.240,20.16
2026-03-24 20:31:04.880,26.64
2026-03-24 20:31:05.520,25.56
2026-03-24 20:31:06.160,27.48
2026-03-24 20:31:06.800,-19.8
2026-03-24 20:31:07.440,-35.4
2026-03-24 20:31:08.080,-31.32
2026-03-24 20:31:08.720,-17.76
2026-03-24 20:31:09.360,-4.56
2026-03-24 20:31:10.000,-1.44
2026-03-24 20:31:10.640,8.88
2026-03-24 20:31:11.280,23.04
2026-03-24 20:31:11.920,20.76
2026-03-24 20:31:12.560,-16.2
2026-03-24 20:31:13.200,-18.48
2026-03-24 20:31:13.840,-12
2026-03-24 20:31:14.480,-6.36
2026-03-24 20:31:15.120,1.56
2026-03-24 20:31:15.760,11.64
2026-03-24 20:31:16.400,23.28
2026-03-24 20:31:17.040,25.68
2026-03-24 20:31:17.680,-28.56
2026-03-24 20:31:18.320,-20.88
2026-03-24 20:31:18.960,-11.16
2026-03-24 20:31:19.600,1.44
2026-03-24 20:31:20.240,12.72
2026-03-24 20:31:20.880,17.76
2026-03-24 20:31:21.520,21.72
2026-03-24 20:31:22.160,-22.08
2026-03-24 20:31:22.800,-15.96
2026-03-24 20:31:23.440,-7.68
2026-03-24 20:31:24.080,-3.6
2026-03-24 20:31:24.720,13.32
2026-03-24 20:31:25.360,20.76
2026-03-24 20:31:26.000,22.68
2026-03-24 20:31:26.640,18.24
2026-03-24 20:31:27.280,-28.08
2026-03-24 20:31:27.920,-23.52
2026-03-24 20:31:28.560,-14.28
2026-03-24 20:31:29.200,-3.6
2026-03-24 20:31:29.840,-0.48
2026-03-24 20:31:30.480,14.88
2026-03-24 20:31:31.120,24.6
2026-03-24 20:31:31.760,15.12
2026-03-24 20:31:32.400,-22.2
2026-03-24 20:31:33.040,-15.6
2026-03-24 20:31:33.680,-5.88
2026-03-24 20:31:34.320,-0.6
2026-03-24 20:31:34.960,18.84
2026-03-24 20:31:35.600,31.2
2026-03-24 20:31:36.240,29.88
2026-03-24 20:31:36.880,31.56
2026-03-24 20:31:37.520,27
2026-03-24 20:31:38.160,-43.32
2026-03-24 20:31:38.800,-41.64
2026-03-24 20:31:39.440,-29.16
2026-03-24 20:31:40.080,-16.92
2026-03-24 20:31:40.720,-5.52
2026-03-24 20:31:41.360,0.36
2026-03-24 20:31:42.000,12.84
2026-03-24 20:31:42.640,19.44
2026-03-24 20:31:43.280,-9.6
2026-03-24 20:31:43.920,-9.36
2026-03-24 20:31:44.560,-0.72
2026-03-24 20:31:45.200,2.64
2026-03-24 20:31:45.840,7.68
2026-03-24 20:31:46.480,21.36
2026-03-24 20:31:47.120,22.8
2026-03-24 20:31:47.760,-17.28
2026-03-24 20:31:48.400,-17.16
2026-03-24 20:31:49.040,-5.88
2026-03-24 20:31:49.680,1.2
2026-03-24 20:31:50.320,1.44
2026-03-24 20:31:50.960,0
2026-03-24 20:31:51.600,4.92
2026-03-24 20:31:52.240,15.6
2026-03-24 20:31:52.880,23.28
2026-03-24 20:31:53.520,27.84
2026-03-24 20:31:54.160,26.64
2026-03-24 20:31:54.800,-30.6
2026-03-24 20:31:55.440,-27.48
2026-03-24 20:31:56.080,-16.32
2026-03-24 20:31:56.720,-7.44
2026-03-24 20:31:57.360,5.4
2026-03-24 20:31:58.000,17.76
2026-03-24 20:31:58.640,26.16
2026-03-24 20:31:59.280,24
2026-03-24 20:31:59.920,-25.56
2026-03-24 20:32:00.560,-25.92
2026-03-24 20:32:01.200,-16.44
2026-03-24 20:32:01.840,-9.84
2026-03-24 20:32:02.480,3.12
2026-03-24 20:32:03.120,18
2026-03-24 20:32:03.760,24
2026-03-24 20:32:04.400,22.56
2026-03-24 20:32:05.040,-9.6
2026-03-24 20:32:05.680,-22.32
2026-03-24 20:32:06.320,-19.2
2026-03-24 20:32:06.960,-12.36
2026-03-24 20:32:07.600,-5.16
2026-03-24 20:32:08.240,4.68
2026-03-24 20:32:08.880,19.56
2026-03-24 20:32:09.520,18.72
2026-03-24 20:32:10.160,-12.84
2026-03-24 20:32:10.800,-11.4
2026-03-24 20:32:11.440,-10.2
2026-03-24 20:32:12.080,-3.12
2026-03-24 20:32:12.720,17.04
2026-03-24 20:32:13.360,22.68
2026-03-24 20:32:14.000,21.84
2026-03-24 20:32:14.640,-11.28
2026-03-24 20:32:15.280,-29.28
2026-03-24 20:32:15.920,-19.08
2026-03-24 20:32:16.560,-5.76
2026-03-24 20:32:17.200,-0.48
2026-03-24 20:32:17.840,15.96
2026-03-24 20:32:18.480,18.36
2026-03-24 20:32:19.120,-17.16
2026-03-24 20:32:19.760,-11.64
2026-03-24 20:32:20.400,-8.16
2026-03-24 20:32:21.040,-1.56
2026-03-24 20:32:21.680,14.76
2026-03-24 20:32:22.320,19.92
2026-03-24 20:32:22.960,22.92
2026-03-24 20:32:23.600,6.48
2026-03-24 20:32:24.240,-25.08
2026-03-24 20:32:24.880,-17.76
2026-03-24 20:32:25.520,-14.04
2026-03-24 20:32:26.160,12
2026-03-24 20:32:26.800,26.76
2026-03-24 20:32:27.440,31.92
2026-03-24 20:32:28.080,28.32
2026-03-24 20:32:28.720,25.92
2026-03-24 20:32:29.360,-35.4
2026-03-24 20:32:30.000,-35.76
2026-03-24 20:32:30.640,-27.48
2026-03-24 20:32:31.280,-17.4
2026-03-24 20:32:31.920,-4.08
2026-03-24 20:32:32.560,4.44
2026-03-24 20:32:33.200,18.12
2026-03-24 20:32:33.840,-5.04
2026-03-24 20:32:34.480,-8.16
2026-03-24 20:32:35.120,-0.12
2026-03-24 20:32:35.760,14.16
2026-03-24 20:32:36.400,19.68
2026-03-24 20:32:37.040,10.56
2026-03-24 20:32:37.680,-14.52
2026-03-24 20:32:38.320,-6.84
2026-03-24 20:32:38.960,-3.48
2026-03-24 20:32:39.600,-1.8
2026-03-24 20:32:40.240,9.84
2026-03-24 20:32:40.880,19.68
2026-03-24 20:32:41.520,24.84
2026-03-24 20:32:42.160,23.52
2026-03-24 20:32:42.800,13.44
2026-03-24 20:32:43.440,-31.2
2026-03-24 20:32:44.080,-24.72
2026-03-24 20:32:44.720,-8.88
2026-03-24 20:32:45.360,-3.24
2026-03-24 20:32:46.000,0.72
2026-03-24 20:32:46.640,9.96
2026-03-24 20:32:47.280,18.48
2026-03-24 20:32:47.920,-16.08
2026-03-24 20:32:48.560,-12.72
2026-03-24 20:32:49.200,-3.72
2026-03-24 20:32:49.840,3
2026-03-24 20:32:50.480,10.8
2026-03-24 20:32:51.120,20.04
2026-03-24 20:32:51.760,-24.96
2026-03-24 20:32:52.400,-10.68
2026-03-24 20:32:53.040,-4.2
2026-03-24 20:32:53.680,10.92
2026-03-24 20:32:54.320,26.4
2026-03-24 20:32:54.960,6.96
2026-03-24 20:32:55.600,-21.24
2026-03-24 20:32:56.240,-9.36
2026-03-24 20:32:56.880,-1.08
2026-03-24 20:32:57.520,22.56
2026-03-24 20:32:58.160,28.92
2026-03-24 20:32:58.800,33
2026-03-24 20:32:59.440,-9.72
2026-03-24 20:33:00.080,-33.72
2026-03-24 20:33:00.720,-26.4
2026-03-24 20:33:01.360,-8.64
2026-03-24 20:33:02.000,-3.48
2026-03-24 20:33:02.640,16.56
2026-03-24 20:33:03.280,23.16
2026-03-24 20:33:03.920,-2.76
2026-03-24 20:33:04.560,-23.04
2026-03-24 20:33:05.200,-8.64
2026-03-24 20:33:05.840,-2.76
2026-03-24 20:33:06.480,20.16
2026-03-24 20:33:07.120,26.04
2026-03-24 20:33:07.760,24.72
2026-03-24 20:33:08.400,-28.32
2026-03-24 20:33:09.040,-29.04
2026-03-24 20:33:09.680,-17.04
2026-03-24 20:33:10.320,-6.24
2026-03-24 20:33:10.960,13.2
2026-03-24 20:33:11.600,30
2026-03-24 20:33:12.240,24.96
2026-03-24 20:33:12.880,-28.56
2026-03-24 20:33:13.520,-19.8
2026-03-24 20:33:14.160,-7.68
2026-03-24 20:33:14.800,7.68
2026-03-24 20:33:15.440,21.12
2026-03-24 20:33:16.080,24.36
2026-03-24 20:33:16.720,-14.4
2026-03-24 20:33:17.360,-24.84
2026-03-24 20:33:18.000,-13.2
2026-03-24 20:33:18.640,-4.8
2026-03-24 20:33:19.280,12.36
2026-03-24 20:33:19.920,23.88
2026-03-24 20:33:20.560,21
2026-03-24 20:33:21.200,-23.88
2026-03-24 20:33:21.840,-15.84
2026-03-24 20:33:22.480,-5.88
2026-03-24 20:33:23.120,0.96
2026-03-24 20:33:23.760,18.48
2026-03-24 20:33:24.400,23.52
2026-03-24 20:33:25.040,25.68
2026-03-24 20:33:25.680,-29.88
2026-03-24 20:33:26.320,-22.08
2026-03-24 20:33:26.960,-6.96
2026-03-24 20:33:27.600,-2.88
2026-03-24 20:33:28.240,12.24
2026-03-24 20:33:28.880,18.24
2026-03-24 20:33:29.520,-14.76
2026-03-24 20:33:30.160,-14.16
2026-03-24 20:33:30.800,-1.92
2026-03-24 20:33:31.440,-2.16
2026-03-24 20:33:32.080,9.48
2026-03-24 20:33:32.720,11.04
2026-03-24 20:33:33.360,-20.4
2026-03-24 20:33:34.000,-6.96
2026-03-24 20:33:34.640,9.48
2026-03-24 20:33:35.280,20.76
2026-03-24 20:33:35.920,26.4
2026-03-24 20:33:36.560,-3.96
2026-03-24 20:33:37.200,-27.48
2026-03-24 20:33:37.840,-15.6
2026-03-24 20:33:38.480,-2.52
2026-03-24 20:33:39.120,11.52
2026-03-24 20:33:39.760,22.32
2026-03-24 20:33:40.400,31.8
2026-03-24 20:33:41.040,23.4
2026-03-24 20:33:41.680,-33
2026-03-24 20:33:42.320,-26.64
2026-03-24 20:33:42.960,-13.2
2026-03-24 20:33:43.600,-2.76
2026-03-24 20:33:44.240,9
2026-03-24 20:33:44.880,22.44
2026-03-24 20:33:45.520,6.12
2026-03-24 20:33:46.160,-22.44
2026-03-24 20:33:46.800,-11.28
2026-03-24 20:33:47.440,-0.36
2026-03-24 20:33:48.080,9.36
2026-03-24 20:33:48.720,18.84
2026-03-24 20:33:49.360,21.12
2026-03-24 20:33:50.000,-18.36
2026-03-24 20:33:50.640,-27.24
2026-03-24 20:33:51.280,-11.52
2026-03-24 20:33:51.920,20.76
2026-03-24 20:33:52.560,24.72
2026-03-24 20:33:53.200,13.8
2026-03-24 20:33:53.840,-15.48
2026-03-24 20:33:54.480,-15.84
2026-03-24 20:33:55.120,-18.96
2026-03-24 20:33:55.760,5.52
2026-03-24 20:33:56.400,20.52
2026-03-24 20:33:57.040,13.2
2026-03-24 20:33:57.680,-10.44
2026-03-24 20:33:58.320,-11.28
2026-03-24 20:33:58.960,-12.12
2026-03-24 20:33:59.600,12.96
2026-03-24 20:34:00.240,16.08
2026-03-24 20:34:00.880,1.44
2026-03-24 20:34:01.520,-13.2
2026-03-24 20:34:02.160,-15.72
2026-03-24 20:34:02.800,-2.64
2026-03-24 20:34:03.440,22.2
2026-03-24 20:34:04.080,25.2
2026-03-24 20:34:04.720,27.96
2026-03-24 20:34:05.360,-29.76
2026-03-24 20:34:06.000,-29.16
2026-03-24 20:34:06.640,-17.76
2026-03-24 20:34:07.280,-5.16
2026-03-24 20:34:07.920,15.72
2026-03-24 20:34:08.560,18.96
2026-03-24 20:34:09.200,6.12
2026-03-24 20:34:09.840,-26.4
2026-03-24 20:34:10.480,-13.8
2026-03-24 20:34:11.120,4.08
2026-03-24 20:34:11.760,28.32
2026-03-24 20:34:12.400,10.56
2026-03-24 20:34:13.040,-22.56
2026-03-24 20:34:13.680,-9.24
2026-03-24 20:34:14.320,3.36
2026-03-24 20:34:14.960,28.56
2026-03-24 20:34:15.600,29.88
2026-03-24 20:34:16.240,-11.16
2026-03-24 20:34:16.880,-27.12
2026-03-24 20:34:17.520,-19.08
2026-03-24 20:34:18.160,-6.48
2026-03-24 20:34:18.800,-3.24
2026-03-24 20:34:19.440,11.28
2026-03-24 20:34:20.080,22.2
2026-03-24 20:34:20.720,-23.28
2026-03-24 20:34:21.360,-15
2026-03-24 20:34:22.000,-2.76
2026-03-24 20:34:22.640,-2.04
2026-03-24 20:34:23.280,9.24
2026-03-24 20:34:23.920,22.92
2026-03-24 20:34:24.560,27.36
2026-03-24 20:34:25.200,19.56
2026-03-24 20:34:25.840,-31.92
2026-03-24 20:34:26.480,-23.52
2026-03-24 20:34:27.120,-9.72
2026-03-24 20:34:27.760,-3.48
2026-03-24 20:34:28.400,8.88
2026-03-24 20:34:29.040,24.36
2026-03-24 20:34:29.680,26.4
2026-03-24 20:34:30.320,11.16
2026-03-24 20:34:30.960,-32.28
2026-03-24 20:34:31.600,-22.2
2026-03-24 20:34:32.240,-7.8
2026-03-24 20:34:32.880,1.32
2026-03-24 20:34:33.520,10.68
2026-03-24 20:34:34.160,4.8
2026-03-24 20:34:34.800,-8.76
2026-03-24 20:34:35.440,-3.36
2026-03-24 20:34:36.080,0.36
2026-03-24 20:34:36.720,9.24
2026-03-24 20:34:37.360,23.52
2026-03-24 20:34:38.000,26.76
2026-03-24 20:34:38.640,19.2
2026-03-24 20:34:39.280,-29.28
2026-03-24 20:34:39.920,-23.52
2026-03-24 20:34:40.560,-9
2026-03-24 20:34:41.200,-4.68
2026-03-24 20:34:41.840,5.52
2026-03-24 20:34:42.480,18.6
2026-03-24 20:34:43.120,20.88
2026-03-24 20:34:43.760,-20.4
2026-03-24 20:34:44.400,-13.44
2026-03-24 20:34:45.040,-5.88
2026-03-24 20:34:45.680,2.04
2026-03-24 20:34:46.320,20.88
2026-03-24 20:34:46.960,30.48
2026-03-24 20:34:47.600,23.52
2026-03-24 20:34:48.240,-30.24
2026-03-24 20:34:48.880,-25.56
2026-03-24 20:34:49.520,-11.16
2026-03-24 20:34:50.160,-3.48
2026-03-24 20:34:50.800,9.36
2026-03-24 20:34:51.440,19.08
2026-03-24 20:34:52.080,25.44
2026-03-24 20:34:52.720,-28.68
2026-03-24 20:34:53.360,-26.52
2026-03-24 20:34:54.000,-10.2
2026-03-24 20:34:54.640,-3.72
2026-03-24 20:34:55.280,16.92
2026-03-24 20:34:55.920,27.36
2026-03-24 20:34:56.560,-12.84
2026-03-24 20:34:57.200,-22.32
2026-03-24 20:34:57.840,-11.28
2026-03-24 20:34:58.480,-3.36
2026-03-24 20:34:59.120,10.68
2026-03-24 20:34:59.760,22.32
2026-03-24 20:35:00.400,-18.6
2026-03-24 20:35:01.040,-15.36
2026-03-24 20:35:01.680,-4.08
2026-03-24 20:35:02.320,18.96
2026-03-24 20:35:02.960,32.04
2026-03-24 20:35:03.600,19.2
2026-03-24 20:35:04.240,-23.16
2026-03-24 20:35:04.880,-20.4
2026-03-24 20:35:05.520,-11.4
2026-03-24 20:35:06.160,-3.36
2026-03-24 20:35:06.800,17.76
2026-03-24 20:35:07.440,26.16
2026-03-24 20:35:08.080,27.6
2026-03-24 20:35:08.720,-36.36
2026-03-24 20:35:09.360,-29.16
2026-03-24 20:35:10.000,-18.36
2026-03-24 20:35:10.640,-1.56
2026-03-24 20:35:11.280,12.96
2026-03-24 20:35:11.920,9
2026-03-24 20:35:12.560,-10.8
2026-03-24 20:35:13.200,-5.52
2026-03-24 20:35:13.840,4.92
2026-03-24 20:35:14.480,21.96
2026-03-24 20:35:15.120,6.48
2026-03-24 20:35:15.760,-15.48
2026-03-24 20:35:16.400,-8.76
2026-03-24 20:35:17.040,-0.96
2026-03-24 20:35:17.680,20.88
2026-03-24 20:35:18.320,31.56
2026-03-24 20:35:18.960,-17.04
2026-03-24 20:35:19.600,-25.68
2026-03-24 20:35:20.240,-15.48
2026-03-24 20:35:20.880,-3.96
2026-03-24 20:35:21.520,22.08
2026-03-24 20:35:22.160,31.08
2026-03-24 20:35:22.800,20.28
2026-03-24 20:35:23.440,-30.48
2026-03-24 20:35:24.080,-23.52
2026-03-24 20:35:24.720,-10.92
2026-03-24 20:35:25.360,9.36
2026-03-24 20:35:26.000,21
2026-03-24 20:35:26.640,27.12
2026-03-24 20:35:27.280,-25.68
2026-03-24 20:35:27.920,-17.28
2026-03-24 20:35:28.560,-7.56
2026-03-24 20:35:29.200,11.4
2026-03-24 20:35:29.840,24.96
2026-03-24 20:35:30.480,10.32
2026-03-24 20:35:31.120,-21.84
2026-03-24 20:35:31.760,-9.24
2026-03-24 20:35:32.400,27
2026-03-24 20:35:33.040,30
2026-03-24 20:35:33.680,27.36
2026-03-24 20:35:34.320,31.2
2026-03-24 20:35:34.960,34.56
2026-03-24 20:35:35.600,-13.8
2026-03-24 20:35:36.240,-38.16
2026-03-24 20:35:36.880,-32.4
2026-03-24 20:35:37.520,-27.84
2026-03-24 20:35:38.160,-20.64
2026-03-24 20:35:38.800,-8.4
2026-03-24 20:35:39.440,-0.96
2026-03-24 20:35:40.080,4.08
2026-03-24 20:35:40.720,7.8
2026-03-24 20:35:41.360,12.6
2026-03-24 20:35:42.000,5.88
2026-03-24 20:35:42.640,-1.08
2026-03-24 20:35:43.280,0.84
2026-03-24 20:35:43.920,7.32
2026-03-24 20:35:44.560,4.44
2026-03-24 20:35:45.200,3.84
2026-03-24 20:35:45.840,4.68
2026-03-24 20:35:46.480,4.32
2026-03-24 20:35:47.120,3.48
2026-03-24 20:35:47.760,2.28
2026-03-24 20:35:48.400,3.72
2026-03-24 20:35:49.040,2.88
2026-03-24 20:35:49.680,1.68
2026-03-24 20:35:50.320,2.88
2026-03-24 20:35:50.960,2.64
2026-03-24 20:35:51.600,9.24
2026-03-24 20:35:52.240,22.56
2026-03-24 20:35:52.880,27.84
2026-03-24 20:35:53.520,37.32
2026-03-24 20:35:54.160,37.8
2026-03-24 20:35:54.800,2.04
2026-03-24 20:35:55.440,-41.16
2026-03-24 20:35:56.080,-30.12
2026-03-24 20:35:56.720,-14.64
2026-03-24 20:35:57.360,-0.96
2026-03-24 20:35:58.000,10.2
2026-03-24 20:35:58.640,19.56
2026-03-24 20:35:59.280,23.76
2026-03-24 20:35:59.920,-29.88
2026-03-24 20:36:00.560,-21.84
2026-03-24 20:36:01.200,-7.32
2026-03-24 20:36:01.840,4.56
2026-03-24 20:36:02.480,28.68
2026-03-24 20:36:03.120,30.84
2026-03-24 20:36:03.760,-30.6
2026-03-24 20:36:04.400,-21.24
2026-03-24 20:36:05.040,-6.48
2026-03-24 20:36:05.680,-1.32
2026-03-24 20:36:06.320,13.92
2026-03-24 20:36:06.960,24.84
2026-03-24 20:36:07.600,22.56
2026-03-24 20:36:08.240,-31.8
2026-03-24 20:36:08.880,-19.08
2026-03-24 20:36:09.520,-6.36
2026-03-24 20:36:10.160,0
2026-03-24 20:36:10.800,17.4
2026-03-24 20:36:11.440,28.92
2026-03-24 20:36:12.080,23.76
2026-03-24 20:36:12.720,-30.36
2026-03-24 20:36:13.360,-25.32
2026-03-24 20:36:14.000,-12.6
2026-03-24 20:36:14.640,-3.12
2026-03-24 20:36:15.280,12.6
2026-03-24 20:36:15.920,22.08
2026-03-24 20:36:16.560,13.32
2026-03-24 20:36:17.200,-20.76
2026-03-24 20:36:17.840,-15.72
2026-03-24 20:36:18.480,-6.12
2026-03-24 20:36:19.120,2.52
2026-03-24 20:36:19.760,18
2026-03-24 20:36:20.400,11.52
2026-03-24 20:36:21.040,-19.92
2026-03-24 20:36:21.680,-5.28
2026-03-24 20:36:22.320,16.56
2026-03-24 20:36:22.960,23.64
2026-03-24 20:36:23.600,28.08
2026-03-24 20:36:24.240,24.36
2026-03-24 20:36:24.880,-36
2026-03-24 20:36:25.520,-32.28
2026-03-24 20:36:26.160,-19.08
2026-03-24 20:36:26.800,-6.96
2026-03-24 20:36:27.440,0
2026-03-24 20:36:28.080,13.08
2026-03-24 20:36:28.720,25.56
2026-03-24 20:36:29.360,26.4
2026-03-24 20:36:30.000,-29.28
2026-03-24 20:36:30.640,-25.32
2026-03-24 20:36:31.280,-14.04
2026-03-24 20:36:31.920,-1.08
2026-03-24 20:36:32.560,-2.28
2026-03-24 20:36:33.200,11.28
2026-03-24 20:36:33.840,28.2
2026-03-24 20:36:34.480,-12.96
2026-03-24 20:36:35.120,-16.92
2026-03-24 20:36:35.760,-11.88
2026-03-24 20:36:36.400,-2.04
2026-03-24 20:36:37.040,13.92
2026-03-24 20:36:37.680,24.6
2026-03-24 20:36:38.320,18.84
2026-03-24 20:36:38.960,-24
2026-03-24 20:36:39.600,-17.04
2026-03-24 20:36:40.240,-6.72
2026-03-24 20:36:40.880,-2.16
2026-03-24 20:36:41.520,10.68
2026-03-24 20:36:42.160,23.76
2026-03-24 20:36:42.800,-14.88
2026-03-24 20:36:43.440,-17.04
2026-03-24 20:36:44.080,-5.28
2026-03-24 20:36:44.720,13.44
2026-03-24 20:36:45.360,22.32
2026-03-24 20:36:46.000,28.2
2026-03-24 20:36:46.640,22.32
2026-03-24 20:36:47.280,-31.44
2026-03-24 20:36:47.920,-24.48
2026-03-24 20:36:48.560,-12.84
2026-03-24 20:36:49.200,-0.6
2026-03-24 20:36:49.840,15.84
2026-03-24 20:36:50.480,15.96
2026-03-24 20:36:51.120,-18.48
2026-03-24 20:36:51.760,-8.64
2026-03-24 20:36:52.400,-1.68
2026-03-24 20:36:53.040,21.36
2026-03-24 20:36:53.680,25.32
2026-03-24 20:36:54.320,24.12
2026-03-24 20:36:54.960,7.44
2026-03-24 20:36:55.600,-31.44
2026-03-24 20:36:56.240,-21.84
2026-03-24 20:36:56.880,-10.8
2026-03-24 20:36:57.520,-4.32
2026-03-24 20:36:58.160,1.92
2026-03-24 20:36:58.800,19.32
2026-03-24 20:36:59.440,21.96
2026-03-24 20:37:00.080,14.52
2026-03-24 20:37:00.720,-25.92
2026-03-24 20:37:01.360,-20.28
2026-03-24 20:37:02.000,-7.2
2026-03-24 20:37:02.640,0.72
2026-03-24 20:37:03.280,12.24
2026-03-24 20:37:03.920,22.44
2026-03-24 20:37:04.560,-9.48
2026-03-24 20:37:05.200,-16.68
2026-03-24 20:37:05.840,-8.16
2026-03-24 20:37:06.480,0
2026-03-24 20:37:07.120,18.84
2026-03-24 20:37:07.760,23.64
2026-03-24 20:37:08.400,11.4
2026-03-24 20:37:09.040,-24.6
2026-03-24 20:37:09.680,-17.28
2026-03-24 20:37:10.320,-7.2
2026-03-24 20:37:10.960,4.8
2026-03-24 20:37:11.600,18.72
2026-03-24 20:37:12.240,21.12
2026-03-24 20:37:12.880,-22.8
2026-03-24 20:37:13.520,-18.24
2026-03-24 20:37:14.160,-9
2026-03-24 20:37:14.800,1.56
2026-03-24 20:37:15.440,17.28
2026-03-24 20:37:16.080,21.84
2026-03-24 20:37:16.720,-25.68
2026-03-24 20:37:17.360,-17.88
2026-03-24 20:37:18.000,-10.8
2026-03-24 20:37:18.640,18.12
2026-03-24 20:37:19.280,30.72
2026-03-24 20:37:19.920,18
2026-03-24 20:37:20.560,-20.88
2026-03-24 20:37:21.200,-18.48
2026-03-24 20:37:21.840,-13.32
2026-03-24 20:37:22.480,-4.08
2026-03-24 20:37:23.120,15.12
2026-03-24 20:37:23.760,20.4
2026-03-24 20:37:24.400,-14.76
2026-03-24 20:37:25.040,-17.64
2026-03-24 20:37:25.680,-10.44
2026-03-24 20:37:26.320,1.8
2026-03-24 20:37:26.960,19.68
2026-03-24 20:37:27.600,19.2
2026-03-24 20:37:28.240,-9.48
2026-03-24 20:37:28.880,4.68
2026-03-24 20:37:29.520,21.96
2026-03-24 20:37:30.160,-1.56
2026-03-24 20:37:30.800,-2.28
2026-03-24 20:37:31.440,-0.72
2026-03-24 20:37:32.080,-30.36
2026-03-24 20:37:32.720,-25.2
2026-03-24 20:37:33.360,12.6
2026-03-24 20:37:34.000,22.8
2026-03-24 20:37:34.640,22.92
2026-03-24 20:37:35.280,-24.48
2026-03-24 20:37:35.920,-21.96
2026-03-24 20:37:36.560,-14.88
2026-03-24 20:37:37.200,-2.76
2026-03-24 20:37:37.840,19.32
2026-03-24 20:37:38.480,24.24
2026-03-24 20:37:39.120,23.88
2026-03-24 20:37:39.760,-24.48
2026-03-24 20:37:40.400,-26.76
2026-03-24 20:37:41.040,-19.92
2026-03-24 20:37:41.680,15.36
2026-03-24 20:37:42.320,33
2026-03-24 20:37:42.960,21.84
2026-03-24 20:37:43.600,-15.6
2026-03-24 20:37:44.240,-18.96
2026-03-24 20:37:44.880,-10.2
2026-03-24 20:37:45.520,-10.92
2026-03-24 20:37:46.160,11.04
2026-03-24 20:37:46.800,13.56
2026-03-24 20:37:47.440,-9.72
2026-03-24 20:37:48.080,-13.32
2026-03-24 20:37:48.720,-9.96
2026-03-24 20:37:49.360,13.56
2026-03-24 20:37:50.000,18.6
2026-03-24 20:37:50.640,-14.4
2026-03-24 20:37:51.280,-21.24
2026-03-24 20:37:51.920,-6.24
2026-03-24 20:37:52.560,7.92
2026-03-24 20:37:53.200,18
2026-03-24 20:37:53.840,-10.92
2026-03-24 20:37:54.480,-7.92
2026-03-24 20:37:55.120,-7.32
2026-03-24 20:37:55.760,26.64
2026-03-24 20:37:56.400,42.12
2026-03-24 20:37:57.040,10.2
2026-03-24 20:37:57.680,-29.64
2026-03-24 20:37:58.320,-0.48
2026-03-24 20:37:58.960,0.12
2026-03-24 20:37:59.600,0
2026-03-24 20:38:00.240,-20.4
2026-03-24 20:38:00.880,14.88
2026-03-24 20:38:01.520,39.36
2026-03-24 20:38:02.160,36.12
2026-03-24 20:38:02.800,-40.44
2026-03-24 20:38:03.440,-32.16
2026-03-24 20:38:04.080,-21
2026-03-24 20:38:04.720,-4.08
2026-03-24 20:38:05.360,16.92
2026-03-24 20:38:06.000,24.48
2026-03-24 20:38:06.640,27.12
2026-03-24 20:38:07.280,-30.6
2026-03-24 20:38:07.920,-28.68
2026-03-24 20:38:08.560,-10.8
2026-03-24 20:38:09.200,1.92
2026-03-24 20:38:09.840,23.52
2026-03-24 20:38:10.480,31.08
2026-03-24 20:38:11.120,-19.32
2026-03-24 20:38:11.760,-27.72
2026-03-24 20:38:12.400,-17.28
2026-03-24 20:38:13.040,-7.56
2026-03-24 20:38:13.680,6.12
2026-03-24 20:38:14.320,23.88
2026-03-24 20:38:14.960,32.88
2026-03-24 20:38:15.600,24.48
2026-03-24 20:38:16.240,-31.44
2026-03-24 20:38:16.880,-27.48
2026-03-24 20:38:17.520,-12.84
2026-03-24 20:38:18.160,-5.4
2026-03-24 20:38:18.800,9.6
2026-03-24 20:38:19.440,23.04
2026-03-24 20:38:20.080,27
2026-03-24 20:38:20.720,-29.64
2026-03-24 20:38:21.360,-23.76
2026-03-24 20:38:22.000,-8.52
2026-03-24 20:38:22.640,-3.48
2026-03-24 20:38:23.280,1.08
2026-03-24 20:38:23.920,20.4
2026-03-24 20:38:24.560,24.72
2026-03-24 20:38:25.200,-24.96
2026-03-24 20:38:25.840,-13.44
2026-03-24 20:38:26.480,-3.84
2026-03-24 20:38:27.120,4.32
2026-03-24 20:38:27.760,23.16
2026-03-24 20:38:28.400,25.56
2026-03-24 20:38:29.040,-27.48
2026-03-24 20:38:29.680,-21.84
2026-03-24 20:38:30.320,-9.48
2026-03-24 20:38:30.960,0.48
2026-03-24 20:38:31.600,18.48
2026-03-24 20:38:32.240,10.2
2026-03-24 20:38:32.880,-17.64
2026-03-24 20:38:33.520,-8.28
2026-03-24 20:38:34.160,-1.92
2026-03-24 20:38:34.800,14.76
2026-03-24 20:38:35.440,24.84
2026-03-24 20:38:36.080,27.12
2026-03-24 20:38:36.720,-31.2
2026-03-24 20:38:37.360,-28.44
2026-03-24 20:38:38.000,-12.96
2026-03-24 20:38:38.640,20.04
2026-03-24 20:38:39.280,29.28
2026-03-24 20:38:39.920,25.8
2026-03-24 20:38:40.560,-29.16
2026-03-24 20:38:41.200,-25.2
2026-03-24 20:38:41.840,-13.32
2026-03-24 20:38:42.480,-2.64
2026-03-24 20:38:43.120,18.12
2026-03-24 20:38:43.760,23.16
2026-03-24 20:38:44.400,-10.44
2026-03-24 20:38:45.040,-6.96
2026-03-24 20:38:45.680,-4.32
2026-03-24 20:38:46.320,0.12
2026-03-24 20:38:46.960,3.12
2026-03-24 20:38:47.600,-12.24
2026-03-24 20:38:48.240,2.28
2026-03-24 20:38:48.880,20.52
2026-03-24 20:38:49.520,24
2026-03-24 20:38:50.160,7.68
2026-03-24 20:38:50.800,-22.68
2026-03-24 20:38:51.440,-17.28
2026-03-24 20:38:52.080,1.2
2026-03-24 20:38:52.720,-21
2026-03-24 20:38:53.360,20.16
2026-03-24 20:38:54.000,1.92
2026-03-24 20:38:54.640,2.04
2026-03-24 20:38:55.280,1.44
2026-03-24 20:38:55.920,1.92
2026-03-24 20:38:56.560,1.44
2026-03-24 20:38:57.200,1.44
2026-03-24 20:38:57.840,2.16
2026-03-24 20:38:58.480,14.04
2026-03-24 20:38:59.120,32.76
2026-03-24 20:38:59.760,32.88
2026-03-24 20:39:00.400,24.96
2026-03-24 20:39:01.040,25.44
2026-03-24 20:39:01.680,-37.92
2026-03-24 20:39:02.320,-33.48
2026-03-24 20:39:02.960,-24.84
2026-03-24 20:39:03.600,-14.76
2026-03-24 20:39:04.240,1.44
2026-03-24 20:39:04.880,2.64
2026-03-24 20:39:05.520,1.92
2026-03-24 20:39:06.160,2.16
2026-03-24 20:39:06.800,2.4
2026-03-24 20:39:07.440,2.76
2026-03-24 20:39:08.080,1.44
2026-03-24 20:39:08.720,2.28
2026-03-24 20:39:09.360,3.12
2026-03-24 20:39:10.000,-19.56
2026-03-24 20:39:10.640,32.28
2026-03-24 20:39:11.280,35.16
2026-03-24 20:39:11.920,27.72
2026-03-24 20:39:12.560,23.64
2026-03-24 20:39:13.200,15.72
2026-03-24 20:39:13.840,5.52
2026-03-24 20:39:14.480,-33.72
2026-03-24 20:39:15.120,-39.36
2026-03-24 20:39:15.760,-29.16
2026-03-24 20:39:16.400,-19.44
2026-03-24 20:39:17.040,-6.96
2026-03-24 20:39:17.680,20.4
2026-03-24 20:39:18.320,18.96
2026-03-24 20:39:18.960,-2.04
2026-03-24 20:39:19.600,-3.24
2026-03-24 20:39:20.240,4.2
2026-03-24 20:39:20.880,-15.84
2026-03-24 20:39:21.520,-6.84
2026-03-24 20:39:22.160,22.2
2026-03-24 20:39:22.800,30.12
2026-03-24 20:39:23.440,33.24
2026-03-24 20:39:24.080,4.56
2026-03-24 20:39:24.720,-26.16
2026-03-24 20:39:25.360,-24
2026-03-24 20:39:26.000,-14.28
2026-03-24 20:39:26.640,22.68
2026-03-24 20:39:27.280,28.8
2026-03-24 20:39:27.920,27.96
2026-03-24 20:39:28.560,4.08
2026-03-24 20:39:29.200,-36.12
2026-03-24 20:39:29.840,-24.24
2026-03-24 20:39:30.480,30.36
2026-03-24 20:39:31.120,0
2026-03-24 20:39:31.760,0.48
2026-03-24 20:39:32.400,0
2026-03-24 20:39:33.040,0.36
2026-03-24 20:39:33.680,3.6
2026-03-24 20:39:34.320,-17.28
2026-03-24 20:39:34.960,-8.88
2026-03-24 20:39:35.600,21.72
2026-03-24 20:39:36.240,36.36
2026-03-24 20:39:36.880,33.48
2026-03-24 20:39:37.520,26.4
2026-03-24 20:39:38.160,-41.76
2026-03-24 20:39:38.800,-32.28
2026-03-24 20:39:39.440,-0.24
2026-03-24 20:39:40.080,-0.24
2026-03-24 20:39:40.720,0
2026-03-24 20:39:41.360,0.6
2026-03-24 20:39:42.000,0.96
2026-03-24 20:39:42.640,-16.92
2026-03-24 20:39:43.280,7.92
2026-03-24 20:39:43.920,33
2026-03-24 20:39:44.560,37.08
2026-03-24 20:39:45.200,27.84
2026-03-24 20:39:45.840,15.36
2026-03-24 20:39:46.480,-41.64
2026-03-24 20:39:47.120,-38.04
2026-03-24 20:39:47.760,-25.8
2026-03-24 20:39:48.400,-11.52
2026-03-24 20:39:49.040,-1.32
2026-03-24 20:39:49.680,20.16
2026-03-24 20:39:50.320,29.04
2026-03-24 20:39:50.960,25.2
2026-03-24 20:39:51.600,-29.04
2026-03-24 20:39:52.240,-27.24
2026-03-24 20:39:52.880,-19.08
2026-03-24 20:39:53.520,-3
2026-03-24 20:39:54.160,24.84
2026-03-24 20:39:54.800,31.92
2026-03-24 20:39:55.440,10.56
2026-03-24 20:39:56.080,-28.44
2026-03-24 20:39:56.720,-20.52
2026-03-24 20:39:57.360,-8.52
2026-03-24 20:39:58.000,16.68
2026-03-24 20:39:58.640,24.36
2026-03-24 20:39:59.280,21.72
2026-03-24 20:39:59.920,-26.28
2026-03-24 20:40:00.560,-15.72
2026-03-24 20:40:01.200,-6.84
2026-03-24 20:40:01.840,9.96
2026-03-24 20:40:02.480,24.48
2026-03-24 20:40:03.120,28.56
2026-03-24 20:40:03.760,-27.36
2026-03-24 20:40:04.400,-19.32
2026-03-24 20:40:05.040,-14.76
2026-03-24 20:40:05.680,0.48
2026-03-24 20:40:06.320,27.24
2026-03-24 20:40:06.960,33.48
2026-03-24 20:40:07.600,35.52
2026-03-24 20:40:08.240,-30.12
2026-03-24 20:40:08.880,-34.92
2026-03-24 20:40:09.520,-25.92
2026-03-24 20:40:10.160,-13.92
2026-03-24 20:40:10.800,0.12
2026-03-24 20:40:11.440,-0.6
2026-03-24 20:40:12.080,0.24
2026-03-24 20:40:12.720,0.72
2026-03-24 20:40:13.360,-10.8
2026-03-24 20:40:14.000,4.56
2026-03-24 20:40:14.640,27.6
2026-03-24 20:40:15.280,30.48
2026-03-24 20:40:15.920,24.84
2026-03-24 20:40:16.560,-1.44
2026-03-24 20:40:17.200,-35.4
2026-03-24 20:40:17.840,-24.96
2026-03-24 20:40:18.480,-12.48
2026-03-24 20:40:19.120,-5.4
2026-03-24 20:40:19.760,5.16
2026-03-24 20:40:20.400,17.64
2026-03-24 20:40:21.040,9.48
2026-03-24 20:40:21.680,-14.76
2026-03-24 20:40:22.320,-5.76
2026-03-24 20:40:22.960,-0.36
2026-03-24 20:40:23.600,3.48
2026-03-24 20:40:24.240,12.24
2026-03-24 20:40:24.880,-5.52
2026-03-24 20:40:25.520,-3.36
2026-03-24 20:40:26.160,-1.2
2026-03-24 20:40:26.800,9
2026-03-24 20:40:27.440,24.72
2026-03-24 20:40:28.080,28.8
2026-03-24 20:40:28.720,-4.68
2026-03-24 20:40:29.360,-29.52
2026-03-24 20:40:30.000,-19.8
2026-03-24 20:40:30.640,-9.96
2026-03-24 20:40:31.280,20.28
2026-03-24 20:40:31.920,29.4
2026-03-24 20:40:32.560,31.44
2026-03-24 20:40:33.200,7.08
2026-03-24 20:40:33.840,-32.28
2026-03-24 20:40:34.480,-28.56
2026-03-24 20:40:35.120,-18.48
2026-03-24 20:40:35.760,-6.6
2026-03-24 20:40:36.400,10.2
2026-03-24 20:40:37.040,12.84
2026-03-24 20:40:37.680,-15.12
2026-03-24 20:40:38.320,-11.16
2026-03-24 20:40:38.960,-4.2
2026-03-24 20:40:39.600,5.28
2026-03-24 20:40:40.240,16.08
2026-03-24 20:40:40.880,24.84
2026-03-24 20:40:41.520,22.8
2026-03-24 20:40:42.160,21.72
2026-03-24 20:40:42.800,-32.4
2026-03-24 20:40:43.440,-32.88
2026-03-24 20:40:44.080,-19.92
2026-03-24 20:40:44.720,26.88
2026-03-24 20:40:45.360,29.64
2026-03-24 20:40:46.000,22.08
2026-03-24 20:40:46.640,-20.88
2026-03-24 20:40:47.280,-32.4
2026-03-24 20:40:47.920,-24.6
2026-03-24 20:40:48.560,-12.84
2026-03-24 20:40:49.200,3.72
2026-03-24 20:40:49.840,17.04
2026-03-24 20:40:50.480,-13.2
2026-03-24 20:40:51.120,-12.36
2026-03-24 20:40:51.760,-3.48
2026-03-24 20:40:52.400,-2.76
2026-03-24 20:40:53.040,12.72
2026-03-24 20:40:53.680,21.48
2026-03-24 20:40:54.320,24.96
2026-03-24 20:40:54.960,-26.04
2026-03-24 20:40:55.600,-22.56
2026-03-24 20:40:56.240,-11.28
2026-03-24 20:40:56.880,-4.44
2026-03-24 20:40:57.520,0.12
2026-03-24 20:40:58.160,18
2026-03-24 20:40:58.800,-9.36
2026-03-24 20:40:59.440,-8.4
2026-03-24 20:41:00.080,12.12
2026-03-24 20:41:00.720,28.68
2026-03-24 20:41:01.360,29.76
2026-03-24 20:41:02.000,-7.32
2026-03-24 20:41:02.640,-28.2
2026-03-24 20:41:03.280,-24.72
2026-03-24 20:41:03.920,-11.88
2026-03-24 20:41:04.560,-1.8
2026-03-24 20:41:05.200,20.28
2026-03-24 20:41:05.840,23.04
2026-03-24 20:41:06.480,-18.96
2026-03-24 20:41:07.120,-23.04
2026-03-24 20:41:07.760,-12.72
2026-03-24 20:41:08.400,-3.24
2026-03-24 20:41:09.040,13.32
2026-03-24 20:41:09.680,23.88
2026-03-24 20:41:10.320,-11.52
2026-03-24 20:41:10.960,-18.84
2026-03-24 20:41:11.600,-8.88
2026-03-24 20:41:12.240,-0.84
2026-03-24 20:41:12.880,16.56
2026-03-24 20:41:13.520,13.32
2026-03-24 20:41:14.160,-14.88
2026-03-24 20:41:14.800,-6.12
2026-03-24 20:41:15.440,13.8
2026-03-24 20:41:16.080,27.48
2026-03-24 20:41:16.720,-23.4
2026-03-24 20:41:17.360,-17.4
2026-03-24 20:41:18.000,-10.68
2026-03-24 20:41:18.640,30.96
2026-03-24 20:41:19.280,37.44
2026-03-24 20:41:19.920,29.88
2026-03-24 20:41:20.560,17.16
2026-03-24 20:41:21.200,-33.84
2026-03-24 20:41:21.840,-28.92
2026-03-24 20:41:22.480,-18.6
2026-03-24 20:41:23.120,-7.08
2026-03-24 20:41:23.760,10.92
2026-03-24 20:41:24.400,19.08
2026-03-24 20:41:25.040,3.72
2026-03-24 20:41:25.680,-16.08
2026-03-24 20:41:26.320,-8.76
2026-03-24 20:41:26.960,-1.44
2026-03-24 20:41:27.600,4.32
2026-03-24 20:41:28.240,7.44
2026-03-24 20:41:28.880,-3.48
2026-03-24 20:41:29.520,-4.44
2026-03-24 20:41:30.160,0.48
2026-03-24 20:41:30.800,7.56
2026-03-24 20:41:31.440,19.44
2026-03-24 20:41:32.080,29.16
2026-03-24 20:41:32.720,29.16
2026-03-24 20:41:33.360,-29.16
2026-03-24 20:41:34.000,-27
2026-03-24 20:41:34.640,-14.64
2026-03-24 20:41:35.280,-5.76
2026-03-24 20:41:35.920,10.56
2026-03-24 20:41:36.560,23.16
2026-03-24 20:41:37.200,30.48
2026-03-24 20:41:37.840,4.68
2026-03-24 20:41:38.480,-30.48
2026-03-24 20:41:39.120,-20.76
2026-03-24 20:41:39.760,-7.68
2026-03-24 20:41:40.400,5.28
2026-03-24 20:41:41.040,21.36
2026-03-24 20:41:41.680,24.48
2026-03-24 20:41:42.320,-21
2026-03-24 20:41:42.960,-17.64
2026-03-24 20:41:43.600,-9.12
2026-03-24 20:41:44.240,2.88
2026-03-24 20:41:44.880,17.28
2026-03-24 20:41:45.520,20.52
2026-03-24 20:41:46.160,-20.16
2026-03-24 20:41:46.800,-12.84
2026-03-24 20:41:47.440,-4.32
2026-03-24 20:41:48.080,14.76
2026-03-24 20:41:48.720,20.64
2026-03-24 20:41:49.360,21.12
2026-03-24 20:41:50.000,-25.32
2026-03-24 20:41:50.640,-19.44
2026-03-24 20:41:51.280,-7.92
2026-03-24 20:41:51.920,12.96
2026-03-24 20:41:52.560,19.2
2026-03-24 20:41:53.200,-18.24
2026-03-24 20:41:53.840,-11.28
2026-03-24 20:41:54.480,-5.16
2026-03-24 20:41:55.120,0.12
2026-03-24 20:41:55.760,10.2
2026-03-24 20:41:56.400,19.56
2026-03-24 20:41:57.040,-3.24
2026-03-24 20:41:57.680,-18
2026-03-24 20:41:58.320,-10.08
2026-03-24 20:41:58.960,-4.32
2026-03-24 20:41:59.600,19.44
2026-03-24 20:42:00.240,23.76
2026-03-24 20:42:00.880,-9.72
2026-03-24 20:42:01.520,-20.76
2026-03-24 20:42:02.160,-14.4
2026-03-24 20:42:02.800,-4.2
2026-03-24 20:42:03.440,21.72
2026-03-24 20:42:04.080,27.6
2026-03-24 20:42:04.720,6
2026-03-24 20:42:05.360,-27.36
2026-03-24 20:42:06.000,-18.36
2026-03-24 20:42:06.640,-3.48
2026-03-24 20:42:07.280,23.52
2026-03-24 20:42:07.920,29.04
2026-03-24 20:42:08.560,28.68
2026-03-24 20:42:09.200,-33.36
2026-03-24 20:42:09.840,-29.16
2026-03-24 20:42:10.480,-23.52
2026-03-24 20:42:11.120,-12
2026-03-24 20:42:11.760,2.64
2026-03-24 20:42:12.400,17.04
2026-03-24 20:42:13.040,22.8
2026-03-24 20:42:13.680,-23.04
2026-03-24 20:42:14.320,-17.16
2026-03-24 20:42:14.960,-9
2026-03-24 20:42:15.600,4.8
2026-03-24 20:42:16.240,20.04
2026-03-24 20:42:16.880,24.12
2026-03-24 20:42:17.520,-22.8
2026-03-24 20:42:18.160,-16.44
2026-03-24 20:42:18.800,-9.36
2026-03-24 20:42:19.440,1.2
2026-03-24 20:42:20.080,20.64
2026-03-24 20:42:20.720,23.28
2026-03-24 20:42:21.360,-21.96
2026-03-24 20:42:22.000,-17.88
2026-03-24 20:42:22.640,-9.6
2026-03-24 20:42:23.280,3.48
2026-03-24 20:42:23.920,19.2
2026-03-24 20:42:24.560,20.64
2026-03-24 20:42:25.200,-18.48
2026-03-24 20:42:25.840,-11.64
2026-03-24 20:42:26.480,-6.48
2026-03-24 20:42:27.120,9.36
2026-03-24 20:42:27.760,15.84
2026-03-24 20:42:28.400,8.28
2026-03-24 20:42:29.040,-14.16
2026-03-24 20:42:29.680,-9.12
2026-03-24 20:42:30.320,3
2026-03-24 20:42:30.960,19.92
2026-03-24 20:42:31.600,26.76
2026-03-24 20:42:32.240,-26.52
2026-03-24 20:42:32.880,-19.56
2026-03-24 20:42:33.520,-11.16
2026-03-24 20:42:34.160,-1.92
2026-03-24 20:42:34.800,21.6
2026-03-24 20:42:35.440,26.76
2026-03-24 20:42:36.080,19.44
2026-03-24 20:42:36.720,-29.16
2026-03-24 20:42:37.360,-22.44
2026-03-24 20:42:38.000,-11.04
2026-03-24 20:42:38.640,8.52
2026-03-24 20:42:39.280,23.28
2026-03-24 20:42:39.920,29.76
2026-03-24 20:42:40.560,-33
2026-03-24 20:42:41.200,-28.2
2026-03-24 20:42:41.840,-12.24
2026-03-24 20:42:42.480,21.48
2026-03-24 20:42:43.120,29.64
2026-03-24 20:42:43.760,28.08
2026-03-24 20:42:44.400,18.36
2026-03-24 20:42:45.040,-7.8
2026-03-24 20:42:45.680,-6.84
2026-03-24 20:42:46.320,-3.84
2026-03-24 20:42:46.960,-2.88
2026-03-24 20:42:47.600,-31.56
2026-03-24 20:42:48.240,-23.64
2026-03-24 20:42:48.880,-3.24
2026-03-24 20:42:49.520,21.48
2026-03-24 20:42:50.160,26.4
2026-03-24 20:42:50.800,1.2
2026-03-24 20:42:51.440,-24.72
2026-03-24 20:42:52.080,-18.24
2026-03-24 20:42:52.720,3.6
2026-03-24 20:42:53.360,12.96
2026-03-24 20:42:54.000,6
2026-03-24 20:42:54.640,-7.08
2026-03-24 20:42:55.280,-8.52
2026-03-24 20:42:55.920,-7.08
2026-03-24 20:42:56.560,5.4
2026-03-24 20:42:57.200,20.52
2026-03-24 20:42:57.840,20.64
2026-03-24 20:42:58.480,-20.52
2026-03-24 20:42:59.120,-18.96
2026-03-24 20:42:59.760,-17.04
2026-03-24 20:43:00.400,8.52
2026-03-24 20:43:01.040,21.72
2026-03-24 20:43:01.680,24.48
2026-03-24 20:43:02.320,4.56
2026-03-24 20:43:02.960,-27.6
2026-03-24 20:43:03.600,-19.44
2026-03-24 20:43:04.240,1.2
2026-03-24 20:43:04.880,35.28
2026-03-24 20:43:05.520,37.44
2026-03-24 20:43:06.160,-4.32
2026-03-24 20:43:06.800,-30
2026-03-24 20:43:07.440,-9.36
2026-03-24 20:43:08.080,-0.72
2026-03-24 20:43:08.720,-0.6
2026-03-24 20:43:09.360,-0.24
2026-03-24 20:43:10.000,0.12
2026-03-24 20:43:10.640,4.8
2026-03-24 20:43:11.280,-18.72
2026-03-24 20:43:11.920,1.44
2026-03-24 20:43:12.560,31.92
2026-03-24 20:43:13.200,34.32
2026-03-24 20:43:13.840,34.56
2026-03-24 20:43:14.480,-35.16
2026-03-24 20:43:15.120,-31.8
2026-03-24 20:43:15.760,-30.36
2026-03-24 20:43:16.400,-13.44
2026-03-24 20:43:17.040,14.16
2026-03-24 20:43:17.680,30.6
2026-03-24 20:43:18.320,31.08
2026-03-24 20:43:18.960,-26.76
2026-03-24 20:43:19.600,-34.92
2026-03-24 20:43:20.240,-20.88
2026-03-24 20:43:20.880,-4.8
2026-03-24 20:43:21.520,24.84
2026-03-24 20:43:22.160,28.92
2026-03-24 20:43:22.800,-28.44
2026-03-24 20:43:23.440,-27.24
2026-03-24 20:43:24.080,-14.64
2026-03-24 20:43:24.720,-6.24
2026-03-24 20:43:25.360,17.04
2026-03-24 20:43:26.000,29.52
2026-03-24 20:43:26.640,26.16
2026-03-24 20:43:27.280,-28.68
2026-03-24 20:43:27.920,-24
2026-03-24 20:43:28.560,-13.44
2026-03-24 20:43:29.200,-3.6
2026-03-24 20:43:29.840,15.12
2026-03-24 20:43:30.480,25.56
2026-03-24 20:43:31.120,-11.4
2026-03-24 20:43:31.760,-21.96
2026-03-24 20:43:32.400,-10.2
2026-03-24 20:43:33.040,-0.48
2026-03-24 20:43:33.680,26.04
2026-03-24 20:43:34.320,30
2026-03-24 20:43:34.960,20.28
2026-03-24 20:43:35.600,-31.56
2026-03-24 20:43:36.240,-21.24
2026-03-24 20:43:36.880,-9.12
2026-03-24 20:43:37.520,4.2
2026-03-24 20:43:38.160,24
2026-03-24 20:43:38.800,22.2
2026-03-24 20:43:39.440,-22.92
2026-03-24 20:43:40.080,-19.56
2026-03-24 20:43:40.720,-8.16
2026-03-24 20:43:41.360,1.8
2026-03-24 20:43:42.000,23.64
2026-03-24 20:43:42.640,5.76
2026-03-24 20:43:43.280,-17.4
2026-03-24 20:43:43.920,-7.92
2026-03-24 20:43:44.560,-2.4
2026-03-24 20:43:45.200,13.44
2026-03-24 20:43:45.840,18.36
2026-03-24 20:43:46.480,-16.56
2026-03-24 20:43:47.120,-7.32
2026-03-24 20:43:47.760,-3.48
2026-03-24 20:43:48.400,4.44
2026-03-24 20:43:49.040,18.84
2026-03-24 20:43:49.680,-12.36
2026-03-24 20:43:50.320,-11.52
2026-03-24 20:43:50.960,-11.4
2026-03-24 20:43:51.600,32.04
2026-03-24 20:43:52.240,40.68
2026-03-24 20:43:52.880,33.84
2026-03-24 20:43:53.520,41.76
2026-03-24 20:43:54.160,10.08
2026-03-24 20:43:54.800,-44.52
2026-03-24 20:43:55.440,-35.76
2026-03-24 20:43:56.080,-26.76
2026-03-24 20:43:56.720,-15
2026-03-24 20:43:57.360,-2.88
2026-03-24 20:43:58.000,22.32
2026-03-24 20:43:58.640,29.28
2026-03-24 20:43:59.280,-23.52
2026-03-24 20:43:59.920,-13.08
2026-03-24 20:44:00.560,0.24
2026-03-24 20:44:01.200,4.44
2026-03-24 20:44:01.840,2.88
2026-03-24 20:44:02.480,6.96
2026-03-24 20:44:03.120,8.28
2026-03-24 20:44:03.760,8.64
2026-03-24 20:44:04.400,-1.68
2026-03-24 20:44:05.040,2.28
2026-03-24 20:44:05.680,7.08
2026-03-24 20:44:06.320,23.88
2026-03-24 20:44:06.960,25.32
2026-03-24 20:44:07.600,-20.76
2026-03-24 20:44:08.240,-10.2
2026-03-24 20:44:08.880,-5.76
2026-03-24 20:44:09.520,35.16
2026-03-24 20:44:10.160,34.8
2026-03-24 20:44:10.800,31.68
2026-03-24 20:44:11.440,-33.48
2026-03-24 20:44:12.080,-31.32
2026-03-24 20:44:12.720,-23.4
2026-03-24 20:44:13.360,-6.84
2026-03-24 20:44:14.000,25.92
2026-03-24 20:44:14.640,27.12
2026-03-24 20:44:15.280,-25.68
2026-03-24 20:44:15.920,-25.8
2026-03-24 20:44:16.560,-16.2
2026-03-24 20:44:17.200,5.4
2026-03-24 20:44:17.840,23.28
2026-03-24 20:44:18.480,24.48
2026-03-24 20:44:19.120,-21
2026-03-24 20:44:19.760,-16.44
2026-03-24 20:44:20.400,-11.76
2026-03-24 20:44:21.040,0.36
2026-03-24 20:44:21.680,29.64
2026-03-24 20:44:22.320,33.72
2026-03-24 20:44:22.960,-26.52
2026-03-24 20:44:23.600,-20.04
2026-03-24 20:44:24.240,-9.72
2026-03-24 20:44:24.880,8.76
2026-03-24 20:44:25.520,25.68
2026-03-24 20:44:26.160,13.08
2026-03-24 20:44:26.800,-19.44
2026-03-24 20:44:27.440,-14.52
2026-03-24 20:44:28.080,-7.32
2026-03-24 20:44:28.720,11.52
2026-03-24 20:44:29.360,21.84
2026-03-24 20:44:30.000,-13.92
2026-03-24 20:44:30.640,-13.8
2026-03-24 20:44:31.280,-7.44
2026-03-24 20:44:31.920,-1.68
2026-03-24 20:44:32.560,18.12
2026-03-24 20:44:33.200,29.76
2026-03-24 20:44:33.840,6.84
2026-03-24 20:44:34.480,-20.76
2026-03-24 20:44:35.120,-17.16
2026-03-24 20:44:35.760,-9
2026-03-24 20:44:36.400,18.6
2026-03-24 20:44:37.040,25.08
2026-03-24 20:44:37.680,2.28
2026-03-24 20:44:38.320,-19.8
2026-03-24 20:44:38.960,-14.4
2026-03-24 20:44:39.600,-6.6
2026-03-24 20:44:40.240,2.52
2026-03-24 20:44:40.880,12
2026-03-24 20:44:41.520,4.68
2026-03-24 20:44:42.160,-11.4
2026-03-24 20:44:42.800,-8.52
2026-03-24 20:44:43.440,-4.08
2026-03-24 20:44:44.080,30.6
2026-03-24 20:44:44.720,6.96
2026-03-24 20:44:45.360,-22.32
2026-03-24 20:44:46.000,-5.64
2026-03-24 20:44:46.640,32.28
2026-03-24 20:44:47.280,37.8
2026-03-24 20:44:47.920,11.04
2026-03-24 20:44:48.560,-32.28
2026-03-24 20:44:49.200,-26.04
2026-03-24 20:44:49.840,-14.04
2026-03-24 20:44:50.480,-4.68
2026-03-24 20:44:51.120,19.44
2026-03-24 20:44:51.760,29.16
2026-03-24 20:44:52.400,-26.52
2026-03-24 20:44:53.040,-18.84
2026-03-24 20:44:53.680,-7.8
2026-03-24 20:44:54.320,2.4
2026-03-24 20:44:54.960,13.68
2026-03-24 20:44:55.600,-10.44
2026-03-24 20:44:56.240,-5.16
2026-03-24 20:44:56.880,-1.32
2026-03-24 20:44:57.520,8.16
2026-03-24 20:44:58.160,15.36
2026-03-24 20:44:58.800,-14.16
2026-03-24 20:44:59.440,-6.6
2026-03-24 20:45:00.080,-0.24
2026-03-24 20:45:00.720,25.92
2026-03-24 20:45:01.360,36.72
2026-03-24 20:45:02.000,17.16
2026-03-24 20:45:02.640,-31.8
2026-03-24 20:45:03.280,-26.28
2026-03-24 20:45:03.920,-12
2026-03-24 20:45:04.560,12.48
2026-03-24 20:45:05.200,25.68
2026-03-24 20:45:05.840,29.52
2026-03-24 20:45:06.480,-30.84
2026-03-24 20:45:07.120,-24.72
2026-03-24 20:45:07.760,-15.72
2026-03-24 20:45:08.400,-7.44
2026-03-24 20:45:09.040,11.88
2026-03-24 20:45:09.680,20.16
2026-03-24 20:45:10.320,-17.64
2026-03-24 20:45:10.960,-12.6
2026-03-24 20:45:11.600,-6.84
2026-03-24 20:45:12.240,1.2
2026-03-24 20:45:12.880,10.44
2026-03-24 20:45:13.520,-4.56
2026-03-24 20:45:14.160,-6.84
2026-03-24 20:45:14.800,-1.8
2026-03-24 20:45:15.440,-1.92
2026-03-24 20:45:16.080,12.24
2026-03-24 20:45:16.720,25.8
2026-03-24 20:45:17.360,22.8
2026-03-24 20:45:18.000,-27.36
2026-03-24 20:45:18.640,-17.52
2026-03-24 20:45:19.280,-7.92
2026-03-24 20:45:19.920,23.88
2026-03-24 20:45:20.560,32.76
2026-03-24 20:45:21.200,28.44
2026-03-24 20:45:21.840,-29.52
2026-03-24 20:45:22.480,-25.2
2026-03-24 20:45:23.120,-15.96
2026-03-24 20:45:23.760,-3.6
2026-03-24 20:45:24.400,17.4
2026-03-24 20:45:25.040,18.84
2026-03-24 20:45:25.680,-23.04
2026-03-24 20:45:26.320,-16.32
2026-03-24 20:45:26.960,-8.64
2026-03-24 20:45:27.600,3.24
2026-03-24 20:45:28.240,17.4
2026-03-24 20:45:28.880,13.92
2026-03-24 20:45:29.520,-16.32
2026-03-24 20:45:30.160,-10.92
2026-03-24 20:45:30.800,-2.88
2026-03-24 20:45:31.440,11.52
2026-03-24 20:45:32.080,20.76
2026-03-24 20:45:32.720,3.84
2026-03-24 20:45:33.360,-17.52
2026-03-24 20:45:34.000,-10.44
2026-03-24 20:45:34.640,-3.72
2026-03-24 20:45:35.280,13.68
2026-03-24 20:45:35.920,23.52
2026-03-24 20:45:36.560,28.68
2026-03-24 20:45:37.200,-30.12
2026-03-24 20:45:37.840,-26.52
2026-03-24 20:45:38.480,-13.32
2026-03-24 20:45:39.120,-6.6
2026-03-24 20:45:39.760,12.72
2026-03-24 20:45:40.400,22.8
2026-03-24 20:45:41.040,21.72
2026-03-24 20:45:41.680,-25.08
2026-03-24 20:45:42.320,-16.68
2026-03-24 20:45:42.960,-6.36
2026-03-24 20:45:43.600,15.96
2026-03-24 20:45:44.240,27.24
2026-03-24 20:45:44.880,27.12
2026-03-24 20:45:45.520,-28.44
2026-03-24 20:45:46.160,-25.2
2026-03-24 20:45:46.800,-13.92
2026-03-24 20:45:47.440,-2.88
2026-03-24 20:45:48.080,21
2026-03-24 20:45:48.720,23.64
2026-03-24 20:45:49.360,12
2026-03-24 20:45:50.000,-27.72
2026-03-24 20:45:50.640,-19.2
2026-03-24 20:45:51.280,-4.8
2026-03-24 20:45:51.920,19.68
2026-03-24 20:45:52.560,26.4
2026-03-24 20:45:53.200,-4.44
2026-03-24 20:45:53.840,-28.68
2026-03-24 20:45:54.480,-14.04
2026-03-24 20:45:55.120,8.52
2026-03-24 20:45:55.760,24.84
2026-03-24 20:45:56.400,27.84
2026-03-24 20:45:57.040,0
2026-03-24 20:45:57.680,0.6
2026-03-24 20:45:58.320,0.24
2026-03-24 20:45:58.960,-27
2026-03-24 20:45:59.600,-12.72
2026-03-24 20:46:00.240,0.12
2026-03-24 20:46:00.880,25.56
2026-03-24 20:46:01.520,31.2
2026-03-24 20:46:02.160,-29.28
2026-03-24 20:46:02.800,-24.36
2026-03-24 20:46:03.440,-12
2026-03-24 20:46:04.080,-0.36
2026-03-24 20:46:04.720,0
2026-03-24 20:46:05.360,0.24
2026-03-24 20:46:06.000,0.12
2026-03-24 20:46:06.640,-4.68
2026-03-24 20:46:07.280,19.32
2026-03-24 20:46:07.920,35.64
2026-03-24 20:46:08.560,29.28
2026-03-24 20:46:09.200,27.24
2026-03-24 20:46:09.840,16.68
2026-03-24 20:46:10.480,-36.48
2026-03-24 20:46:11.120,-32.28
2026-03-24 20:46:11.760,-23.4
2026-03-24 20:46:12.400,-9.36
2026-03-24 20:46:13.040,5.4
2026-03-24 20:46:13.680,21
2026-03-24 20:46:14.320,27.12
2026-03-24 20:46:14.960,7.68
2026-03-24 20:46:15.600,-19.44
2026-03-24 20:46:16.240,-13.2
2026-03-24 20:46:16.880,-7.08
2026-03-24 20:46:17.520,-0.6
2026-03-24 20:46:18.160,9.36
2026-03-24 20:46:18.800,20.64
2026-03-24 20:46:19.440,8.16
2026-03-24 20:46:20.080,-10.44
2026-03-24 20:46:20.720,-9.36
2026-03-24 20:46:21.360,-4.08
2026-03-24 20:46:22.000,17.04
2026-03-24 20:46:22.640,18.36
2026-03-24 20:46:23.280,-9.96
2026-03-24 20:46:23.920,-15.6
2026-03-24 20:46:24.560,-9.96
2026-03-24 20:46:25.200,16.56
2026-03-24 20:46:25.840,42.84
2026-03-24 20:46:26.480,38.88
2026-03-24 20:46:27.120,-24.48
2026-03-24 20:46:27.760,10.32
2026-03-24 20:46:28.400,-41.76
2026-03-24 20:46:29.040,-32.16
2026-03-24 20:46:29.680,-15.36
2026-03-24 20:46:30.320,31.44
2026-03-24 20:46:30.960,39.12
2026-03-24 20:46:31.600,18.72
2026-03-24 20:46:32.240,-26.04
2026-03-24 20:46:32.880,-21.48
2026-03-24 20:46:33.520,-11.52
2026-03-24 20:46:34.160,-5.76
2026-03-24 20:46:34.800,14.16
2026-03-24 20:46:35.440,22.8
2026-03-24 20:46:36.080,29.76
2026-03-24 20:46:36.720,-26.88
2026-03-24 20:46:37.360,-22.44
2026-03-24 20:46:38.000,-8.04
2026-03-24 20:46:38.640,2.76
2026-03-24 20:46:39.280,16.8
2026-03-24 20:46:39.920,22.92
2026-03-24 20:46:40.560,-22.08
2026-03-24 20:46:41.200,-13.8
2026-03-24 20:46:41.840,-4.2
2026-03-24 20:46:42.480,6
2026-03-24 20:46:43.120,23.52
2026-03-24 20:46:43.760,29.52
2026-03-24 20:46:44.400,14.88
2026-03-24 20:46:45.040,-28.56
2026-03-24 20:46:45.680,-18.36
2026-03-24 20:46:46.320,-6.6
2026-03-24 20:46:46.960,-1.44
2026-03-24 20:46:47.600,15.36
2026-03-24 20:46:48.240,22.56
2026-03-24 20:46:48.880,-20.52
2026-03-24 20:46:49.520,-14.76
2026-03-24 20:46:50.160,-2.64
2026-03-24 20:46:50.800,-1.32
2026-03-24 20:46:51.440,20.4
2026-03-24 20:46:52.080,22.44
2026-03-24 20:46:52.720,-24.72
2026-03-24 20:46:53.360,-17.28
2026-03-24 20:46:54.000,-4.32
2026-03-24 20:46:54.640,8.4
2026-03-24 20:46:55.280,23.64
2026-03-24 20:46:55.920,29.76
2026-03-24 20:46:56.560,-21.6
2026-03-24 20:46:57.200,-26.04
2026-03-24 20:46:57.840,-15.36
2026-03-24 20:46:58.480,-7.08
2026-03-24 20:46:59.120,6.48
2026-03-24 20:46:59.760,23.64
2026-03-24 20:47:00.400,20.4
2026-03-24 20:47:01.040,-22.44
2026-03-24 20:47:01.680,-15.24
2026-03-24 20:47:02.320,-5.16
2026-03-24 20:47:02.960,18.12
2026-03-24 20:47:03.600,28.32
2026-03-24 20:47:04.240,28.2
2026-03-24 20:47:04.880,-27.96
2026-03-24 20:47:05.520,-30.96
2026-03-24 20:47:06.160,-18.36
2026-03-24 20:47:06.800,-5.64
2026-03-24 20:47:07.440,18
2026-03-24 20:47:08.080,25.44
2026-03-24 20:47:08.720,-29.16
2026-03-24 20:47:09.360,-26.64
2026-03-24 20:47:10.000,-13.32
2026-03-24 20:47:10.640,23.4
2026-03-24 20:47:11.280,33.84
2026-03-24 20:47:11.920,-0.12
2026-03-24 20:47:12.560,-27
2026-03-24 20:47:13.200,-19.68
2026-03-24 20:47:13.840,-4.8
2026-03-24 20:47:14.480,22.68
2026-03-24 20:47:15.120,29.52
2026-03-24 20:47:15.760,-29.64
2026-03-24 20:47:16.400,-21.36
2026-03-24 20:47:17.040,-10.2
2026-03-24 20:47:17.680,-0.12
2026-03-24 20:47:18.320,19.2
2026-03-24 20:47:18.960,-5.16
2026-03-24 20:47:19.600,-10.68
2026-03-24 20:47:20.240,-5.52
2026-03-24 20:47:20.880,7.68
2026-03-24 20:47:21.520,19.68
2026-03-24 20:47:22.160,-1.32
2026-03-24 20:47:22.800,-18.36
2026-03-24 20:47:23.440,-7.44
2026-03-24 20:47:24.080,4.92
2026-03-24 20:47:24.720,21.84
2026-03-24 20:47:25.360,29.16
2026-03-24 20:47:26.000,-25.2
2026-03-24 20:47:26.640,-19.56
2026-03-24 20:47:27.280,-5.04
2026-03-24 20:47:27.920,6.6
2026-03-24 20:47:28.560,27.48
2026-03-24 20:47:29.200,33.48
2026-03-24 20:47:29.840,-36.6
2026-03-24 20:47:30.480,-28.68
2026-03-24 20:47:31.120,-15.72
2026-03-24 20:47:31.760,-5.64
2026-03-24 20:47:32.400,12.96
2026-03-24 20:47:33.040,20.88
2026-03-24 20:47:33.680,7.08
2026-03-24 20:47:34.320,-21.12
2026-03-24 20:47:34.960,-10.92
2026-03-24 20:47:35.600,-4.2
2026-03-24 20:47:36.240,20.4
2026-03-24 20:47:36.880,29.04
2026-03-24 20:47:37.520,30.72
2026-03-24 20:47:38.160,-32.76
2026-03-24 20:47:38.800,-28.44
2026-03-24 20:47:39.440,-16.32
2026-03-24 20:47:40.080,-6.96
2026-03-24 20:47:40.720,14.28
2026-03-24 20:47:41.360,18.12
2026-03-24 20:47:42.000,-16.8
2026-03-24 20:47:42.640,-7.68
2026-03-24 20:47:43.280,-2.52
2026-03-24 20:47:43.920,11.64
2026-03-24 20:47:44.560,16.32
2026-03-24 20:47:45.200,-13.68
2026-03-24 20:47:45.840,-10.32
2026-03-24 20:47:46.480,-3.24
2026-03-24 20:47:47.120,21.6
2026-03-24 20:47:47.760,33.36
2026-03-24 20:47:48.400,29.52
2026-03-24 20:47:49.040,8.4
2026-03-24 20:47:49.680,-31.56
2026-03-24 20:47:50.320,-25.08
2026-03-24 20:47:50.960,-16.32
2026-03-24 20:47:51.600,-5.16
2026-03-24 20:47:52.240,17.28
2026-03-24 20:47:52.880,23.88
2026-03-24 20:47:53.520,-21.72
2026-03-24 20:47:54.160,-18.36
2026-03-24 20:47:54.800,-8.04
2026-03-24 20:47:55.440,7.44
2026-03-24 20:47:56.080,17.64
2026-03-24 20:47:56.720,-11.16
2026-03-24 20:47:57.360,-10.08
2026-03-24 20:47:58.000,-2.88
2026-03-24 20:47:58.640,4.68
2026-03-24 20:47:59.280,14.04
2026-03-24 20:47:59.920,20.64
2026-03-24 20:48:00.560,-15.12
2026-03-24 20:48:01.200,-10.2
2026-03-24 20:48:01.840,-2.76
2026-03-24 20:48:02.480,18.48
2026-03-24 20:48:03.120,30.24
2026-03-24 20:48:03.760,27
2026-03-24 20:48:04.400,9.12
2026-03-24 20:48:05.040,-7.8
2026-03-24 20:48:05.680,-12.12
2026-03-24 20:48:06.320,-2.88
2026-03-24 20:48:06.960,-0.36
2026-03-24 20:48:07.600,-31.56
2026-03-24 20:48:08.240,-17.4
2026-03-24 20:48:08.880,26.76
2026-03-24 20:48:09.520,28.8
2026-03-24 20:48:10.160,-25.92
2026-03-24 20:48:10.800,-23.4
2026-03-24 20:48:11.440,-13.56
2026-03-24 20:48:12.080,24.36
2026-03-24 20:48:12.720,34.8
2026-03-24 20:48:13.360,-7.8
2026-03-24 20:48:14.000,-28.92
2026-03-24 20:48:14.640,-12.96
2026-03-24 20:48:15.280,0.96
2026-03-24 20:48:15.920,29.52
2026-03-24 20:48:16.560,23.64
2026-03-24 20:48:17.200,-24.48
2026-03-24 20:48:17.840,-10.08
2026-03-24 20:48:18.480,-3.6
2026-03-24 20:48:19.120,21.48
2026-03-24 20:48:19.760,32.88
2026-03-24 20:48:20.400,27
2026-03-24 20:48:21.040,-30.6
2026-03-24 20:48:21.680,-20.88
2026-03-24 20:48:22.320,-7.68
2026-03-24 20:48:22.960,14.88
2026-03-24 20:48:23.600,29.04
2026-03-24 20:48:24.240,33.84
2026-03-24 20:48:24.880,-32.04
2026-03-24 20:48:25.520,-28.56
2026-03-24 20:48:26.160,-16.56
2026-03-24 20:48:26.800,-7.2
2026-03-24 20:48:27.440,5.88
2026-03-24 20:48:28.080,25.08
2026-03-24 20:48:28.720,15.96
2026-03-24 20:48:29.360,-23.4
2026-03-24 20:48:30.000,-12.24
2026-03-24 20:48:30.640,-3.24
2026-03-24 20:48:31.280,16.44
2026-03-24 20:48:31.920,29.88
2026-03-24 20:48:32.560,-29.28
2026-03-24 20:48:33.200,-15.72
2026-03-24 20:48:33.840,-5.64
2026-03-24 20:48:34.480,3.36
2026-03-24 20:48:35.120,24.12
2026-03-24 20:48:35.760,22.56
2026-03-24 20:48:36.400,-23.76
2026-03-24 20:48:37.040,-10.68
2026-03-24 20:48:37.680,-3.48
2026-03-24 20:48:38.320,20.88
2026-03-24 20:48:38.960,32.4
2026-03-24 20:48:39.600,20.64
2026-03-24 20:48:40.240,-31.32
2026-03-24 20:48:40.880,-22.08
2026-03-24 20:48:41.520,-8.88
2026-03-24 20:48:42.160,7.44
2026-03-24 20:48:42.800,24.84
2026-03-24 20:48:43.440,11.04
2026-03-24 20:48:44.080,-22.92
2026-03-24 20:48:44.720,-9.48
2026-03-24 20:48:45.360,-3.12
2026-03-24 20:48:46.000,8.88
2026-03-24 20:48:46.640,15.24
2026-03-24 20:48:47.280,-13.32
2026-03-24 20:48:47.920,-5.88
2026-03-24 20:48:48.560,-0.84
2026-03-24 20:48:49.200,10.08
2026-03-24 20:48:49.840,22.8
2026-03-24 20:48:50.480,21.48
2026-03-24 20:48:51.120,-26.04
2026-03-24 20:48:51.760,-12.72
2026-03-24 20:48:52.400,-3.48
2026-03-24 20:48:53.040,7.68
2026-03-24 20:48:53.680,21.84
2026-03-24 20:48:54.320,-3.48
2026-03-24 20:48:54.960,-19.68
2026-03-24 20:48:55.600,-7.2
2026-03-24 20:48:56.240,1.2
2026-03-24 20:48:56.880,21.6
2026-03-24 20:48:57.520,24.12
2026-03-24 20:48:58.160,-24.6
2026-03-24 20:48:58.800,-11.76
2026-03-24 20:48:59.440,-3.36
2026-03-24 20:49:00.080,22.92
2026-03-24 20:49:00.720,29.64
2026-03-24 20:49:01.360,24.24
2026-03-24 20:49:02.000,-30.72
2026-03-24 20:49:02.640,-24.84
2026-03-24 20:49:03.280,-11.04
2026-03-24 20:49:03.920,-0.12
2026-03-24 20:49:04.560,28.32
2026-03-24 20:49:05.200,25.2
2026-03-24 20:49:05.840,-28.2
2026-03-24 20:49:06.480,-16.92
2026-03-24 20:49:07.120,18.36
2026-03-24 20:49:07.760,0
2026-03-24 20:49:08.400,0.96
2026-03-24 20:49:09.040,0
2026-03-24 20:49:09.680,0.24
2026-03-24 20:49:10.320,0.12
2026-03-24 20:49:10.960,5.88
2026-03-24 20:49:11.600,38.52
2026-03-24 20:49:12.240,39.96
2026-03-24 20:49:12.880,31.32
2026-03-24 20:49:13.520,-39.72
2026-03-24 20:49:14.160,-36.48
2026-03-24 20:49:14.800,-26.16
2026-03-24 20:49:15.440,-10.8
2026-03-24 20:49:16.080,5.64
2026-03-24 20:49:16.720,23.16
2026-03-24 20:49:17.360,28.8
2026-03-24 20:49:18.000,-29.16
2026-03-24 20:49:18.640,-20.52
2026-03-24 20:49:19.280,-9.96
2026-03-24 20:49:19.920,-5.52
2026-03-24 20:49:20.560,10.44
2026-03-24 20:49:21.200,29.52
2026-03-24 20:49:21.840,32.4
2026-03-24 20:49:22.480,-34.56
2026-03-24 20:49:23.120,-26.76
2026-03-24 20:49:23.760,-14.52
2026-03-24 20:49:24.400,-3.84
2026-03-24 20:49:25.040,20.4
2026-03-24 20:49:25.680,26.16
2026-03-24 20:49:26.320,-13.56
2026-03-24 20:49:26.960,-23.52
2026-03-24 20:49:27.600,-11.4
2026-03-24 20:49:28.240,-0.84
2026-03-24 20:49:28.880,15.24
2026-03-24 20:49:29.520,15.84
2026-03-24 20:49:30.160,-14.16
2026-03-24 20:49:30.800,-8.88
2026-03-24 20:49:31.440,-1.8
2026-03-24 20:49:32.080,8.76
2026-03-24 20:49:32.720,19.08
2026-03-24 20:49:33.360,-12.48
2026-03-24 20:49:34.000,-13.56
2026-03-24 20:49:34.640,-5.28
2026-03-24 20:49:35.280,-0.12
2026-03-24 20:49:35.920,13.68
2026-03-24 20:49:36.560,24.36
2026-03-24 20:49:37.200,21.6
2026-03-24 20:49:37.840,-25.32
2026-03-24 20:49:38.480,-15.6
2026-03-24 20:49:39.120,-7.32
2026-03-24 20:49:39.760,7.56
2026-03-24 20:49:40.400,26.76
2026-03-24 20:49:41.040,29.76
2026-03-24 20:49:41.680,4.68
2026-03-24 20:49:42.320,-29.88
2026-03-24 20:49:42.960,-20.88
2026-03-24 20:49:43.600,-9.36
2026-03-24 20:49:44.240,16.8
2026-03-24 20:49:44.880,20.88
2026-03-24 20:49:45.520,3
2026-03-24 20:49:46.160,-19.56
2026-03-24 20:49:46.800,-14.4
2026-03-24 20:49:47.440,-4.08
2026-03-24 20:49:48.080,23.52
2026-03-24 20:49:48.720,28.08
2026-03-24 20:49:49.360,-15.84
2026-03-24 20:49:50.000,-25.08
2026-03-24 20:49:50.640,-17.28
2026-03-24 20:49:51.280,-7.2
2026-03-24 20:49:51.920,19.32
2026-03-24 20:49:52.560,27
2026-03-24 20:49:53.200,18
2026-03-24 20:49:53.840,-27.72
2026-03-24 20:49:54.480,-19.32
2026-03-24 20:49:55.120,-9
2026-03-24 20:49:55.760,13.2
2026-03-24 20:49:56.400,24.6
2026-03-24 20:49:57.040,-14.76
2026-03-24 20:49:57.680,-18.36
2026-03-24 20:49:58.320,-9.24
2026-03-24 20:49:58.960,6.72
2026-03-24 20:49:59.600,16.08
2026-03-24 20:50:00.240,-10.56
2026-03-24 20:50:00.880,-10.92
2026-03-24 20:50:01.520,9.36
2026-03-24 20:50:02.160,19.2
2026-03-24 20:50:02.800,1.8
2026-03-24 20:50:03.440,-19.92
2026-03-24 20:50:04.080,-10.08
2026-03-24 20:50:04.720,4.2
2026-03-24 20:50:05.360,22.08
2026-03-24 20:50:06.000,11.04
2026-03-24 20:50:06.640,-21.36
2026-03-24 20:50:07.280,-6.6
2026-03-24 20:50:07.920,-13.2
2026-03-24 20:50:08.560,23.76
2026-03-24 20:50:09.200,36.96
2026-03-24 20:50:09.840,33.96
2026-03-24 20:50:10.480,39.96
2026-03-24 20:50:11.120,26.76
2026-03-24 20:50:11.760,-40.68
2026-03-24 20:50:12.400,-34.2
2026-03-24 20:50:13.040,-24.96
2026-03-24 20:50:13.680,-14.16
2026-03-24 20:50:14.320,-3.96
2026-03-24 20:50:14.960,-0.96
2026-03-24 20:50:15.600,21.6
2026-03-24 20:50:16.240,24
2026-03-24 20:50:16.880,-11.76
2026-03-24 20:50:17.520,-16.08
2026-03-24 20:50:18.160,-6.96
2026-03-24 20:50:18.800,1.44
2026-03-24 20:50:19.440,4.8
2026-03-24 20:50:20.080,20.28
2026-03-24 20:50:20.720,27
2026-03-24 20:50:21.360,-23.88
2026-03-24 20:50:22.000,-14.88
2026-03-24 20:50:22.640,-3.48
2026-03-24 20:50:23.280,21.72
2026-03-24 20:50:23.920,28.92
2026-03-24 20:50:24.560,-6.72
2026-03-24 20:50:25.200,1.8
2026-03-24 20:50:25.840,1.32
2026-03-24 20:50:26.480,-4.2
2026-03-24 20:50:27.120,-10.68
2026-03-24 20:50:27.760,2.04
2026-03-24 20:50:28.400,28.56
2026-03-24 20:50:29.040,36.6
2026-03-24 20:50:29.680,19.2
2026-03-24 20:50:30.320,-31.56
2026-03-24 20:50:30.960,-22.56
2026-03-24 20:50:31.600,-11.16
2026-03-24 20:50:32.240,-3.24
2026-03-24 20:50:32.880,7.56
2026-03-24 20:50:33.520,21.84
2026-03-24 20:50:34.160,28.68
2026-03-24 20:50:34.800,-25.92
2026-03-24 20:50:35.440,-15.84
2026-03-24 20:50:36.080,-5.88
2026-03-24 20:50:36.720,-4.44
2026-03-24 20:50:37.360,14.28
2026-03-24 20:50:38.000,25.08
2026-03-24 20:50:38.640,-2.28
2026-03-24 20:50:39.280,-19.56
2026-03-24 20:50:39.920,-10.92
2026-03-24 20:50:40.560,-1.8
2026-03-24 20:50:41.200,7.92
2026-03-24 20:50:41.840,-1.08
2026-03-24 20:50:42.480,-3.84
2026-03-24 20:50:43.120,-0.6
2026-03-24 20:50:43.760,25.8
2026-03-24 20:50:44.400,26.28
2026-03-24 20:50:45.040,-26.88
2026-03-24 20:50:45.680,-14.88
2026-03-24 20:50:46.320,-3.36
2026-03-24 20:50:46.960,14.16
2026-03-24 20:50:47.600,20.88
2026-03-24 20:50:48.240,30.24
2026-03-24 20:50:48.880,19.68
2026-03-24 20:50:49.520,-37.8
2026-03-24 20:50:50.160,-27.36
2026-03-24 20:50:50.800,-10.92
2026-03-24 20:50:51.440,2.04
2026-03-24 20:50:52.080,19.56
2026-03-24 20:50:52.720,32.64
2026-03-24 20:50:53.360,17.4
2026-03-24 20:50:54.000,-36.24
2026-03-24 20:50:54.640,-22.68
2026-03-24 20:50:55.280,-6.72
2026-03-24 20:50:55.920,5.16
2026-03-24 20:50:56.560,15.12
2026-03-24 20:50:57.200,-5.28
2026-03-24 20:50:57.840,-20.76
2026-03-24 20:50:58.480,-1.92
2026-03-24 20:50:59.120,20.76
2026-03-24 20:50:59.760,30.6
2026-03-24 20:51:00.400,36.12
2026-03-24 20:51:01.040,35.16
2026-03-24 20:51:01.680,4.56
2026-03-24 20:51:02.320,-42.48
2026-03-24 20:51:02.960,-33.96
2026-03-24 20:51:03.600,-22.44
2026-03-24 20:51:04.240,-8.4
2026-03-24 20:51:04.880,0
2026-03-24 20:51:05.520,6
2026-03-24 20:51:06.160,17.52
2026-03-24 20:51:06.800,-0.36
2026-03-24 20:51:07.440,-11.64
2026-03-24 20:51:08.080,-1.32
2026-03-24 20:51:08.720,2.04
2026-03-24 20:51:09.360,13.44
2026-03-24 20:51:10.000,23.4
2026-03-24 20:51:10.640,23.16
2026-03-24 20:51:11.280,-24.12
2026-03-24 20:51:11.920,-13.2
2026-03-24 20:51:12.560,-3.96
2026-03-24 20:51:13.200,2.16
2026-03-24 20:51:13.840,13.2
2026-03-24 20:51:14.480,26.4
2026-03-24 20:51:15.120,38.88
2026-03-24 20:51:15.760,40.44
2026-03-24 20:51:16.400,-38.76
2026-03-24 20:51:17.040,-38.88
2026-03-24 20:51:17.680,-30
2026-03-24 20:51:18.320,-17.16
2026-03-24 20:51:18.960,-2.64
2026-03-24 20:51:19.600,0.12
2026-03-24 20:51:20.240,14.28
2026-03-24 20:51:20.880,14.16
2026-03-24 20:51:21.520,-12.12
2026-03-24 20:51:22.160,-3.84
2026-03-24 20:51:22.800,0.96
2026-03-24 20:51:23.440,3.36
2026-03-24 20:51:24.080,10.44
2026-03-24 20:51:24.720,12
2026-03-24 20:51:25.360,-5.52
2026-03-24 20:51:26.000,-2.64
2026-03-24 20:51:26.640,0
2026-03-24 20:51:27.280,19.08
2026-03-24 20:51:27.920,27.84
2026-03-24 20:51:28.560,30.36
2026-03-24 20:51:29.200,-35.88
2026-03-24 20:51:29.840,-27
2026-03-24 20:51:30.480,-17.4
2026-03-24 20:51:31.120,-3.72
2026-03-24 20:51:31.760,-2.4
2026-03-24 20:51:32.400,8.28
2026-03-24 20:51:33.040,20.4
2026-03-24 20:51:33.680,29.16
2026-03-24 20:51:34.320,-26.04
2026-03-24 20:51:34.960,-16.92
2026-03-24 20:51:35.600,-6.36
2026-03-24 20:51:36.240,3.96
2026-03-24 20:51:36.880,36.72
2026-03-24 20:51:37.520,39.72
2026-03-24 20:51:38.160,-11.4
2026-03-24 20:51:38.800,-27.6
2026-03-24 20:51:39.440,-23.88
2026-03-24 20:51:40.080,-12.84
2026-03-24 20:51:40.720,20.04
2026-03-24 20:51:41.360,28.2
2026-03-24 20:51:42.000,25.56
2026-03-24 20:51:42.640,-29.64
2026-03-24 20:51:43.280,-23.64
2026-03-24 20:51:43.920,-15
2026-03-24 20:51:44.560,-2.76
2026-03-24 20:51:45.200,16.32
2026-03-24 20:51:45.840,24.6
2026-03-24 20:51:46.480,-15.12
2026-03-24 20:51:47.120,-20.28
2026-03-24 20:51:47.760,-12.12
2026-03-24 20:51:48.400,-2.28
2026-03-24 20:51:49.040,19.56
2026-03-24 20:51:49.680,26.76
2026-03-24 20:51:50.320,34.8
2026-03-24 20:51:50.960,-35.76
2026-03-24 20:51:51.600,-29.4
2026-03-24 20:51:52.240,-20.64
2026-03-24 20:51:52.880,-8.4
2026-03-24 20:51:53.520,26.76
2026-03-24 20:51:54.160,30.72
2026-03-24 20:51:54.800,-11.52
2026-03-24 20:51:55.440,-29.4
2026-03-24 20:51:56.080,-10.56
2026-03-24 20:51:56.720,-4.2
2026-03-24 20:51:57.360,12.12
2026-03-24 20:51:58.000,-10.32
2026-03-24 20:51:58.640,-4.2
2026-03-24 20:51:59.280,-0.6
2026-03-24 20:51:59.920,0.48
2026-03-24 20:52:00.560,21.36
2026-03-24 20:52:01.200,25.8
2026-03-24 20:52:01.840,0
2026-03-24 20:52:02.480,-0.36
2026-03-24 20:52:03.120,-0.72
2026-03-24 20:52:03.760,-1.08
2026-03-24 20:52:04.400,-35.16
2026-03-24 20:52:05.040,-17.88
2026-03-24 20:52:05.680,-5.52
2026-03-24 20:52:06.320,23.04
2026-03-24 20:52:06.960,29.28
2026-03-24 20:52:07.600,22.56
2026-03-24 20:52:08.240,-32.52
2026-03-24 20:52:08.880,-24.6
2026-03-24 20:52:09.520,-10.2
2026-03-24 20:52:10.160,-0.48
2026-03-24 20:52:10.800,24.72
2026-03-24 20:52:11.440,34.2
2026-03-24 20:52:12.080,-38.28
2026-03-24 20:52:12.720,-29.52
2026-03-24 20:52:13.360,-13.92
2026-03-24 20:52:14.000,-3.96
2026-03-24 20:52:14.640,21.12
2026-03-24 20:52:15.280,31.56
2026-03-24 20:52:15.920,-32.64
2026-03-24 20:52:16.560,-21
2026-03-24 20:52:17.200,-8.52
2026-03-24 20:52:17.840,-2.88
2026-03-24 20:52:18.480,9.24
2026-03-24 20:52:19.120,7.08
2026-03-24 20:52:19.760,-8.88
2026-03-24 20:52:20.400,-1.44
2026-03-24 20:52:21.040,0.36
2026-03-24 20:52:21.680,20.16
2026-03-24 20:52:22.320,24.84
2026-03-24 20:52:22.960,-20.52
2026-03-24 20:52:23.600,-9.84
2026-03-24 20:52:24.240,-4.44
2026-03-24 20:52:24.880,1.68
2026-03-24 20:52:25.520,28.32
2026-03-24 20:52:26.160,29.64
2026-03-24 20:52:26.800,-27.84
2026-03-24 20:52:27.440,-14.04
2026-03-24 20:52:28.080,-14.04
2026-03-24 20:52:28.720,10.56
2026-03-24 20:52:29.360,27.72
2026-03-24 20:52:30.000,27.72
2026-03-24 20:52:30.640,-29.76
2026-03-24 20:52:31.280,-18.48
2026-03-24 20:52:31.920,-6.12
2026-03-24 20:52:32.560,16.8
2026-03-24 20:52:33.200,28.56
2026-03-24 20:52:33.840,-31.32
2026-03-24 20:52:34.480,-22.92
2026-03-24 20:52:35.120,-3.72
2026-03-24 20:52:35.760,14.4
2026-03-24 20:52:36.400,28.32
2026-03-24 20:52:37.040,-0.48
2026-03-24 20:52:37.680,-0.24
2026-03-24 20:52:38.320,-25.44
2026-03-24 20:52:38.960,-21.36
2026-03-24 20:52:39.600,34.56
2026-03-24 20:52:40.240,37.8
2026-03-24 20:52:40.880,32.04
2026-03-24 20:52:41.520,-27.36
2026-03-24 20:52:42.160,-34.2
2026-03-24 20:52:42.800,-26.52
2026-03-24 20:52:43.440,7.44
2026-03-24 20:52:44.080,25.92
2026-03-24 20:52:44.720,-6.6
2026-03-24 20:52:45.360,-34.68
2026-03-24 20:52:46.000,-20.64
2026-03-24 20:52:46.640,-12
2026-03-24 20:52:47.280,12.12
2026-03-24 20:52:47.920,33.24
2026-03-24 20:52:48.560,31.32
2026-03-24 20:52:49.200,-11.4
2026-03-24 20:52:49.840,-30
2026-03-24 20:52:50.480,-21.36
2026-03-24 20:52:51.120,-6.84
2026-03-24 20:52:51.760,18.96
2026-03-24 20:52:52.400,22.44
2026-03-24 20:52:53.040,-19.68
2026-03-24 20:52:53.680,-12.12
2026-03-24 20:52:54.320,-1.92
2026-03-24 20:52:54.960,17.28
2026-03-24 20:52:55.600,13.68
2026-03-24 20:52:56.240,-20.88
2026-03-24 20:52:56.880,-9.72
2026-03-24 20:52:57.520,-4.56
2026-03-24 20:52:58.160,19.32
2026-03-24 20:52:58.800,29.52
2026-03-24 20:52:59.440,28.32
2026-03-24 20:53:00.080,-33.24
2026-03-24 20:53:00.720,-28.44
2026-03-24 20:53:01.360,-12.48
2026-03-24 20:53:02.000,-5.64
2026-03-24 20:53:02.640,13.08
2026-03-24 20:53:03.280,25.08
2026-03-24 20:53:03.920,23.64
2026-03-24 20:53:04.560,-27.6
2026-03-24 20:53:05.200,-18.12
2026-03-24 20:53:05.840,-6.96
2026-03-24 20:53:06.480,-0.36
2026-03-24 20:53:07.120,18.36
2026-03-24 20:53:07.760,23.16
2026-03-24 20:53:08.400,-23.04
2026-03-24 20:53:09.040,-15.24
2026-03-24 20:53:09.680,-5.64
2026-03-24 20:53:10.320,1.32
2026-03-24 20:53:10.960,22.2
2026-03-24 20:53:11.600,28.08
2026-03-24 20:53:12.240,21.6
2026-03-24 20:53:12.880,-25.08
2026-03-24 20:53:13.520,-20.28
2026-03-24 20:53:14.160,-13.2
2026-03-24 20:53:14.800,2.52
2026-03-24 20:53:15.440,14.28
2026-03-24 20:53:16.080,17.88
2026-03-24 20:53:16.720,-18.12
2026-03-24 20:53:17.360,0.84
2026-03-24 20:53:18.000,-0.84
2026-03-24 20:53:18.640,-0.36
2026-03-24 20:53:19.280,-0.12
2026-03-24 20:53:19.920,0.36
2026-03-24 20:53:20.560,0.72
2026-03-24 20:53:21.200,5.4
2026-03-24 20:53:21.840,36.24
2026-03-24 20:53:22.480,29.16
2026-03-24 20:53:23.120,-22.56
2026-03-24 20:53:23.760,-37.92
2026-03-24 20:53:24.400,-25.56
2026-03-24 20:53:25.040,-8.64
2026-03-24 20:53:25.680,17.4
2026-03-24 20:53:26.320,26.76
2026-03-24 20:53:26.960,30.84
2026-03-24 20:53:27.600,-34.68
2026-03-24 20:53:28.240,-30.6
2026-03-24 20:53:28.880,-22.32
2026-03-24 20:53:29.520,-9.12
2026-03-24 20:53:30.160,14.16
2026-03-24 20:53:30.800,26.64
2026-03-24 20:53:31.440,3.24
2026-03-24 20:53:32.080,-24.36
2026-03-24 20:53:32.720,-11.88
2026-03-24 20:53:33.360,-4.8
2026-03-24 20:53:34.000,18.48
2026-03-24 20:53:34.640,27.12
2026-03-24 20:53:35.280,1.56
2026-03-24 20:53:35.920,-23.16
2026-03-24 20:53:36.560,-15.72
2026-03-24 20:53:37.200,-1.56
2026-03-24 20:53:37.840,16.92
2026-03-24 20:53:38.480,25.8
2026-03-24 20:53:39.120,-15.84
2026-03-24 20:53:39.760,-25.56
2026-03-24 20:53:40.400,-11.76
2026-03-24 20:53:41.040,-2.28
2026-03-24 20:53:41.680,17.52
2026-03-24 20:53:42.320,25.56
2026-03-24 20:53:42.960,15.24
2026-03-24 20:53:43.600,-26.52
2026-03-24 20:53:44.240,-19.32
2026-03-24 20:53:44.880,-7.56
2026-03-24 20:53:45.520,3.84
2026-03-24 20:53:46.160,20.52
2026-03-24 20:53:46.800,14.64
2026-03-24 20:53:47.440,-23.52
2026-03-24 20:53:48.080,-15.24
2026-03-24 20:53:48.720,-1.08
2026-03-24 20:53:49.360,13.68
2026-03-24 20:53:50.000,24.24
2026-03-24 20:53:50.640,11.64
2026-03-24 20:53:51.280,-23.88
2026-03-24 20:53:51.920,-14.64
2026-03-24 20:53:52.560,-4.32
2026-03-24 20:53:53.200,1.68
2026-03-24 20:53:53.840,13.68
2026-03-24 20:53:54.480,2.04
2026-03-24 20:53:55.120,-9.24
2026-03-24 20:53:55.760,-1.8
2026-03-24 20:53:56.400,0.6
2026-03-24 20:53:57.040,23.76
2026-03-24 20:53:57.680,27.6
2026-03-24 20:53:58.320,-28.8
2026-03-24 20:53:58.960,-24.96
2026-03-24 20:53:59.600,-12.96
2026-03-24 20:54:00.240,-5.64
2026-03-24 20:54:00.880,15.36
2026-03-24 20:54:01.520,28.68
2026-03-24 20:54:02.160,17.16
2026-03-24 20:54:02.800,-30.84
2026-03-24 20:54:03.440,-16.2
2026-03-24 20:54:04.080,0.6
2026-03-24 20:54:04.720,24.72
2026-03-24 20:54:05.360,35.64
2026-03-24 20:54:06.000,-31.32
2026-03-24 20:54:06.640,-21.96
2026-03-24 20:54:07.280,-7.92
2026-03-24 20:54:07.920,0
2026-03-24 20:54:08.560,19.92
2026-03-24 20:54:09.200,23.76
2026-03-24 20:54:09.840,-23.4
2026-03-24 20:54:10.480,-12.12
2026-03-24 20:54:11.120,-3.96
2026-03-24 20:54:11.760,-0.48
2026-03-24 20:54:12.400,11.16
2026-03-24 20:54:13.040,-0.6
2026-03-24 20:54:13.680,-7.92
2026-03-24 20:54:14.320,0.36
2026-03-24 20:54:14.960,-0.36
2026-03-24 20:54:15.600,5.76
2026-03-24 20:54:16.240,23.76
2026-03-24 20:54:16.880,27
2026-03-24 20:54:17.520,-9.96
2026-03-24 20:54:18.160,-0.36
2026-03-24 20:54:18.800,-26.16
2026-03-24 20:54:19.440,-0.36
2026-03-24 20:54:20.080,9.96
2026-03-24 20:54:20.720,-0.72
2026-03-24 20:54:21.360,-0.24
2026-03-24 20:54:22.000,-0.6
2026-03-24 20:54:22.640,0.72
2026-03-24 20:54:23.280,4.56
2026-03-24 20:54:23.920,39.6
2026-03-24 20:54:24.560,43.68
2026-03-24 20:54:25.200,39.48
2026-03-24 20:54:25.840,40.92
2026-03-24 20:54:26.480,42.48
2026-03-24 20:54:27.120,-51.84
2026-03-24 20:54:27.760,-46.8
2026-03-24 20:54:28.400,-34.32
2026-03-24 20:54:29.040,-20.64
2026-03-24 20:54:29.680,-6
2026-03-24 20:54:30.320,12.96
2026-03-24 20:54:30.960,35.4
2026-03-24 20:54:31.600,37.68
2026-03-24 20:54:32.240,14.76
2026-03-24 20:54:32.880,-29.16
2026-03-24 20:54:33.520,-16.8
2026-03-24 20:54:34.160,-1.68
2026-03-24 20:54:34.800,4.44
2026-03-24 20:54:35.440,14.4
2026-03-24 20:54:36.080,28.92
2026-03-24 20:54:36.720,13.68
2026-03-24 20:54:37.360,-16.08
2026-03-24 20:54:38.000,-8.16
2026-03-24 20:54:38.640,-0.24
2026-03-24 20:54:39.280,3.24
2026-03-24 20:54:39.920,9.48
2026-03-24 20:54:40.560,20.88
2026-03-24 20:54:41.200,20.76
2026-03-24 20:54:41.840,-18.12
2026-03-24 20:54:42.480,-11.16
2026-03-24 20:54:43.120,-1.2
2026-03-24 20:54:43.760,0.24
2026-03-24 20:54:44.400,9.84
2026-03-24 20:54:45.040,26.88
2026-03-24 20:54:45.680,-20.52
2026-03-24 20:54:46.320,-8.16
2026-03-24 20:54:46.960,-1.08
2026-03-24 20:54:47.600,0.96
2026-03-24 20:54:48.240,1.56
2026-03-24 20:54:48.880,1.68
2026-03-24 20:54:49.520,1.8
2026-03-24 20:54:50.160,2.16
2026-03-24 20:54:50.800,-11.16
2026-03-24 20:54:51.440,20.64
2026-03-24 20:54:52.080,26.76
2026-03-24 20:54:52.720,29.88
2026-03-24 20:54:53.360,-30.24
2026-03-24 20:54:54.000,-24.12
2026-03-24 20:54:54.640,-18
2026-03-24 20:54:55.280,-8.64
2026-03-24 20:54:55.920,-3.84
2026-03-24 20:54:56.560,25.2
2026-03-24 20:54:57.200,34.56
2026-03-24 20:54:57.840,28.92
2026-03-24 20:54:58.480,-31.68
2026-03-24 20:54:59.120,-27.24
2026-03-24 20:54:59.760,-14.28
2026-03-24 20:55:00.400,-5.76
2026-03-24 20:55:01.040,9.48
2026-03-24 20:55:01.680,27.6
2026-03-24 20:55:02.320,29.04
2026-03-24 20:55:02.960,-27.36
2026-03-24 20:55:03.600,-21.48
2026-03-24 20:55:04.240,-15.72
2026-03-24 20:55:04.880,-3
2026-03-24 20:55:05.520,16.56
2026-03-24 20:55:06.160,19.8
2026-03-24 20:55:06.800,-15.72
2026-03-24 20:55:07.440,-8.16
2026-03-24 20:55:08.080,-5.16
2026-03-24 20:55:08.720,0.6
2026-03-24 20:55:09.360,12.84
2026-03-24 20:55:10.000,26.4
2026-03-24 20:55:10.640,21.6
2026-03-24 20:55:11.280,-25.8
2026-03-24 20:55:11.920,-20.4
2026-03-24 20:55:12.560,-7.32
2026-03-24 20:55:13.200,9.84
2026-03-24 20:55:13.840,26.88
2026-03-24 20:55:14.480,28.68
2026-03-24 20:55:15.120,16.2
2026-03-24 20:55:15.760,-30.48
2026-03-24 20:55:16.400,-26.16
2026-03-24 20:55:17.040,-13.08
2026-03-24 20:55:17.680,-5.28
2026-03-24 20:55:18.320,10.08
2026-03-24 20:55:18.960,19.92
2026-03-24 20:55:19.600,-1.56
2026-03-24 20:55:20.240,-15.24
2026-03-24 20:55:20.880,-7.68
2026-03-24 20:55:21.520,-3.24
2026-03-24 20:55:22.160,6.96
2026-03-24 20:55:22.800,22.56
2026-03-24 20:55:23.440,28.44
2026-03-24 20:55:24.080,0.96
2026-03-24 20:55:24.720,-23.64
2026-03-24 20:55:25.360,-17.52
2026-03-24 20:55:26.000,-6.36
2026-03-24 20:55:26.640,-2.28
2026-03-24 20:55:27.280,8.76
2026-03-24 20:55:27.920,21.6
2026-03-24 20:55:28.560,-15
2026-03-24 20:55:29.200,-15.12
2026-03-24 20:55:29.840,-5.28
2026-03-24 20:55:30.480,20.4
2026-03-24 20:55:31.120,28.8
2026-03-24 20:55:31.760,-27.36
2026-03-24 20:55:32.400,-23.4
2026-03-24 20:55:33.040,-9.48
2026-03-24 20:55:33.680,21.36
2026-03-24 20:55:34.320,27
2026-03-24 20:55:34.960,5.16
2026-03-24 20:55:35.600,-22.92
2026-03-24 20:55:36.240,-18.72
2026-03-24 20:55:36.880,-9
2026-03-24 20:55:37.520,12.6
2026-03-24 20:55:38.160,22.92
2026-03-24 20:55:38.800,23.52
2026-03-24 20:55:39.440,-26.52
2026-03-24 20:55:40.080,-21.36
2026-03-24 20:55:40.720,-10.08
2026-03-24 20:55:41.360,0
2026-03-24 20:55:42.000,16.32
2026-03-24 20:55:42.640,36.36
2026-03-24 20:55:43.280,44.64
2026-03-24 20:55:43.920,-34.92
2026-03-24 20:55:44.560,-31.2
2026-03-24 20:55:45.200,-25.08
2026-03-24 20:55:45.840,-12.6
2026-03-24 20:55:46.480,8.16
2026-03-24 20:55:47.120,20.4
2026-03-24 20:55:47.760,15.48
2026-03-24 20:55:48.400,-19.08
2026-03-24 20:55:49.040,-16.68
2026-03-24 20:55:49.680,-11.04
2026-03-24 20:55:50.320,12.6
2026-03-24 20:55:50.960,21.96
2026-03-24 20:55:51.600,2.88
2026-03-24 20:55:52.240,-16.32
2026-03-24 20:55:52.880,-10.56
2026-03-24 20:55:53.520,-2.4
2026-03-24 20:55:54.160,16.08
2026-03-24 20:55:54.800,22.2
2026-03-24 20:55:55.440,-14.28
2026-03-24 20:55:56.080,-18.72
2026-03-24 20:55:56.720,-7.92
2026-03-24 20:55:57.360,0.12
2026-03-24 20:55:58.000,0.72
2026-03-24 20:55:58.640,-14.4
2026-03-24 20:55:59.280,-17.28
2026-03-24 20:55:59.920,23.88
2026-03-24 20:56:00.560,43.56
2026-03-24 20:56:01.200,12.96
2026-03-24 20:56:01.840,-31.44
2026-03-24 20:56:02.480,-16.2
2026-03-24 20:56:03.120,20.16
2026-03-24 20:56:03.760,33.48
2026-03-24 20:56:04.400,-27.24
2026-03-24 20:56:05.040,-24.72
2026-03-24 20:56:05.680,-11.52
2026-03-24 20:56:06.320,6.96
2026-03-24 20:56:06.960,23.88
2026-03-24 20:56:07.600,6.72
2026-03-24 20:56:08.240,-17.28
2026-03-24 20:56:08.880,-9.96
2026-03-24 20:56:09.520,-5.4
2026-03-24 20:56:10.160,6.96
2026-03-24 20:56:10.800,17.52
2026-03-24 20:56:11.440,-11.16
2026-03-24 20:56:12.080,-5.4
2026-03-24 20:56:12.720,-3.96
2026-03-24 20:56:13.360,-2.04
2026-03-24 20:56:14.000,14.64
2026-03-24 20:56:14.640,33
2026-03-24 20:56:15.280,20.64
2026-03-24 20:56:15.920,-23.16
2026-03-24 20:56:16.560,-18.84
2026-03-24 20:56:17.200,-9.48
2026-03-24 20:56:17.840,-5.4
2026-03-24 20:56:18.480,18
2026-03-24 20:56:19.120,22.44
2026-03-24 20:56:19.760,5.28
2026-03-24 20:56:20.400,-23.16
2026-03-24 20:56:21.040,-15.6
2026-03-24 20:56:21.680,-9.96
2026-03-24 20:56:22.320,9.72
2026-03-24 20:56:22.960,26.76
2026-03-24 20:56:23.600,18.84
2026-03-24 20:56:24.240,-25.32
2026-03-24 20:56:24.880,-17.76
2026-03-24 20:56:25.520,-6
2026-03-24 20:56:26.160,18
2026-03-24 20:56:26.800,39.72
2026-03-24 20:56:27.440,37.92
2026-03-24 20:56:28.080,-30.36
2026-03-24 20:56:28.720,-28.8
2026-03-24 20:56:29.360,-24.84
2026-03-24 20:56:30.000,-15.12
2026-03-24 20:56:30.640,9.12
2026-03-24 20:56:31.280,22.56
2026-03-24 20:56:31.920,-21.6
2026-03-24 20:56:32.560,-15.96
2026-03-24 20:56:33.200,-6.96
2026-03-24 20:56:33.840,3.6
2026-03-24 20:56:34.480,14.76
2026-03-24 20:56:35.120,-11.28
2026-03-24 20:56:35.760,-7.92
2026-03-24 20:56:36.400,-2.28
2026-03-24 20:56:37.040,4.8
2026-03-24 20:56:37.680,21.24
2026-03-24 20:56:38.320,-16.08
2026-03-24 20:56:38.960,-11.76
2026-03-24 20:56:39.600,-0.48
2026-03-24 20:56:40.240,17.16
2026-03-24 20:56:40.880,31.08
2026-03-24 20:56:41.520,11.16
2026-03-24 20:56:42.160,-30.96
2026-03-24 20:56:42.800,-11.64
2026-03-24 20:56:43.440,-2.76
2026-03-24 20:56:44.080,45
2026-03-24 20:56:44.720,37.2
2026-03-24 20:56:45.360,-44.28
2026-03-24 20:56:46.000,-43.8
2026-03-24 20:56:46.640,-26.16
2026-03-24 20:56:47.280,-11.28
2026-03-24 20:56:47.920,22.2
2026-03-24 20:56:48.560,27.6
2026-03-24 20:56:49.200,-29.04
2026-03-24 20:56:49.840,-13.68
2026-03-24 20:56:50.480,0
2026-03-24 20:56:51.120,33.12
2026-03-24 20:56:51.760,24
2026-03-24 20:56:52.400,-28.92
2026-03-24 20:56:53.040,-10.32
2026-03-24 20:56:53.680,-1.44
2026-03-24 20:56:54.320,22.44
2026-03-24 20:56:54.960,23.64
2026-03-24 20:56:55.600,-23.28
2026-03-24 20:56:56.240,-11.04
2026-03-24 20:56:56.880,-1.44
2026-03-24 20:56:57.520,23.28
2026-03-24 20:56:58.160,31.44
2026-03-24 20:56:58.800,-32.28
2026-03-24 20:56:59.440,-21.48
2026-03-24 20:57:00.080,-8.64
2026-03-24 20:57:00.720,-0.96
2026-03-24 20:57:01.360,19.92
2026-03-24 20:57:02.000,28.44
2026-03-24 20:57:02.640,-16.68
2026-03-24 20:57:03.280,-21.96
2026-03-24 20:57:03.920,-12.24
2026-03-24 20:57:04.560,-6.12
2026-03-24 20:57:05.200,3.96
2026-03-24 20:57:05.840,9.36
2026-03-24 20:57:06.480,-7.92
2026-03-24 20:57:07.120,-6.6
2026-03-24 20:57:07.760,-2.04
2026-03-24 20:57:08.400,-0.24
2026-03-24 20:57:09.040,20.16
2026-03-24 20:57:09.680,28.32
2026-03-24 20:57:10.320,19.2
2026-03-24 20:57:10.960,-29.88
2026-03-24 20:57:11.600,-15.6
2026-03-24 20:57:12.240,8.4
2026-03-24 20:57:12.880,29.16
2026-03-24 20:57:13.520,1.8
2026-03-24 20:57:14.160,0
2026-03-24 20:57:14.800,-15.84
2026-03-24 20:57:15.440,-8.76
2026-03-24 20:57:16.080,-0.84
2026-03-24 20:57:16.720,-0.6
2026-03-24 20:57:17.360,-0.96
2026-03-24 20:57:18.000,9.48
2026-03-24 20:57:18.640,33.48
2026-03-24 20:57:19.280,36
2026-03-24 20:57:19.920,36.84
2026-03-24 20:57:20.560,31.44
2026-03-24 20:57:21.200,-45
2026-03-24 20:57:21.840,-43.32
2026-03-24 20:57:22.480,-35.4
2026-03-24 20:57:23.120,-24.72
2026-03-24 20:57:23.760,-9.48
2026-03-24 20:57:24.400,5.76
2026-03-24 20:57:25.040,23.76
2026-03-24 20:57:25.680,31.92
2026-03-24 20:57:26.320,-27.96
2026-03-24 20:57:26.960,-17.88
2026-03-24 20:57:27.600,-4.56
2026-03-24 20:57:28.240,2.76
2026-03-24 20:57:28.880,17.88
2026-03-24 20:57:29.520,30.72
2026-03-24 20:57:30.160,-18.96
2026-03-24 20:57:30.800,-9.36
2026-03-24 20:57:31.440,-1.32
2026-03-24 20:57:32.080,10.08
2026-03-24 20:57:32.720,26.76
2026-03-24 20:57:33.360,32.04
2026-03-24 20:57:34.000,-26.4
2026-03-24 20:57:34.640,-18.24
2026-03-24 20:57:35.280,-7.08
2026-03-24 20:57:35.920,1.44
2026-03-24 20:57:36.560,14.4
2026-03-24 20:57:37.200,29.04
2026-03-24 20:57:37.840,24.72
2026-03-24 20:57:38.480,-24.6
2026-03-24 20:57:39.120,-17.88
2026-03-24 20:57:39.760,-7.8
2026-03-24 20:57:40.400,0.72
2026-03-24 20:57:41.040,16.44
2026-03-24 20:57:41.680,28.8
2026-03-24 20:57:42.320,-25.92
2026-03-24 20:57:42.960,-17.04
2026-03-24 20:57:43.600,-5.76
2026-03-24 20:57:44.240,6.6
2026-03-24 20:57:44.880,25.32
2026-03-24 20:57:45.520,28.08
2026-03-24 20:57:46.160,-18.96
2026-03-24 20:57:46.800,-18.72
2026-03-24 20:57:47.440,0
2026-03-24 20:57:48.080,-0.36
2026-03-24 20:57:48.720,-1.08
2026-03-24 20:57:49.360,0
2026-03-24 20:57:50.000,1.8
2026-03-24 20:57:50.640,16.68
2026-03-24 20:57:51.280,3.96
2026-03-24 20:57:51.920,-7.44
2026-03-24 20:57:52.560,-0.96
2026-03-24 20:57:53.200,-0.48
2026-03-24 20:57:53.840,-0.48
2026-03-24 20:57:54.480,1.32
2026-03-24 20:57:55.120,28.44
2026-03-24 20:57:55.760,34.44
2026-03-24 20:57:56.400,-2.64
2026-03-24 20:57:57.040,-1.56
2026-03-24 20:57:57.680,1.92
2026-03-24 20:57:58.320,-3
2026-03-24 20:57:58.960,-24.72
2026-03-24 20:57:59.600,11.88
2026-03-24 20:58:00.240,25.44
2026-03-24 20:58:00.880,16.8
2026-03-24 20:58:01.520,-30.12
2026-03-24 20:58:02.160,-21.24
2026-03-24 20:58:02.800,-3
2026-03-24 20:58:03.440,18.84
2026-03-24 20:58:04.080,27.24
2026-03-24 20:58:04.720,-6.24
2026-03-24 20:58:05.360,-31.32
2026-03-24 20:58:06.000,-16.92
2026-03-24 20:58:06.640,-2.16
2026-03-24 20:58:07.280,22.44
2026-03-24 20:58:07.920,33.6
2026-03-24 20:58:08.560,-14.4
2026-03-24 20:58:09.200,-32.52
2026-03-24 20:58:09.840,-23.16
2026-03-24 20:58:10.480,-5.88
2026-03-24 20:58:11.120,23.4
2026-03-24 20:58:11.760,30.6
2026-03-24 20:58:12.400,-18.12
2026-03-24 20:58:13.040,-29.52
2026-03-24 20:58:13.680,-16.56
2026-03-24 20:58:14.320,-1.68
2026-03-24 20:58:14.960,22.44
2026-03-24 20:58:15.600,28.68
2026-03-24 20:58:16.240,27.96
2026-03-24 20:58:16.880,-29.76
2026-03-24 20:58:17.520,-27.48
2026-03-24 20:58:18.160,-17.76
2026-03-24 20:58:18.800,-6.96
2026-03-24 20:58:19.440,11.88
2026-03-24 20:58:20.080,19.8
2026-03-24 20:58:20.720,3.84
2026-03-24 20:58:21.360,-17.04
2026-03-24 20:58:22.000,-7.32
2026-03-24 20:58:22.640,6.24
2026-03-24 20:58:23.280,17.52
2026-03-24 20:58:23.920,18.48
2026-03-24 20:58:24.560,-14.4
2026-03-24 20:58:25.200,-9
2026-03-24 20:58:25.840,-9.48
2026-03-24 20:58:26.480,1.92
2026-03-24 20:58:27.120,24.24
2026-03-24 20:58:27.760,25.08
2026-03-24 20:58:28.400,-21.96
2026-03-24 20:58:29.040,-18.6
2026-03-24 20:58:29.680,-10.92
2026-03-24 20:58:30.320,1.08
2026-03-24 20:58:30.960,18.12
2026-03-24 20:58:31.600,12.6
2026-03-24 20:58:32.240,-13.2
2026-03-24 20:58:32.880,-9.12
2026-03-24 20:58:33.520,-3.84
2026-03-24 20:58:34.160,9.12
2026-03-24 20:58:34.800,13.32
2026-03-24 20:58:35.440,-12.6
2026-03-24 20:58:36.080,-8.76
2026-03-24 20:58:36.720,-3.84
2026-03-24 20:58:37.360,4.56
2026-03-24 20:58:38.000,16.56
2026-03-24 20:58:38.640,11.64
2026-03-24 20:58:39.280,-12.12
2026-03-24 20:58:39.920,-10.44
2026-03-24 20:58:40.560,-2.88
2026-03-24 20:58:41.200,14.76
2026-03-24 20:58:41.840,26.52
2026-03-24 20:58:42.480,31.32
2026-03-24 20:58:43.120,-27
2026-03-24 20:58:43.760,-20.16
2026-03-24 20:58:44.400,-8.52
2026-03-24 20:58:45.040,34.92
2026-03-24 20:58:45.680,41.52
2026-03-24 20:58:46.320,32.16
2026-03-24 20:58:46.960,-43.56
2026-03-24 20:58:47.600,-34.92
2026-03-24 20:58:48.240,-20.16
2026-03-24 20:58:48.880,14.88
2026-03-24 20:58:49.520,28.92
2026-03-24 20:58:50.160,6.36
2026-03-24 20:58:50.800,-24.48
2026-03-24 20:58:51.440,-17.88
2026-03-24 20:58:52.080,-10.32
2026-03-24 20:58:52.720,20.64
2026-03-24 20:58:53.360,26.52
2026-03-24 20:58:54.000,-0.24
2026-03-24 20:58:54.640,-2.28
2026-03-24 20:58:55.280,-6.72
2026-03-24 20:58:55.920,-22.56
2026-03-24 20:58:56.560,40.08
2026-03-24 20:58:57.200,36.84
2026-03-24 20:58:57.840,-8.52
2026-03-24 20:58:58.480,-1.68
2026-03-24 20:58:59.120,-1.56
2026-03-24 20:58:59.760,-37.92
2026-03-24 20:59:00.400,-21.84
2026-03-24 20:59:01.040,-5.52
2026-03-24 20:59:01.680,18.36
2026-03-24 20:59:02.320,31.2
2026-03-24 20:59:02.960,-16.08
2026-03-24 20:59:03.600,-23.04
2026-03-24 20:59:04.240,-10.68
2026-03-24 20:59:04.880,-3.12
2026-03-24 20:59:05.520,16.92
2026-03-24 20:59:06.160,28.68
2026-03-24 20:59:06.800,1.8
2026-03-24 20:59:07.440,-22.56
2026-03-24 20:59:08.080,-11.4
2026-03-24 20:59:08.720,-3.96
2026-03-24 20:59:09.360,17.76
2026-03-24 20:59:10.000,21.24
2026-03-24 20:59:10.640,-19.68
2026-03-24 20:59:11.280,-11.76
2026-03-24 20:59:11.920,-4.8
2026-03-24 20:59:12.560,2.52
2026-03-24 20:59:13.200,25.32
2026-03-24 20:59:13.840,32.16
2026-03-24 20:59:14.480,21.48
2026-03-24 20:59:15.120,-29.76
2026-03-24 20:59:15.760,-24.48
2026-03-24 20:59:16.400,-11.04
2026-03-24 20:59:17.040,7.8
2026-03-24 20:59:17.680,33.96
2026-03-24 20:59:18.320,38.64
2026-03-24 20:59:18.960,-31.56
2026-03-24 20:59:19.600,-29.4
2026-03-24 20:59:20.240,-18
2026-03-24 20:59:20.880,-8.88
2026-03-24 20:59:21.520,15.24
2026-03-24 20:59:22.160,15.6
2026-03-24 20:59:22.800,-16.44
2026-03-24 20:59:23.440,-11.28
2026-03-24 20:59:24.080,-5.04
2026-03-24 20:59:24.720,16.68
2026-03-24 20:59:25.360,0
2026-03-24 20:59:26.000,-9
2026-03-24 20:59:26.640,-2.52
2026-03-24 20:59:27.280,-3.36
2026-03-24 20:59:27.920,16.44
2026-03-24 20:59:28.560,19.68
2026-03-24 20:59:29.200,-14.16
2026-03-24 20:59:29.840,-11.04
2026-03-24 20:59:30.480,-3.72
2026-03-24 20:59:31.120,18
2026-03-24 20:59:31.760,34.32
2026-03-24 20:59:32.400,-28.68
2026-03-24 20:59:33.040,-20.64
2026-03-24 20:59:33.680,-9.72
2026-03-24 20:59:34.320,7.08
2026-03-24 20:59:34.960,34.92
2026-03-24 20:59:35.600,33.24
2026-03-24 20:59:36.240,-27.12
2026-03-24 20:59:36.880,-29.52
2026-03-24 20:59:37.520,-22.92
2026-03-24 20:59:38.160,-9.24
2026-03-24 20:59:38.800,20.52
2026-03-24 20:59:39.440,28.32
2026-03-24 20:59:40.080,5.16
2026-03-24 20:59:40.720,-27.36
2026-03-24 20:59:41.360,-19.08
2026-03-24 20:59:42.000,-8.76
2026-03-24 20:59:42.640,15.48
2026-03-24 20:59:43.280,24.72
2026-03-24 20:59:43.920,25.2
2026-03-24 20:59:44.560,-24
2026-03-24 20:59:45.200,-19.32
2026-03-24 20:59:45.840,-9.6
2026-03-24 20:59:46.480,18.24
2026-03-24 20:59:47.120,36.72
2026-03-24 20:59:47.760,17.64
2026-03-24 20:59:48.400,-31.8
2026-03-24 20:59:49.040,-0.48
2026-03-24 20:59:49.680,-0.84
2026-03-24 20:59:50.320,-1.2
2026-03-24 20:59:50.960,-0.48
2026-03-24 20:59:51.600,0.6
2026-03-24 20:59:52.240,-21.24
2026-03-24 20:59:52.880,17.64
2026-03-24 20:59:53.520,33.84
2026-03-24 20:59:54.160,26.52
2026-03-24 20:59:54.800,-2.88
2026-03-24 20:59:55.440,-2.28
2026-03-24 20:59:56.080,-2.76
2026-03-24 20:59:56.720,-2.88
2026-03-24 20:59:57.360,-3.48
2026-03-24 20:59:58.000,-2.64
2026-03-24 20:59:58.640,-36.12
2026-03-24 20:59:59.280,-22.92
2026-03-24 20:59:59.920,-11.04
2026-03-24 21:00:00.560,-3.48
2026-03-24 21:00:01.200,24.84
2026-03-24 21:00:01.840,26.28
2026-03-24 21:00:02.480,-19.56
2026-03-24 21:00:03.120,-21.36
2026-03-24 21:00:03.760,-9.24
2026-03-24 21:00:04.400,-1.92
2026-03-24 21:00:05.040,21.72
2026-03-24 21:00:05.680,29.16
2026-03-24 21:00:06.320,33.6
2026-03-24 21:00:06.960,6
2026-03-24 21:00:07.600,-31.92
2026-03-24 21:00:08.240,-23.04
2026-03-24 21:00:08.880,-14.76
2026-03-24 21:00:09.520,-3.24
2026-03-24 21:00:10.160,20.28
2026-03-24 21:00:10.800,24.72
2026-03-24 21:00:11.440,-10.92
2026-03-24 21:00:12.080,-19.08
2026-03-24 21:00:12.720,-10.8
2026-03-24 21:00:13.360,17.76
2026-03-24 21:00:14.000,20.52
2026-03-24 21:00:14.640,-4.8
2026-03-24 21:00:15.280,-21.12
2026-03-24 21:00:15.920,-11.88
2026-03-24 21:00:16.560,-2.16
2026-03-24 21:00:17.200,30.6
2026-03-24 21:00:17.840,35.64
2026-03-24 21:00:18.480,-8.64
2026-03-24 21:00:19.120,-28.92
2026-03-24 21:00:19.760,-20.64
2026-03-24 21:00:20.400,-11.76
2026-03-24 21:00:21.040,14.04
2026-03-24 21:00:21.680,22.92
2026-03-24 21:00:22.320,20.4
2026-03-24 21:00:22.960,-22.56
2026-03-24 21:00:23.600,-17.28
2026-03-24 21:00:24.240,-5.28
2026-03-24 21:00:24.880,17.88
2026-03-24 21:00:25.520,21.12
2026-03-24 21:00:26.160,-18.24
2026-03-24 21:00:26.800,-20.04
2026-03-24 21:00:27.440,-11.04
2026-03-24 21:00:28.080,0.96
2026-03-24 21:00:28.720,15.36
2026-03-24 21:00:29.360,10.2
2026-03-24 21:00:30.000,-11.4
2026-03-24 21:00:30.640,-9.6
2026-03-24 21:00:31.280,-2.4
2026-03-24 21:00:31.920,15.24
2026-03-24 21:00:32.560,23.76
2026-03-24 21:00:33.200,34.8
2026-03-24 21:00:33.840,11.76
2026-03-24 21:00:34.480,-31.92
2026-03-24 21:00:35.120,-24.96
2026-03-24 21:00:35.760,-13.92
2026-03-24 21:00:36.400,-1.44
2026-03-24 21:00:37.040,15.36
2026-03-24 21:00:37.680,13.44
2026-03-24 21:00:38.320,-21.48
2026-03-24 21:00:38.960,-7.8
2026-03-24 21:00:39.600,7.44
2026-03-24 21:00:40.240,32.28
2026-03-24 21:00:40.880,36.6
2026-03-24 21:00:41.520,-29.04
2026-03-24 21:00:42.160,-26.88
2026-03-24 21:00:42.800,-14.88
2026-03-24 21:00:43.440,-1.92
2026-03-24 21:00:44.080,20.16
2026-03-24 21:00:44.720,24
2026-03-24 21:00:45.360,-21.84
2026-03-24 21:00:46.000,-19.08
2026-03-24 21:00:46.640,-8.88
2026-03-24 21:00:47.280,-5.88
2026-03-24 21:00:47.920,19.68
2026-03-24 21:00:48.560,28.2
2026-03-24 21:00:49.200,-23.88
2026-03-24 21:00:49.840,-14.52
2026-03-24 21:00:50.480,-4.32
2026-03-24 21:00:51.120,15.48
2026-03-24 21:00:51.760,27.96
2026-03-24 21:00:52.400,-22.56
2026-03-24 21:00:53.040,-16.32
2026-03-24 21:00:53.680,-4.68
2026-03-24 21:00:54.320,21.36
2026-03-24 21:00:54.960,35.76
2026-03-24 21:00:55.600,23.16
2026-03-24 21:00:56.240,-33.24
2026-03-24 21:00:56.880,-23.64
2026-03-24 21:00:57.520,-8.64
2026-03-24 21:00:58.160,3.96
2026-03-24 21:00:58.800,25.92
2026-03-24 21:00:59.440,30.24
2026-03-24 21:01:00.080,16.44
2026-03-24 21:01:00.720,-30.48
2026-03-24 21:01:01.360,-25.44
2026-03-24 21:01:02.000,-13.44
2026-03-24 21:01:02.640,-17.16
2026-03-24 21:01:03.280,19.44
2026-03-24 21:01:03.920,27.84
2026-03-24 21:01:04.560,-15.24
2026-03-24 21:01:05.200,-21.84
2026-03-24 21:01:05.840,-12.36
2026-03-24 21:01:06.480,-0.36
2026-03-24 21:01:07.120,23.64
2026-03-24 21:01:07.760,-17.88
2026-03-24 21:01:08.400,-8.52
2026-03-24 21:01:09.040,6.24
2026-03-24 21:01:09.680,33.6
2026-03-24 21:01:10.320,34.56
2026-03-24 21:01:10.960,19.68
2026-03-24 21:01:11.600,-34.08
2026-03-24 21:01:12.240,-25.92
2026-03-24 21:01:12.880,-10.08
2026-03-24 21:01:13.520,-1.92
2026-03-24 21:01:14.160,12
2026-03-24 21:01:14.800,-4.08
2026-03-24 21:01:15.440,-6.72
2026-03-24 21:01:16.080,-2.64
2026-03-24 21:01:16.720,8.4
2026-03-24 21:01:17.360,12.24
2026-03-24 21:01:18.000,-8.28
2026-03-24 21:01:18.640,-4.8
2026-03-24 21:01:19.280,-3.84
2026-03-24 21:01:19.920,2.04
2026-03-24 21:01:20.560,13.32
2026-03-24 21:01:21.200,2.64
2026-03-24 21:01:21.840,-7.2
2026-03-24 21:01:22.480,-4.68
2026-03-24 21:01:23.120,1.08
2026-03-24 21:01:23.760,19.68
2026-03-24 21:01:24.400,27.48
2026-03-24 21:01:25.040,-24.84
2026-03-24 21:01:25.680,-16.92
2026-03-24 21:01:26.320,-11.28
2026-03-24 21:01:26.960,18.6
2026-03-24 21:01:27.600,32.76
2026-03-24 21:01:28.240,36
2026-03-24 21:01:28.880,-32.4
2026-03-24 21:01:29.520,-30.36
2026-03-24 21:01:30.160,-14.4
2026-03-24 21:01:30.800,30
2026-03-24 21:01:31.440,36.72
2026-03-24 21:01:32.080,-4.32
2026-03-24 21:01:32.720,-34.56
2026-03-24 21:01:33.360,-25.32
2026-03-24 21:01:34.000,-7.92
2026-03-24 21:01:34.640,27
2026-03-24 21:01:35.280,32.16
2026-03-24 21:01:35.920,-33.48
2026-03-24 21:01:36.560,-23.16
2026-03-24 21:01:37.200,-14.88
2026-03-24 21:01:37.840,-1.44
2026-03-24 21:01:38.480,23.64
2026-03-24 21:01:39.120,34.32
2026-03-24 21:01:39.760,-25.8
2026-03-24 21:01:40.400,-21.96
2026-03-24 21:01:41.040,-14.16
2026-03-24 21:01:41.680,34.32
2026-03-24 21:01:42.320,37.68
2026-03-24 21:01:42.960,-40.56
2026-03-24 21:01:43.600,-24.6
2026-03-24 21:01:44.240,-23.28
2026-03-24 21:01:44.880,40.68
2026-03-24 21:01:45.520,36.72
2026-03-24 21:01:46.160,36.6
2026-03-24 21:01:46.800,39
2026-03-24 21:01:47.440,33.6
2026-03-24 21:01:48.080,-10.68
2026-03-24 21:01:48.720,-54.6
2026-03-24 21:01:49.360,-39.36
2026-03-24 21:01:50.000,-24
2026-03-24 21:01:50.640,-9.36
2026-03-24 21:01:51.280,-0.96
2026-03-24 21:01:51.920,5.4
2026-03-24 21:01:52.560,16.68
2026-03-24 21:01:53.200,27.72
2026-03-24 21:01:53.840,-8.4
2026-03-24 21:01:54.480,-1.32
2026-03-24 21:01:55.120,3.12
2026-03-24 21:01:55.760,6.96
2026-03-24 21:01:56.400,8.04
2026-03-24 21:01:57.040,20.4
2026-03-24 21:01:57.680,-3.6
2026-03-24 21:01:58.320,-0.84
2026-03-24 21:01:58.960,0.48
2026-03-24 21:01:59.600,4.08
2026-03-24 21:02:00.240,12.84
2026-03-24 21:02:00.880,23.88
2026-03-24 21:02:01.520,13.92
2026-03-24 21:02:02.160,-11.88
2026-03-24 21:02:02.800,-12.12
2026-03-24 21:02:03.440,-6.84
2026-03-24 21:02:04.080,4.44
2026-03-24 21:02:04.720,20.88
2026-03-24 21:02:05.360,23.88
2026-03-24 21:02:06.000,-18.48
2026-03-24 21:02:06.640,-13.2
2026-03-24 21:02:07.280,-7.92
2026-03-24 21:02:07.920,-3
2026-03-24 21:02:08.560,18.96
2026-03-24 21:02:09.200,27.12
2026-03-24 21:02:09.840,-22.92
2026-03-24 21:02:10.480,-18.36
2026-03-24 21:02:11.120,-11.52
2026-03-24 21:02:11.760,10.92
2026-03-24 21:02:12.400,27.36
2026-03-24 21:02:13.040,27
2026-03-24 21:02:13.680,-25.08
2026-03-24 21:02:14.320,-20.88
2026-03-24 21:02:14.960,-17.28
2026-03-24 21:02:15.600,-9
2026-03-24 21:02:16.240,19.68
2026-03-24 21:02:16.880,23.4
2026-03-24 21:02:17.520,-18.24
2026-03-24 21:02:18.160,-12.72
2026-03-24 21:02:18.800,-11.16
2026-03-24 21:02:19.440,0.72
2026-03-24 21:02:20.080,17.76
2026-03-24 21:02:20.720,12.6
2026-03-24 21:02:21.360,-3.12
2026-03-24 21:02:22.000,-12.12
2026-03-24 21:02:22.640,-12.72
2026-03-24 21:02:23.280,13.68
2026-03-24 21:02:23.920,25.44
2026-03-24 21:02:24.560,26.4
2026-03-24 21:02:25.200,-19.44
2026-03-24 21:02:25.840,-33.84
2026-03-24 21:02:26.480,-16.92
2026-03-24 21:02:27.120,26.88
2026-03-24 21:02:27.760,26.76
2026-03-24 21:02:28.400,-35.28
2026-03-24 21:02:29.040,-27.96
2026-03-24 21:02:29.680,-12.36
2026-03-24 21:02:30.320,27.72
2026-03-24 21:02:30.960,34.2
2026-03-24 21:02:31.600,-24.24
2026-03-24 21:02:32.240,-28.56
2026-03-24 21:02:32.880,-15.6
2026-03-24 21:02:33.520,-3.6
2026-03-24 21:02:34.160,21.12
2026-03-24 21:02:34.800,5.64
2026-03-24 21:02:35.440,-18.48
2026-03-24 21:02:36.080,-9.24
2026-03-24 21:02:36.720,-2.28
2026-03-24 21:02:37.360,23.88
2026-03-24 21:02:38.000,33.12
2026-03-24 21:02:38.640,-20.4
2026-03-24 21:02:39.280,-23.76
2026-03-24 21:02:39.920,-13.44
2026-03-24 21:02:40.560,-3.72
2026-03-24 21:02:41.200,13.44
2026-03-24 21:02:41.840,19.56
2026-03-24 21:02:42.480,-18
2026-03-24 21:02:43.120,-11.64
2026-03-24 21:02:43.760,-6
2026-03-24 21:02:44.400,8.76
2026-03-24 21:02:45.040,20.16
2026-03-24 21:02:45.680,-4.2
2026-03-24 21:02:46.320,-17.28
2026-03-24 21:02:46.960,-7.92
2026-03-24 21:02:47.600,15
2026-03-24 21:02:48.240,26.4
2026-03-24 21:02:48.880,32.64
2026-03-24 21:02:49.520,-31.44
2026-03-24 21:02:50.160,-29.76
2026-03-24 21:02:50.800,-19.8
2026-03-24 21:02:51.440,-6.72
2026-03-24 21:02:52.080,16.8
2026-03-24 21:02:52.720,20.4
2026-03-24 21:02:53.360,-17.04
2026-03-24 21:02:54.000,-11.28
2026-03-24 21:02:54.640,-3.24
2026-03-24 21:02:55.280,14.16
2026-03-24 21:02:55.920,14.4
2026-03-24 21:02:56.560,-12.48
2026-03-24 21:02:57.200,-10.08
2026-03-24 21:02:57.840,-7.44
2026-03-24 21:02:58.480,15.48
2026-03-24 21:02:59.120,26.88
2026-03-24 21:02:59.760,24.6
2026-03-24 21:03:00.400,-29.04
2026-03-24 21:03:01.040,-24.36
2026-03-24 21:03:01.680,1.92
2026-03-24 21:03:02.320,26.16
2026-03-24 21:03:02.960,29.76
2026-03-24 21:03:03.600,24.96
2026-03-24 21:03:04.240,-35.88
2026-03-24 21:03:04.880,-27.48
2026-03-24 21:03:05.520,-13.68
2026-03-24 21:03:06.160,-5.64
2026-03-24 21:03:06.800,16.2
2026-03-24 21:03:07.440,22.32
2026-03-24 21:03:08.080,-23.64
2026-03-24 21:03:08.720,-17.4
2026-03-24 21:03:09.360,-7.56
2026-03-24 21:03:10.000,4.44
2026-03-24 21:03:10.640,15.84
2026-03-24 21:03:11.280,-3.72
2026-03-24 21:03:11.920,-12.12
2026-03-24 21:03:12.560,-6.48
2026-03-24 21:03:13.200,-1.8
2026-03-24 21:03:13.840,9.72
2026-03-24 21:03:14.480,6.72
2026-03-24 21:03:15.120,-7.32
2026-03-24 21:03:15.760,-2.16
2026-03-24 21:03:16.400,-1.32
2026-03-24 21:03:17.040,24
2026-03-24 21:03:17.680,17.4
2026-03-24 21:03:18.320,-28.92
2026-03-24 21:03:18.960,-2.76
2026-03-24 21:03:19.600,0.24
2026-03-24 21:03:20.240,-0.6
2026-03-24 21:03:20.880,39.36
2026-03-24 21:03:21.520,38.64
2026-03-24 21:03:22.160,-37.8
2026-03-24 21:03:22.800,-31.68
2026-03-24 21:03:23.440,-21.24
2026-03-24 21:03:24.080,-7.2
2026-03-24 21:03:24.720,29.64
2026-03-24 21:03:25.360,35.64
2026-03-24 21:03:26.000,27.6
2026-03-24 21:03:26.640,-40.32
2026-03-24 21:03:27.280,-32.4
2026-03-24 21:03:27.920,-19.8
2026-03-24 21:03:28.560,-7.56
2026-03-24 21:03:29.200,15.96
2026-03-24 21:03:29.840,26.04
2026-03-24 21:03:30.480,2.64
2026-03-24 21:03:31.120,-25.56
2026-03-24 21:03:31.760,-13.68
2026-03-24 21:03:32.400,-6.36
2026-03-24 21:03:33.040,4.44
2026-03-24 21:03:33.680,16.8
2026-03-24 21:03:34.320,14.28
2026-03-24 21:03:34.960,-15.24
2026-03-24 21:03:35.600,-8.4
2026-03-24 21:03:36.240,-1.32
2026-03-24 21:03:36.880,9.6
2026-03-24 21:03:37.520,22.8
2026-03-24 21:03:38.160,7.32
2026-03-24 21:03:38.800,-14.28
2026-03-24 21:03:39.440,-10.8
2026-03-24 21:03:40.080,-6.84
2026-03-24 21:03:40.720,10.68
2026-03-24 21:03:41.360,24.84
2026-03-24 21:03:42.000,23.52
2026-03-24 21:03:42.640,-26.04
2026-03-24 21:03:43.280,-13.44
2026-03-24 21:03:43.920,26.64
2026-03-24 21:03:44.560,21.96
2026-03-24 21:03:45.200,-19.56
2026-03-24 21:03:45.840,-20.4
2026-03-24 21:03:46.480,-7.08
2026-03-24 21:03:47.120,16.68
2026-03-24 21:03:47.760,16.32
2026-03-24 21:03:48.400,-19.68
2026-03-24 21:03:49.040,-18.12
2026-03-24 21:03:49.680,-13.08
2026-03-24 21:03:50.320,-5.88
2026-03-24 21:03:50.960,24.72
2026-03-24 21:03:51.600,28.44
2026-03-24 21:03:52.240,-17.76
2026-03-24 21:03:52.880,-19.92
2026-03-24 21:03:53.520,-15.24
2026-03-24 21:03:54.160,14.4
2026-03-24 21:03:54.800,25.56
2026-03-24 21:03:55.440,-7.68
2026-03-24 21:03:56.080,-15.84
2026-03-24 21:03:56.720,-15.72
2026-03-24 21:03:57.360,-4.92
2026-03-24 21:03:58.000,31.68
2026-03-24 21:03:58.640,32.28
2026-03-24 21:03:59.280,-35.04
2026-03-24 21:03:59.920,-29.76
2026-03-24 21:04:00.560,-21.6
2026-03-24 21:04:01.200,-6.84
2026-03-24 21:04:01.840,22.8
2026-03-24 21:04:02.480,27.36
2026-03-24 21:04:03.120,-21.96
2026-03-24 21:04:03.760,-17.28
2026-03-24 21:04:04.400,-9.84
2026-03-24 21:04:05.040,0.24
2026-03-24 21:04:05.680,15
2026-03-24 21:04:06.320,2.4
2026-03-24 21:04:06.960,-8.16
2026-03-24 21:04:07.600,-8.4
2026-03-24 21:04:08.240,-0.48
2026-03-24 21:04:08.880,11.16
2026-03-24 21:04:09.520,7.68
2026-03-24 21:04:10.160,-4.08
2026-03-24 21:04:10.800,-5.76
2026-03-24 21:04:11.440,-0.24
2026-03-24 21:04:12.080,8.52
2026-03-24 21:04:12.720,9.24
2026-03-24 21:04:13.360,-16.8
2026-03-24 21:04:14.000,-4.92
2026-03-24 21:04:14.640,32.52
2026-03-24 21:04:15.280,36.36
2026-03-24 21:04:15.920,-27.72
2026-03-24 21:04:16.560,-33.48
2026-03-24 21:04:17.200,-17.16
2026-03-24 21:04:17.840,7.68
2026-03-24 21:04:18.480,31.92
2026-03-24 21:04:19.120,37.56
2026-03-24 21:04:19.760,-39.12
2026-03-24 21:04:20.400,-33.24
2026-03-24 21:04:21.040,-18.6
2026-03-24 21:04:21.680,3.24
2026-03-24 21:04:22.320,23.4
2026-03-24 21:04:22.960,-1.2
2026-03-24 21:04:23.600,-0.72
2026-03-24 21:04:24.240,-0.96
2026-03-24 21:04:24.880,-1.56
2026-03-24 21:04:25.520,-15.36
2026-03-24 21:04:26.160,27.6
2026-03-24 21:04:26.800,32.28
2026-03-24 21:04:27.440,-29.88
2026-03-24 21:04:28.080,-31.32
2026-03-24 21:04:28.720,-17.28
2026-03-24 21:04:29.360,0
2026-03-24 21:04:30.000,26.4
2026-03-24 21:04:30.640,32.16
2026-03-24 21:04:31.280,19.08
2026-03-24 21:04:31.920,-35.64
2026-03-24 21:04:32.560,-30.36
2026-03-24 21:04:33.200,-14.4
2026-03-24 21:04:33.840,-5.64
2026-03-24 21:04:34.480,17.52
2026-03-24 21:04:35.120,30.36
2026-03-24 21:04:35.760,15.36
2026-03-24 21:04:36.400,-28.68
2026-03-24 21:04:37.040,-20.88
2026-03-24 21:04:37.680,-8.4
2026-03-24 21:04:38.320,-4.08
2026-03-24 21:04:38.960,15.84
2026-03-24 21:04:39.600,22.08
2026-03-24 21:04:40.240,-19.92
2026-03-24 21:04:40.880,-17.76
2026-03-24 21:04:41.520,-6.6
2026-03-24 21:04:42.160,19.08
2026-03-24 21:04:42.800,29.16
2026-03-24 21:04:43.440,22.56
2026-03-24 21:04:44.080,-25.92
2026-03-24 21:04:44.720,-19.44
2026-03-24 21:04:45.360,-7.08
2026-03-24 21:04:46.000,16.44
2026-03-24 21:04:46.640,31.08
2026-03-24 21:04:47.280,-36.96
2026-03-24 21:04:47.920,-22.8
2026-03-24 21:04:48.560,-8.04
2026-03-24 21:04:49.200,10.92
2026-03-24 21:04:49.840,21.12
2026-03-24 21:04:50.480,-9.72
2026-03-24 21:04:51.120,-11.04
2026-03-24 21:04:51.760,-9
2026-03-24 21:04:52.400,-3.84
2026-03-24 21:04:53.040,11.76
2026-03-24 21:04:53.680,15.48
2026-03-24 21:04:54.320,-15.12
2026-03-24 21:04:54.960,-11.04
2026-03-24 21:04:55.600,-4.08
2026-03-24 21:04:56.240,20.16
2026-03-24 21:04:56.880,30
2026-03-24 21:04:57.520,-18.96
2026-03-24 21:04:58.160,-18.96
2026-03-24 21:04:58.800,-16.8
2026-03-24 21:04:59.440,-3.84
2026-03-24 21:05:00.080,20.28
2026-03-24 21:05:00.720,30.48
2026-03-24 21:05:01.360,-27.36
2026-03-24 21:05:02.000,-25.44
2026-03-24 21:05:02.640,-15.84
2026-03-24 21:05:03.280,17.04
2026-03-24 21:05:03.920,25.68
2026-03-24 21:05:04.560,32.16
2026-03-24 21:05:05.200,-25.68
2026-03-24 21:05:05.840,-24.24
2026-03-24 21:05:06.480,-16.68
2026-03-24 21:05:07.120,13.68
2026-03-24 21:05:07.760,20.88
2026-03-24 21:05:08.400,-1.32
2026-03-24 21:05:09.040,-18
2026-03-24 21:05:09.680,-12
2026-03-24 21:05:10.320,0.12
2026-03-24 21:05:10.960,24.12
2026-03-24 21:05:11.600,29.88
2026-03-24 21:05:12.240,-24.36
2026-03-24 21:05:12.880,-20.04
2026-03-24 21:05:13.520,-5.16
2026-03-24 21:05:14.160,0
2026-03-24 21:05:14.800,30.24
2026-03-24 21:05:15.440,23.88
2026-03-24 21:05:16.080,-29.28
2026-03-24 21:05:16.720,-25.92
2026-03-24 21:05:17.360,-13.44
2026-03-24 21:05:18.000,18.96
2026-03-24 21:05:18.640,24.36
2026-03-24 21:05:19.280,7.32
2026-03-24 21:05:19.920,-16.56
2026-03-24 21:05:20.560,-13.2
2026-03-24 21:05:21.200,0.36
2026-03-24 21:05:21.840,14.4
2026-03-24 21:05:22.480,20.76
2026-03-24 21:05:23.120,-18.72
2026-03-24 21:05:23.760,-14.16
2026-03-24 21:05:24.400,-11.28
2026-03-24 21:05:25.040,-2.52
2026-03-24 21:05:25.680,22.32
2026-03-24 21:05:26.320,23.76
2026-03-24 21:05:26.960,-20.88
2026-03-24 21:05:27.600,-17.16
2026-03-24 21:05:28.240,-11.16
2026-03-24 21:05:28.880,-3.48
2026-03-24 21:05:29.520,17.16
2026-03-24 21:05:30.160,21.72
2026-03-24 21:05:30.800,-17.76
2026-03-24 21:05:31.440,-18.36
2026-03-24 21:05:32.080,-15.6
2026-03-24 21:05:32.720,0.84
2026-03-24 21:05:33.360,27
2026-03-24 21:05:34.000,30.48
2026-03-24 21:05:34.640,7.56
2026-03-24 21:05:35.280,-24.6
2026-03-24 21:05:35.920,-24
2026-03-24 21:05:36.560,-17.88
2026-03-24 21:05:37.200,-6.36
2026-03-24 21:05:37.840,21.24
2026-03-24 21:05:38.480,21.48
2026-03-24 21:05:39.120,-27.36
2026-03-24 21:05:39.760,-14.04
2026-03-24 21:05:40.400,16.92
2026-03-24 21:05:41.040,34.44
2026-03-24 21:05:41.680,28.44
2026-03-24 21:05:42.320,-19.8
2026-03-24 21:05:42.960,-22.68
2026-03-24 21:05:43.600,-19.8
2026-03-24 21:05:44.240,-10.8
2026-03-24 21:05:44.880,9.96
2026-03-24 21:05:45.520,25.68
2026-03-24 21:05:46.160,19.32
2026-03-24 21:05:46.800,-27
2026-03-24 21:05:47.440,-18.96
2026-03-24 21:05:48.080,-7.92
2026-03-24 21:05:48.720,26.76
2026-03-24 21:05:49.360,22.2
2026-03-24 21:05:50.000,-24.36
2026-03-24 21:05:50.640,-18
2026-03-24 21:05:51.280,-9
2026-03-24 21:05:51.920,7.92
2026-03-24 21:05:52.560,20.52
2026-03-24 21:05:53.200,8.76
2026-03-24 21:05:53.840,-15.12
2026-03-24 21:05:54.480,-11.88
2026-03-24 21:05:55.120,-2.64
2026-03-24 21:05:55.760,17.28
2026-03-24 21:05:56.400,16.68
2026-03-24 21:05:57.040,-18
2026-03-24 21:05:57.680,-9.48
2026-03-24 21:05:58.320,2.28
2026-03-24 21:05:58.960,24.72
2026-03-24 21:05:59.600,2.4
2026-03-24 21:06:00.240,-19.68
2026-03-24 21:06:00.880,-6.84
2026-03-24 21:06:01.520,17.28
2026-03-24 21:06:02.160,30.48
2026-03-24 21:06:02.800,-16.44
2026-03-24 21:06:03.440,-24.6
2026-03-24 21:06:04.080,-12.84
2026-03-24 21:06:04.720,-2.88
2026-03-24 21:06:05.360,22.2
2026-03-24 21:06:06.000,30.48
2026-03-24 21:06:06.640,-14.04
2026-03-24 21:06:07.280,-25.2
2026-03-24 21:06:07.920,-13.56
2026-03-24 21:06:08.560,22.08
2026-03-24 21:06:09.200,15.36
2026-03-24 21:06:09.840,-29.04
2026-03-24 21:06:10.480,-15.84
2026-03-24 21:06:11.120,-8.52
2026-03-24 21:06:11.760,12.96
2026-03-24 21:06:12.400,28.56
2026-03-24 21:06:13.040,33.96
2026-03-24 21:06:13.680,-0.96
2026-03-24 21:06:14.320,-0.12
2026-03-24 21:06:14.960,-0.6
2026-03-24 21:06:15.600,-2.52
2026-03-24 21:06:16.240,-2.28
2026-03-24 21:06:16.880,-0.96
2026-03-24 21:06:17.520,-14.16
2026-03-24 21:06:18.160,23.4
2026-03-24 21:06:18.800,32.64
2026-03-24 21:06:19.440,-20.04
2026-03-24 21:06:20.080,-27.48
2026-03-24 21:06:20.720,-20.52
2026-03-24 21:06:21.360,-8.16
2026-03-24 21:06:22.000,11.28
2026-03-24 21:06:22.640,24.72
2026-03-24 21:06:23.280,11.88
2026-03-24 21:06:23.920,-25.2
2026-03-24 21:06:24.560,-16.32
2026-03-24 21:06:25.200,-7.32
2026-03-24 21:06:25.840,13.92
2026-03-24 21:06:26.480,21.48
2026-03-24 21:06:27.120,-3.84
2026-03-24 21:06:27.760,-19.08
2026-03-24 21:06:28.400,-11.04
2026-03-24 21:06:29.040,-4.2
2026-03-24 21:06:29.680,16.2
2026-03-24 21:06:30.320,24.6
2026-03-24 21:06:30.960,-26.16
2026-03-24 21:06:31.600,-17.88
2026-03-24 21:06:32.240,-6.36
2026-03-24 21:06:32.880,20.16
2026-03-24 21:06:33.520,29.28
2026-03-24 21:06:34.160,22.68
2026-03-24 21:06:34.800,-29.4
2026-03-24 21:06:35.440,-21
2026-03-24 21:06:36.080,-11.64
2026-03-24 21:06:36.720,-1.2
2026-03-24 21:06:37.360,15.84
2026-03-24 21:06:38.000,7.08
2026-03-24 21:06:38.640,-12.12
2026-03-24 21:06:39.280,-11.16
2026-03-24 21:06:39.920,4.68
2026-03-24 21:06:40.560,25.32
2026-03-24 21:06:41.200,33.96
2026-03-24 21:06:41.840,-32.28
2026-03-24 21:06:42.480,-27.96
2026-03-24 21:06:43.120,-17.52
2026-03-24 21:06:43.760,-9.48
2026-03-24 21:06:44.400,24
2026-03-24 21:06:45.040,19.44
2026-03-24 21:06:45.680,-23.52
2026-03-24 21:06:46.320,-13.8
2026-03-24 21:06:46.960,-3.6
2026-03-24 21:06:47.600,14.64
2026-03-24 21:06:48.240,3.6
2026-03-24 21:06:48.880,-10.92
2026-03-24 21:06:49.520,-7.68
2026-03-24 21:06:50.160,-6.36
2026-03-24 21:06:50.800,16.92
2026-03-24 21:06:51.440,30.48
2026-03-24 21:06:52.080,-27.96
2026-03-24 21:06:52.720,-16.68
2026-03-24 21:06:53.360,-9.96
2026-03-24 21:06:54.000,-1.92
2026-03-24 21:06:54.640,24.12
2026-03-24 21:06:55.280,14.76
2026-03-24 21:06:55.920,-16.92
2026-03-24 21:06:56.560,-10.56
2026-03-24 21:06:57.200,-2.76
2026-03-24 21:06:57.840,22.08
2026-03-24 21:06:58.480,26.76
2026-03-24 21:06:59.120,-23.52
2026-03-24 21:06:59.760,-14.88
2026-03-24 21:07:00.400,-7.56
2026-03-24 21:07:01.040,3
2026-03-24 21:07:01.680,19.68
2026-03-24 21:07:02.320,22.68
2026-03-24 21:07:02.960,-23.4
2026-03-24 21:07:03.600,-14.16
2026-03-24 21:07:04.240,-3.12
2026-03-24 21:07:04.880,21.6
2026-03-24 21:07:05.520,32.52
2026-03-24 21:07:06.160,27.6
2026-03-24 21:07:06.800,-31.68
2026-03-24 21:07:07.440,-25.2
2026-03-24 21:07:08.080,-9.84
2026-03-24 21:07:08.720,24.6
2026-03-24 21:07:09.360,39.96
2026-03-24 21:07:10.000,32.4
2026-03-24 21:07:10.640,-31.92
2026-03-24 21:07:11.280,-27.12
2026-03-24 21:07:11.920,-19.92
2026-03-24 21:07:12.560,-6.96
2026-03-24 21:07:13.200,20.52
2026-03-24 21:07:13.840,19.68
2026-03-24 21:07:14.480,-18.12
2026-03-24 21:07:15.120,-18.36
2026-03-24 21:07:15.760,-5.88
2026-03-24 21:07:16.400,17.52
2026-03-24 21:07:17.040,15.48
2026-03-24 21:07:17.680,-15.6
2026-03-24 21:07:18.320,-11.52
2026-03-24 21:07:18.960,-3.72
2026-03-24 21:07:19.600,24.12
2026-03-24 21:07:20.240,27.36
2026-03-24 21:07:20.880,-31.32
2026-03-24 21:07:21.520,-20.16
2026-03-24 21:07:22.160,-2.4
2026-03-24 21:07:22.800,31.44
2026-03-24 21:07:23.440,36.24
2026-03-24 21:07:24.080,-26.16
2026-03-24 21:07:24.720,-20.64
2026-03-24 21:07:25.360,-14.28
2026-03-24 21:07:26.000,-3.6
2026-03-24 21:07:26.640,22.08
2026-03-24 21:07:27.280,31.32
2026-03-24 21:07:27.920,-17.76
2026-03-24 21:07:28.560,-21.72
2026-03-24 21:07:29.200,-14.4
2026-03-24 21:07:29.840,-5.28
2026-03-24 21:07:30.480,19.56
2026-03-24 21:07:31.120,22.2
2026-03-24 21:07:31.760,-18.24
2026-03-24 21:07:32.400,-14.76
2026-03-24 21:07:33.040,-4.92
2026-03-24 21:07:33.680,18.36
2026-03-24 21:07:34.320,27.12
2026-03-24 21:07:34.960,20.28
2026-03-24 21:07:35.600,-25.2
2026-03-24 21:07:36.240,-18.84
2026-03-24 21:07:36.880,-7.44
2026-03-24 21:07:37.520,10.32
2026-03-24 21:07:38.160,22.56
2026-03-24 21:07:38.800,27.96
2026-03-24 21:07:39.440,-29.16
2026-03-24 21:07:40.080,-24.12
2026-03-24 21:07:40.720,-12.24
2026-03-24 21:07:41.360,10.2
2026-03-24 21:07:42.000,22.44
2026-03-24 21:07:42.640,6.84
2026-03-24 21:07:43.280,-20.16
2026-03-24 21:07:43.920,-12.72
2026-03-24 21:07:44.560,-3.84
2026-03-24 21:07:45.200,16.08
2026-03-24 21:07:45.840,15.72
2026-03-24 21:07:46.480,-13.68
2026-03-24 21:07:47.120,-9.48
2026-03-24 21:07:47.760,-3.84
2026-03-24 21:07:48.400,6.12
2026-03-24 21:07:49.040,19.56
2026-03-24 21:07:49.680,19.68
2026-03-24 21:07:50.320,-18
2026-03-24 21:07:50.960,-13.32
2026-03-24 21:07:51.600,-3
2026-03-24 21:07:52.240,6.24
2026-03-24 21:07:52.880,18.6
2026-03-24 21:07:53.520,-3.12
2026-03-24 21:07:54.160,-12.24
2026-03-24 21:07:54.800,-8.76
2026-03-24 21:07:55.440,20.16
2026-03-24 21:07:56.080,26.16
2026-03-24 21:07:56.720,12.96
2026-03-24 21:07:57.360,-23.76
2026-03-24 21:07:58.000,-17.64
2026-03-24 21:07:58.640,-6.84
2026-03-24 21:07:59.280,21.6
2026-03-24 21:07:59.920,28.8
2026-03-24 21:08:00.560,15.12
2026-03-24 21:08:01.200,-29.28
2026-03-24 21:08:01.840,-2.28
2026-03-24 21:08:02.480,-0.6
2026-03-24 21:08:03.120,-1.2
2026-03-24 21:08:03.760,-1.32
2026-03-24 21:08:04.400,-1.08
2026-03-24 21:08:05.040,-1.2
2026-03-24 21:08:05.680,-0.24
2026-03-24 21:08:06.320,-0.84
2026-03-24 21:08:06.960,-1.8
2026-03-24 21:08:07.600,0.12
2026-03-24 21:08:08.240,2.16
2026-03-24 21:08:08.880,37.08
2026-03-24 21:08:09.520,36.48
2026-03-24 21:08:10.160,-11.4
2026-03-24 21:08:10.800,-33.48
2026-03-24 21:08:11.440,-24.72
2026-03-24 21:08:12.080,-6.24
2026-03-24 21:08:12.720,18.96
2026-03-24 21:08:13.360,28.2
2026-03-24 21:08:14.000,27.6
2026-03-24 21:08:14.640,-22.08
2026-03-24 21:08:15.280,-31.32
2026-03-24 21:08:15.920,-20.4
2026-03-24 21:08:16.560,-15.24
2026-03-24 21:08:17.200,-4.44
2026-03-24 21:08:17.840,21.48
2026-03-24 21:08:18.480,24.12
2026-03-24 21:08:19.120,-22.44
2026-03-24 21:08:19.760,-15.36
2026-03-24 21:08:20.400,-6.48
2026-03-24 21:08:21.040,-0.36
2026-03-24 21:08:21.680,15.48
2026-03-24 21:08:22.320,0
2026-03-24 21:08:22.960,-9.84
2026-03-24 21:08:23.600,-6.24
2026-03-24 21:08:24.240,0.24
2026-03-24 21:08:24.880,17.88
2026-03-24 21:08:25.520,24.24
2026-03-24 21:08:26.160,-23.04
2026-03-24 21:08:26.800,-15.72
2026-03-24 21:08:27.440,-4.08
2026-03-24 21:08:28.080,0.12
2026-03-24 21:08:28.720,21.6
2026-03-24 21:08:29.360,32.52
2026-03-24 21:08:30.000,-1.68
2026-03-24 21:08:30.640,-28.68
2026-03-24 21:08:31.280,-18.12
2026-03-24 21:08:31.920,-8.04
2026-03-24 21:08:32.560,4.08
2026-03-24 21:08:33.200,23.64
2026-03-24 21:08:33.840,26.04
2026-03-24 21:08:34.480,-25.56
2026-03-24 21:08:35.120,-17.28
2026-03-24 21:08:35.760,-8.28
2026-03-24 21:08:36.400,-0.36
2026-03-24 21:08:37.040,20.4
2026-03-24 21:08:37.680,32.4
2026-03-24 21:08:38.320,-33.36
2026-03-24 21:08:38.960,-27
2026-03-24 21:08:39.600,-14.4
2026-03-24 21:08:40.240,3.24
2026-03-24 21:08:40.880,26.4
2026-03-24 21:08:41.520,33.72
2026-03-24 21:08:42.160,20.76
2026-03-24 21:08:42.800,-34.8
2026-03-24 21:08:43.440,-25.08
2026-03-24 21:08:44.080,-12.72
2026-03-24 21:08:44.720,-1.8
2026-03-24 21:08:45.360,21.48
2026-03-24 21:08:46.000,24.6
2026-03-24 21:08:46.640,-20.52
2026-03-24 21:08:47.280,-16.8
2026-03-24 21:08:47.920,-3.84
2026-03-24 21:08:48.560,14.76
2026-03-24 21:08:49.200,19.68
2026-03-24 21:08:49.840,-18.12
2026-03-24 21:08:50.480,-10.92
2026-03-24 21:08:51.120,-2.52
2026-03-24 21:08:51.760,8.52
2026-03-24 21:08:52.400,14.28
2026-03-24 21:08:53.040,-13.68
2026-03-24 21:08:53.680,-9.12
2026-03-24 21:08:54.320,-1.44
2026-03-24 21:08:54.960,19.44
2026-03-24 21:08:55.600,27
2026-03-24 21:08:56.240,-23.64
2026-03-24 21:08:56.880,-16.68
2026-03-24 21:08:57.520,-8.04
2026-03-24 21:08:58.160,1.68
2026-03-24 21:08:58.800,20.52
2026-03-24 21:08:59.440,15.24
2026-03-24 21:09:00.080,-17.16
2026-03-24 21:09:00.720,-12.84
2026-03-24 21:09:01.360,-1.56
2026-03-24 21:09:02.000,20.16
2026-03-24 21:09:02.640,24.36
2026-03-24 21:09:03.280,-17.28
2026-03-24 21:09:03.920,-20.64
2026-03-24 21:09:04.560,-12
2026-03-24 21:09:05.200,-1.32
2026-03-24 21:09:05.840,24.12
2026-03-24 21:09:06.480,28.56
2026-03-24 21:09:07.120,2.04
2026-03-24 21:09:07.760,-29.04
2026-03-24 21:09:08.400,-19.8
2026-03-24 21:09:09.040,-7.44
2026-03-24 21:09:09.680,12.48
2026-03-24 21:09:10.320,23.4
2026-03-24 21:09:10.960,-12.6
2026-03-24 21:09:11.600,-28.08
2026-03-24 21:09:12.240,-10.68
2026-03-24 21:09:12.880,24.36
2026-03-24 21:09:13.520,30.12
2026-03-24 21:09:14.160,-29.16
2026-03-24 21:09:14.800,-24
2026-03-24 21:09:15.440,-11.88
2026-03-24 21:09:16.080,17.16
2026-03-24 21:09:16.720,29.28
2026-03-24 21:09:17.360,19.56
2026-03-24 21:09:18.000,-27.96
2026-03-24 21:09:18.640,-18.48
2026-03-24 21:09:19.280,-7.08
2026-03-24 21:09:19.920,21.84
2026-03-24 21:09:20.560,28.2
2026-03-24 21:09:21.200,10.8
2026-03-24 21:09:21.840,-28.08
2026-03-24 21:09:22.480,-18.96
2026-03-24 21:09:23.120,-2.88
2026-03-24 21:09:23.760,24.48
2026-03-24 21:09:24.400,32.76
2026-03-24 21:09:25.040,33.24
2026-03-24 21:09:25.680,36.84
2026-03-24 21:09:26.320,-5.64
2026-03-24 21:09:26.960,-37.44
2026-03-24 21:09:27.600,-32.64
2026-03-24 21:09:28.240,-25.32
2026-03-24 21:09:28.880,-15.48
2026-03-24 21:09:29.520,-4.32
2026-03-24 21:09:30.160,4.2
2026-03-24 21:09:30.800,26.16
2026-03-24 21:09:31.440,25.8
2026-03-24 21:09:32.080,-20.4
2026-03-24 21:09:32.720,-11.88
2026-03-24 21:09:33.360,-4.32
2026-03-24 21:09:34.000,-1.32
2026-03-24 21:09:34.640,11.16
2026-03-24 21:09:35.280,24.48
2026-03-24 21:09:35.920,-8.28
2026-03-24 21:09:36.560,-7.92
2026-03-24 21:09:37.200,-6.72
2026-03-24 21:09:37.840,0.36
2026-03-24 21:09:38.480,6
2026-03-24 21:09:39.120,20.04
2026-03-24 21:09:39.760,-9.12
2026-03-24 21:09:40.400,-9.48
2026-03-24 21:09:41.040,-4.68
2026-03-24 21:09:41.680,0
2026-03-24 21:09:42.320,4.68
2026-03-24 21:09:42.960,10.08
2026-03-24 21:09:43.600,-2.64
2026-03-24 21:09:44.240,-4.2
2026-03-24 21:09:44.880,-1.32
2026-03-24 21:09:45.520,0
2026-03-24 21:09:46.160,21.6
2026-03-24 21:09:46.800,29.04
2026-03-24 21:09:47.440,-5.28
2026-03-24 21:09:48.080,-20.88
2026-03-24 21:09:48.720,-15.12
2026-03-24 21:09:49.360,-6.84
2026-03-24 21:09:50.000,13.44
2026-03-24 21:09:50.640,25.2
2026-03-24 21:09:51.280,22.2
2026-03-24 21:09:51.920,-26.16
2026-03-24 21:09:52.560,-17.88
2026-03-24 21:09:53.200,-4.32
2026-03-24 21:09:53.840,35.64
2026-03-24 21:09:54.480,32.4
2026-03-24 21:09:55.120,-30.72
2026-03-24 21:09:55.760,-25.2
2026-03-24 21:09:56.400,-6.84
2026-03-24 21:09:57.040,26.4
2026-03-24 21:09:57.680,28.2
2026-03-24 21:09:58.320,-31.2
2026-03-24 21:09:58.960,-24.48
2026-03-24 21:09:59.600,-10.92
2026-03-24 21:10:00.240,3.36
2026-03-24 21:10:00.880,16.56
2026-03-24 21:10:01.520,4.92
2026-03-24 21:10:02.160,-13.56
2026-03-24 21:10:02.800,-7.92
2026-03-24 21:10:03.440,-1.68
2026-03-24 21:10:04.080,14.76
2026-03-24 21:10:04.720,4.68
2026-03-24 21:10:05.360,-12.36
2026-03-24 21:10:06.000,-5.28
2026-03-24 21:10:06.640,7.44
2026-03-24 21:10:07.280,16.44
2026-03-24 21:10:07.920,-3.48
2026-03-24 21:10:08.560,-13.56
2026-03-24 21:10:09.200,-5.64
2026-03-24 21:10:09.840,-1.92
2026-03-24 21:10:10.480,14.76
2026-03-24 21:10:11.120,27.36
2026-03-24 21:10:11.760,8.28
2026-03-24 21:10:12.400,-28.8
2026-03-24 21:10:13.040,-10.44
2026-03-24 21:10:13.680,9
2026-03-24 21:10:14.320,30.84
2026-03-24 21:10:14.960,23.52
2026-03-24 21:10:15.600,-0.72
2026-03-24 21:10:16.240,-1.32
2026-03-24 21:10:16.880,-38.52
2026-03-24 21:10:17.520,-26.76
2026-03-24 21:10:18.160,-13.32
2026-03-24 21:10:18.800,21.24
2026-03-24 21:10:19.440,31.32
2026-03-24 21:10:20.080,-27.6
2026-03-24 21:10:20.720,-24.6
2026-03-24 21:10:21.360,-0.12
2026-03-24 21:10:22.000,0.24
2026-03-24 21:10:22.640,1.08
2026-03-24 21:10:23.280,10.2
2026-03-24 21:10:23.920,39.84
2026-03-24 21:10:24.560,36.24
2026-03-24 21:10:25.200,-32.64
2026-03-24 21:10:25.840,-29.52
2026-03-24 21:10:26.480,-21.6
2026-03-24 21:10:27.120,-7.08
2026-03-24 21:10:27.760,19.44
2026-03-24 21:10:28.400,27.84
2026-03-24 21:10:29.040,14.4
2026-03-24 21:10:29.680,-29.28
2026-03-24 21:10:30.320,-19.2
2026-03-24 21:10:30.960,-8.4
2026-03-24 21:10:31.600,11.52
2026-03-24 21:10:32.240,26.88
2026-03-24 21:10:32.880,19.32
2026-03-24 21:10:33.520,-27
2026-03-24 21:10:34.160,-20.04
2026-03-24 21:10:34.800,-8.28
2026-03-24 21:10:35.440,14.52
2026-03-24 21:10:36.080,24
2026-03-24 21:10:36.720,10.32
2026-03-24 21:10:37.360,-11.4
2026-03-24 21:10:38.000,-20.64
2026-03-24 21:10:38.640,-5.52
2026-03-24 21:10:39.280,13.44
2026-03-24 21:10:39.920,25.08
2026-03-24 21:10:40.560,20.16
2026-03-24 21:10:41.200,-22.92
2026-03-24 21:10:41.840,-17.04
2026-03-24 21:10:42.480,-9
2026-03-24 21:10:43.120,9.6
2026-03-24 21:10:43.760,17.88
2026-03-24 21:10:44.400,-6.6
2026-03-24 21:10:45.040,-13.2
2026-03-24 21:10:45.680,-7.32
2026-03-24 21:10:46.320,-2.88
2026-03-24 21:10:46.960,12.84
2026-03-24 21:10:47.600,18.72
2026-03-24 21:10:48.240,-9
2026-03-24 21:10:48.880,-14.4
2026-03-24 21:10:49.520,-7.08
2026-03-24 21:10:50.160,-2.4
2026-03-24 21:10:50.800,18.84
2026-03-24 21:10:51.440,24.96
2026-03-24 21:10:52.080,18.6
2026-03-24 21:10:52.720,-21.6
2026-03-24 21:10:53.360,-20.64
2026-03-24 21:10:54.000,-14.16
2026-03-24 21:10:54.640,13.32
2026-03-24 21:10:55.280,30.36
2026-03-24 21:10:55.920,13.08
2026-03-24 21:10:56.560,-22.32
2026-03-24 21:10:57.200,-15
2026-03-24 21:10:57.840,-7.44
2026-03-24 21:10:58.480,4.44
2026-03-24 21:10:59.120,17.4
2026-03-24 21:10:59.760,-0.72
2026-03-24 21:11:00.400,-10.2
2026-03-24 21:11:01.040,-7.56
2026-03-24 21:11:01.680,-3.12
2026-03-24 21:11:02.320,12
2026-03-24 21:11:02.960,12.12
2026-03-24 21:11:03.600,-9.96
2026-03-24 21:11:04.240,-11.76
2026-03-24 21:11:04.880,3
2026-03-24 21:11:05.520,31.32
2026-03-24 21:11:06.160,34.2
2026-03-24 21:11:06.800,16.68
2026-03-24 21:11:07.440,-33.6
2026-03-24 21:11:08.080,-26.16
2026-03-24 21:11:08.720,-14.64
2026-03-24 21:11:09.360,20.28
2026-03-24 21:11:10.000,27.84
2026-03-24 21:11:10.640,13.56
2026-03-24 21:11:11.280,-25.92
2026-03-24 21:11:11.920,-20.4
2026-03-24 21:11:12.560,-5.04
2026-03-24 21:11:13.200,34.08
2026-03-24 21:11:13.840,21.48
2026-03-24 21:11:14.480,-37.2
2026-03-24 21:11:15.120,-17.64
2026-03-24 21:11:15.760,-1.44
2026-03-24 21:11:16.400,27.96
2026-03-24 21:11:17.040,35.64
2026-03-24 21:11:17.680,-39.72
2026-03-24 21:11:18.320,-31.2
2026-03-24 21:11:18.960,-14.88
2026-03-24 21:11:19.600,-3.84
2026-03-24 21:11:20.240,20.64
2026-03-24 21:11:20.880,28.68
2026-03-24 21:11:21.520,-25.08
2026-03-24 21:11:22.160,-16.44
2026-03-24 21:11:22.800,-4.92
2026-03-24 21:11:23.440,9.6
2026-03-24 21:11:24.080,28.56
2026-03-24 21:11:24.720,23.64
2026-03-24 21:11:25.360,-29.16
2026-03-24 21:11:26.000,-18.48
2026-03-24 21:11:26.640,-5.04
2026-03-24 21:11:27.280,0.24
2026-03-24 21:11:27.920,21.96
2026-03-24 21:11:28.560,10.44
2026-03-24 21:11:29.200,-17.52
2026-03-24 21:11:29.840,-9.6
2026-03-24 21:11:30.480,-2.04
2026-03-24 21:11:31.120,13.2
2026-03-24 21:11:31.760,24.48
2026-03-24 21:11:32.400,30.48
2026-03-24 21:11:33.040,21.72
2026-03-24 21:11:33.680,-33.12
2026-03-24 21:11:34.320,-24.84
2026-03-24 21:11:34.960,-10.68
2026-03-24 21:11:35.600,-2.76
2026-03-24 21:11:36.240,14.16
2026-03-24 21:11:36.880,21.84
2026-03-24 21:11:37.520,-21.84
2026-03-24 21:11:38.160,-17.16
2026-03-24 21:11:38.800,-6.84
2026-03-24 21:11:39.440,-2.28
2026-03-24 21:11:40.080,9.12
2026-03-24 21:11:40.720,16.92
2026-03-24 21:11:41.360,-18.84
2026-03-24 21:11:42.000,-8.4
2026-03-24 21:11:42.640,1.2
2026-03-24 21:11:43.280,20.64
2026-03-24 21:11:43.920,29.52
2026-03-24 21:11:44.560,-26.76
2026-03-24 21:11:45.200,-19.08
2026-03-24 21:11:45.840,-8.76
2026-03-24 21:11:46.480,5.52
2026-03-24 21:11:47.120,18.96
2026-03-24 21:11:47.760,2.88
2026-03-24 21:11:48.400,-14.4
2026-03-24 21:11:49.040,-1.92
2026-03-24 21:11:49.680,24.12
2026-03-24 21:11:50.320,28.44
2026-03-24 21:11:50.960,13.32
2026-03-24 21:11:51.600,-1.2
2026-03-24 21:11:52.240,-1.68
2026-03-24 21:11:52.880,-2.04
2026-03-24 21:11:53.520,-2.52
2026-03-24 21:11:54.160,-2.04
2026-03-24 21:11:54.800,-34.68
2026-03-24 21:11:55.440,-28.32
2026-03-24 21:11:56.080,-9
2026-03-24 21:11:56.720,14.64
2026-03-24 21:11:57.360,33.72
2026-03-24 21:11:58.000,3.96
2026-03-24 21:11:58.640,-21.36
2026-03-24 21:11:59.280,-13.44
2026-03-24 21:11:59.920,-3.48
2026-03-24 21:12:00.560,19.08
2026-03-24 21:12:01.200,32.16
2026-03-24 21:12:01.840,29.52
2026-03-24 21:12:02.480,-23.52
2026-03-24 21:12:03.120,-20.88
2026-03-24 21:12:03.760,-11.16
2026-03-24 21:12:04.400,2.28
2026-03-24 21:12:05.040,19.56
2026-03-24 21:12:05.680,17.28
2026-03-24 21:12:06.320,-18.96
2026-03-24 21:12:06.960,-13.2
2026-03-24 21:12:07.600,0.96
2026-03-24 21:12:08.240,31.56
2026-03-24 21:12:08.880,34.92
2026-03-24 21:12:09.520,-29.16
2026-03-24 21:12:10.160,-24.12
2026-03-24 21:12:10.800,-12.72
2026-03-24 21:12:11.440,0
2026-03-24 21:12:12.080,20.64
2026-03-24 21:12:12.720,25.44
2026-03-24 21:12:13.360,-21.72
2026-03-24 21:12:14.000,-14.76
2026-03-24 21:12:14.640,-6.6
2026-03-24 21:12:15.280,13.56
2026-03-24 21:12:15.920,20.28
2026-03-24 21:12:16.560,7.08
2026-03-24 21:12:17.200,-19.08
2026-03-24 21:12:17.840,-9.36
2026-03-24 21:12:18.480,-2.04
2026-03-24 21:12:19.120,19.92
2026-03-24 21:12:19.760,29.52
2026-03-24 21:12:20.400,-11.04
2026-03-24 21:12:21.040,-17.88
2026-03-24 21:12:21.680,-15.24
2026-03-24 21:12:22.320,-6
2026-03-24 21:12:22.960,13.8
2026-03-24 21:12:23.600,24.6
2026-03-24 21:12:24.240,7.32
2026-03-24 21:12:24.880,-21.84
2026-03-24 21:12:25.520,-14.64
2026-03-24 21:12:26.160,-5.52
2026-03-24 21:12:26.800,15.48
2026-03-24 21:12:27.440,22.92
2026-03-24 21:12:28.080,-20.88
2026-03-24 21:12:28.720,-14.88
2026-03-24 21:12:29.360,-8.52
2026-03-24 21:12:30.000,18.24
2026-03-24 21:12:30.640,21.12
2026-03-24 21:12:31.280,-19.92
2026-03-24 21:12:31.920,-15.36
2026-03-24 21:12:32.560,-7.44
2026-03-24 21:12:33.200,14.4
2026-03-24 21:12:33.840,23.4
2026-03-24 21:12:34.480,7.32
2026-03-24 21:12:35.120,-7.56
2026-03-24 21:12:35.760,-18.84
2026-03-24 21:12:36.400,-1.92
2026-03-24 21:12:37.040,30.36
2026-03-24 21:12:37.680,39.72
2026-03-24 21:12:38.320,-36.72
2026-03-24 21:12:38.960,-24.12
2026-03-24 21:12:39.600,-6.6
2026-03-24 21:12:40.240,19.08
2026-03-24 21:12:40.880,20.52
2026-03-24 21:12:41.520,-21.48
2026-03-24 21:12:42.160,-13.56
2026-03-24 21:12:42.800,-3.12
2026-03-24 21:12:43.440,16.92
2026-03-24 21:12:44.080,16.8
2026-03-24 21:12:44.720,-20.16
2026-03-24 21:12:45.360,-9.24
2026-03-24 21:12:46.000,14.04
2026-03-24 21:12:46.640,26.64
2026-03-24 21:12:47.280,-26.52
2026-03-24 21:12:47.920,-8.4
2026-03-24 21:12:48.560,-0.84
2026-03-24 21:12:49.200,0
2026-03-24 21:12:49.840,-0.12
2026-03-24 21:12:50.480,0
2026-03-24 21:12:51.120,-0.12
2026-03-24 21:12:51.760,0.12
2026-03-24 21:12:52.400,-0.48
2026-03-24 21:12:53.040,0.48
2026-03-24 21:12:53.680,0
2026-03-24 21:12:54.320,-1.08
2026-03-24 21:12:54.960,0.36
2026-03-24 21:12:55.600,-0.12
2026-03-24 21:12:56.240,-1.08
2026-03-24 21:12:56.880,0.48
2026-03-24 21:12:57.520,-0.24
2026-03-24 21:12:58.160,-0.84
2026-03-24 21:12:58.800,1.68
2026-03-24 21:12:59.440,0
2026-03-24 21:13:00.080,-1.32
2026-03-24 21:13:00.720,0.48
2026-03-24 21:13:01.360,0
2026-03-24 21:13:02.000,-0.96
2026-03-24 21:13:02.640,0.12
2026-03-24 21:13:03.280,0
2026-03-24 21:13:03.920,41.04
2026-03-24 21:13:04.560,32.4
2026-03-24 21:13:05.200,-28.92
2026-03-24 21:13:05.840,0
2026-03-24 21:13:06.480,2.76
2026-03-24 21:13:07.120,-15.36
2026-03-24 21:13:07.760,-3
2026-03-24 21:13:08.400,11.52
2026-03-24 21:13:09.040,27.84
2026-03-24 21:13:09.680,11.4
2026-03-24 21:13:10.320,-27
2026-03-24 21:13:10.960,-15.24
2026-03-24 21:13:11.600,-4.68
2026-03-24 21:13:12.240,15
2026-03-24 21:13:12.880,28.2
2026-03-24 21:13:13.520,10.56
2026-03-24 21:13:14.160,-26.76
2026-03-24 21:13:14.800,-16.8
2026-03-24 21:13:15.440,-3.36
2026-03-24 21:13:16.080,12.96
2026-03-24 21:13:16.720,18.6
2026-03-24 21:13:17.360,24.96
2026-03-24 21:13:18.000,24.36
2026-03-24 21:13:18.640,-30.84
2026-03-24 21:13:19.280,-23.4
2026-03-24 21:13:19.920,-1.2
2026-03-24 21:13:20.560,-1.2
2026-03-24 21:13:21.200,-1.2
2026-03-24 21:13:21.840,-1.2
2026-03-24 21:13:22.480,-0.84
2026-03-24 21:13:23.120,-1.2
2026-03-24 21:13:23.760,-0.6
2026-03-24 21:13:24.400,-18.72
2026-03-24 21:13:25.040,-3.12
2026-03-24 21:13:25.680,26.4
2026-03-24 21:13:26.320,34.44
2026-03-24 21:13:26.960,12.48
2026-03-24 21:13:27.600,-30.72
2026-03-24 21:13:28.240,-25.92
2026-03-24 21:13:28.880,-9.96
2026-03-24 21:13:29.520,24.6
2026-03-24 21:13:30.160,28.56
2026-03-24 21:13:30.800,27.48
2026-03-24 21:13:31.440,-30.84
2026-03-24 21:13:32.080,-27.12
2026-03-24 21:13:32.720,-14.04
2026-03-24 21:13:33.360,10.2
2026-03-24 21:13:34.000,23.88
2026-03-24 21:13:34.640,25.8
2026-03-24 21:13:35.280,-26.76
2026-03-24 21:13:35.920,-22.2
2026-03-24 21:13:36.560,-6.12
2026-03-24 21:13:37.200,25.2
2026-03-24 21:13:37.840,35.52
2026-03-24 21:13:38.480,40.44
2026-03-24 21:13:39.120,-36.84
2026-03-24 21:13:39.760,-30.48
2026-03-24 21:13:40.400,12.36
2026-03-24 21:13:41.040,20.64
2026-03-24 21:13:41.680,-32.4
2026-03-24 21:13:42.320,-32.88
2026-03-24 21:13:42.960,-14.4
2026-03-24 21:13:43.600,9
2026-03-24 21:13:44.240,30
2026-03-24 21:13:44.880,18.48
2026-03-24 21:13:45.520,-23.52
2026-03-24 21:13:46.160,-12.24
2026-03-24 21:13:46.800,-4.44
2026-03-24 21:13:47.440,11.04
2026-03-24 21:13:48.080,18.72
2026-03-24 21:13:48.720,-5.16
2026-03-24 21:13:49.360,-9.48
2026-03-24 21:13:50.000,-7.2
2026-03-24 21:13:50.640,0
2026-03-24 21:13:51.280,15.6
2026-03-24 21:13:51.920,8.52
2026-03-24 21:13:52.560,-8.16
2026-03-24 21:13:53.200,-7.68
2026-03-24 21:13:53.840,11.4
2026-03-24 21:13:54.480,15.84
2026-03-24 21:13:55.120,35.52
2026-03-24 21:13:55.760,-20.4
2026-03-24 21:13:56.400,-28.08
2026-03-24 21:13:57.040,-15.36
2026-03-24 21:13:57.680,11.64
2026-03-24 21:13:58.320,27.24
2026-03-24 21:13:58.960,27.96
2026-03-24 21:13:59.600,-32.4
2026-03-24 21:14:00.240,-27.24
2026-03-24 21:14:00.880,-17.4
2026-03-24 21:14:01.520,-6.36
2026-03-24 21:14:02.160,14.04
2026-03-24 21:14:02.800,15.84
2026-03-24 21:14:03.440,7.44
2026-03-24 21:14:04.080,-21.48
2026-03-24 21:14:04.720,-10.56
2026-03-24 21:14:05.360,4.2
2026-03-24 21:14:06.000,17.28
2026-03-24 21:14:06.640,10.68
2026-03-24 21:14:07.280,-20.4
2026-03-24 21:14:07.920,-8.28
2026-03-24 21:14:08.560,3.72
2026-03-24 21:14:09.200,17.64
2026-03-24 21:14:09.840,23.28
2026-03-24 21:14:10.480,-20.04
2026-03-24 21:14:11.120,-12.6
2026-03-24 21:14:11.760,-4.8
2026-03-24 21:14:12.400,6.6
2026-03-24 21:14:13.040,21.48
2026-03-24 21:14:13.680,20.88
2026-03-24 21:14:14.320,-21.12
2026-03-24 21:14:14.960,-16.44
2026-03-24 21:14:15.600,-7.32
2026-03-24 21:14:16.240,17.88
2026-03-24 21:14:16.880,23.16
2026-03-24 21:14:17.520,15.48
2026-03-24 21:14:18.160,-22.92
2026-03-24 21:14:18.800,-16.2
2026-03-24 21:14:19.440,-8.16
2026-03-24 21:14:20.080,22.44
2026-03-24 21:14:20.720,23.88
2026-03-24 21:14:21.360,-1.2
2026-03-24 21:14:22.000,-10.56
2026-03-24 21:14:22.640,-26.52
2026-03-24 21:14:23.280,-10.56
2026-03-24 21:14:23.920,6
2026-03-24 21:14:24.560,15.48
2026-03-24 21:14:25.200,-2.76
2026-03-24 21:14:25.840,-14.04
2026-03-24 21:14:26.480,-6.96
2026-03-24 21:14:27.120,9.24
2026-03-24 21:14:27.760,22.2
2026-03-24 21:14:28.400,21.72
2026-03-24 21:14:29.040,-19.44
2026-03-24 21:14:29.680,-16.32
2026-03-24 21:14:30.320,-10.44
2026-03-24 21:14:30.960,-1.8
2026-03-24 21:14:31.600,16.8
2026-03-24 21:14:32.240,20.04
2026-03-24 21:14:32.880,-16.08
2026-03-24 21:14:33.520,-15.96
2026-03-24 21:14:34.160,-10.56
2026-03-24 21:14:34.800,1.92
2026-03-24 21:14:35.440,17.64
2026-03-24 21:14:36.080,31.56
2026-03-24 21:14:36.720,-27.6
2026-03-24 21:14:37.360,-21.6
2026-03-24 21:14:38.000,-11.28
2026-03-24 21:14:38.640,-3.24
2026-03-24 21:14:39.280,16.56
2026-03-24 21:14:39.920,31.92
2026-03-24 21:14:40.560,2.88
2026-03-24 21:14:41.200,-21.48
2026-03-24 21:14:41.840,-14.04
2026-03-24 21:14:42.480,-6.84
2026-03-24 21:14:43.120,15.72
2026-03-24 21:14:43.760,15.48
2026-03-24 21:14:44.400,-10.68
2026-03-24 21:14:45.040,-8.88
2026-03-24 21:14:45.680,-8.64
2026-03-24 21:14:46.320,14.76
2026-03-24 21:14:46.960,37.08
2026-03-24 21:14:47.600,-24.36
2026-03-24 21:14:48.240,-23.16
2026-03-24 21:14:48.880,-5.52
2026-03-24 21:14:49.520,23.76
2026-03-24 21:14:50.160,40.8
2026-03-24 21:14:50.800,37.56
2026-03-24 21:14:51.440,39.12
2026-03-24 21:14:52.080,1.44
2026-03-24 21:14:52.720,-41.04
2026-03-24 21:14:53.360,-32.04
2026-03-24 21:14:54.000,-24.36
2026-03-24 21:14:54.640,-10.8
2026-03-24 21:14:55.280,-0.6
2026-03-24 21:14:55.920,5.4
2026-03-24 21:14:56.560,18.84
2026-03-24 21:14:57.200,24.72
2026-03-24 21:14:57.840,-16.56
2026-03-24 21:14:58.480,-8.76
2026-03-24 21:14:59.120,0.6
2026-03-24 21:14:59.760,6.36
2026-03-24 21:15:00.400,5.64
2026-03-24 21:15:01.040,31.68
2026-03-24 21:15:01.680,5.28
2026-03-24 21:15:02.320,-11.28
2026-03-24 21:15:02.960,-9.24
2026-03-24 21:15:03.600,-7.44
2026-03-24 21:15:04.240,16.2
2026-03-24 21:15:04.880,26.04
2026-03-24 21:15:05.520,-9.72
2026-03-24 21:15:06.160,-10.56
2026-03-24 21:15:06.800,-5.28
2026-03-24 21:15:07.440,4.68
2026-03-24 21:15:08.080,17.64
2026-03-24 21:15:08.720,18.36
2026-03-24 21:15:09.360,-14.52
2026-03-24 21:15:10.000,-12.24
2026-03-24 21:15:10.640,-7.56
2026-03-24 21:15:11.280,-1.44
2026-03-24 21:15:11.920,18.6
2026-03-24 21:15:12.560,17.64
2026-03-24 21:15:13.200,-15.84
2026-03-24 21:15:13.840,-9.48
2026-03-24 21:15:14.480,-6.84
2026-03-24 21:15:15.120,12.12
2026-03-24 21:15:15.760,19.2
2026-03-24 21:15:16.400,-3.48
2026-03-24 21:15:17.040,-13.56
2026-03-24 21:15:17.680,-13.56
2026-03-24 21:15:18.320,-5.28
2026-03-24 21:15:18.960,27
2026-03-24 21:15:19.600,25.92
2026-03-24 21:15:20.240,-36.48
2026-03-24 21:15:20.880,-23.04
2026-03-24 21:15:21.520,-7.44
2026-03-24 21:15:22.160,19.8
2026-03-24 21:15:22.800,33.12
2026-03-24 21:15:23.440,12.36
2026-03-24 21:15:24.080,-28.8
2026-03-24 21:15:24.720,-16.44
2026-03-24 21:15:25.360,-4.08
2026-03-24 21:15:26.000,21
2026-03-24 21:15:26.640,29.88
2026-03-24 21:15:27.280,-1.68
2026-03-24 21:15:27.920,-25.2
2026-03-24 21:15:28.560,-14.28
2026-03-24 21:15:29.200,-4.56
2026-03-24 21:15:29.840,7.44
2026-03-24 21:15:30.480,16.08
2026-03-24 21:15:31.120,-15.36
2026-03-24 21:15:31.760,-7.68
2026-03-24 21:15:32.400,-1.68
2026-03-24 21:15:33.040,7.2
2026-03-24 21:15:33.680,12.72
2026-03-24 21:15:34.320,-11.52
2026-03-24 21:15:34.960,-5.16
2026-03-24 21:15:35.600,0.12
2026-03-24 21:15:36.240,10.68
2026-03-24 21:15:36.880,23.28
2026-03-24 21:15:37.520,11.64
2026-03-24 21:15:38.160,-22.08
2026-03-24 21:15:38.800,-9.24
2026-03-24 21:15:39.440,-2.52
2026-03-24 21:15:40.080,19.08
2026-03-24 21:15:40.720,32.28
2026-03-24 21:15:41.360,30.36
2026-03-24 21:15:42.000,-30.96
2026-03-24 21:15:42.640,-28.32
2026-03-24 21:15:43.280,-17.64
2026-03-24 21:15:43.920,0.96
2026-03-24 21:15:44.560,24.36
2026-03-24 21:15:45.200,30.24
2026-03-24 21:15:45.840,-32.04
2026-03-24 21:15:46.480,-27.24
2026-03-24 21:15:47.120,-12.72
2026-03-24 21:15:47.760,19.32
2026-03-24 21:15:48.400,24.12
2026-03-24 21:15:49.040,-28.56
2026-03-24 21:15:49.680,-14.28
2026-03-24 21:15:50.320,13.2
2026-03-24 21:15:50.960,30
2026-03-24 21:15:51.600,-16.92
2026-03-24 21:15:52.240,-26.16
2026-03-24 21:15:52.880,-9
2026-03-24 21:15:53.520,26.04
2026-03-24 21:15:54.160,33.12
2026-03-24 21:15:54.800,-20.64
2026-03-24 21:15:55.440,-27.96
2026-03-24 21:15:56.080,-15.12
2026-03-24 21:15:56.720,-0.96
2026-03-24 21:15:57.360,19.32
2026-03-24 21:15:58.000,-1.2
2026-03-24 21:15:58.640,-15.36
2026-03-24 21:15:59.280,-7.32
2026-03-24 21:15:59.920,-1.08
2026-03-24 21:16:00.560,9.48
2026-03-24 21:16:01.200,19.08
2026-03-24 21:16:01.840,-15.84
2026-03-24 21:16:02.480,-6.96
2026-03-24 21:16:03.120,-2.16
2026-03-24 21:16:03.760,16.92
2026-03-24 21:16:04.400,25.56
2026-03-24 21:16:05.040,-10.56
2026-03-24 21:16:05.680,-19.44
2026-03-24 21:16:06.320,-11.88
2026-03-24 21:16:06.960,-3.48
2026-03-24 21:16:07.600,23.28
2026-03-24 21:16:08.240,28.56
2026-03-24 21:16:08.880,-30
2026-03-24 21:16:09.520,-20.64
2026-03-24 21:16:10.160,-6.84
2026-03-24 21:16:10.800,12.84
2026-03-24 21:16:11.440,23.88
2026-03-24 21:16:12.080,29.4
2026-03-24 21:16:12.720,-29.76
2026-03-24 21:16:13.360,-26.04
2026-03-24 21:16:14.000,-13.68
2026-03-24 21:16:14.640,32.64
2026-03-24 21:16:15.280,32.04
2026-03-24 21:16:15.920,-34.2
2026-03-24 21:16:16.560,-26.88
2026-03-24 21:16:17.200,-16.08
2026-03-24 21:16:17.840,7.8
2026-03-24 21:16:18.480,23.88
2026-03-24 21:16:19.120,27.48
2026-03-24 21:16:19.760,-27
2026-03-24 21:16:20.400,-20.28
2026-03-24 21:16:21.040,-10.92
2026-03-24 21:16:21.680,20.16
2026-03-24 21:16:22.320,22.92
2026-03-24 21:16:22.960,-16.8
2026-03-24 21:16:23.600,-19.2
2026-03-24 21:16:24.240,-11.88
2026-03-24 21:16:24.880,9.12
2026-03-24 21:16:25.520,24.12
2026-03-24 21:16:26.160,-0.24
2026-03-24 21:16:26.800,-19.2
2026-03-24 21:16:27.440,-13.08
2026-03-24 21:16:28.080,4.32
2026-03-24 21:16:28.720,22.32
2026-03-24 21:16:29.360,-5.04
2026-03-24 21:16:30.000,-18.12
2026-03-24 21:16:30.640,-7.92
2026-03-24 21:16:31.280,18.48
2026-03-24 21:16:31.920,26.4
2026-03-24 21:16:32.560,22.56
2026-03-24 21:16:33.200,-26.28
2026-03-24 21:16:33.840,-19.2
2026-03-24 21:16:34.480,-9.72
2026-03-24 21:16:35.120,6.96
2026-03-24 21:16:35.760,21.12
2026-03-24 21:16:36.400,24.72
2026-03-24 21:16:37.040,-24.48
2026-03-24 21:16:37.680,-19.08
2026-03-24 21:16:38.320,-8.76
2026-03-24 21:16:38.960,0.96
2026-03-24 21:16:39.600,21.96
2026-03-24 21:16:40.240,22.56
2026-03-24 21:16:40.880,-21.84
2026-03-24 21:16:41.520,-17.52
2026-03-24 21:16:42.160,23.52
2026-03-24 21:16:42.800,28.68
2026-03-24 21:16:43.440,15.36
2026-03-24 21:16:44.080,-26.88
2026-03-24 21:16:44.720,-19.32
2026-03-24 21:16:45.360,-12.6
2026-03-24 21:16:46.000,16.8
2026-03-24 21:16:46.640,22.44
2026-03-24 21:16:47.280,-18.84
2026-03-24 21:16:47.920,-16.32
2026-03-24 21:16:48.560,-12
2026-03-24 21:16:49.200,8.88
2026-03-24 21:16:49.840,23.52
2026-03-24 21:16:50.480,15.36
2026-03-24 21:16:51.120,-27.72
2026-03-24 21:16:51.760,-17.4
2026-03-24 21:16:52.400,17.76
2026-03-24 21:16:53.040,26.88
2026-03-24 21:16:53.680,4.32
2026-03-24 21:16:54.320,-24.36
2026-03-24 21:16:54.960,-15.24
2026-03-24 21:16:55.600,-4.32
2026-03-24 21:16:56.240,19.32
2026-03-24 21:16:56.880,14.28
2026-03-24 21:16:57.520,-13.32
2026-03-24 21:16:58.160,-11.76
2026-03-24 21:16:58.800,-5.04
2026-03-24 21:16:59.440,6.48
2026-03-24 21:17:00.080,17.04
2026-03-24 21:17:00.720,3.48
2026-03-24 21:17:01.360,-9.12
2026-03-24 21:17:02.000,-8.52
2026-03-24 21:17:02.640,-3.48
2026-03-24 21:17:03.280,35.88
2026-03-24 21:17:03.920,41.16
2026-03-24 21:17:04.560,-38.88
2026-03-24 21:17:05.200,-26.88
2026-03-24 21:17:05.840,-13.32
2026-03-24 21:17:06.480,31.2
2026-03-24 21:17:07.120,39.48
2026-03-24 21:17:07.760,24.96
2026-03-24 21:17:08.400,-33.96
2026-03-24 21:17:09.040,-26.52
2026-03-24 21:17:09.680,-15.96
2026-03-24 21:17:10.320,21.48
2026-03-24 21:17:10.960,27.48
2026-03-24 21:17:11.600,0.48
2026-03-24 21:17:12.240,-19.44
2026-03-24 21:17:12.880,-15.6
2026-03-24 21:17:13.520,-10.56
2026-03-24 21:17:14.160,10.32
2026-03-24 21:17:14.800,16.56
2026-03-24 21:17:15.440,-18.24
2026-03-24 21:17:16.080,-9.72
2026-03-24 21:17:16.720,5.76
2026-03-24 21:17:17.360,26.4
2026-03-24 21:17:18.000,22.44
2026-03-24 21:17:18.640,-23.28
2026-03-24 21:17:19.280,-19.68
2026-03-24 21:17:19.920,-8.52
2026-03-24 21:17:20.560,11.64
2026-03-24 21:17:21.200,24
2026-03-24 21:17:21.840,20.28
2026-03-24 21:17:22.480,-23.28
2026-03-24 21:17:23.120,-17.52
2026-03-24 21:17:23.760,-6.84
2026-03-24 21:17:24.400,7.2
2026-03-24 21:17:25.040,23.64
2026-03-24 21:17:25.680,23.52
2026-03-24 21:17:26.320,-23.52
2026-03-24 21:17:26.960,-17.16
2026-03-24 21:17:27.600,-9
2026-03-24 21:17:28.240,8.28
2026-03-24 21:17:28.880,25.08
2026-03-24 21:17:29.520,-34.2
2026-03-24 21:17:30.160,-12.96
2026-03-24 21:17:30.800,-2.04
2026-03-24 21:17:31.440,13.2
2026-03-24 21:17:32.080,25.44
2026-03-24 21:17:32.720,-13.56
2026-03-24 21:17:33.360,-17.04
2026-03-24 21:17:34.000,-11.28
2026-03-24 21:17:34.640,-3.84
2026-03-24 21:17:35.280,20.52
2026-03-24 21:17:35.920,22.44
2026-03-24 21:17:36.560,-18.6
2026-03-24 21:17:37.200,-16.8
2026-03-24 21:17:37.840,-10.56
2026-03-24 21:17:38.480,15.12
2026-03-24 21:17:39.120,26.16
2026-03-24 21:17:39.760,20.52
2026-03-24 21:17:40.400,-29.04
2026-03-24 21:17:41.040,-16.44
2026-03-24 21:17:41.680,3.72
2026-03-24 21:17:42.320,34.32
2026-03-24 21:17:42.960,34.8
2026-03-24 21:17:43.600,-32.64
2026-03-24 21:17:44.240,-19.44
2026-03-24 21:17:44.880,-6.84
2026-03-24 21:17:45.520,21.24
2026-03-24 21:17:46.160,30
2026-03-24 21:17:46.800,-33.96
2026-03-24 21:17:47.440,-20.52
2026-03-24 21:17:48.080,-7.32
2026-03-24 21:17:48.720,-1.8
2026-03-24 21:17:49.360,12.48
2026-03-24 21:17:50.000,11.64
2026-03-24 21:17:50.640,-12.36
2026-03-24 21:17:51.280,-6.96
2026-03-24 21:17:51.920,-1.2
2026-03-24 21:17:52.560,17.76
2026-03-24 21:17:53.200,21.6
2026-03-24 21:17:53.840,-17.04
2026-03-24 21:17:54.480,-9.6
2026-03-24 21:17:55.120,-4.44
2026-03-24 21:17:55.760,3.72
2026-03-24 21:17:56.400,15.84
2026-03-24 21:17:57.040,5.28
2026-03-24 21:17:57.680,-14.28
2026-03-24 21:17:58.320,-6.96
2026-03-24 21:17:58.960,-0.12
2026-03-24 21:17:59.600,15.96
2026-03-24 21:18:00.240,25.32
2026-03-24 21:18:00.880,-26.88
2026-03-24 21:18:01.520,-20.4
2026-03-24 21:18:02.160,-4.32
2026-03-24 21:18:02.800,16.2
2026-03-24 21:18:03.440,32.52
2026-03-24 21:18:04.080,29.28
2026-03-24 21:18:04.720,-32.28
2026-03-24 21:18:05.360,-23.16
2026-03-24 21:18:06.000,-7.92
2026-03-24 21:18:06.640,17.4
2026-03-24 21:18:07.280,28.44
2026-03-24 21:18:07.920,25.68
2026-03-24 21:18:08.560,-33.24
2026-03-24 21:18:09.200,-21.36
2026-03-24 21:18:09.840,-6.12
2026-03-24 21:18:10.480,19.68
2026-03-24 21:18:11.120,27.84
2026-03-24 21:18:11.760,3
2026-03-24 21:18:12.400,-27.48
2026-03-24 21:18:13.040,-15.48
2026-03-24 21:18:13.680,-5.04
2026-03-24 21:18:14.320,5.52
2026-03-24 21:18:14.960,20.4
2026-03-24 21:18:15.600,10.32
2026-03-24 21:18:16.240,-21.12
2026-03-24 21:18:16.880,-10.2
2026-03-24 21:18:17.520,3.12
2026-03-24 21:18:18.160,23.52
2026-03-24 21:18:18.800,32.16
2026-03-24 21:18:19.440,-30.24
2026-03-24 21:18:20.080,-23.76
2026-03-24 21:18:20.720,-10.44
2026-03-24 21:18:21.360,4.68
2026-03-24 21:18:22.000,20.04
2026-03-24 21:18:22.640,24.36
2026-03-24 21:18:23.280,-23.4
2026-03-24 21:18:23.920,-23.52
2026-03-24 21:18:24.560,-6.36
2026-03-24 21:18:25.200,30.72
2026-03-24 21:18:25.840,30
2026-03-24 21:18:26.480,-42.96
2026-03-24 21:18:27.120,-26.52
2026-03-24 21:18:27.760,-10.68
2026-03-24 21:18:28.400,22.56
2026-03-24 21:18:29.040,31.08
2026-03-24 21:18:29.680,1.8
2026-03-24 21:18:30.320,-31.08
2026-03-24 21:18:30.960,-13.56
2026-03-24 21:18:31.600,2.4
2026-03-24 21:18:32.240,22.8
2026-03-24 21:18:32.880,26.4
2026-03-24 21:18:33.520,-23.16
2026-03-24 21:18:34.160,-18.12
2026-03-24 21:18:34.800,-16.32
2026-03-24 21:18:35.440,-6.6
2026-03-24 21:18:36.080,18.48
2026-03-24 21:18:36.720,22.08
2026-03-24 21:18:37.360,-17.4
2026-03-24 21:18:38.000,-13.32
2026-03-24 21:18:38.640,-5.88
2026-03-24 21:18:39.280,2.64
2026-03-24 21:18:39.920,12.96
2026-03-24 21:18:40.560,0.36
2026-03-24 21:18:41.200,-10.32
2026-03-24 21:18:41.840,5.76
2026-03-24 21:18:42.480,18.36
2026-03-24 21:18:43.120,1.8
2026-03-24 21:18:43.760,-0.24
2026-03-24 21:18:44.400,-0.36
2026-03-24 21:18:45.040,-0.72
2026-03-24 21:18:45.680,-1.08
2026-03-24 21:18:46.320,-1.92
2026-03-24 21:18:46.960,-1.56
2026-03-24 21:18:47.600,-0.84
2026-03-24 21:18:48.240,-0.48
2026-03-24 21:18:48.880,-1.8
2026-03-24 21:18:49.520,3
2026-03-24 21:18:50.160,35.28
2026-03-24 21:18:50.800,-0.72
2026-03-24 21:18:51.440,-0.84
2026-03-24 21:18:52.080,15.96
2026-03-24 21:18:52.720,31.92
2026-03-24 21:18:53.360,27.84
2026-03-24 21:18:54.000,20.16
2026-03-24 21:18:54.640,-45.24
2026-03-24 21:18:55.280,-36.36
2026-03-24 21:18:55.920,-24.36
2026-03-24 21:18:56.560,-0.12
2026-03-24 21:18:57.200,23.64
2026-03-24 21:18:57.840,26.52
2026-03-24 21:18:58.480,-30.48
2026-03-24 21:18:59.120,-18.12
2026-03-24 21:18:59.760,-3.12
2026-03-24 21:19:00.400,14.28
2026-03-24 21:19:01.040,21.6
2026-03-24 21:19:01.680,-19.2
2026-03-24 21:19:02.320,-11.16
2026-03-24 21:19:02.960,-4.2
2026-03-24 21:19:03.600,13.68
2026-03-24 21:19:04.240,29.76
2026-03-24 21:19:04.880,13.56
2026-03-24 21:19:05.520,-31.92
2026-03-24 21:19:06.160,-13.68
2026-03-24 21:19:06.800,23.28
2026-03-24 21:19:07.440,33.96
2026-03-24 21:19:08.080,27
2026-03-24 21:19:08.720,-28.2
2026-03-24 21:19:09.360,-30.12
2026-03-24 21:19:10.000,-21.72
2026-03-24 21:19:10.640,-10.44
2026-03-24 21:19:11.280,4.08
2026-03-24 21:19:11.920,20.28
2026-03-24 21:19:12.560,26.88
2026-03-24 21:19:13.200,-25.56
2026-03-24 21:19:13.840,-18.96
2026-03-24 21:19:14.480,-9.96
2026-03-24 21:19:15.120,22.08
2026-03-24 21:19:15.760,23.88
2026-03-24 21:19:16.400,-23.4
2026-03-24 21:19:17.040,-12.36
2026-03-24 21:19:17.680,-8.76
2026-03-24 21:19:18.320,-2.64
2026-03-24 21:19:18.960,12
2026-03-24 21:19:19.600,17.4
2026-03-24 21:19:20.240,16.68
2026-03-24 21:19:20.880,-18.12
2026-03-24 21:19:21.520,-13.92
2026-03-24 21:19:22.160,-7.32
2026-03-24 21:19:22.800,12.96
2026-03-24 21:19:23.440,21.48
2026-03-24 21:19:24.080,21.12
2026-03-24 21:19:24.720,-21.96
2026-03-24 21:19:25.360,-16.08
2026-03-24 21:19:26.000,-7.44
2026-03-24 21:19:26.640,-4.32
2026-03-24 21:19:27.280,15.84
2026-03-24 21:19:27.920,17.64
2026-03-24 21:19:28.560,6.96
2026-03-24 21:19:29.200,-16.08
2026-03-24 21:19:29.840,-12.72
2026-03-24 21:19:30.480,-5.52
2026-03-24 21:19:31.120,16.56
2026-03-24 21:19:31.760,22.08
2026-03-24 21:19:32.400,-4.2
2026-03-24 21:19:33.040,-18.36
2026-03-24 21:19:33.680,-9.84
2026-03-24 21:19:34.320,-5.76
2026-03-24 21:19:34.960,13.56
2026-03-24 21:19:35.600,17.4
2026-03-24 21:19:36.240,-17.52
2026-03-24 21:19:36.880,-13.32
2026-03-24 21:19:37.520,-12.24
2026-03-24 21:19:38.160,13.8
2026-03-24 21:19:38.800,15.48
2026-03-24 21:19:39.440,2.4
2026-03-24 21:19:40.080,-24.36
2026-03-24 21:19:40.720,-14.76
2026-03-24 21:19:41.360,-0.24
2026-03-24 21:19:42.000,18.96
2026-03-24 21:19:42.640,20.52
2026-03-24 21:19:43.280,-9.24
2026-03-24 21:19:43.920,-18.12
2026-03-24 21:19:44.560,-13.92
2026-03-24 21:19:45.200,-4.56
2026-03-24 21:19:45.840,19.56
2026-03-24 21:19:46.480,34.32
2026-03-24 21:19:47.120,3.6
2026-03-24 21:19:47.760,-33.96
2026-03-24 21:19:48.400,-21
2026-03-24 21:19:49.040,34.08
2026-03-24 21:19:49.680,36
2026-03-24 21:19:50.320,-37.68
2026-03-24 21:19:50.960,-23.52
2026-03-24 21:19:51.600,-0.36
2026-03-24 21:19:52.240,26.4
2026-03-24 21:19:52.880,13.08
2026-03-24 21:19:53.520,-19.56
2026-03-24 21:19:54.160,-9.48
2026-03-24 21:19:54.800,-2.16
2026-03-24 21:19:55.440,21.72
2026-03-24 21:19:56.080,20.52
2026-03-24 21:19:56.720,-21.36
2026-03-24 21:19:57.360,-11.28
2026-03-24 21:19:58.000,3.96
2026-03-24 21:19:58.640,27.84
2026-03-24 21:19:59.280,34.92
2026-03-24 21:19:59.920,-30.84
2026-03-24 21:20:00.560,-20.4
2026-03-24 21:20:01.200,-6.48
2026-03-24 21:20:01.840,23.64
2026-03-24 21:20:02.480,34.2
2026-03-24 21:20:03.120,-35.64
2026-03-24 21:20:03.760,-23.88
2026-03-24 21:20:04.400,-13.32
2026-03-24 21:20:05.040,-3.6
2026-03-24 21:20:05.680,16.2
2026-03-24 21:20:06.320,30
2026-03-24 21:20:06.960,-25.08
2026-03-24 21:20:07.600,-16.32
2026-03-24 21:20:08.240,-5.88
2026-03-24 21:20:08.880,7.56
2026-03-24 21:20:09.520,22.8
2026-03-24 21:20:10.160,-14.52
2026-03-24 21:20:10.800,-15.6
2026-03-24 21:20:11.440,-7.56
2026-03-24 21:20:12.080,3.48
2026-03-24 21:20:12.720,29.88
2026-03-24 21:20:13.360,33.6
2026-03-24 21:20:14.000,30
2026-03-24 21:20:14.640,-36.6
2026-03-24 21:20:15.280,-32.76
2026-03-24 21:20:15.920,-23.52
2026-03-24 21:20:16.560,-11.16
2026-03-24 21:20:17.200,11.64
2026-03-24 21:20:17.840,20.4
2026-03-24 21:20:18.480,-14.52
2026-03-24 21:20:19.120,-14.64
2026-03-24 21:20:19.760,-8.16
2026-03-24 21:20:20.400,2.4
2026-03-24 21:20:21.040,19.8
2026-03-24 21:20:21.680,25.92
2026-03-24 21:20:22.320,-17.28
2026-03-24 21:20:22.960,-16.44
2026-03-24 21:20:23.600,-7.92
2026-03-24 21:20:24.240,1.32
2026-03-24 21:20:24.880,11.76
2026-03-24 21:20:25.520,0.24
2026-03-24 21:20:26.160,-3.96
2026-03-24 21:20:26.800,-5.04
2026-03-24 21:20:27.440,0
2026-03-24 21:20:28.080,13.68
2026-03-24 21:20:28.720,18.48
2026-03-24 21:20:29.360,-12.24
2026-03-24 21:20:30.000,-13.92
2026-03-24 21:20:30.640,-7.32
2026-03-24 21:20:31.280,1.08
2026-03-24 21:20:31.920,22.8
2026-03-24 21:20:32.560,30.6
2026-03-24 21:20:33.200,25.2
2026-03-24 21:20:33.840,-35.76
2026-03-24 21:20:34.480,-30.96
2026-03-24 21:20:35.120,-20.52
2026-03-24 21:20:35.760,-10.8
2026-03-24 21:20:36.400,17.88
2026-03-24 21:20:37.040,24.84
2026-03-24 21:20:37.680,22.8
2026-03-24 21:20:38.320,-21.96
2026-03-24 21:20:38.960,-20.04
2026-03-24 21:20:39.600,-12
2026-03-24 21:20:40.240,10.56
2026-03-24 21:20:40.880,16.56
2026-03-24 21:20:41.520,-2.52
2026-03-24 21:20:42.160,-9.84
2026-03-24 21:20:42.800,-7.68
2026-03-24 21:20:43.440,2.88
2026-03-24 21:20:44.080,22.32
2026-03-24 21:20:44.720,36.36
2026-03-24 21:20:45.360,-12.24
2026-03-24 21:20:46.000,-11.16
2026-03-24 21:20:46.640,11.64
2026-03-24 21:20:47.280,13.56
2026-03-24 21:20:47.920,-12.12
2026-03-24 21:20:48.560,-3
2026-03-24 21:20:49.200,-31.32
2026-03-24 21:20:49.840,-13.32
2026-03-24 21:20:50.480,29.88
2026-03-24 21:20:51.120,28.2
2026-03-24 21:20:51.760,18
2026-03-24 21:20:52.400,-21.36
2026-03-24 21:20:53.040,-20.16
2026-03-24 21:20:53.680,-17.16
2026-03-24 21:20:54.320,-4.56
2026-03-24 21:20:54.960,24.48
2026-03-24 21:20:55.600,26.28
2026-03-24 21:20:56.240,-21.72
2026-03-24 21:20:56.880,-17.88
2026-03-24 21:20:57.520,-17.52
2026-03-24 21:20:58.160,-10.2
2026-03-24 21:20:58.800,20.52
2026-03-24 21:20:59.440,27.36
2026-03-24 21:21:00.080,23.64
2026-03-24 21:21:00.720,-22.92
2026-03-24 21:21:01.360,-20.64
2026-03-24 21:21:02.000,-16.08
2026-03-24 21:21:02.640,3.12
2026-03-24 21:21:03.280,21.96
2026-03-24 21:21:03.920,27.24
2026-03-24 21:21:04.560,-25.32
2026-03-24 21:21:05.200,-23.28
2026-03-24 21:21:05.840,-16.68
2026-03-24 21:21:06.480,-2.4
2026-03-24 21:21:07.120,33
2026-03-24 21:21:07.760,32.88
2026-03-24 21:21:08.400,-31.08
2026-03-24 21:21:09.040,-27.72
2026-03-24 21:21:09.680,3.12
2026-03-24 21:21:10.320,30.84
2026-03-24 21:21:10.960,9.84
2026-03-24 21:21:11.600,-21.72
2026-03-24 21:21:12.240,-12
2026-03-24 21:21:12.880,6.6
2026-03-24 21:21:13.520,29.16
2026-03-24 21:21:14.160,-3.84
2026-03-24 21:21:14.800,-25.56
2026-03-24 21:21:15.440,-9.24
2026-03-24 21:21:16.080,-3.24
2026-03-24 21:21:16.720,8.88
2026-03-24 21:21:17.360,15.96
2026-03-24 21:21:18.000,-12.6
2026-03-24 21:21:18.640,-6.72
2026-03-24 21:21:19.280,10.08
2026-03-24 21:21:19.920,24.72
2026-03-24 21:21:20.560,23.76
2026-03-24 21:21:21.200,-24.48
2026-03-24 21:21:21.840,-13.08
2026-03-24 21:21:22.480,-4.68
2026-03-24 21:21:23.120,2.28
2026-03-24 21:21:23.760,22.92
2026-03-24 21:21:24.400,30.36
2026-03-24 21:21:25.040,-28.8
2026-03-24 21:21:25.680,-21.96
2026-03-24 21:21:26.320,-9
2026-03-24 21:21:26.960,-1.2
2026-03-24 21:21:27.600,15.12
2026-03-24 21:21:28.240,14.76
2026-03-24 21:21:28.880,-17.76
2026-03-24 21:21:29.520,-8.16
2026-03-24 21:21:30.160,1.32
2026-03-24 21:21:30.800,24.36
2026-03-24 21:21:31.440,25.92
2026-03-24 21:21:32.080,-26.16
2026-03-24 21:21:32.720,-12.84
2026-03-24 21:21:33.360,-4.32
2026-03-24 21:21:34.000,-1.8
2026-03-24 21:21:34.640,6.84
2026-03-24 21:21:35.280,6.6
2026-03-24 21:21:35.920,-7.2
2026-03-24 21:21:36.560,-2.28
2026-03-24 21:21:37.200,-1.32
2026-03-24 21:21:37.840,14.52
2026-03-24 21:21:38.480,16.92
2026-03-24 21:21:39.120,-18
2026-03-24 21:21:39.760,-26.64
2026-03-24 21:21:40.400,-2.28
2026-03-24 21:21:41.040,10.32
2026-03-24 21:21:41.680,-3.48
2026-03-24 21:21:42.320,48.24
2026-03-24 21:21:42.960,41.64
2026-03-24 21:21:43.600,30.6
2026-03-24 21:21:44.240,31.32
2026-03-24 21:21:44.880,33.24
2026-03-24 21:21:45.520,-52.32
2026-03-24 21:21:46.160,-49.08
2026-03-24 21:21:46.800,-32.76
2026-03-24 21:21:47.440,-17.52
2026-03-24 21:21:48.080,-4.8
2026-03-24 21:21:48.720,6.36
2026-03-24 21:21:49.360,24.6
2026-03-24 21:21:50.000,27.24
2026-03-24 21:21:50.640,-15.96
2026-03-24 21:21:51.280,-5.76
2026-03-24 21:21:51.920,1.32
2026-03-24 21:21:52.560,7.68
2026-03-24 21:21:53.200,17.04
2026-03-24 21:21:53.840,27.36
2026-03-24 21:21:54.480,-14.76
2026-03-24 21:21:55.120,-5.16
2026-03-24 21:21:55.760,0.36
2026-03-24 21:21:56.400,3.12
2026-03-24 21:21:57.040,14.04
2026-03-24 21:21:57.680,25.32
2026-03-24 21:21:58.320,-18.72
2026-03-24 21:21:58.960,-8.52
2026-03-24 21:21:59.600,-0.12
2026-03-24 21:22:00.240,7.44
2026-03-24 21:22:00.880,20.88
2026-03-24 21:22:01.520,29.28
2026-03-24 21:22:02.160,11.52
2026-03-24 21:22:02.800,-28.2
2026-03-24 21:22:03.440,-13.56
2026-03-24 21:22:04.080,-5.52
2026-03-24 21:22:04.720,4.2
2026-03-24 21:22:05.360,23.28
2026-03-24 21:22:06.000,28.2
2026-03-24 21:22:06.640,-28.92
2026-03-24 21:22:07.280,-22.68
2026-03-24 21:22:07.920,-10.92
2026-03-24 21:22:08.560,-2.64
2026-03-24 21:22:09.200,14.64
2026-03-24 21:22:09.840,25.44
2026-03-24 21:22:10.480,17.28
2026-03-24 21:22:11.120,-27.48
2026-03-24 21:22:11.760,-15
2026-03-24 21:22:12.400,-9.12
2026-03-24 21:22:13.040,11.28
2026-03-24 21:22:13.680,32.04
2026-03-24 21:22:14.320,31.68
2026-03-24 21:22:14.960,0.84
2026-03-24 21:22:15.600,-0.72
2026-03-24 21:22:16.240,-0.96
2026-03-24 21:22:16.880,-8.16
2026-03-24 21:22:17.520,3.6
2026-03-24 21:22:18.160,24
2026-03-24 21:22:18.800,18
2026-03-24 21:22:19.440,-22.56
2026-03-24 21:22:20.080,-17.76
2026-03-24 21:22:20.720,-14.16
2026-03-24 21:22:21.360,14.28
2026-03-24 21:22:22.000,14.88
2026-03-24 21:22:22.640,-14.04
2026-03-24 21:22:23.280,-13.56
2026-03-24 21:22:23.920,-10.32
2026-03-24 21:22:24.560,7.08
2026-03-24 21:22:25.200,18.48
2026-03-24 21:22:25.840,-0.84
2026-03-24 21:22:26.480,-15.36
2026-03-24 21:22:27.120,-11.64
2026-03-24 21:22:27.760,-10.2
2026-03-24 21:22:28.400,20.76
2026-03-24 21:22:29.040,24.12
2026-03-24 21:22:29.680,0.84
2026-03-24 21:22:30.320,-15.6
2026-03-24 21:22:30.960,-12.72
2026-03-24 21:22:31.600,-3
2026-03-24 21:22:32.240,18.12
2026-03-24 21:22:32.880,15.84
2026-03-24 21:22:33.520,-18.84
2026-03-24 21:22:34.160,-17.64
2026-03-24 21:22:34.800,-10.56
2026-03-24 21:22:35.440,16.56
2026-03-24 21:22:36.080,29.16
2026-03-24 21:22:36.720,32.76
2026-03-24 21:22:37.360,-23.76
2026-03-24 21:22:38.000,-27.36
2026-03-24 21:22:38.640,-21.96
2026-03-24 21:22:39.280,-3.24
2026-03-24 21:22:39.920,23.64
2026-03-24 21:22:40.560,30
2026-03-24 21:22:41.200,-31.32
2026-03-24 21:22:41.840,-27.36
2026-03-24 21:22:42.480,-9.84
2026-03-24 21:22:43.120,12
2026-03-24 21:22:43.760,20.04
2026-03-24 21:22:44.400,13.68
2026-03-24 21:22:45.040,1.56
2026-03-24 21:22:45.680,-6.48
2026-03-24 21:22:46.320,-18.48
2026-03-24 21:22:46.960,-21.12
2026-03-24 21:22:47.600,17.52
2026-03-24 21:22:48.240,24
2026-03-24 21:22:48.880,-1.8
2026-03-24 21:22:49.520,-14.76
2026-03-24 21:22:50.160,-16.2
2026-03-24 21:22:50.800,-8.64
2026-03-24 21:22:51.440,18.36
2026-03-24 21:22:52.080,13.08
2026-03-24 21:22:52.720,-6.12
2026-03-24 21:22:53.360,-8.28
2026-03-24 21:22:54.000,-12.12
2026-03-24 21:22:54.640,9.12
2026-03-24 21:22:55.280,14.04
2026-03-24 21:22:55.920,1.2
2026-03-24 21:22:56.560,-8.52
2026-03-24 21:22:57.200,-9.48
2026-03-24 21:22:57.840,-5.28
2026-03-24 21:22:58.480,15.48
2026-03-24 21:22:59.120,18.36
2026-03-24 21:22:59.760,3.36
2026-03-24 21:23:00.400,-19.56
2026-03-24 21:23:01.040,-17.4
2026-03-24 21:23:01.680,0.84
2026-03-24 21:23:02.320,23.52
2026-03-24 21:23:02.960,27.6
2026-03-24 21:23:03.600,-8.04
2026-03-24 21:23:04.240,-27.72
2026-03-24 21:23:04.880,-23.04
2026-03-24 21:23:05.520,13.2
2026-03-24 21:23:06.160,20.52
2026-03-24 21:23:06.800,21.72
2026-03-24 21:23:07.440,-15.36
2026-03-24 21:23:08.080,-21.12
2026-03-24 21:23:08.720,-20.04
2026-03-24 21:23:09.360,18.72
2026-03-24 21:23:10.000,26.76
2026-03-24 21:23:10.640,31.92
2026-03-24 21:23:11.280,-33.24
2026-03-24 21:23:11.920,-26.64
2026-03-24 21:23:12.560,-6.48
2026-03-24 21:23:13.200,33
2026-03-24 21:23:13.840,24.84
2026-03-24 21:23:14.480,-29.4
2026-03-24 21:23:15.120,-21.24
2026-03-24 21:23:15.760,-4.08
2026-03-24 21:23:16.400,16.92
2026-03-24 21:23:17.040,8.76
2026-03-24 21:23:17.680,-6.96
2026-03-24 21:23:18.320,-7.08
2026-03-24 21:23:18.960,23.52
2026-03-24 21:23:19.600,4.44
2026-03-24 21:23:20.240,-21.84
2026-03-24 21:23:20.880,-7.44
2026-03-24 21:23:21.520,11.64
2026-03-24 21:23:22.160,22.56
2026-03-24 21:23:22.800,19.8
2026-03-24 21:23:23.440,-5.28
2026-03-24 21:23:24.080,-0.24
2026-03-24 21:23:24.720,-0.6
2026-03-24 21:23:25.360,-0.84
2026-03-24 21:23:26.000,-0.6
2026-03-24 21:23:26.640,-21.24
2026-03-24 21:23:27.280,-25.56
2026-03-24 21:23:27.920,20.16
2026-03-24 21:23:28.560,42.84
2026-03-24 21:23:29.200,20.04
2026-03-24 21:23:29.840,-33.24
2026-03-24 21:23:30.480,-24
2026-03-24 21:23:31.120,-8.16
2026-03-24 21:23:31.760,16.56
2026-03-24 21:23:32.400,33.36
2026-03-24 21:23:33.040,-35.52
2026-03-24 21:23:33.680,-20.16
2026-03-24 21:23:34.320,-12.24
2026-03-24 21:23:34.960,30.96
2026-03-24 21:23:35.600,10.8
2026-03-24 21:23:36.240,-17.88
2026-03-24 21:23:36.880,-4.32
2026-03-24 21:23:37.520,16.32
2026-03-24 21:23:38.160,34.32
2026-03-24 21:23:38.800,21.72
2026-03-24 21:23:39.440,-27.6
2026-03-24 21:23:40.080,-18.84
2026-03-24 21:23:40.720,-8.04
2026-03-24 21:23:41.360,10.56
2026-03-24 21:23:42.000,16.92
2026-03-24 21:23:42.640,-17.04
2026-03-24 21:23:43.280,-9
2026-03-24 21:23:43.920,-3.36
2026-03-24 21:23:44.560,19.56
2026-03-24 21:23:45.200,15.96
2026-03-24 21:23:45.840,-15.6
2026-03-24 21:23:46.480,-6.48
2026-03-24 21:23:47.120,-10.08
2026-03-24 21:23:47.760,26.16
2026-03-24 21:23:48.400,33.84
2026-03-24 21:23:49.040,-14.64
2026-03-24 21:23:49.680,-27.6
2026-03-24 21:23:50.320,-12.96
2026-03-24 21:23:50.960,-2.76
2026-03-24 21:23:51.600,20.16
2026-03-24 21:23:52.240,11.28
2026-03-24 21:23:52.880,-17.28
2026-03-24 21:23:53.520,-7.92
2026-03-24 21:23:54.160,0.48
2026-03-24 21:23:54.800,16.56
2026-03-24 21:23:55.440,-4.68
2026-03-24 21:23:56.080,-11.76
2026-03-24 21:23:56.720,-3.6
2026-03-24 21:23:57.360,12.84
2026-03-24 21:23:58.000,23.64
2026-03-24 21:23:58.640,-23.88
2026-03-24 21:23:59.280,-18.12
2026-03-24 21:23:59.920,-4.44
2026-03-24 21:24:00.560,8.16
2026-03-24 21:24:01.200,26.52
2026-03-24 21:24:01.840,23.4
2026-03-24 21:24:02.480,-26.64
2026-03-24 21:24:03.120,-9
2026-03-24 21:24:03.760,30.84
2026-03-24 21:24:04.400,41.52
2026-03-24 21:24:05.040,21.96
2026-03-24 21:24:05.680,-37.56
2026-03-24 21:24:06.320,-30.36
2026-03-24 21:24:06.960,-16.32
2026-03-24 21:24:07.600,34.08
2026-03-24 21:24:08.240,33.24
2026-03-24 21:24:08.880,14.16
2026-03-24 21:24:09.520,-35.64
2026-03-24 21:24:10.160,-26.28
2026-03-24 21:24:10.800,-13.68
2026-03-24 21:24:11.440,12
2026-03-24 21:24:12.080,23.28
2026-03-24 21:24:12.720,-8.52
2026-03-24 21:24:13.360,-19.44
2026-03-24 21:24:14.000,-13.08
2026-03-24 21:24:14.640,9.6
2026-03-24 21:24:15.280,24
2026-03-24 21:24:15.920,24.48
2026-03-24 21:24:16.560,-28.32
2026-03-24 21:24:17.200,-21.96
2026-03-24 21:24:17.840,-10.92
2026-03-24 21:24:18.480,7.56
2026-03-24 21:24:19.120,19.2
2026-03-24 21:24:19.760,19.68
2026-03-24 21:24:20.400,-18.84
2026-03-24 21:24:21.040,-12.12
2026-03-24 21:24:21.680,-6.36
2026-03-24 21:24:22.320,13.2
2026-03-24 21:24:22.960,16.2
2026-03-24 21:24:23.600,-13.68
2026-03-24 21:24:24.240,-10.68
2026-03-24 21:24:24.880,-5.52
2026-03-24 21:24:25.520,6.48
2026-03-24 21:24:26.160,20.64
2026-03-24 21:24:26.800,24.6
2026-03-24 21:24:27.440,-22.92
2026-03-24 21:24:28.080,-12.72
2026-03-24 21:24:28.720,-9.6
2026-03-24 21:24:29.360,-0.96
2026-03-24 21:24:30.000,25.2
2026-03-24 21:24:30.640,23.52
2026-03-24 21:24:31.280,-21.96
2026-03-24 21:24:31.920,-22.32
2026-03-24 21:24:32.560,-13.2
2026-03-24 21:24:33.200,14.16
2026-03-24 21:24:33.840,30.12
2026-03-24 21:24:34.480,27.48
2026-03-24 21:24:35.120,-29.52
2026-03-24 21:24:35.760,-20.76
2026-03-24 21:24:36.400,-9.36
2026-03-24 21:24:37.040,13.56
2026-03-24 21:24:37.680,25.56
2026-03-24 21:24:38.320,16.8
2026-03-24 21:24:38.960,-23.28
2026-03-24 21:24:39.600,-13.2
2026-03-24 21:24:40.240,-8.04
2026-03-24 21:24:40.880,11.76
2026-03-24 21:24:41.520,22.56
2026-03-24 21:24:42.160,27.24
2026-03-24 21:24:42.800,-33.48
2026-03-24 21:24:43.440,-25.56
2026-03-24 21:24:44.080,-9.72
2026-03-24 21:24:44.720,0.48
2026-03-24 21:24:45.360,19.08
2026-03-24 21:24:46.000,26.64
2026-03-24 21:24:46.640,-5.52
2026-03-24 21:24:47.280,-26.16
2026-03-24 21:24:47.920,-15.96
2026-03-24 21:24:48.560,-5.4
2026-03-24 21:24:49.200,20.16
2026-03-24 21:24:49.840,21
2026-03-24 21:24:50.480,-17.76
2026-03-24 21:24:51.120,-20.4
2026-03-24 21:24:51.760,-10.2
2026-03-24 21:24:52.400,16.08
2026-03-24 21:24:53.040,23.52
2026-03-24 21:24:53.680,20.52
2026-03-24 21:24:54.320,-18.84
2026-03-24 21:24:54.960,-20.28
2026-03-24 21:24:55.600,-9.84
2026-03-24 21:24:56.240,4.32
2026-03-24 21:24:56.880,20.04
2026-03-24 21:24:57.520,20.52
2026-03-24 21:24:58.160,-15.24
2026-03-24 21:24:58.800,-21.72
2026-03-24 21:24:59.440,-10.32
2026-03-24 21:25:00.080,21
2026-03-24 21:25:00.720,28.56
2026-03-24 21:25:01.360,36.72
2026-03-24 21:25:02.000,-6.24
2026-03-24 21:25:02.640,-1.08
2026-03-24 21:25:03.280,-1.56
2026-03-24 21:25:03.920,-2.4
2026-03-24 21:25:04.560,-2.52
2026-03-24 21:25:05.200,-46.56
2026-03-24 21:25:05.840,-25.8
2026-03-24 21:25:06.480,4.08
2026-03-24 21:25:07.120,18.96
2026-03-24 21:25:07.760,3.36
2026-03-24 21:25:08.400,-10.92
2026-03-24 21:25:09.040,-4.32
2026-03-24 21:25:09.680,-10.8
2026-03-24 21:25:10.320,-2.16
2026-03-24 21:25:10.960,2.76
2026-03-24 21:25:11.600,-5.4
2026-03-24 21:25:12.240,-3.96
2026-03-24 21:25:12.880,43.2
2026-03-24 21:25:13.520,37.08
2026-03-24 21:25:14.160,29.04
2026-03-24 21:25:14.800,-20.76
2026-03-24 21:25:15.440,-32.52
2026-03-24 21:25:16.080,-18.96
2026-03-24 21:25:16.720,6.96
2026-03-24 21:25:17.360,28.56
2026-03-24 21:25:18.000,25.44
2026-03-24 21:25:18.640,-32.52
2026-03-24 21:25:19.280,-18.72
2026-03-24 21:25:19.920,-4.68
2026-03-24 21:25:20.560,26.64
2026-03-24 21:25:21.200,30.24
2026-03-24 21:25:21.840,-22.32
2026-03-24 21:25:22.480,-27.24
2026-03-24 21:25:23.120,-14.4
2026-03-24 21:25:23.760,-5.88
2026-03-24 21:25:24.400,10.2
2026-03-24 21:25:25.040,20.28
2026-03-24 21:25:25.680,-15.12
2026-03-24 21:25:26.320,-8.88
2026-03-24 21:25:26.960,-2.04
2026-03-24 21:25:27.600,1.56
2026-03-24 21:25:28.240,26.64
2026-03-24 21:25:28.880,31.44
2026-03-24 21:25:29.520,-4.32
2026-03-24 21:25:30.160,-31.32
2026-03-24 21:25:30.800,-19.8
2026-03-24 21:25:31.440,-8.04
2026-03-24 21:25:32.080,21
2026-03-24 21:25:32.720,29.04
2026-03-24 21:25:33.360,-26.76
2026-03-24 21:25:34.000,-22.68
2026-03-24 21:25:34.640,-13.08
2026-03-24 21:25:35.280,-5.88
2026-03-24 21:25:35.920,19.44
2026-03-24 21:25:36.560,23.76
2026-03-24 21:25:37.200,-7.8
2026-03-24 21:25:37.840,-21.36
2026-03-24 21:25:38.480,-10.2
2026-03-24 21:25:39.120,-4.08
2026-03-24 21:25:39.760,21.48
2026-03-24 21:25:40.400,26.16
2026-03-24 21:25:41.040,8.04
2026-03-24 21:25:41.680,-24.48
2026-03-24 21:25:42.320,-16.8
2026-03-24 21:25:42.960,-5.28
2026-03-24 21:25:43.600,15.24
2026-03-24 21:25:44.240,27.48
2026-03-24 21:25:44.880,28.8
2026-03-24 21:25:45.520,-33.6
2026-03-24 21:25:46.160,-27.84
2026-03-24 21:25:46.800,-18.12
2026-03-24 21:25:47.440,-7.08
2026-03-24 21:25:48.080,12.36
2026-03-24 21:25:48.720,23.04
2026-03-24 21:25:49.360,18.24
2026-03-24 21:25:50.000,-20.16
2026-03-24 21:25:50.640,-11.04
2026-03-24 21:25:51.280,0.24
2026-03-24 21:25:51.920,26.76
2026-03-24 21:25:52.560,29.76
2026-03-24 21:25:53.200,-43.92
2026-03-24 21:25:53.840,-34.56
2026-03-24 21:25:54.480,-16.8
2026-03-24 21:25:55.120,20.76
2026-03-24 21:25:55.760,25.2
2026-03-24 21:25:56.400,23.28
2026-03-24 21:25:57.040,-22.2
2026-03-24 21:25:57.680,-20.16
2026-03-24 21:25:58.320,-13.08
2026-03-24 21:25:58.960,1.2
2026-03-24 21:25:59.600,12
2026-03-24 21:26:00.240,-5.16
2026-03-24 21:26:00.880,-9.96
2026-03-24 21:26:01.520,-7.2
2026-03-24 21:26:02.160,5.64
2026-03-24 21:26:02.800,18.6
2026-03-24 21:26:03.440,1.32
2026-03-24 21:26:04.080,-11.52
2026-03-24 21:26:04.720,-7.68
2026-03-24 21:26:05.360,-3
2026-03-24 21:26:06.000,16.2
2026-03-24 21:26:06.640,19.2
2026-03-24 21:26:07.280,-12.72
2026-03-24 21:26:07.920,-12.72
2026-03-24 21:26:08.560,-3.24
2026-03-24 21:26:09.200,9.36
2026-03-24 21:26:09.840,15.72
2026-03-24 21:26:10.480,13.08
2026-03-24 21:26:11.120,-17.76
2026-03-24 21:26:11.760,-12.84
2026-03-24 21:26:12.400,-2.64
2026-03-24 21:26:13.040,21.84
2026-03-24 21:26:13.680,29.88
2026-03-24 21:26:14.320,9.84
2026-03-24 21:26:14.960,-27.6
2026-03-24 21:26:15.600,-17.4
2026-03-24 21:26:16.240,-6.12
2026-03-24 21:26:16.880,16.08
2026-03-24 21:26:17.520,24.36
2026-03-24 21:26:18.160,24.84
2026-03-24 21:26:18.800,-24.36
2026-03-24 21:26:19.440,-19.56
2026-03-24 21:26:20.080,-23.76
2026-03-24 21:26:20.720,0.6
2026-03-24 21:26:21.360,35.28
2026-03-24 21:26:22.000,30.72
2026-03-24 21:26:22.640,-28.32
2026-03-24 21:26:23.280,-23.76
2026-03-24 21:26:23.920,-14.64
2026-03-24 21:26:24.560,2.52
2026-03-24 21:26:25.200,28.92
2026-03-24 21:26:25.840,30
2026-03-24 21:26:26.480,-23.28
2026-03-24 21:26:27.120,-19.56
2026-03-24 21:26:27.760,-12.72
2026-03-24 21:26:28.400,-8.4
2026-03-24 21:26:29.040,18.24
2026-03-24 21:26:29.680,16.92
2026-03-24 21:26:30.320,-8.4
2026-03-24 21:26:30.960,-8.28
2026-03-24 21:26:31.600,-7.68
2026-03-24 21:26:32.240,6.48
2026-03-24 21:26:32.880,11.88
2026-03-24 21:26:33.520,0.48
2026-03-24 21:26:34.160,-9.12
2026-03-24 21:26:34.800,-11.04
2026-03-24 21:26:35.440,-5.04
2026-03-24 21:26:36.080,16.32
2026-03-24 21:26:36.720,19.08
2026-03-24 21:26:37.360,-1.44
2026-03-24 21:26:38.000,-15.24
2026-03-24 21:26:38.640,-7.32
2026-03-24 21:26:39.280,-6.96
2026-03-24 21:26:39.920,19.2
2026-03-24 21:26:40.560,18.48
2026-03-24 21:26:41.200,-23.52
2026-03-24 21:26:41.840,-26.28
2026-03-24 21:26:42.480,-6.12
2026-03-24 21:26:43.120,31.32
2026-03-24 21:26:43.760,34.92
2026-03-24 21:26:44.400,-36.6
2026-03-24 21:26:45.040,-28.68
2026-03-24 21:26:45.680,-20.88
2026-03-24 21:26:46.320,-6.6
2026-03-24 21:26:46.960,29.16
2026-03-24 21:26:47.600,35.88
2026-03-24 21:26:48.240,-39.96
2026-03-24 21:26:48.880,-29.52
2026-03-24 21:26:49.520,-11.64
2026-03-24 21:26:50.160,-6.12
2026-03-24 21:26:50.800,23.64
2026-03-24 21:26:51.440,9.84
2026-03-24 21:26:52.080,-17.52
2026-03-24 21:26:52.720,-9.48
2026-03-24 21:26:53.360,-2.88
2026-03-24 21:26:54.000,16.08
2026-03-24 21:26:54.640,9.84
2026-03-24 21:26:55.280,-12.6
2026-03-24 21:26:55.920,-6.48
2026-03-24 21:26:56.560,-0.84
2026-03-24 21:26:57.200,13.08
2026-03-24 21:26:57.840,7.8
2026-03-24 21:26:58.480,-10.44
2026-03-24 21:26:59.120,-6.96
2026-03-24 21:26:59.760,-1.92
2026-03-24 21:27:00.400,11.28
2026-03-24 21:27:01.040,12
2026-03-24 21:27:01.680,-14.04
2026-03-24 21:27:02.320,-7.68
2026-03-24 21:27:02.960,-0.84
2026-03-24 21:27:03.600,17.28
2026-03-24 21:27:04.240,22.2
2026-03-24 21:27:04.880,-3
2026-03-24 21:27:05.520,-21.36
2026-03-24 21:27:06.160,-11.4
2026-03-24 21:27:06.800,13.56
2026-03-24 21:27:07.440,28.44
2026-03-24 21:27:08.080,6.96
2026-03-24 21:27:08.720,-28.68
2026-03-24 21:27:09.360,-11.88
2026-03-24 21:27:10.000,19.44
2026-03-24 21:27:10.640,32.76
2026-03-24 21:27:11.280,34.32
2026-03-24 21:27:11.920,-31.2
2026-03-24 21:27:12.560,-28.56
2026-03-24 21:27:13.200,-13.56
2026-03-24 21:27:13.840,27.96
2026-03-24 21:27:14.480,46.08
2026-03-24 21:27:15.120,16.56
2026-03-24 21:27:15.760,-32.28
2026-03-24 21:27:16.400,-26.88
2026-03-24 21:27:17.040,-12.12
2026-03-24 21:27:17.680,27.12
2026-03-24 21:27:18.320,26.4
2026-03-24 21:27:18.960,-29.4
2026-03-24 21:27:19.600,-21.48
2026-03-24 21:27:20.240,0.36
2026-03-24 21:27:20.880,27.6
2026-03-24 21:27:21.520,30
2026-03-24 21:27:22.160,-37.8
2026-03-24 21:27:22.800,-16.56
2026-03-24 21:27:23.440,5.4
2026-03-24 21:27:24.080,24.12
2026-03-24 21:27:24.720,5.28
2026-03-24 21:27:25.360,-17.76
2026-03-24 21:27:26.000,-11.76
2026-03-24 21:27:26.640,-3.36
2026-03-24 21:27:27.280,21.12
2026-03-24 21:27:27.920,26.76
2026-03-24 21:27:28.560,-19.68
2026-03-24 21:27:29.200,-14.28
2026-03-24 21:27:29.840,-9.96
2026-03-24 21:27:30.480,-8.4
2026-03-24 21:27:31.120,18.84
2026-03-24 21:27:31.760,22.2
2026-03-24 21:27:32.400,-17.76
2026-03-24 21:27:33.040,-14.4
2026-03-24 21:27:33.680,-6.48
2026-03-24 21:27:34.320,20.76
2026-03-24 21:27:34.960,19.2
2026-03-24 21:27:35.600,-15.6
2026-03-24 21:27:36.240,-12.12
2026-03-24 21:27:36.880,-6.48
2026-03-24 21:27:37.520,10.56
2026-03-24 21:27:38.160,20.76
2026-03-24 21:27:38.800,-7.56
2026-03-24 21:27:39.440,-14.76
2026-03-24 21:27:40.080,-9.36
2026-03-24 21:27:40.720,2.28
2026-03-24 21:27:41.360,22.44
2026-03-24 21:27:42.000,17.04
2026-03-24 21:27:42.640,-17.76
2026-03-24 21:27:43.280,-15.36
2026-03-24 21:27:43.920,2.16
2026-03-24 21:27:44.560,34.2
2026-03-24 21:27:45.200,32.64
2026-03-24 21:27:45.840,-27.36
2026-03-24 21:27:46.480,-32.04
2026-03-24 21:27:47.120,-22.8
2026-03-24 21:27:47.760,-11.28
2026-03-24 21:27:48.400,20.52
2026-03-24 21:27:49.040,26.28
2026-03-24 21:27:49.680,-15.48
2026-03-24 21:27:50.320,-21.36
2026-03-24 21:27:50.960,-16.32
2026-03-24 21:27:51.600,-6.6
2026-03-24 21:27:52.240,30.6
2026-03-24 21:27:52.880,32.28
2026-03-24 21:27:53.520,-25.92
2026-03-24 21:27:54.160,-23.16
2026-03-24 21:27:54.800,-16.32
2026-03-24 21:27:55.440,-7.08
2026-03-24 21:27:56.080,19.8
2026-03-24 21:27:56.720,22.08
2026-03-24 21:27:57.360,-18.12
2026-03-24 21:27:58.000,-15.96
2026-03-24 21:27:58.640,-12.72
2026-03-24 21:27:59.280,-0.84
2026-03-24 21:27:59.920,21.36
2026-03-24 21:28:00.560,26.88
2026-03-24 21:28:01.200,18.36
2026-03-24 21:28:01.840,-29.16
2026-03-24 21:28:02.480,-22.92
2026-03-24 21:28:03.120,-6.48
2026-03-24 21:28:03.760,23.88
2026-03-24 21:28:04.400,25.92
2026-03-24 21:28:05.040,-4.32
2026-03-24 21:28:05.680,-19.2
2026-03-24 21:28:06.320,-16.2
2026-03-24 21:28:06.960,-10.56
2026-03-24 21:28:07.600,-2.88
2026-03-24 21:28:08.240,15.48
2026-03-24 21:28:08.880,21.36
2026-03-24 21:28:09.520,-12.6
2026-03-24 21:28:10.160,-20.76
2026-03-24 21:28:10.800,-24.6
2026-03-24 21:28:11.440,7.56
2026-03-24 21:28:12.080,30.96
2026-03-24 21:28:12.720,33.96
2026-03-24 21:28:13.360,-8.88
2026-03-24 21:28:14.000,-28.92
2026-03-24 21:28:14.640,-19.2
2026-03-24 21:28:15.280,-7.32
2026-03-24 21:28:15.920,-1.68
2026-03-24 21:28:16.560,15.84
2026-03-24 21:28:17.200,22.8
2026-03-24 21:28:17.840,27.36
2026-03-24 21:28:18.480,-28.32
2026-03-24 21:28:19.120,-18.48
2026-03-24 21:28:19.760,-8.4
2026-03-24 21:28:20.400,1.32
2026-03-24 21:28:21.040,21.12
2026-03-24 21:28:21.680,27
2026-03-24 21:28:22.320,23.28
2026-03-24 21:28:22.960,-31.32
2026-03-24 21:28:23.600,-22.44
2026-03-24 21:28:24.240,-11.04
2026-03-24 21:28:24.880,18.24
2026-03-24 21:28:25.520,12.12
2026-03-24 21:28:26.160,-16.68
2026-03-24 21:28:26.800,-12.36
2026-03-24 21:28:27.440,-3.48
2026-03-24 21:28:28.080,-3.84
2026-03-24 21:28:28.720,20.28
2026-03-24 21:28:29.360,8.64
2026-03-24 21:28:30.000,-15
2026-03-24 21:28:30.640,-9.36
2026-03-24 21:28:31.280,0.48
2026-03-24 21:28:31.920,20.88
2026-03-24 21:28:32.560,24.36
2026-03-24 21:28:33.200,-21
2026-03-24 21:28:33.840,-13.08
2026-03-24 21:28:34.480,-6.36
2026-03-24 21:28:35.120,-1.56
2026-03-24 21:28:35.760,14.28
2026-03-24 21:28:36.400,17.28
2026-03-24 21:28:37.040,-17.76
2026-03-24 21:28:37.680,-8.4
2026-03-24 21:28:38.320,-2.4
2026-03-24 21:28:38.960,3.48
2026-03-24 21:28:39.600,15.96
2026-03-24 21:28:40.240,-0.72
2026-03-24 21:28:40.880,-9.48
2026-03-24 21:28:41.520,-4.44
2026-03-24 21:28:42.160,18.24
2026-03-24 21:28:42.800,30.36
2026-03-24 21:28:43.440,32.76
2026-03-24 21:28:44.080,-41.64
2026-03-24 21:28:44.720,-23.4
2026-03-24 21:28:45.360,-1.2
2026-03-24 21:28:46.000,-1.44
2026-03-24 21:28:46.640,-9.24
2026-03-24 21:28:47.280,-17.16
2026-03-24 21:28:47.920,9.96
2026-03-24 21:28:48.560,40.68
2026-03-24 21:28:49.200,36.48
2026-03-24 21:28:49.840,-39.48
2026-03-24 21:28:50.480,-23.16
2026-03-24 21:28:51.120,-8.52
2026-03-24 21:28:51.760,26.76
2026-03-24 21:28:52.400,32.28
2026-03-24 21:28:53.040,-34.08
2026-03-24 21:28:53.680,-23.88
2026-03-24 21:28:54.320,-9.96
2026-03-24 21:28:54.960,9.6
2026-03-24 21:28:55.600,25.32
2026-03-24 21:28:56.240,-17.28
2026-03-24 21:28:56.880,-18.6
2026-03-24 21:28:57.520,-7.2
2026-03-24 21:28:58.160,-2.28
2026-03-24 21:28:58.800,6.48
2026-03-24 21:28:59.440,19.56
2026-03-24 21:29:00.080,8.64
2026-03-24 21:29:00.720,-25.2
2026-03-24 21:29:01.360,-10.8
2026-03-24 21:29:02.000,6.96
2026-03-24 21:29:02.640,23.64
2026-03-24 21:29:03.280,17.76
2026-03-24 21:29:03.920,-21.48
2026-03-24 21:29:04.560,-13.2
2026-03-24 21:29:05.200,-4.44
2026-03-24 21:29:05.840,15.72
2026-03-24 21:29:06.480,27.36
2026-03-24 21:29:07.120,13.44
2026-03-24 21:29:07.760,-23.88
2026-03-24 21:29:08.400,-14.16
2026-03-24 21:29:09.040,-5.16
2026-03-24 21:29:09.680,15
2026-03-24 21:29:10.320,19.08
2026-03-24 21:29:10.960,-17.28
2026-03-24 21:29:11.600,-12.96
2026-03-24 21:29:12.240,-4.92
2026-03-24 21:29:12.880,16.08
2026-03-24 21:29:13.520,15.12
2026-03-24 21:29:14.160,3.12
2026-03-24 21:29:14.800,-13.08
2026-03-24 21:29:15.440,-8.76
2026-03-24 21:29:16.080,-3
2026-03-24 21:29:16.720,18.36
2026-03-24 21:29:17.360,21.36
2026-03-24 21:29:18.000,-6
2026-03-24 21:29:18.640,-18.12
2026-03-24 21:29:19.280,-12.24
2026-03-24 21:29:19.920,11.88
2026-03-24 21:29:20.560,23.04
2026-03-24 21:29:21.200,24.48
2026-03-24 21:29:21.840,-24.6
2026-03-24 21:29:22.480,-23.76
2026-03-24 21:29:23.120,-13.56
2026-03-24 21:29:23.760,7.56
2026-03-24 21:29:24.400,24.24
2026-03-24 21:29:25.040,22.92
2026-03-24 21:29:25.680,-25.92
2026-03-24 21:29:26.320,-19.2
2026-03-24 21:29:26.960,-8.52
2026-03-24 21:29:27.600,18.36
2026-03-24 21:29:28.240,30.36
2026-03-24 21:29:28.880,4.68
2026-03-24 21:29:29.520,-24.24
2026-03-24 21:29:30.160,-16.44
2026-03-24 21:29:30.800,4.32
2026-03-24 21:29:31.440,22.32
2026-03-24 21:29:32.080,25.92
2026-03-24 21:29:32.720,-26.64
2026-03-24 21:29:33.360,-22.56
2026-03-24 21:29:34.000,-15.24
2026-03-24 21:29:34.640,-6.6
2026-03-24 21:29:35.280,19.92
2026-03-24 21:29:35.920,23.52
2026-03-24 21:29:36.560,-18.24
2026-03-24 21:29:37.200,-19.8
2026-03-24 21:29:37.840,-13.56
2026-03-24 21:29:38.480,-5.16
2026-03-24 21:29:39.120,18.96
2026-03-24 21:29:39.760,21
2026-03-24 21:29:40.400,-15.96
2026-03-24 21:29:41.040,-15.24
2026-03-24 21:29:41.680,-11.76
2026-03-24 21:29:42.320,10.32
2026-03-24 21:29:42.960,18.12
2026-03-24 21:29:43.600,18.72
2026-03-24 21:29:44.240,-19.08
2026-03-24 21:29:44.880,-10.92
2026-03-24 21:29:45.520,-7.8
2026-03-24 21:29:46.160,14.28
2026-03-24 21:29:46.800,22.32
2026-03-24 21:29:47.440,10.68
2026-03-24 21:29:48.080,-15.96
2026-03-24 21:29:48.720,-5.76
2026-03-24 21:29:49.360,-7.56
2026-03-24 21:29:50.000,13.56
2026-03-24 21:29:50.640,15.12
2026-03-24 21:29:51.280,-25.8
2026-03-24 21:29:51.920,-18.96
2026-03-24 21:29:52.560,-3.24
2026-03-24 21:29:53.200,33.84
2026-03-24 21:29:53.840,33.6
2026-03-24 21:29:54.480,-30.96
2026-03-24 21:29:55.120,-22.68
2026-03-24 21:29:55.760,-7.68
2026-03-24 21:29:56.400,16.2
2026-03-24 21:29:57.040,22.68
2026-03-24 21:29:57.680,26.88
2026-03-24 21:29:58.320,-26.28
2026-03-24 21:29:58.960,-29.76
2026-03-24 21:29:59.600,-18.72
2026-03-24 21:30:00.240,5.88
2026-03-24 21:30:00.880,17.88
2026-03-24 21:30:01.520,5.28
2026-03-24 21:30:02.160,-14.4
2026-03-24 21:30:02.800,-12.48
2026-03-24 21:30:03.440,8.88
2026-03-24 21:30:04.080,20.52
2026-03-24 21:30:04.720,12.12
2026-03-24 21:30:05.360,-13.44
2026-03-24 21:30:06.000,-13.08
2026-03-24 21:30:06.640,-6.84
2026-03-24 21:30:07.280,18.6
2026-03-24 21:30:07.920,25.8
2026-03-24 21:30:08.560,24.12
2026-03-24 21:30:09.200,-23.64
2026-03-24 21:30:09.840,-13.92
2026-03-24 21:30:10.480,-9.96
2026-03-24 21:30:11.120,30.84
2026-03-24 21:30:11.760,40.8
2026-03-24 21:30:12.400,-0.84
2026-03-24 21:30:13.040,-0.84
2026-03-24 21:30:13.680,-0.96
2026-03-24 21:30:14.320,-47.4
2026-03-24 21:30:14.960,-2.52
2026-03-24 21:30:15.600,-15
2026-03-24 21:30:16.240,0.12
2026-03-24 21:30:16.880,-0.96
2026-03-24 21:30:17.520,0.24
2026-03-24 21:30:18.160,0.84
2026-03-24 21:30:18.800,0.6
2026-03-24 21:30:19.440,0.72
2026-03-24 21:30:20.080,2.04
2026-03-24 21:30:20.720,30.6
2026-03-24 21:30:21.360,34.08
2026-03-24 21:30:22.000,-0.6
2026-03-24 21:30:22.640,-0.12
2026-03-24 21:30:23.280,-1.68
2026-03-24 21:30:23.920,-2.4
2026-03-24 21:30:24.560,-2.4
2026-03-24 21:30:25.200,-2.64
2026-03-24 21:30:25.840,-2.88
2026-03-24 21:30:26.480,-2.28
2026-03-24 21:30:27.120,-2.52
2026-03-24 21:30:27.760,-3
2026-03-24 21:30:28.400,-1.8
2026-03-24 21:30:29.040,-2.28
2026-03-24 21:30:29.680,-11.88
2026-03-24 21:30:30.320,-20.64
2026-03-24 21:30:30.960,-6
2026-03-24 21:30:31.600,11.52
2026-03-24 21:30:32.240,17.28
2026-03-24 21:30:32.880,-12.12
2026-03-24 21:30:33.520,-16.32
2026-03-24 21:30:34.160,-12.96
2026-03-24 21:30:34.800,-6.6
2026-03-24 21:30:35.440,0
2026-03-24 21:30:36.080,11.28
2026-03-24 21:30:36.720,20.64
2026-03-24 21:30:37.360,22.8
2026-03-24 21:30:38.000,-19.08
2026-03-24 21:30:38.640,-17.76
2026-03-24 21:30:39.280,-12.48
2026-03-24 21:30:39.920,-7.32
2026-03-24 21:30:40.560,0.84
2026-03-24 21:30:41.200,18
2026-03-24 21:30:41.840,23.4
2026-03-24 21:30:42.480,-17.16
2026-03-24 21:30:43.120,-16.68
2026-03-24 21:30:43.760,-9.12
2026-03-24 21:30:44.400,10.8
2026-03-24 21:30:45.040,22.08
2026-03-24 21:30:45.680,25.8
2026-03-24 21:30:46.320,-20.16
2026-03-24 21:30:46.960,-13.92
2026-03-24 21:30:47.600,-13.32
2026-03-24 21:30:48.240,10.92
2026-03-24 21:30:48.880,1.08
2026-03-24 21:30:49.520,0.96
2026-03-24 21:30:50.160,1.32
2026-03-24 21:30:50.800,0.96
2026-03-24 21:30:51.440,0.84
2026-03-24 21:30:52.080,1.2
2026-03-24 21:30:52.720,1.8
2026-03-24 21:30:53.360,0.24
2026-03-24 21:30:54.000,0
2026-03-24 21:30:54.640,3
2026-03-24 21:30:55.280,1.68
2026-03-24 21:30:55.920,35.52
2026-03-24 21:30:56.560,28.68
2026-03-24 21:30:57.200,27
2026-03-24 21:30:57.840,-17.52
2026-03-24 21:30:58.480,-9.96
2026-03-24 21:30:59.120,-1.56
2026-03-24 21:30:59.760,-35.52
2026-03-24 21:31:00.400,-22.56
2026-03-24 21:31:01.040,-11.04
2026-03-24 21:31:01.680,8.4
2026-03-24 21:31:02.320,25.32
2026-03-24 21:31:02.960,26.52
2026-03-24 21:31:03.600,-27.48
2026-03-24 21:31:04.240,-20.4
2026-03-24 21:31:04.880,-9.72
2026-03-24 21:31:05.520,-1.92
2026-03-24 21:31:06.160,18.72
2026-03-24 21:31:06.800,23.28
2026-03-24 21:31:07.440,21
2026-03-24 21:31:08.080,-35.28
2026-03-24 21:31:08.720,-23.04
2026-03-24 21:31:09.360,-14.16
2026-03-24 21:31:10.000,-6
2026-03-24 21:31:10.640,11.28
2026-03-24 21:31:11.280,21.84
2026-03-24 21:31:11.920,14.76
2026-03-24 21:31:12.560,-17.76
2026-03-24 21:31:13.200,-10.8
2026-03-24 21:31:13.840,-6.72
2026-03-24 21:31:14.480,14.4
2026-03-24 21:31:15.120,28.92
2026-03-24 21:31:15.760,28.44
2026-03-24 21:31:16.400,9.72
2026-03-24 21:31:17.040,-31.8
2026-03-24 21:31:17.680,-25.08
2026-03-24 21:31:18.320,-10.8
2026-03-24 21:31:18.960,-0.24
2026-03-24 21:31:19.600,3.72
2026-03-24 21:31:20.240,16.44
2026-03-24 21:31:20.880,13.08
2026-03-24 21:31:21.520,-12.48
2026-03-24 21:31:22.160,-8.52
2026-03-24 21:31:22.800,12.36
2026-03-24 21:31:23.440,19.08
2026-03-24 21:31:24.080,15
2026-03-24 21:31:24.720,-19.8
2026-03-24 21:31:25.360,-12.72
2026-03-24 21:31:26.000,-6.72
2026-03-24 21:31:26.640,10.32
2026-03-24 21:31:27.280,21.96
2026-03-24 21:31:27.920,24.24
2026-03-24 21:31:28.560,12
2026-03-24 21:31:29.200,-30.36
2026-03-24 21:31:29.840,-23.04
2026-03-24 21:31:30.480,-7.92
2026-03-24 21:31:31.120,14.64
2026-03-24 21:31:31.760,18.84
2026-03-24 21:31:32.400,22.56
2026-03-24 21:31:33.040,-25.44
2026-03-24 21:31:33.680,-22.44
2026-03-24 21:31:34.320,-11.4
2026-03-24 21:31:34.960,3.72
2026-03-24 21:31:35.600,18.12
2026-03-24 21:31:36.240,21.12
2026-03-24 21:31:36.880,17.16
2026-03-24 21:31:37.520,-19.92
2026-03-24 21:31:38.160,-22.32
2026-03-24 21:31:38.800,-18.24
2026-03-24 21:31:39.440,-2.04
2026-03-24 21:31:40.080,17.64
2026-03-24 21:31:40.720,24.96
2026-03-24 21:31:41.360,24.24
2026-03-24 21:31:42.000,-30.72
2026-03-24 21:31:42.640,-26.16
2026-03-24 21:31:43.280,-16.2
2026-03-24 21:31:43.920,-7.68
2026-03-24 21:31:44.560,8.16
2026-03-24 21:31:45.200,15.12
2026-03-24 21:31:45.840,17.76
2026-03-24 21:31:46.480,-15.36
2026-03-24 21:31:47.120,-9.48
2026-03-24 21:31:47.760,-12.12
2026-03-24 21:31:48.400,-2.52
2026-03-24 21:31:49.040,13.44
2026-03-24 21:31:49.680,21.96
2026-03-24 21:31:50.320,13.68
2026-03-24 21:31:50.960,-31.08
2026-03-24 21:31:51.600,-15.48
2026-03-24 21:31:52.240,-4.44
2026-03-24 21:31:52.880,10.92
2026-03-24 21:31:53.520,15.36
2026-03-24 21:31:54.160,13.44
2026-03-24 21:31:54.800,-14.52
2026-03-24 21:31:55.440,-11.16
2026-03-24 21:31:56.080,1.2
2026-03-24 21:31:56.720,18.48
2026-03-24 21:31:57.360,25.56
2026-03-24 21:31:58.000,16.08
2026-03-24 21:31:58.640,-27.84
2026-03-24 21:31:59.280,-15.72
2026-03-24 21:31:59.920,-5.16
2026-03-24 21:32:00.560,14.28
2026-03-24 21:32:01.200,18.6
2026-03-24 21:32:01.840,-13.68
2026-03-24 21:32:02.480,-14.76
2026-03-24 21:32:03.120,-7.92
2026-03-24 21:32:03.760,-3.72
2026-03-24 21:32:04.400,13.92
2026-03-24 21:32:05.040,18.36
2026-03-24 21:32:05.680,25.2
2026-03-24 21:32:06.320,-36.24
2026-03-24 21:32:06.960,-24.12
2026-03-24 21:32:07.600,-12
2026-03-24 21:32:08.240,-2.4
2026-03-24 21:32:08.880,9.96
2026-03-24 21:32:09.520,12.36
2026-03-24 21:32:10.160,-12.96
2026-03-24 21:32:10.800,-6.6
2026-03-24 21:32:11.440,-1.2
2026-03-24 21:32:12.080,18
2026-03-24 21:32:12.720,21.84
2026-03-24 21:32:13.360,-9.12
2026-03-24 21:32:14.000,-19.92
2026-03-24 21:32:14.640,-9.12
2026-03-24 21:32:15.280,-4.32
2026-03-24 21:32:15.920,9
2026-03-24 21:32:16.560,11.28
2026-03-24 21:32:17.200,-5.4
2026-03-24 21:32:17.840,-8.04
2026-03-24 21:32:18.480,-5.28
2026-03-24 21:32:19.120,0.36
2026-03-24 21:32:19.760,15.72
2026-03-24 21:32:20.400,27.36
2026-03-24 21:32:21.040,16.8
2026-03-24 21:32:21.680,-22.68
2026-03-24 21:32:22.320,-20.16
2026-03-24 21:32:22.960,-7.68
2026-03-24 21:32:23.600,25.08
2026-03-24 21:32:24.240,28.68
2026-03-24 21:32:24.880,24.12
2026-03-24 21:32:25.520,-33.24
2026-03-24 21:32:26.160,-26.76
2026-03-24 21:32:26.800,-14.04
2026-03-24 21:32:27.440,-0.96
2026-03-24 21:32:28.080,16.32
2026-03-24 21:32:28.720,21.48
2026-03-24 21:32:29.360,-11.88
2026-03-24 21:32:30.000,-21.84
2026-03-24 21:32:30.640,-12.72
2026-03-24 21:32:31.280,-3.96
2026-03-24 21:32:31.920,18.72
2026-03-24 21:32:32.560,17.04
2026-03-24 21:32:33.200,-18.6
2026-03-24 21:32:33.840,-13.08
2026-03-24 21:32:34.480,-5.4
2026-03-24 21:32:35.120,7.32
2026-03-24 21:32:35.760,15
2026-03-24 21:32:36.400,2.52
2026-03-24 21:32:37.040,-11.28
2026-03-24 21:32:37.680,-7.08
2026-03-24 21:32:38.320,1.8
2026-03-24 21:32:38.960,20.04
2026-03-24 21:32:39.600,24.84
2026-03-24 21:32:40.240,-23.28
2026-03-24 21:32:40.880,-19.2
2026-03-24 21:32:41.520,-11.04
2026-03-24 21:32:42.160,18
2026-03-24 21:32:42.800,24.84
2026-03-24 21:32:43.440,25.92
2026-03-24 21:32:44.080,-28.2
2026-03-24 21:32:44.720,-23.28
2026-03-24 21:32:45.360,-13.8
2026-03-24 21:32:46.000,-6.84
2026-03-24 21:32:46.640,23.52
2026-03-24 21:32:47.280,27.12
2026-03-24 21:32:47.920,19.68
2026-03-24 21:32:48.560,-19.68
2026-03-24 21:32:49.200,-24.12
2026-03-24 21:32:49.840,-18.84
2026-03-24 21:32:50.480,8.88
2026-03-24 21:32:51.120,20.04
2026-03-24 21:32:51.760,21.6
2026-03-24 21:32:52.400,-23.28
2026-03-24 21:32:53.040,-16.44
2026-03-24 21:32:53.680,-8.16
2026-03-24 21:32:54.320,0.96
2026-03-24 21:32:54.960,8.16
2026-03-24 21:32:55.600,-1.2
2026-03-24 21:32:56.240,-3.12
2026-03-24 21:32:56.880,-3
2026-03-24 21:32:57.520,-0.96
2026-03-24 21:32:58.160,7.32
2026-03-24 21:32:58.800,17.64
2026-03-24 21:32:59.440,-10.56
2026-03-24 21:33:00.080,-11.04
2026-03-24 21:33:00.720,-6.12
2026-03-24 21:33:01.360,-1.92
2026-03-24 21:33:02.000,15.48
2026-03-24 21:33:02.640,15.48
2026-03-24 21:33:03.280,-19.2
2026-03-24 21:33:03.920,-16.92
2026-03-24 21:33:04.560,-12.36
2026-03-24 21:33:05.200,-7.44
2026-03-24 21:33:05.840,21
2026-03-24 21:33:06.480,24.24
2026-03-24 21:33:07.120,19.44
2026-03-24 21:33:07.760,-32.4
2026-03-24 21:33:08.400,-24.24
2026-03-24 21:33:09.040,8.52
2026-03-24 21:33:09.680,37.44
2026-03-24 21:33:10.320,35.64
2026-03-24 21:33:10.960,-39
2026-03-24 21:33:11.600,-29.52
2026-03-24 21:33:12.240,-21.12
2026-03-24 21:33:12.880,11.16
2026-03-24 21:33:13.520,27.6
2026-03-24 21:33:14.160,24.12
2026-03-24 21:33:14.800,-23.88
2026-03-24 21:33:15.440,-21.48
2026-03-24 21:33:16.080,-16.56
2026-03-24 21:33:16.720,-0.84
2026-03-24 21:33:17.360,22.44
2026-03-24 21:33:18.000,27
2026-03-24 21:33:18.640,11.88
2026-03-24 21:33:19.280,-27.6
2026-03-24 21:33:19.920,-21.12
2026-03-24 21:33:20.560,-8.76
2026-03-24 21:33:21.200,13.32
2026-03-24 21:33:21.840,19.56
2026-03-24 21:33:22.480,8.88
2026-03-24 21:33:23.120,-19.68
2026-03-24 21:33:23.760,-14.4
2026-03-24 21:33:24.400,0
2026-03-24 21:33:25.040,19.44
2026-03-24 21:33:25.680,24.96
2026-03-24 21:33:26.320,-21.84
2026-03-24 21:33:26.960,-23.28
2026-03-24 21:33:27.600,-11.64
2026-03-24 21:33:28.240,1.08
2026-03-24 21:33:28.880,19.2
2026-03-24 21:33:29.520,23.16
2026-03-24 21:33:30.160,30.48
2026-03-24 21:33:30.800,-38.4
2026-03-24 21:33:31.440,-25.32
2026-03-24 21:33:32.080,-13.8
2026-03-24 21:33:32.720,13.32
2026-03-24 21:33:33.360,27.12
2026-03-24 21:33:34.000,26.28
2026-03-24 21:33:34.640,-29.88
2026-03-24 21:33:35.280,-20.16
2026-03-24 21:33:35.920,-9.84
2026-03-24 21:33:36.560,-2.04
2026-03-24 21:33:37.200,12.36
2026-03-24 21:33:37.840,8.04
2026-03-24 21:33:38.480,-11.88
2026-03-24 21:33:39.120,-2.16
2026-03-24 21:33:39.760,26.64
2026-03-24 21:33:40.400,30.48
2026-03-24 21:33:41.040,-1.08
2026-03-24 21:33:41.680,-1.44
2026-03-24 21:33:42.320,-0.84
2026-03-24 21:33:42.960,-31.2
2026-03-24 21:33:43.600,-15.6
2026-03-24 21:33:44.240,-3.84
2026-03-24 21:33:44.880,11.52
2026-03-24 21:33:45.520,27.96
2026-03-24 21:33:46.160,-26.76
2026-03-24 21:33:46.800,-18.96
2026-03-24 21:33:47.440,-4.8
2026-03-24 21:33:48.080,0.24
2026-03-24 21:33:48.720,22.68
2026-03-24 21:33:49.360,28.92
2026-03-24 21:33:50.000,-9.36
2026-03-24 21:33:50.640,-23.52
2026-03-24 21:33:51.280,-12.6
2026-03-24 21:33:51.920,-4.32
2026-03-24 21:33:52.560,9.12
2026-03-24 21:33:53.200,25.68
2026-03-24 21:33:53.840,30.72
2026-03-24 21:33:54.480,-26.4
2026-03-24 21:33:55.120,-18.36
2026-03-24 21:33:55.760,-7.56
2026-03-24 21:33:56.400,-0.84
2026-03-24 21:33:57.040,21.48
2026-03-24 21:33:57.680,32.64
2026-03-24 21:33:58.320,14.52
2026-03-24 21:33:58.960,-30
2026-03-24 21:33:59.600,-19.2
2026-03-24 21:34:00.240,-9.24
2026-03-24 21:34:00.880,-0.6
2026-03-24 21:34:01.520,26.16
2026-03-24 21:34:02.160,28.2
2026-03-24 21:34:02.800,-27.12
2026-03-24 21:34:03.440,-18.6
2026-03-24 21:34:04.080,-6.24
2026-03-24 21:34:04.720,2.64
2026-03-24 21:34:05.360,18.12
2026-03-24 21:34:06.000,8.4
2026-03-24 21:34:06.640,-13.68
2026-03-24 21:34:07.280,-7.92
2026-03-24 21:34:07.920,-2.16
2026-03-24 21:34:08.560,10.32
2026-03-24 21:34:09.200,23.04
2026-03-24 21:34:09.840,10.56
2026-03-24 21:34:10.480,-18.84
2026-03-24 21:34:11.120,-9.36
2026-03-24 21:34:11.760,2.04
2026-03-24 21:34:12.400,16.56
2026-03-24 21:34:13.040,27.36
2026-03-24 21:34:13.680,-22.44
2026-03-24 21:34:14.320,-14.76
2026-03-24 21:34:14.960,6.24
2026-03-24 21:34:15.600,33.96
2026-03-24 21:34:16.240,32.88
2026-03-24 21:34:16.880,-40.32
2026-03-24 21:34:17.520,-31.92
2026-03-24 21:34:18.160,-19.68
2026-03-24 21:34:18.800,-6.48
2026-03-24 21:34:19.440,21
2026-03-24 21:34:20.080,24.72
2026-03-24 21:34:20.720,-31.44
2026-03-24 21:34:21.360,-25.08
2026-03-24 21:34:22.000,-14.4
2026-03-24 21:34:22.640,3
2026-03-24 21:34:23.280,21.36
2026-03-24 21:34:23.920,18.24
2026-03-24 21:34:24.560,-20.28
2026-03-24 21:34:25.200,-11.88
2026-03-24 21:34:25.840,-2.04
2026-03-24 21:34:26.480,20.76
2026-03-24 21:34:27.120,28.56
2026-03-24 21:34:27.760,-22.56
2026-03-24 21:34:28.400,-14.88
2026-03-24 21:34:29.040,-5.04
2026-03-24 21:34:29.680,-1.92
2026-03-24 21:34:30.320,19.92
2026-03-24 21:34:30.960,20.4
2026-03-24 21:34:31.600,-18.72
2026-03-24 21:34:32.240,-10.32
2026-03-24 21:34:32.880,-3.84
2026-03-24 21:34:33.520,9.24
2026-03-24 21:34:34.160,18.96
2026-03-24 21:34:34.800,-15.96
2026-03-24 21:34:35.440,-10.68
2026-03-24 21:34:36.080,-3.84
2026-03-24 21:34:36.720,20.28
2026-03-24 21:34:37.360,28.56
2026-03-24 21:34:38.000,30.24
2026-03-24 21:34:38.640,-12.48
2026-03-24 21:34:39.280,-31.2
2026-03-24 21:34:39.920,-24.84
2026-03-24 21:34:40.560,-10.8
2026-03-24 21:34:41.200,4.08
2026-03-24 21:34:41.840,18.72
2026-03-24 21:34:42.480,13.2
2026-03-24 21:34:43.120,-17.64
2026-03-24 21:34:43.760,-11.28
2026-03-24 21:34:44.400,-5.28
2026-03-24 21:34:45.040,12.84
2026-03-24 21:34:45.680,24.48
2026-03-24 21:34:46.320,12.24
2026-03-24 21:34:46.960,-20.76
2026-03-24 21:34:47.600,-15.84
2026-03-24 21:34:48.240,-7.32
2026-03-24 21:34:48.880,13.68
2026-03-24 21:34:49.520,18.84
2026-03-24 21:34:50.160,-14.04
2026-03-24 21:34:50.800,-12.48
2026-03-24 21:34:51.440,-6.12
2026-03-24 21:34:52.080,10.56
2026-03-24 21:34:52.720,21.48
2026-03-24 21:34:53.360,10.08
2026-03-24 21:34:54.000,-19.56
2026-03-24 21:34:54.640,-13.2
2026-03-24 21:34:55.280,2.04
2026-03-24 21:34:55.920,19.56
2026-03-24 21:34:56.560,26.28
2026-03-24 21:34:57.200,-19.08
2026-03-24 21:34:57.840,-21.96
2026-03-24 21:34:58.480,-16.2
2026-03-24 21:34:59.120,-3
2026-03-24 21:34:59.760,20.76
2026-03-24 21:35:00.400,24.36
2026-03-24 21:35:01.040,-22.44
2026-03-24 21:35:01.680,-22.8
2026-03-24 21:35:02.320,-11.64
2026-03-24 21:35:02.960,17.28
2026-03-24 21:35:03.600,26.88
2026-03-24 21:35:04.240,31.08
2026-03-24 21:35:04.880,24.48
2026-03-24 21:35:05.520,-36
2026-03-24 21:35:06.160,-29.76
2026-03-24 21:35:06.800,-19.68
2026-03-24 21:35:07.440,15.36
2026-03-24 21:35:08.080,25.92
2026-03-24 21:35:08.720,-4.08
2026-03-24 21:35:09.360,-20.64
2026-03-24 21:35:10.000,-16.8
2026-03-24 21:35:10.640,15.12
2026-03-24 21:35:11.280,20.76
2026-03-24 21:35:11.920,-16.8
2026-03-24 21:35:12.560,-17.16
2026-03-24 21:35:13.200,-13.2
2026-03-24 21:35:13.840,8.76
2026-03-24 21:35:14.480,20.28
2026-03-24 21:35:15.120,-0.72
2026-03-24 21:35:15.760,-13.56
2026-03-24 21:35:16.400,-9.36
2026-03-24 21:35:17.040,-5.64
2026-03-24 21:35:17.680,27.84
2026-03-24 21:35:18.320,31.56
2026-03-24 21:35:18.960,-28.2
2026-03-24 21:35:19.600,-28.08
2026-03-24 21:35:20.240,-16.44
2026-03-24 21:35:20.880,9.6
2026-03-24 21:35:21.520,29.28
2026-03-24 21:35:22.160,30.24
2026-03-24 21:35:22.800,-23.16
2026-03-24 21:35:23.440,-25.2
2026-03-24 21:35:24.080,-21
2026-03-24 21:35:24.720,-9.12
2026-03-24 21:35:25.360,18
2026-03-24 21:35:26.000,20.52
2026-03-24 21:35:26.640,-4.44
2026-03-24 21:35:27.280,-13.2
2026-03-24 21:35:27.920,-13.08
2026-03-24 21:35:28.560,-8.88
2026-03-24 21:35:29.200,13.2
2026-03-24 21:35:29.840,22.44
2026-03-24 21:35:30.480,6.72
2026-03-24 21:35:31.120,-15.72
2026-03-24 21:35:31.760,1.2
2026-03-24 21:35:32.400,-22.8
2026-03-24 21:35:33.040,28.56
2026-03-24 21:35:33.680,36.72
2026-03-24 21:35:34.320,24.84
2026-03-24 21:35:34.960,-23.4
2026-03-24 21:35:35.600,-23.64
2026-03-24 21:35:36.240,-19.44
2026-03-24 21:35:36.880,-14.52
2026-03-24 21:35:37.520,10.44
2026-03-24 21:35:38.160,21
2026-03-24 21:35:38.800,18.12
2026-03-24 21:35:39.440,-20.88
2026-03-24 21:35:40.080,-24
2026-03-24 21:35:40.720,-16.08
2026-03-24 21:35:41.360,5.64
2026-03-24 21:35:42.000,25.44
2026-03-24 21:35:42.640,26.88
2026-03-24 21:35:43.280,11.28
2026-03-24 21:35:43.920,-30.84
2026-03-24 21:35:44.560,-17.88
2026-03-24 21:35:45.200,-6.96
2026-03-24 21:35:45.840,0.24
2026-03-24 21:35:46.480,16.92
2026-03-24 21:35:47.120,18
2026-03-24 21:35:47.760,-16.08
2026-03-24 21:35:48.400,-11.16
2026-03-24 21:35:49.040,-6
2026-03-24 21:35:49.680,3
2026-03-24 21:35:50.320,22.92
2026-03-24 21:35:50.960,26.4
2026-03-24 21:35:51.600,-29.88
2026-03-24 21:35:52.240,-20.76
2026-03-24 21:35:52.880,-7.08
2026-03-24 21:35:53.520,7.44
2026-03-24 21:35:54.160,17.76
2026-03-24 21:35:54.800,6.6
2026-03-24 21:35:55.440,-16.92
2026-03-24 21:35:56.080,-10.56
2026-03-24 21:35:56.720,19.2
2026-03-24 21:35:57.360,34.32
2026-03-24 21:35:58.000,33.6
2026-03-24 21:35:58.640,39.84
2026-03-24 21:35:59.280,40.8
2026-03-24 21:35:59.920,-41.52
2026-03-24 21:36:00.560,-41.76
2026-03-24 21:36:01.200,-29.88
2026-03-24 21:36:01.840,-17.52
2026-03-24 21:36:02.480,-3.84
2026-03-24 21:36:03.120,0.12
2026-03-24 21:36:03.760,3.96
2026-03-24 21:36:04.400,19.68
2026-03-24 21:36:05.040,31.92
2026-03-24 21:36:05.680,8.4
2026-03-24 21:36:06.320,-20.64
2026-03-24 21:36:06.960,-9.12
2026-03-24 21:36:07.600,-2.4
2026-03-24 21:36:08.240,0.72
2026-03-24 21:36:08.880,13.2
2026-03-24 21:36:09.520,23.04
2026-03-24 21:36:10.160,25.44
2026-03-24 21:36:10.800,21.24
2026-03-24 21:36:11.440,-26.52
2026-03-24 21:36:12.080,-22.44
2026-03-24 21:36:12.720,-10.32
2026-03-24 21:36:13.360,-0.36
2026-03-24 21:36:14.000,4.68
2026-03-24 21:36:14.640,16.2
2026-03-24 21:36:15.280,8.64
2026-03-24 21:36:15.920,-10.68
2026-03-24 21:36:16.560,-6.48
2026-03-24 21:36:17.200,16.8
2026-03-24 21:36:17.840,29.04
2026-03-24 21:36:18.480,10.44
2026-03-24 21:36:19.120,-21.96
2026-03-24 21:36:19.760,-13.2
2026-03-24 21:36:20.400,-3
2026-03-24 21:36:21.040,0.6
2026-03-24 21:36:21.680,14.4
2026-03-24 21:36:22.320,9.24
2026-03-24 21:36:22.960,-11.76
2026-03-24 21:36:23.600,-7.32
2026-03-24 21:36:24.240,-3.48
2026-03-24 21:36:24.880,2.04
2026-03-24 21:36:25.520,16.44
2026-03-24 21:36:26.160,16.08
2026-03-24 21:36:26.800,-19.68
2026-03-24 21:36:27.440,-10.68
2026-03-24 21:36:28.080,-6.24
2026-03-24 21:36:28.720,7.56
2026-03-24 21:36:29.360,21.48
2026-03-24 21:36:30.000,22.8
2026-03-24 21:36:30.640,-26.28
2026-03-24 21:36:31.280,-21.6
2026-03-24 21:36:31.920,-10.44
2026-03-24 21:36:32.560,-3
2026-03-24 21:36:33.200,17.52
2026-03-24 21:36:33.840,20.04
2026-03-24 21:36:34.480,-7.32
2026-03-24 21:36:35.120,-21.48
2026-03-24 21:36:35.760,-10.8
2026-03-24 21:36:36.400,11.16
2026-03-24 21:36:37.040,22.2
2026-03-24 21:36:37.680,23.4
2026-03-24 21:36:38.320,12.36
2026-03-24 21:36:38.960,-31.08
2026-03-24 21:36:39.600,-21.12
2026-03-24 21:36:40.240,-9
2026-03-24 21:36:40.880,6.24
2026-03-24 21:36:41.520,-0.48
2026-03-24 21:36:42.160,1.68
2026-03-24 21:36:42.800,3.36
2026-03-24 21:36:43.440,23.16
2026-03-24 21:36:44.080,18.24
2026-03-24 21:36:44.720,-17.16
2026-03-24 21:36:45.360,-15.48
2026-03-24 21:36:46.000,-9
2026-03-24 21:36:46.640,7.08
2026-03-24 21:36:47.280,19.44
2026-03-24 21:36:47.920,23.04
2026-03-24 21:36:48.560,-22.92
2026-03-24 21:36:49.200,-20.4
2026-03-24 21:36:49.840,-13.8
2026-03-24 21:36:50.480,-0.6
2026-03-24 21:36:51.120,19.2
2026-03-24 21:36:51.760,23.52
2026-03-24 21:36:52.400,16.56
2026-03-24 21:36:53.040,-23.28
2026-03-24 21:36:53.680,-23.4
2026-03-24 21:36:54.320,-16.08
2026-03-24 21:36:54.960,17.52
2026-03-24 21:36:55.600,27.96
2026-03-24 21:36:56.240,25.44
2026-03-24 21:36:56.880,-21.24
2026-03-24 21:36:57.520,-23.88
2026-03-24 21:36:58.160,-18.12
2026-03-24 21:36:58.800,-8.16
2026-03-24 21:36:59.440,16.44
2026-03-24 21:37:00.080,19.32
2026-03-24 21:37:00.720,17.16
2026-03-24 21:37:01.360,-15.12
2026-03-24 21:37:02.000,-16.44
2026-03-24 21:37:02.640,-13.32
2026-03-24 21:37:03.280,-2.28
2026-03-24 21:37:03.920,16.68
2026-03-24 21:37:04.560,22.2
2026-03-24 21:37:05.200,8.16
2026-03-24 21:37:05.840,-20.4
2026-03-24 21:37:06.480,-14.28
2026-03-24 21:37:07.120,-9.72
2026-03-24 21:37:07.760,15.24
2026-03-24 21:37:08.400,16.32
2026-03-24 21:37:09.040,-1.08
2026-03-24 21:37:09.680,-14.4
2026-03-24 21:37:10.320,-10.44
2026-03-24 21:37:10.960,20.28
2026-03-24 21:37:11.600,17.88
2026-03-24 21:37:12.240,3.84
2026-03-24 21:37:12.880,-15
2026-03-24 21:37:13.520,-21.48
2026-03-24 21:37:14.160,-20.28
2026-03-24 21:37:14.800,13.92
2026-03-24 21:37:15.440,18.24
2026-03-24 21:37:16.080,12.36
2026-03-24 21:37:16.720,-6.72
2026-03-24 21:37:17.360,-6.72
2026-03-24 21:37:18.000,-7.92
2026-03-24 21:37:18.640,-0.48
2026-03-24 21:37:19.280,15.36
2026-03-24 21:37:19.920,10.2
2026-03-24 21:37:20.560,-20.04
2026-03-24 21:37:21.200,-21
2026-03-24 21:37:21.840,-8.16
2026-03-24 21:37:22.480,31.2
2026-03-24 21:37:23.120,28.56
2026-03-24 21:37:23.760,-22.92
2026-03-24 21:37:24.400,-28.32
2026-03-24 21:37:25.040,-15.84
2026-03-24 21:37:25.680,17.4
2026-03-24 21:37:26.320,34.2
2026-03-24 21:37:26.960,48.84
2026-03-24 21:37:27.600,-0.84
2026-03-24 21:37:28.240,-0.96
2026-03-24 21:37:28.880,-1.44
2026-03-24 21:37:29.520,-36.36
2026-03-24 21:37:30.160,-29.4
2026-03-24 21:37:30.800,-18.6
2026-03-24 21:37:31.440,-8.28
2026-03-24 21:37:32.080,2.4
2026-03-24 21:37:32.720,21.12
2026-03-24 21:37:33.360,24.96
2026-03-24 21:37:34.000,-21.36
2026-03-24 21:37:34.640,-16.8
2026-03-24 21:37:35.280,-9.48
2026-03-24 21:37:35.920,-0.96
2026-03-24 21:37:36.560,3.72
2026-03-24 21:37:37.200,19.32
2026-03-24 21:37:37.840,28.68
2026-03-24 21:37:38.480,-20.28
2026-03-24 21:37:39.120,-11.52
2026-03-24 21:37:39.760,-5.4
2026-03-24 21:37:40.400,-1.68
2026-03-24 21:37:41.040,4.68
2026-03-24 21:37:41.680,25.8
2026-03-24 21:37:42.320,31.32
2026-03-24 21:37:42.960,7.8
2026-03-24 21:37:43.600,-23.64
2026-03-24 21:37:44.240,-16.92
2026-03-24 21:37:44.880,-8.28
2026-03-24 21:37:45.520,-3.36
2026-03-24 21:37:46.160,9.84
2026-03-24 21:37:46.800,30.84
2026-03-24 21:37:47.440,35.04
2026-03-24 21:37:48.080,-4.8
2026-03-24 21:37:48.720,-26.64
2026-03-24 21:37:49.360,-25.08
2026-03-24 21:37:50.000,-9
2026-03-24 21:37:50.640,15.36
2026-03-24 21:37:51.280,22.68
2026-03-24 21:37:51.920,15.36
2026-03-24 21:37:52.560,-19.08
2026-03-24 21:37:53.200,-17.04
2026-03-24 21:37:53.840,-7.92
2026-03-24 21:37:54.480,4.08
2026-03-24 21:37:55.120,19.56
2026-03-24 21:37:55.760,16.68
2026-03-24 21:37:56.400,-14.76
2026-03-24 21:37:57.040,-10.56
2026-03-24 21:37:57.680,-7.8
2026-03-24 21:37:58.320,13.68
2026-03-24 21:37:58.960,23.52
2026-03-24 21:37:59.600,2.04
2026-03-24 21:38:00.240,-18.96
2026-03-24 21:38:00.880,-22.08
2026-03-24 21:38:01.520,-5.64
2026-03-24 21:38:02.160,26.64
2026-03-24 21:38:02.800,7.32
2026-03-24 21:38:03.440,-18
2026-03-24 21:38:04.080,-9.12
2026-03-24 21:38:04.720,9.24
2026-03-24 21:38:05.360,22.8
2026-03-24 21:38:06.000,26.4
2026-03-24 21:38:06.640,2.04
2026-03-24 21:38:07.280,-30.48
2026-03-24 21:38:07.920,-20.16
2026-03-24 21:38:08.560,-9.12
2026-03-24 21:38:09.200,18.96
2026-03-24 21:38:09.840,28.44
2026-03-24 21:38:10.480,18.96
2026-03-24 21:38:11.120,-27.84
2026-03-24 21:38:11.760,-20.88
2026-03-24 21:38:12.400,-10.32
2026-03-24 21:38:13.040,12.6
2026-03-24 21:38:13.680,21.12
2026-03-24 21:38:14.320,15.48
2026-03-24 21:38:14.960,-15.84
2026-03-24 21:38:15.600,-17.4
2026-03-24 21:38:16.240,-10.2
2026-03-24 21:38:16.880,13.2
2026-03-24 21:38:17.520,22.56
2026-03-24 21:38:18.160,20.76
2026-03-24 21:38:18.800,-16.68
2026-03-24 21:38:19.440,-20.16
2026-03-24 21:38:20.080,-15
2026-03-24 21:38:20.720,-5.88
2026-03-24 21:38:21.360,12.6
2026-03-24 21:38:22.000,21.24
2026-03-24 21:38:22.640,14.64
2026-03-24 21:38:23.280,-24.48
2026-03-24 21:38:23.920,-18.84
2026-03-24 21:38:24.560,-6.6
2026-03-24 21:38:25.200,5.76
2026-03-24 21:38:25.840,16.56
2026-03-24 21:38:26.480,21.6
2026-03-24 21:38:27.120,-18.6
2026-03-24 21:38:27.760,-18.84
2026-03-24 21:38:28.400,-14.64
2026-03-24 21:38:29.040,10.92
2026-03-24 21:38:29.680,19.2
2026-03-24 21:38:30.320,4.32
2026-03-24 21:38:30.960,-12.36
2026-03-24 21:38:31.600,-7.92
2026-03-24 21:38:32.240,0.24
2026-03-24 21:38:32.880,15.72
2026-03-24 21:38:33.520,18.12
2026-03-24 21:38:34.160,-11.28
2026-03-24 21:38:34.800,-14.88
2026-03-24 21:38:35.440,-8.4
2026-03-24 21:38:36.080,4.2
2026-03-24 21:38:36.720,18.6
2026-03-24 21:38:37.360,15.84
2026-03-24 21:38:38.000,-13.44
2026-03-24 21:38:38.640,-11.16
2026-03-24 21:38:39.280,-6.96
2026-03-24 21:38:39.920,16.44
2026-03-24 21:38:40.560,23.16
2026-03-24 21:38:41.200,21.12
2026-03-24 21:38:41.840,-22.44
2026-03-24 21:38:42.480,-19.8
2026-03-24 21:38:43.120,-14.4
2026-03-24 21:38:43.760,21.48
2026-03-24 21:38:44.400,29.88
2026-03-24 21:38:45.040,18
2026-03-24 21:38:45.680,-24
2026-03-24 21:38:46.320,-22.44
2026-03-24 21:38:46.960,-14.76
2026-03-24 21:38:47.600,22.68
2026-03-24 21:38:48.240,23.88
2026-03-24 21:38:48.880,10.08
2026-03-24 21:38:49.520,-19.08
2026-03-24 21:38:50.160,-16.92
2026-03-24 21:38:50.800,-12.48
2026-03-24 21:38:51.440,22.2
2026-03-24 21:38:52.080,24.72
2026-03-24 21:38:52.720,21.72
2026-03-24 21:38:53.360,-21.84
2026-03-24 21:38:54.000,-22.08
2026-03-24 21:38:54.640,-13.8
2026-03-24 21:38:55.280,0.84
2026-03-24 21:38:55.920,19.8
2026-03-24 21:38:56.560,18.6
2026-03-24 21:38:57.200,-17.52
2026-03-24 21:38:57.840,-5.4
2026-03-24 21:38:58.480,-20.52
2026-03-24 21:38:59.120,31.08
2026-03-24 21:38:59.760,30.72
2026-03-24 21:39:00.400,29.64
2026-03-24 21:39:01.040,-28.2
2026-03-24 21:39:01.680,-28.08
2026-03-24 21:39:02.320,-23.88
2026-03-24 21:39:02.960,-9.72
2026-03-24 21:39:03.600,20.4
2026-03-24 21:39:04.240,21.72
2026-03-24 21:39:04.880,20.64
2026-03-24 21:39:05.520,-17.04
2026-03-24 21:39:06.160,-20.76
2026-03-24 21:39:06.800,-15.6
2026-03-24 21:39:07.440,-5.52
2026-03-24 21:39:08.080,18.24
2026-03-24 21:39:08.720,16.2
2026-03-24 21:39:09.360,-12
2026-03-24 21:39:10.000,-14.4
2026-03-24 21:39:10.640,-11.88
2026-03-24 21:39:11.280,-2.16
2026-03-24 21:39:11.920,27.24
2026-03-24 21:39:12.560,37.08
2026-03-24 21:39:13.200,-38.88
2026-03-24 21:39:13.840,-26.28
2026-03-24 21:39:14.480,-12.96
2026-03-24 21:39:15.120,-4.44
2026-03-24 21:39:15.760,8.28
2026-03-24 21:39:16.400,19.56
2026-03-24 21:39:17.040,19.2
2026-03-24 21:39:17.680,-23.28
2026-03-24 21:39:18.320,-15.24
2026-03-24 21:39:18.960,12.84
2026-03-24 21:39:19.600,36.12
2026-03-24 21:39:20.240,27.36
2026-03-24 21:39:20.880,-27.48
2026-03-24 21:39:21.520,-24.96
2026-03-24 21:39:22.160,-13.2
2026-03-24 21:39:22.800,7.56
2026-03-24 21:39:23.440,22.68
2026-03-24 21:39:24.080,-21.36
2026-03-24 21:39:24.720,-16.08
2026-03-24 21:39:25.360,-5.04
2026-03-24 21:39:26.000,14.76
2026-03-24 21:39:26.640,23.76
2026-03-24 21:39:27.280,12.72
2026-03-24 21:39:27.920,-17.16
2026-03-24 21:39:28.560,-10.08
2026-03-24 21:39:29.200,-6.84
2026-03-24 21:39:29.840,-3.6
2026-03-24 21:39:30.480,12.48
2026-03-24 21:39:31.120,11.28
2026-03-24 21:39:31.760,-12.24
2026-03-24 21:39:32.400,-7.2
2026-03-24 21:39:33.040,6.48
2026-03-24 21:39:33.680,17.64
2026-03-24 21:39:34.320,0.6
2026-03-24 21:39:34.960,-12.36
2026-03-24 21:39:35.600,-8.4
2026-03-24 21:39:36.240,-4.2
2026-03-24 21:39:36.880,14.28
2026-03-24 21:39:37.520,20.52
2026-03-24 21:39:38.160,-15.84
2026-03-24 21:39:38.800,-14.88
2026-03-24 21:39:39.440,-7.32
2026-03-24 21:39:40.080,17.4
2026-03-24 21:39:40.720,26.28
2026-03-24 21:39:41.360,25.32
2026-03-24 21:39:42.000,-24.84
2026-03-24 21:39:42.640,-16.68
2026-03-24 21:39:43.280,-13.44
2026-03-24 21:39:43.920,31.68
2026-03-24 21:39:44.560,42.96
2026-03-24 21:39:45.200,31.08
2026-03-24 21:39:45.840,-39.24
2026-03-24 21:39:46.480,-34.2
2026-03-24 21:39:47.120,-29.4
2026-03-24 21:39:47.760,-15.36
2026-03-24 21:39:48.400,20.76
2026-03-24 21:39:49.040,24.24
2026-03-24 21:39:49.680,24.96
2026-03-24 21:39:50.320,14.64
2026-03-24 21:39:50.960,-29.04
2026-03-24 21:39:51.600,-25.08
2026-03-24 21:39:52.240,-14.16
2026-03-24 21:39:52.880,2.28
2026-03-24 21:39:53.520,17.28
2026-03-24 21:39:54.160,19.56
2026-03-24 21:39:54.800,-17.88
2026-03-24 21:39:55.440,-18.48
2026-03-24 21:39:56.080,-10.56
2026-03-24 21:39:56.720,14.88
2026-03-24 21:39:57.360,17.76
2026-03-24 21:39:58.000,15.6
2026-03-24 21:39:58.640,-15.6
2026-03-24 21:39:59.280,-13.2
2026-03-24 21:39:59.920,-7.32
2026-03-24 21:40:00.560,-3.12
2026-03-24 21:40:01.200,16.32
2026-03-24 21:40:01.840,20.76
2026-03-24 21:40:02.480,25.32
2026-03-24 21:40:03.120,-17.76
2026-03-24 21:40:03.760,-24.24
2026-03-24 21:40:04.400,-15
2026-03-24 21:40:05.040,-7.8
2026-03-24 21:40:05.680,6.48
2026-03-24 21:40:06.320,18.48
2026-03-24 21:40:06.960,31.56
2026-03-24 21:40:07.600,29.76
2026-03-24 21:40:08.240,-32.28
2026-03-24 21:40:08.880,-28.44
2026-03-24 21:40:09.520,-19.68
2026-03-24 21:40:10.160,-8.04
2026-03-24 21:40:10.800,4.92
2026-03-24 21:40:11.440,15.12
2026-03-24 21:40:12.080,19.8
2026-03-24 21:40:12.720,-13.68
2026-03-24 21:40:13.360,-16.2
2026-03-24 21:40:14.000,-7.2
2026-03-24 21:40:14.640,4.68
2026-03-24 21:40:15.280,10.68
2026-03-24 21:40:15.920,20.64
2026-03-24 21:40:16.560,17.28
2026-03-24 21:40:17.200,-27.96
2026-03-24 21:40:17.840,-26.04
2026-03-24 21:40:18.480,-19.68
2026-03-24 21:40:19.120,-6
2026-03-24 21:40:19.760,2.64
2026-03-24 21:40:20.400,16.2
2026-03-24 21:40:21.040,20.88
2026-03-24 21:40:21.680,-16.44
2026-03-24 21:40:22.320,-9.24
2026-03-24 21:40:22.960,-3.96
2026-03-24 21:40:23.600,0.36
2026-03-24 21:40:24.240,9.96
2026-03-24 21:40:24.880,-0.24
2026-03-24 21:40:25.520,-6.84
2026-03-24 21:40:26.160,-3.48
2026-03-24 21:40:26.800,-4.8
2026-03-24 21:40:27.440,13.92
2026-03-24 21:40:28.080,25.92
2026-03-24 21:40:28.720,21.96
2026-03-24 21:40:29.360,-18.24
2026-03-24 21:40:30.000,-20.52
2026-03-24 21:40:30.640,-24.24
2026-03-24 21:40:31.280,-15.96
2026-03-24 21:40:31.920,12.12
2026-03-24 21:40:32.560,31.44
2026-03-24 21:40:33.200,15.96
2026-03-24 21:40:33.840,-29.04
2026-03-24 21:40:34.480,-17.88
2026-03-24 21:40:35.120,-6.12
2026-03-24 21:40:35.760,24
2026-03-24 21:40:36.400,30
2026-03-24 21:40:37.040,15.36
2026-03-24 21:40:37.680,-27.84
2026-03-24 21:40:38.320,-19.92
2026-03-24 21:40:38.960,-10.08
2026-03-24 21:40:39.600,6.12
2026-03-24 21:40:40.240,28.08
2026-03-24 21:40:40.880,10.2
2026-03-24 21:40:41.520,-15.24
2026-03-24 21:40:42.160,-12.48
2026-03-24 21:40:42.800,25.92
2026-03-24 21:40:43.440,34.92
2026-03-24 21:40:44.080,29.76
2026-03-24 21:40:44.720,-32.88
2026-03-24 21:40:45.360,-30.96
2026-03-24 21:40:46.000,-17.52
2026-03-24 21:40:46.640,-6.24
2026-03-24 21:40:47.280,10.92
2026-03-24 21:40:47.920,15.24
2026-03-24 21:40:48.560,-0.84
2026-03-24 21:40:49.200,-1.8
2026-03-24 21:40:49.840,1.44
2026-03-24 21:40:50.480,-14.4
2026-03-24 21:40:51.120,-3.72
2026-03-24 21:40:51.760,5.88
2026-03-24 21:40:52.400,23.88
2026-03-24 21:40:53.040,27.48
2026-03-24 21:40:53.680,-22.92
2026-03-24 21:40:54.320,-18.96
2026-03-24 21:40:54.960,-11.88
2026-03-24 21:40:55.600,-3.96
2026-03-24 21:40:56.240,20.16
2026-03-24 21:40:56.880,26.28
2026-03-24 21:40:57.520,11.4
2026-03-24 21:40:58.160,-24.96
2026-03-24 21:40:58.800,-18.36
2026-03-24 21:40:59.440,-6.48
2026-03-24 21:41:00.080,15.96
2026-03-24 21:41:00.720,24.12
2026-03-24 21:41:01.360,27
2026-03-24 21:41:02.000,-33.24
2026-03-24 21:41:02.640,-24.48
2026-03-24 21:41:03.280,-15.6
2026-03-24 21:41:03.920,-5.52
2026-03-24 21:41:04.560,10.92
2026-03-24 21:41:05.200,24.72
2026-03-24 21:41:05.840,26.52
2026-03-24 21:41:06.480,-25.8
2026-03-24 21:41:07.120,-23.64
2026-03-24 21:41:07.760,-10.2
2026-03-24 21:41:08.400,1.32
2026-03-24 21:41:09.040,21.24
2026-03-24 21:41:09.680,27.72
2026-03-24 21:41:10.320,-4.08
2026-03-24 21:41:10.960,-24.48
2026-03-24 21:41:11.600,-16.92
2026-03-24 21:41:12.240,-7.2
2026-03-24 21:41:12.880,3.48
2026-03-24 21:41:13.520,20.64
2026-03-24 21:41:14.160,8.28
2026-03-24 21:41:14.800,-17.88
2026-03-24 21:41:15.440,-9.36
2026-03-24 21:41:16.080,-4.08
2026-03-24 21:41:16.720,13.56
2026-03-24 21:41:17.360,12.24
2026-03-24 21:41:18.000,-13.56
2026-03-24 21:41:18.640,-5.4
2026-03-24 21:41:19.280,0.84
2026-03-24 21:41:19.920,21.24
2026-03-24 21:41:20.560,30.72
2026-03-24 21:41:21.200,5.64
2026-03-24 21:41:21.840,-24
2026-03-24 21:41:22.480,-18.48
2026-03-24 21:41:23.120,-8.64
2026-03-24 21:41:23.760,4.56
2026-03-24 21:41:24.400,37.68
2026-03-24 21:41:25.040,38.76
2026-03-24 21:41:25.680,11.4
2026-03-24 21:41:26.320,-30.96
2026-03-24 21:41:26.960,-26.4
2026-03-24 21:41:27.600,-18.24
2026-03-24 21:41:28.240,-8.76
2026-03-24 21:41:28.880,22.56
2026-03-24 21:41:29.520,24.36
2026-03-24 21:41:30.160,23.04
2026-03-24 21:41:30.800,-18.84
2026-03-24 21:41:31.440,-22.08
2026-03-24 21:41:32.080,-18.96
2026-03-24 21:41:32.720,-16.92
2026-03-24 21:41:33.360,-6.12
2026-03-24 21:41:34.000,15.6
2026-03-24 21:41:34.640,21.36
2026-03-24 21:41:35.280,-5.64
2026-03-24 21:41:35.920,-12.6
2026-03-24 21:41:36.560,-3.48
2026-03-24 21:41:37.200,-12.12
2026-03-24 21:41:37.840,-3
2026-03-24 21:41:38.480,9.48
2026-03-24 21:41:39.120,9.24
2026-03-24 21:41:39.760,-7.8
2026-03-24 21:41:40.400,-10.32
2026-03-24 21:41:41.040,-7.92
2026-03-24 21:41:41.680,9.96
2026-03-24 21:41:42.320,14.16
2026-03-24 21:41:42.960,-7.68
2026-03-24 21:41:43.600,-9.84
2026-03-24 21:41:44.240,-16.92
2026-03-24 21:41:44.880,-7.92
2026-03-24 21:41:45.520,25.92
2026-03-24 21:41:46.160,33
2026-03-24 21:41:46.800,-3.6
2026-03-24 21:41:47.440,-30.36
2026-03-24 21:41:48.080,-14.88
2026-03-24 21:41:48.720,-6.24
2026-03-24 21:41:49.360,22.8
2026-03-24 21:41:50.000,28.68
2026-03-24 21:41:50.640,-34.68
2026-03-24 21:41:51.280,-25.32
2026-03-24 21:41:51.920,-9.96
2026-03-24 21:41:52.560,19.8
2026-03-24 21:41:53.200,34.32
2026-03-24 21:41:53.840,32.88
2026-03-24 21:41:54.480,-33.12
2026-03-24 21:41:55.120,-27
2026-03-24 21:41:55.760,-14.52
2026-03-24 21:41:56.400,0.48
2026-03-24 21:41:57.040,25.92
2026-03-24 21:41:57.680,31.92
2026-03-24 21:41:58.320,-36.48
2026-03-24 21:41:58.960,-24
2026-03-24 21:41:59.600,-12.84
2026-03-24 21:42:00.240,-2.76
2026-03-24 21:42:00.880,17.52
2026-03-24 21:42:01.520,27
2026-03-24 21:42:02.160,-22.08
2026-03-24 21:42:02.800,-30.72
2026-03-24 21:42:03.440,-19.32
2026-03-24 21:42:04.080,-4.8
2026-03-24 21:42:04.720,39.48
2026-03-24 21:42:05.360,22.08
2026-03-24 21:42:06.000,-7.92
2026-03-24 21:42:06.640,0.12
2026-03-24 21:42:07.280,-28.92
2026-03-24 21:42:07.920,6.72
2026-03-24 21:42:08.560,34.8
2026-03-24 21:42:09.200,34.32
2026-03-24 21:42:09.840,-31.8
2026-03-24 21:42:10.480,-36
2026-03-24 21:42:11.120,-15.12
2026-03-24 21:42:11.760,24.84
2026-03-24 21:42:12.400,37.56
2026-03-24 21:42:13.040,12.24
2026-03-24 21:42:13.680,-33.6
2026-03-24 21:42:14.320,-21.36
2026-03-24 21:42:14.960,-8.28
2026-03-24 21:42:15.600,12.96
2026-03-24 21:42:16.240,26.16
2026-03-24 21:42:16.880,8.76
2026-03-24 21:42:17.520,-22.32
2026-03-24 21:42:18.160,-12.84
2026-03-24 21:42:18.800,-3.36
2026-03-24 21:42:19.440,15.72
2026-03-24 21:42:20.080,25.44
2026-03-24 21:42:20.720,18.36
2026-03-24 21:42:21.360,-29.16
2026-03-24 21:42:22.000,-16.44
2026-03-24 21:42:22.640,-5.04
2026-03-24 21:42:23.280,-1.44
2026-03-24 21:42:23.920,20.16
2026-03-24 21:42:24.560,28.56
2026-03-24 21:42:25.200,-17.16
2026-03-24 21:42:25.840,-24.6
2026-03-24 21:42:26.480,-11.64
2026-03-24 21:42:27.120,-4.2
2026-03-24 21:42:27.760,5.52
2026-03-24 21:42:28.400,22.2
2026-03-24 21:42:29.040,27.12
2026-03-24 21:42:29.680,-25.92
2026-03-24 21:42:30.320,-21.96
2026-03-24 21:42:30.960,-12.6
2026-03-24 21:42:31.600,-4.44
2026-03-24 21:42:32.240,14.16
2026-03-24 21:42:32.880,23.64
2026-03-24 21:42:33.520,7.08
2026-03-24 21:42:34.160,-22.68
2026-03-24 21:42:34.800,-9.6
2026-03-24 21:42:35.440,-2.88
2026-03-24 21:42:36.080,20.64
2026-03-24 21:42:36.720,28.92
2026-03-24 21:42:37.360,27.72
2026-03-24 21:42:38.000,-29.28
2026-03-24 21:42:38.640,-32.04
2026-03-24 21:42:39.280,-22.92
2026-03-24 21:42:39.920,-9.84
2026-03-24 21:42:40.560,-2.04
2026-03-24 21:42:41.200,15.24
2026-03-24 21:42:41.840,24.96
2026-03-24 21:42:42.480,10.44
2026-03-24 21:42:43.120,-25.32
2026-03-24 21:42:43.760,-14.76
2026-03-24 21:42:44.400,-6.36
2026-03-24 21:42:45.040,-1.32
2026-03-24 21:42:45.680,17.88
2026-03-24 21:42:46.320,19.56
2026-03-24 21:42:46.960,-17.28
2026-03-24 21:42:47.600,-14.28
2026-03-24 21:42:48.240,-3.72
2026-03-24 21:42:48.880,7.32
2026-03-24 21:42:49.520,12.48
2026-03-24 21:42:50.160,8.76
2026-03-24 21:42:50.800,-13.92
2026-03-24 21:42:51.440,-7.68
2026-03-24 21:42:52.080,-1.08
2026-03-24 21:42:52.720,9.72
2026-03-24 21:42:53.360,23.28
2026-03-24 21:42:54.000,18.24
2026-03-24 21:42:54.640,-20.16
2026-03-24 21:42:55.280,-16.32
2026-03-24 21:42:55.920,-4.56
2026-03-24 21:42:56.560,26.16
2026-03-24 21:42:57.200,31.2
2026-03-24 21:42:57.840,17.76
2026-03-24 21:42:58.480,-30.36
2026-03-24 21:42:59.120,-27
2026-03-24 21:42:59.760,-15.96
2026-03-24 21:43:00.400,13.08
2026-03-24 21:43:01.040,24.96
2026-03-24 21:43:01.680,9.84
2026-03-24 21:43:02.320,-18.96
2026-03-24 21:43:02.960,-17.04
2026-03-24 21:43:03.600,-7.44
2026-03-24 21:43:04.240,17.4
2026-03-24 21:43:04.880,22.08
2026-03-24 21:43:05.520,-16.68
2026-03-24 21:43:06.160,-13.92
2026-03-24 21:43:06.800,-16.56
2026-03-24 21:43:07.440,16.2
2026-03-24 21:43:08.080,26.16
2026-03-24 21:43:08.720,11.04
2026-03-24 21:43:09.360,-13.68
2026-03-24 21:43:10.000,-3.84
2026-03-24 21:43:10.640,21
2026-03-24 21:43:11.280,23.76
2026-03-24 21:43:11.920,27.96
2026-03-24 21:43:12.560,-21.84
2026-03-24 21:43:13.200,-25.08
2026-03-24 21:43:13.840,-22.2
2026-03-24 21:43:14.480,-12.36
2026-03-24 21:43:15.120,19.08
2026-03-24 21:43:15.760,18
2026-03-24 21:43:16.400,17.76
2026-03-24 21:43:17.040,-21.84
2026-03-24 21:43:17.680,-21.36
2026-03-24 21:43:18.320,-17.04
2026-03-24 21:43:18.960,-6.96
2026-03-24 21:43:19.600,17.04
2026-03-24 21:43:20.240,18.12
2026-03-24 21:43:20.880,13.68
2026-03-24 21:43:21.520,-15.6
2026-03-24 21:43:22.160,-13.2
2026-03-24 21:43:22.800,-14.28
2026-03-24 21:43:23.440,-2.52
2026-03-24 21:43:24.080,19.68
2026-03-24 21:43:24.720,20.4
2026-03-24 21:43:25.360,-16.8
2026-03-24 21:43:26.000,-16.2
2026-03-24 21:43:26.640,-13.2
2026-03-24 21:43:27.280,-8.52
2026-03-24 21:43:27.920,15.6
2026-03-24 21:43:28.560,25.08
2026-03-24 21:43:29.200,23.16
2026-03-24 21:43:29.840,-19.8
2026-03-24 21:43:30.480,-19.68
2026-03-24 21:43:31.120,-17.28
2026-03-24 21:43:31.760,-10.2
2026-03-24 21:43:32.400,27.72
2026-03-24 21:43:33.040,27.96
2026-03-24 21:43:33.680,24.96
2026-03-24 21:43:34.320,26.88
2026-03-24 21:43:34.960,26.88
2026-03-24 21:43:35.600,-36
2026-03-24 21:43:36.240,-33.6
2026-03-24 21:43:36.880,-25.32
2026-03-24 21:43:37.520,-14.16
2026-03-24 21:43:38.160,-5.16
2026-03-24 21:43:38.800,-1.08
2026-03-24 21:43:39.440,14.88
2026-03-24 21:43:40.080,24
2026-03-24 21:43:40.720,11.04
2026-03-24 21:43:41.360,-15
2026-03-24 21:43:42.000,-10.68
2026-03-24 21:43:42.640,-5.88
2026-03-24 21:43:43.280,-0.6
2026-03-24 21:43:43.920,10.92
2026-03-24 21:43:44.560,21.84
2026-03-24 21:43:45.200,19.32
2026-03-24 21:43:45.840,-10.32
2026-03-24 21:43:46.480,-21.84
2026-03-24 21:43:47.120,-9.24
2026-03-24 21:43:47.760,-2.28
2026-03-24 21:43:48.400,12.84
2026-03-24 21:43:49.040,22.32
2026-03-24 21:43:49.680,18.72
2026-03-24 21:43:50.320,-15.36
2026-03-24 21:43:50.960,-14.04
2026-03-24 21:43:51.600,-7.44
2026-03-24 21:43:52.240,-2.76
2026-03-24 21:43:52.880,18.36
2026-03-24 21:43:53.520,19.92
2026-03-24 21:43:54.160,21.36
2026-03-24 21:43:54.800,-15.24
2026-03-24 21:43:55.440,-13.8
2026-03-24 21:43:56.080,-12.84
2026-03-24 21:43:56.720,-9.48
2026-03-24 21:43:57.360,5.16
2026-03-24 21:43:58.000,18.48
2026-03-24 21:43:58.640,21.12
2026-03-24 21:43:59.280,-12
2026-03-24 21:43:59.920,-19.08
2026-03-24 21:44:00.560,-17.4
2026-03-24 21:44:01.200,-4.32
2026-03-24 21:44:01.840,-0.12
2026-03-24 21:44:02.480,-0.24
2026-03-24 21:44:03.120,-8.64
2026-03-24 21:44:03.760,-1.44
2026-03-24 21:44:04.400,32.28
2026-03-24 21:44:05.040,37.56
2026-03-24 21:44:05.680,29.64
2026-03-24 21:44:06.320,-42.96
2026-03-24 21:44:06.960,-32.88
2026-03-24 21:44:07.600,-17.16
2026-03-24 21:44:08.240,-5.28
2026-03-24 21:44:08.880,2.28
2026-03-24 21:44:09.520,21.6
2026-03-24 21:44:10.160,26.76
2026-03-24 21:44:10.800,-27.72
2026-03-24 21:44:11.440,-18
2026-03-24 21:44:12.080,-6.12
2026-03-24 21:44:12.720,1.2
2026-03-24 21:44:13.360,20.04
2026-03-24 21:44:14.000,26.4
2026-03-24 21:44:14.640,-18.48
2026-03-24 21:44:15.280,-23.64
2026-03-24 21:44:15.920,-10.44
2026-03-24 21:44:16.560,-4.44
2026-03-24 21:44:17.200,17.76
2026-03-24 21:44:17.840,28.44
2026-03-24 21:44:18.480,-27.12
2026-03-24 21:44:19.120,-22.08
2026-03-24 21:44:19.760,-11.16
2026-03-24 21:44:20.400,-3
2026-03-24 21:44:21.040,12.84
2026-03-24 21:44:21.680,12.84
2026-03-24 21:44:22.320,-13.8
2026-03-24 21:44:22.960,-5.16
2026-03-24 21:44:23.600,0.48
2026-03-24 21:44:24.240,24.12
2026-03-24 21:44:24.880,29.16
2026-03-24 21:44:25.520,-27.24
2026-03-24 21:44:26.160,-19.2
2026-03-24 21:44:26.800,-6.72
2026-03-24 21:44:27.440,-1.44
2026-03-24 21:44:28.080,8.64
2026-03-24 21:44:28.720,26.04
2026-03-24 21:44:29.360,29.04
2026-03-24 21:44:30.000,-29.4
2026-03-24 21:44:30.640,-18.96
2026-03-24 21:44:31.280,-7.92
2026-03-24 21:44:31.920,-1.68
2026-03-24 21:44:32.560,17.88
2026-03-24 21:44:33.200,22.8
2026-03-24 21:44:33.840,24.6
2026-03-24 21:44:34.480,-29.16
2026-03-24 21:44:35.120,-22.32
2026-03-24 21:44:35.760,-7.08
2026-03-24 21:44:36.400,-3.24
2026-03-24 21:44:37.040,13.68
2026-03-24 21:44:37.680,24.6
2026-03-24 21:44:38.320,21.36
2026-03-24 21:44:38.960,-29.16
2026-03-24 21:44:39.600,-21.24
2026-03-24 21:44:40.240,-7.56
2026-03-24 21:44:40.880,0.48
2026-03-24 21:44:41.520,21
2026-03-24 21:44:42.160,27.96
2026-03-24 21:44:42.800,24.48
2026-03-24 21:44:43.440,-29.4
2026-03-24 21:44:44.080,-26.04
2026-03-24 21:44:44.720,-11.4
2026-03-24 21:44:45.360,-5.16
2026-03-24 21:44:46.000,0.96
2026-03-24 21:44:46.640,13.2
2026-03-24 21:44:47.280,-4.68
2026-03-24 21:44:47.920,-7.32
2026-03-24 21:44:48.560,-2.4
2026-03-24 21:44:49.200,-3.12
2026-03-24 21:44:49.840,9.24
2026-03-24 21:44:50.480,15.96
2026-03-24 21:44:51.120,-13.32
2026-03-24 21:44:51.760,-9.84
2026-03-24 21:44:52.400,-4.56
2026-03-24 21:44:53.040,-1.08
2026-03-24 21:44:53.680,9.48
2026-03-24 21:44:54.320,16.92
2026-03-24 21:44:54.960,-14.64
2026-03-24 21:44:55.600,-11.76
2026-03-24 21:44:56.240,16.32
2026-03-24 21:44:56.880,26.76
2026-03-24 21:44:57.520,29.76
2026-03-24 21:44:58.160,22.56
2026-03-24 21:44:58.800,-30.72
2026-03-24 21:44:59.440,-30.84
2026-03-24 21:45:00.080,-21.72
2026-03-24 21:45:00.720,-8.88
2026-03-24 21:45:01.360,7.68
2026-03-24 21:45:02.000,24.24
2026-03-24 21:45:02.640,27.24
2026-03-24 21:45:03.280,-25.2
2026-03-24 21:45:03.920,-23.64
2026-03-24 21:45:04.560,-14.64
2026-03-24 21:45:05.200,-3.72
2026-03-24 21:45:05.840,10.68
2026-03-24 21:45:06.480,20.88
2026-03-24 21:45:07.120,17.4
2026-03-24 21:45:07.760,-18.6
2026-03-24 21:45:08.400,-14.88
2026-03-24 21:45:09.040,-6.36
2026-03-24 21:45:09.680,6.84
2026-03-24 21:45:10.320,16.8
2026-03-24 21:45:10.960,-5.4
2026-03-24 21:45:11.600,-11.76
2026-03-24 21:45:12.240,-4.92
2026-03-24 21:45:12.880,-0.24
2026-03-24 21:45:13.520,12.6
2026-03-24 21:45:14.160,20.4
2026-03-24 21:45:14.800,-18
2026-03-24 21:45:15.440,-15
2026-03-24 21:45:16.080,-5.52
2026-03-24 21:45:16.720,10.56
2026-03-24 21:45:17.360,22.8
2026-03-24 21:45:18.000,32.04
2026-03-24 21:45:18.640,-26.4
2026-03-24 21:45:19.280,-21.72
2026-03-24 21:45:19.920,-11.28
2026-03-24 21:45:20.560,-2.04
2026-03-24 21:45:21.200,22.92
2026-03-24 21:45:21.840,25.56
2026-03-24 21:45:22.480,-5.16
2026-03-24 21:45:23.120,-21
2026-03-24 21:45:23.760,-19.08
2026-03-24 21:45:24.400,-5.76
2026-03-24 21:45:25.040,22.68
2026-03-24 21:45:25.680,27.6
2026-03-24 21:45:26.320,-3.12
2026-03-24 21:45:26.960,-23.16
2026-03-24 21:45:27.600,-18.12
2026-03-24 21:45:28.240,-7.08
2026-03-24 21:45:28.880,16.68
2026-03-24 21:45:29.520,20.28
2026-03-24 21:45:30.160,-18
2026-03-24 21:45:30.800,-17.52
2026-03-24 21:45:31.440,-9.6
2026-03-24 21:45:32.080,0.96
2026-03-24 21:45:32.720,17.16
2026-03-24 21:45:33.360,20.04
2026-03-24 21:45:34.000,-17.4
2026-03-24 21:45:34.640,-16.68
2026-03-24 21:45:35.280,-7.32
2026-03-24 21:45:35.920,5.88
2026-03-24 21:45:36.560,18.48
2026-03-24 21:45:37.200,25.2
2026-03-24 21:45:37.840,-16.32
2026-03-24 21:45:38.480,-18.72
2026-03-24 21:45:39.120,-12.48
2026-03-24 21:45:39.760,2.76
2026-03-24 21:45:40.400,23.88
2026-03-24 21:45:41.040,25.56
2026-03-24 21:45:41.680,-29.52
2026-03-24 21:45:42.320,-7.68
2026-03-24 21:45:42.960,-16.44
2026-03-24 21:45:43.600,-8.52
2026-03-24 21:45:44.240,22.68
2026-03-24 21:45:44.880,24
2026-03-24 21:45:45.520,-12.48
2026-03-24 21:45:46.160,-20.76
2026-03-24 21:45:46.800,-14.16
2026-03-24 21:45:47.440,-11.64
2026-03-24 21:45:48.080,10.68
2026-03-24 21:45:48.720,14.76
2026-03-24 21:45:49.360,5.4
2026-03-24 21:45:50.000,-9.48
2026-03-24 21:45:50.640,-9.84
2026-03-24 21:45:51.280,-3.36
2026-03-24 21:45:51.920,11.16
2026-03-24 21:45:52.560,12.24
2026-03-24 21:45:53.200,-3.6
2026-03-24 21:45:53.840,-10.92
2026-03-24 21:45:54.480,-8.88
2026-03-24 21:45:55.120,6
2026-03-24 21:45:55.760,14.76
2026-03-24 21:45:56.400,15.24
2026-03-24 21:45:57.040,-11.4
2026-03-24 21:45:57.680,-14.04
2026-03-24 21:45:58.320,-10.92
2026-03-24 21:45:58.960,14.4
2026-03-24 21:45:59.600,23.52
2026-03-24 21:46:00.240,28.56
2026-03-24 21:46:00.880,-13.92
2026-03-24 21:46:01.520,-27
2026-03-24 21:46:02.160,-21.48
2026-03-24 21:46:02.800,-10.8
2026-03-24 21:46:03.440,20.88
2026-03-24 21:46:04.080,25.32
2026-03-24 21:46:04.720,23.76
2026-03-24 21:46:05.360,-30.96
2026-03-24 21:46:06.000,-23.4
2026-03-24 21:46:06.640,-9.24
2026-03-24 21:46:07.280,31.2
2026-03-24 21:46:07.920,35.52
2026-03-24 21:46:08.560,-33.96
2026-03-24 21:46:09.200,-27.96
2026-03-24 21:46:09.840,-18.24
2026-03-24 21:46:10.480,23.28
2026-03-24 21:46:11.120,32.88
2026-03-24 21:46:11.760,3.96
2026-03-24 21:46:12.400,-28.44
2026-03-24 21:46:13.040,-21.84
2026-03-24 21:46:13.680,12.36
2026-03-24 21:46:14.320,29.64
2026-03-24 21:46:14.960,24.96
2026-03-24 21:46:15.600,-33.6
2026-03-24 21:46:16.240,-16.56
2026-03-24 21:46:16.880,-2.16
2026-03-24 21:46:17.520,21.36
2026-03-24 21:46:18.160,8.64
2026-03-24 21:46:18.800,-18.72
2026-03-24 21:46:19.440,-6.96
2026-03-24 21:46:20.080,4.8
2026-03-24 21:46:20.720,25.2
2026-03-24 21:46:21.360,22.92
2026-03-24 21:46:22.000,-25.92
2026-03-24 21:46:22.640,-14.76
2026-03-24 21:46:23.280,14.16
2026-03-24 21:46:23.920,24.84
2026-03-24 21:46:24.560,29.52
2026-03-24 21:46:25.200,-37.08
2026-03-24 21:46:25.840,-28.8
2026-03-24 21:46:26.480,-9.96
2026-03-24 21:46:27.120,2.16
2026-03-24 21:46:27.760,21.6
2026-03-24 21:46:28.400,29.88
2026-03-24 21:46:29.040,18.36
2026-03-24 21:46:29.680,-28.08
2026-03-24 21:46:30.320,-21.96
2026-03-24 21:46:30.960,-9
2026-03-24 21:46:31.600,-3.96
2026-03-24 21:46:32.240,3.48
2026-03-24 21:46:32.880,12.12
2026-03-24 21:46:33.520,-9.84
2026-03-24 21:46:34.160,-5.76
2026-03-24 21:46:34.800,-3
2026-03-24 21:46:35.440,3.84
2026-03-24 21:46:36.080,7.56
2026-03-24 21:46:36.720,-1.08
2026-03-24 21:46:37.360,-3.12
2026-03-24 21:46:38.000,-2.64
2026-03-24 21:46:38.640,2.52
2026-03-24 21:46:39.280,20.76
2026-03-24 21:46:39.920,30.24
2026-03-24 21:46:40.560,15.6
2026-03-24 21:46:41.200,-29.16
2026-03-24 21:46:41.840,-20.28
2026-03-24 21:46:42.480,-7.56
2026-03-24 21:46:43.120,-0.72
2026-03-24 21:46:43.760,25.8
2026-03-24 21:46:44.400,32.28
2026-03-24 21:46:45.040,-7.44
2026-03-24 21:46:45.680,-30.84
2026-03-24 21:46:46.320,-20.16
2026-03-24 21:46:46.960,-6.84
2026-03-24 21:46:47.600,2.76
2026-03-24 21:46:48.240,24
2026-03-24 21:46:48.880,21.24
2026-03-24 21:46:49.520,-25.8
2026-03-24 21:46:50.160,-15.36
2026-03-24 21:46:50.800,-3.6
2026-03-24 21:46:51.440,21.36
2026-03-24 21:46:52.080,26.04
2026-03-24 21:46:52.720,-23.16
2026-03-24 21:46:53.360,-22.32
2026-03-24 21:46:54.000,-9.84
2026-03-24 21:46:54.640,-2.4
2026-03-24 21:46:55.280,16.68
2026-03-24 21:46:55.920,26.16
2026-03-24 21:46:56.560,-23.16
2026-03-24 21:46:57.200,-19.56
2026-03-24 21:46:57.840,-8.28
2026-03-24 21:46:58.480,-2.28
2026-03-24 21:46:59.120,17.28
2026-03-24 21:46:59.760,12.48
2026-03-24 21:47:00.400,-15.96
2026-03-24 21:47:01.040,-9
2026-03-24 21:47:01.680,2.28
2026-03-24 21:47:02.320,19.2
2026-03-24 21:47:02.960,19.2
2026-03-24 21:47:03.600,-20.88
2026-03-24 21:47:04.240,-11.04
2026-03-24 21:47:04.880,-13.56
2026-03-24 21:47:05.520,21.96
2026-03-24 21:47:06.160,32.64
2026-03-24 21:47:06.800,28.44
2026-03-24 21:47:07.440,-31.68
2026-03-24 21:47:08.080,-24.84
2026-03-24 21:47:08.720,-10.08
2026-03-24 21:47:09.360,5.88
2026-03-24 21:47:10.000,22.68
2026-03-24 21:47:10.640,21.36
2026-03-24 21:47:11.280,-24.12
2026-03-24 21:47:11.920,-15.24
2026-03-24 21:47:12.560,-6.36
2026-03-24 21:47:13.200,4.8
2026-03-24 21:47:13.840,22.32
2026-03-24 21:47:14.480,27.36
2026-03-24 21:47:15.120,-28.2
2026-03-24 21:47:15.760,-22.32
2026-03-24 21:47:16.400,-11.16
2026-03-24 21:47:17.040,9.96
2026-03-24 21:47:17.680,31.2
2026-03-24 21:47:18.320,25.92
2026-03-24 21:47:18.960,-28.8
2026-03-24 21:47:19.600,-23.28
2026-03-24 21:47:20.240,-10.8
2026-03-24 21:47:20.880,-3.36
2026-03-24 21:47:21.520,11.16
2026-03-24 21:47:22.160,13.32
2026-03-24 21:47:22.800,-13.32
2026-03-24 21:47:23.440,-10.32
2026-03-24 21:47:24.080,-2.88
2026-03-24 21:47:24.720,5.76
2026-03-24 21:47:25.360,18.6
2026-03-24 21:47:26.000,31.32
2026-03-24 21:47:26.640,-18.12
2026-03-24 21:47:27.280,-22.56
2026-03-24 21:47:27.920,-13.32
2026-03-24 21:47:28.560,-6.12
2026-03-24 21:47:29.200,9.84
2026-03-24 21:47:29.840,16.68
2026-03-24 21:47:30.480,-3
2026-03-24 21:47:31.120,-14.88
2026-03-24 21:47:31.760,-8.28
2026-03-24 21:47:32.400,-1.44
2026-03-24 21:47:33.040,13.08
2026-03-24 21:47:33.680,16.32
2026-03-24 21:47:34.320,-16.8
2026-03-24 21:47:34.960,-13.08
2026-03-24 21:47:35.600,-3.6
2026-03-24 21:47:36.240,13.2
2026-03-24 21:47:36.880,15.36
2026-03-24 21:47:37.520,-9.48
2026-03-24 21:47:38.160,-13.08
2026-03-24 21:47:38.800,-8.64
2026-03-24 21:47:39.440,17.4
2026-03-24 21:47:40.080,31.8
2026-03-24 21:47:40.720,30.36
2026-03-24 21:47:41.360,-28.32
2026-03-24 21:47:42.000,-24.12
2026-03-24 21:47:42.640,-13.56
2026-03-24 21:47:43.280,18.24
2026-03-24 21:47:43.920,31.44
2026-03-24 21:47:44.560,32.16
2026-03-24 21:47:45.200,-32.04
2026-03-24 21:47:45.840,-28.32
2026-03-24 21:47:46.480,-20.4
2026-03-24 21:47:47.120,2.04
2026-03-24 21:47:47.760,23.52
2026-03-24 21:47:48.400,25.32
2026-03-24 21:47:49.040,-25.68
2026-03-24 21:47:49.680,-19.92
2026-03-24 21:47:50.320,-12.96
2026-03-24 21:47:50.960,8.52
2026-03-24 21:47:51.600,23.16
2026-03-24 21:47:52.240,18.6
2026-03-24 21:47:52.880,-19.8
2026-03-24 21:47:53.520,-15.72
2026-03-24 21:47:54.160,-6.48
2026-03-24 21:47:54.800,16.56
2026-03-24 21:47:55.440,22.68
2026-03-24 21:47:56.080,25.44
2026-03-24 21:47:56.720,-29.16
2026-03-24 21:47:57.360,-23.04
2026-03-24 21:47:58.000,-12.12
2026-03-24 21:47:58.640,0.24
2026-03-24 21:47:59.280,17.88
2026-03-24 21:47:59.920,19.56
2026-03-24 21:48:00.560,-19.44
2026-03-24 21:48:01.200,-13.08
2026-03-24 21:48:01.840,-4.08
2026-03-24 21:48:02.480,17.64
2026-03-24 21:48:03.120,25.68
2026-03-24 21:48:03.760,-5.16
2026-03-24 21:48:04.400,-20.16
2026-03-24 21:48:05.040,-12.96
2026-03-24 21:48:05.680,3
2026-03-24 21:48:06.320,19.32
2026-03-24 21:48:06.960,16.68
2026-03-24 21:48:07.600,-19.68
2026-03-24 21:48:08.240,-12.12
2026-03-24 21:48:08.880,-6.24
2026-03-24 21:48:09.520,19.92
2026-03-24 21:48:10.160,28.44
2026-03-24 21:48:10.800,3.96
2026-03-24 21:48:11.440,-28.32
2026-03-24 21:48:12.080,-8.4
2026-03-24 21:48:12.720,-7.56
2026-03-24 21:48:13.360,29.76
2026-03-24 21:48:14.000,35.16
2026-03-24 21:48:14.640,-36.84
2026-03-24 21:48:15.280,-27.36
2026-03-24 21:48:15.920,-14.52
2026-03-24 21:48:16.560,-3.96
2026-03-24 21:48:17.200,21.48
2026-03-24 21:48:17.840,24.96
2026-03-24 21:48:18.480,-27.12
2026-03-24 21:48:19.120,-18
2026-03-24 21:48:19.760,-5.64
2026-03-24 21:48:20.400,17.16
2026-03-24 21:48:21.040,26.04
2026-03-24 21:48:21.680,-11.64
2026-03-24 21:48:22.320,-21.6
2026-03-24 21:48:22.960,-5.88
2026-03-24 21:48:23.600,-0.12
2026-03-24 21:48:24.240,-0.12
2026-03-24 21:48:24.880,-14.16
2026-03-24 21:48:25.520,4.32
2026-03-24 21:48:26.160,37.44
2026-03-24 21:48:26.800,34.68
2026-03-24 21:48:27.440,-31.8
2026-03-24 21:48:28.080,-24.72
2026-03-24 21:48:28.720,-11.4
2026-03-24 21:48:29.360,0.36
2026-03-24 21:48:30.000,26.4
2026-03-24 21:48:30.640,30.48
2026-03-24 21:48:31.280,-30.96
2026-03-24 21:48:31.920,-24.84
2026-03-24 21:48:32.560,-9.12
2026-03-24 21:48:33.200,2.88
2026-03-24 21:48:33.840,22.92
2026-03-24 21:48:34.480,33.36
2026-03-24 21:48:35.120,32.88
2026-03-24 21:48:35.760,34.92
2026-03-24 21:48:36.400,-27.36
2026-03-24 21:48:37.040,-39.36
2026-03-24 21:48:37.680,-32.16
2026-03-24 21:48:38.320,-22.68
2026-03-24 21:48:38.960,-10.08
2026-03-24 21:48:39.600,-0.96
2026-03-24 21:48:40.240,-0.6
2026-03-24 21:48:40.880,0.72
2026-03-24 21:48:41.520,7.44
2026-03-24 21:48:42.160,24.48
2026-03-24 21:48:42.800,-14.28
2026-03-24 21:48:43.440,-10.08
2026-03-24 21:48:44.080,-0.24
2026-03-24 21:48:44.720,1.2
2026-03-24 21:48:45.360,5.16
2026-03-24 21:48:46.000,18.6
2026-03-24 21:48:46.640,25.08
2026-03-24 21:48:47.280,-19.2
2026-03-24 21:48:47.920,-10.92
2026-03-24 21:48:48.560,-5.76
2026-03-24 21:48:49.200,19.2
2026-03-24 21:48:49.840,26.4
2026-03-24 21:48:50.480,26.88
2026-03-24 21:48:51.120,25.08
2026-03-24 21:48:51.760,-32.64
2026-03-24 21:48:52.400,-28.08
2026-03-24 21:48:53.040,-18.36
2026-03-24 21:48:53.680,-6.36
2026-03-24 21:48:54.320,5.28
2026-03-24 21:48:54.960,20.28
2026-03-24 21:48:55.600,26.16
2026-03-24 21:48:56.240,25.08
2026-03-24 21:48:56.880,0.72
2026-03-24 21:48:57.520,-33
2026-03-24 21:48:58.160,-25.08
2026-03-24 21:48:58.800,-11.4
2026-03-24 21:48:59.440,-3.72
2026-03-24 21:49:00.080,1.08
2026-03-24 21:49:00.720,15.6
2026-03-24 21:49:01.360,25.08
2026-03-24 21:49:02.000,22.44
2026-03-24 21:49:02.640,-37.68
2026-03-24 21:49:03.280,-23.88
2026-03-24 21:49:03.920,-5.64
2026-03-24 21:49:04.560,12.6
2026-03-24 21:49:05.200,23.28
2026-03-24 21:49:05.840,-6
2026-03-24 21:49:06.480,-18.36
2026-03-24 21:49:07.120,-9.96
2026-03-24 21:49:07.760,-2.16
2026-03-24 21:49:08.400,14.16
2026-03-24 21:49:09.040,24
2026-03-24 21:49:09.680,-0.12
2026-03-24 21:49:10.320,-20.64
2026-03-24 21:49:10.960,-10.08
2026-03-24 21:49:11.600,-0.72
2026-03-24 21:49:12.240,7.32
2026-03-24 21:49:12.880,4.08
2026-03-24 21:49:13.520,-6
2026-03-24 21:49:14.160,-2.88
2026-03-24 21:49:14.800,3.24
2026-03-24 21:49:15.440,14.88
2026-03-24 21:49:16.080,7.2
2026-03-24 21:49:16.720,-12.24
2026-03-24 21:49:17.360,-5.4
2026-03-24 21:49:18.000,-0.36
2026-03-24 21:49:18.640,15.24
2026-03-24 21:49:19.280,21.96
2026-03-24 21:49:19.920,22.8
2026-03-24 21:49:20.560,13.32
2026-03-24 21:49:21.200,-30.6
2026-03-24 21:49:21.840,-24.72
2026-03-24 21:49:22.480,-11.16
2026-03-24 21:49:23.120,-3.24
2026-03-24 21:49:23.760,19.68
2026-03-24 21:49:24.400,27.96
2026-03-24 21:49:25.040,15
2026-03-24 21:49:25.680,-27
2026-03-24 21:49:26.320,-20.88
2026-03-24 21:49:26.960,-8.16
2026-03-24 21:49:27.600,16.2
2026-03-24 21:49:28.240,24.84
2026-03-24 21:49:28.880,28.68
2026-03-24 21:49:29.520,-30.12
2026-03-24 21:49:30.160,-22.92
2026-03-24 21:49:30.800,-9.6
2026-03-24 21:49:31.440,22.32
2026-03-24 21:49:32.080,24.12
2026-03-24 21:49:32.720,-15.48
2026-03-24 21:49:33.360,-24.84
2026-03-24 21:49:34.000,-14.16
2026-03-24 21:49:34.640,10.56
2026-03-24 21:49:35.280,21.12
2026-03-24 21:49:35.920,8.4
2026-03-24 21:49:36.560,-16.32
2026-03-24 21:49:37.200,-13.68
2026-03-24 21:49:37.840,-5.16
2026-03-24 21:49:38.480,17.04
2026-03-24 21:49:39.120,23.76
2026-03-24 21:49:39.760,-16.2
2026-03-24 21:49:40.400,-18
2026-03-24 21:49:41.040,-12.72
2026-03-24 21:49:41.680,-3.84
2026-03-24 21:49:42.320,19.08
2026-03-24 21:49:42.960,25.68
2026-03-24 21:49:43.600,6
2026-03-24 21:49:44.240,-21.12
2026-03-24 21:49:44.880,-13.68
2026-03-24 21:49:45.520,-8.04
2026-03-24 21:49:46.160,12
2026-03-24 21:49:46.800,20.04
2026-03-24 21:49:47.440,20.88
2026-03-24 21:49:48.080,-21.12
2026-03-24 21:49:48.720,-16.08
2026-03-24 21:49:49.360,-9
2026-03-24 21:49:50.000,13.08
2026-03-24 21:49:50.640,24.24
2026-03-24 21:49:51.280,24.12
2026-03-24 21:49:51.920,-21.48
2026-03-24 21:49:52.560,-19.8
2026-03-24 21:49:53.200,-10.44
2026-03-24 21:49:53.840,5.04
2026-03-24 21:49:54.480,17.88
2026-03-24 21:49:55.120,18.36
2026-03-24 21:49:55.760,-14.4
2026-03-24 21:49:56.400,-14.04
2026-03-24 21:49:57.040,-7.44
2026-03-24 21:49:57.680,11.64
2026-03-24 21:49:58.320,22.2
2026-03-24 21:49:58.960,11.28
2026-03-24 21:49:59.600,-19.08
2026-03-24 21:50:00.240,-13.68
2026-03-24 21:50:00.880,-6.36
2026-03-24 21:50:01.520,16.08
2026-03-24 21:50:02.160,21.48
2026-03-24 21:50:02.800,-12.84
2026-03-24 21:50:03.440,-21.12
2026-03-24 21:50:04.080,-13.56
2026-03-24 21:50:04.720,1.68
2026-03-24 21:50:05.360,36.48
2026-03-24 21:50:06.000,21.84
2026-03-24 21:50:06.640,-32.76
2026-03-24 21:50:07.280,-18
2026-03-24 21:50:07.920,-6.6
2026-03-24 21:50:08.560,22.32
2026-03-24 21:50:09.200,29.52
2026-03-24 21:50:09.840,21.72
2026-03-24 21:50:10.480,-35.16
2026-03-24 21:50:11.120,-27.6
2026-03-24 21:50:11.760,-11.52
2026-03-24 21:50:12.400,-3
2026-03-24 21:50:13.040,18
2026-03-24 21:50:13.680,20.88
2026-03-24 21:50:14.320,-25.08
2026-03-24 21:50:14.960,-18.36
2026-03-24 21:50:15.600,-7.2
2026-03-24 21:50:16.240,0
2026-03-24 21:50:16.880,14.16
2026-03-24 21:50:17.520,4.56
2026-03-24 21:50:18.160,-10.56
2026-03-24 21:50:18.800,-7.2
2026-03-24 21:50:19.440,-0.48
2026-03-24 21:50:20.080,6.48
2026-03-24 21:50:20.720,17.28
2026-03-24 21:50:21.360,24.6
2026-03-24 21:50:22.000,-24.48
2026-03-24 21:50:22.640,-13.56
2026-03-24 21:50:23.280,-3.96
2026-03-24 21:50:23.920,20.64
2026-03-24 21:50:24.560,30.24
2026-03-24 21:50:25.200,-5.28
2026-03-24 21:50:25.840,-26.64
2026-03-24 21:50:26.480,-15.36
2026-03-24 21:50:27.120,-4.44
2026-03-24 21:50:27.760,16.56
2026-03-24 21:50:28.400,22.44
2026-03-24 21:50:29.040,14.52
2026-03-24 21:50:29.680,-23.88
2026-03-24 21:50:30.320,-13.8
2026-03-24 21:50:30.960,-4.92
2026-03-24 21:50:31.600,10.32
2026-03-24 21:50:32.240,20.28
2026-03-24 21:50:32.880,23.76
2026-03-24 21:50:33.520,-25.08
2026-03-24 21:50:34.160,-0.24
2026-03-24 21:50:34.800,-0.24
2026-03-24 21:50:35.440,-0.48
2026-03-24 21:50:36.080,-8.28
2026-03-24 21:50:36.720,-11.64
2026-03-24 21:50:37.360,13.44
2026-03-24 21:50:38.000,33
2026-03-24 21:50:38.640,17.76
2026-03-24 21:50:39.280,-29.76
2026-03-24 21:50:39.920,-18
2026-03-24 21:50:40.560,-3.84
2026-03-24 21:50:41.200,19.08
2026-03-24 21:50:41.840,27.24
2026-03-24 21:50:42.480,31.32
2026-03-24 21:50:43.120,-30.84
2026-03-24 21:50:43.760,-25.8
2026-03-24 21:50:44.400,-11.28
2026-03-24 21:50:45.040,0.72
2026-03-24 21:50:45.680,24.36
2026-03-24 21:50:46.320,29.76
2026-03-24 21:50:46.960,-33.96
2026-03-24 21:50:47.600,-24.72
2026-03-24 21:50:48.240,-12.36
2026-03-24 21:50:48.880,-3.48
2026-03-24 21:50:49.520,18.12
2026-03-24 21:50:50.160,25.2
2026-03-24 21:50:50.800,-21.96
2026-03-24 21:50:51.440,-17.28
2026-03-24 21:50:52.080,-8.76
2026-03-24 21:50:52.720,-2.16
2026-03-24 21:50:53.360,14.16
2026-03-24 21:50:54.000,15.96
2026-03-24 21:50:54.640,-15.84
2026-03-24 21:50:55.280,-8.76
2026-03-24 21:50:55.920,-3.6
2026-03-24 21:50:56.560,8.88
2026-03-24 21:50:57.200,14.64
2026-03-24 21:50:57.840,-10.08
2026-03-24 21:50:58.480,-9
2026-03-24 21:50:59.120,-5.64
2026-03-24 21:50:59.760,5.76
2026-03-24 21:51:00.400,19.08
2026-03-24 21:51:01.040,24.48
2026-03-24 21:51:01.680,-21.96
2026-03-24 21:51:02.320,-16.08
2026-03-24 21:51:02.960,-7.2
2026-03-24 21:51:03.600,3.12
2026-03-24 21:51:04.240,29.52
2026-03-24 21:51:04.880,27.96
2026-03-24 21:51:05.520,-28.2
2026-03-24 21:51:06.160,-19.08
2026-03-24 21:51:06.800,-7.92
2026-03-24 21:51:07.440,14.52
2026-03-24 21:51:08.080,20.64
2026-03-24 21:51:08.720,-6.84
2026-03-24 21:51:09.360,-16.08
2026-03-24 21:51:10.000,-11.52
2026-03-24 21:51:10.640,-0.84
2026-03-24 21:51:11.280,16.68
2026-03-24 21:51:11.920,17.28
2026-03-24 21:51:12.560,-17.52
2026-03-24 21:51:13.200,-12.24
2026-03-24 21:51:13.840,-6.36
2026-03-24 21:51:14.480,15.96
2026-03-24 21:51:15.120,19.8
2026-03-24 21:51:15.760,0.12
2026-03-24 21:51:16.400,-18
2026-03-24 21:51:17.040,-11.64
2026-03-24 21:51:17.680,6.24
2026-03-24 21:51:18.320,27.84
2026-03-24 21:51:18.960,30.12
2026-03-24 21:51:19.600,-28.44
2026-03-24 21:51:20.240,-25.44
2026-03-24 21:51:20.880,-15.6
2026-03-24 21:51:21.520,3.48
2026-03-24 21:51:22.160,28.08
2026-03-24 21:51:22.800,31.92
2026-03-24 21:51:23.440,-6.36
2026-03-24 21:51:24.080,-30.84
2026-03-24 21:51:24.720,-21.72
2026-03-24 21:51:25.360,-8.52
2026-03-24 21:51:26.000,17.52
2026-03-24 21:51:26.640,27.6
2026-03-24 21:51:27.280,24.48
2026-03-24 21:51:27.920,-27.84
2026-03-24 21:51:28.560,-20.16
2026-03-24 21:51:29.200,-10.56
2026-03-24 21:51:29.840,14.76
2026-03-24 21:51:30.480,22.44
2026-03-24 21:51:31.120,7.32
2026-03-24 21:51:31.760,-22.8
2026-03-24 21:51:32.400,-12.12
2026-03-24 21:51:33.040,-4.44
2026-03-24 21:51:33.680,8.52
2026-03-24 21:51:34.320,21.6
2026-03-24 21:51:34.960,9.6
2026-03-24 21:51:35.600,-20.04
2026-03-24 21:51:36.240,-10.92
2026-03-24 21:51:36.880,0.84
2026-03-24 21:51:37.520,25.44
2026-03-24 21:51:38.160,28.8
2026-03-24 21:51:38.800,1.08
2026-03-24 21:51:39.440,-26.16
2026-03-24 21:51:40.080,-18.36
2026-03-24 21:51:40.720,-8.76
2026-03-24 21:51:41.360,9
2026-03-24 21:51:42.000,19.92
2026-03-24 21:51:42.640,-2.88
2026-03-24 21:51:43.280,-15.6
2026-03-24 21:51:43.920,-11.28
2026-03-24 21:51:44.560,5.28
2026-03-24 21:51:45.200,12.96
2026-03-24 21:51:45.840,3
2026-03-24 21:51:46.480,-12.36
2026-03-24 21:51:47.120,-7.08
2026-03-24 21:51:47.760,6.24
2026-03-24 21:51:48.400,17.28
2026-03-24 21:51:49.040,23.28
2026-03-24 21:51:49.680,-17.52
2026-03-24 21:51:50.320,-12.84
2026-03-24 21:51:50.960,-8.04
2026-03-24 21:51:51.600,8.64
2026-03-24 21:51:52.240,16.08
2026-03-24 21:51:52.880,26.16
2026-03-24 21:51:53.520,-21.96
2026-03-24 21:51:54.160,-15.72
2026-03-24 21:51:54.800,-9.6
2026-03-24 21:51:55.440,6.84
2026-03-24 21:51:56.080,21.48
2026-03-24 21:51:56.720,31.8
2026-03-24 21:51:57.360,-35.64
2026-03-24 21:51:58.000,-23.76
2026-03-24 21:51:58.640,-18.84
2026-03-24 21:51:59.280,-4.44
2026-03-24 21:51:59.920,30.84
2026-03-24 21:52:00.560,39.72
2026-03-24 21:52:01.200,14.52
2026-03-24 21:52:01.840,-39.6
2026-03-24 21:52:02.480,-26.88
2026-03-24 21:52:03.120,-6.48
2026-03-24 21:52:03.760,28.44
2026-03-24 21:52:04.400,25.68
2026-03-24 21:52:05.040,-29.4
2026-03-24 21:52:05.680,-19.08
2026-03-24 21:52:06.320,-2.52
2026-03-24 21:52:06.960,23.52
2026-03-24 21:52:07.600,26.04
2026-03-24 21:52:08.240,-23.52
2026-03-24 21:52:08.880,-12.36
2026-03-24 21:52:09.520,-6.24
2026-03-24 21:52:10.160,17.64
2026-03-24 21:52:10.800,21.6
2026-03-24 21:52:11.440,-12.96
2026-03-24 21:52:12.080,-17.4
2026-03-24 21:52:12.720,-11.88
2026-03-24 21:52:13.360,20.88
2026-03-24 21:52:14.000,22.2
2026-03-24 21:52:14.640,-27.6
2026-03-24 21:52:15.280,-18.36
2026-03-24 21:52:15.920,-10.08
2026-03-24 21:52:16.560,-1.8
2026-03-24 21:52:17.200,18.84
2026-03-24 21:52:17.840,10.32
2026-03-24 21:52:18.480,-15.72
2026-03-24 21:52:19.120,-8.52
2026-03-24 21:52:19.760,-3
2026-03-24 21:52:20.400,18
2026-03-24 21:52:21.040,24.72
2026-03-24 21:52:21.680,9.24
2026-03-24 21:52:22.320,-24
2026-03-24 21:52:22.960,-15.6
2026-03-24 21:52:23.600,-4.68
2026-03-24 21:52:24.240,18.84
2026-03-24 21:52:24.880,25.8
2026-03-24 21:52:25.520,25.08
2026-03-24 21:52:26.160,-29.64
2026-03-24 21:52:26.800,-20.88
2026-03-24 21:52:27.440,-9.12
2026-03-24 21:52:28.080,5.88
2026-03-24 21:52:28.720,19.68
2026-03-24 21:52:29.360,17.88
2026-03-24 21:52:30.000,-18.84
2026-03-24 21:52:30.640,-13.08
2026-03-24 21:52:31.280,-5.76
2026-03-24 21:52:31.920,16.8
2026-03-24 21:52:32.560,17.64
2026-03-24 21:52:33.200,-10.2
2026-03-24 21:52:33.840,-15.72
2026-03-24 21:52:34.480,-10.32
2026-03-24 21:52:35.120,8.28
2026-03-24 21:52:35.760,24.12
2026-03-24 21:52:36.400,27.12
2026-03-24 21:52:37.040,-8.88
2026-03-24 21:52:37.680,-28.8
2026-03-24 21:52:38.320,-19.32
2026-03-24 21:52:38.960,-5.04
2026-03-24 21:52:39.600,13.08
2026-03-24 21:52:40.240,21.36
2026-03-24 21:52:40.880,14.16
2026-03-24 21:52:41.520,-22.44
2026-03-24 21:52:42.160,-13.8
2026-03-24 21:52:42.800,-4.56
2026-03-24 21:52:43.440,21
2026-03-24 21:52:44.080,27.48
2026-03-24 21:52:44.720,30.36
2026-03-24 21:52:45.360,-15.48
2026-03-24 21:52:46.000,-39.12
2026-03-24 21:52:46.640,-25.32
2026-03-24 21:52:47.280,3.96
2026-03-24 21:52:47.920,24.48
2026-03-24 21:52:48.560,29.4
2026-03-24 21:52:49.200,11.04
2026-03-24 21:52:49.840,-37.32
2026-03-24 21:52:50.480,-16.92
2026-03-24 21:52:51.120,-4.08
2026-03-24 21:52:51.760,0.96
2026-03-24 21:52:52.400,20.88
2026-03-24 21:52:53.040,20.4
2026-03-24 21:52:53.680,-18.72
2026-03-24 21:52:54.320,-10.2
2026-03-24 21:52:54.960,-1.56
2026-03-24 21:52:55.600,5.76
2026-03-24 21:52:56.240,22.32
2026-03-24 21:52:56.880,10.8
2026-03-24 21:52:57.520,-17.52
2026-03-24 21:52:58.160,-7.92
2026-03-24 21:52:58.800,-3.12
2026-03-24 21:52:59.440,5.52
2026-03-24 21:53:00.080,19.8
2026-03-24 21:53:00.720,15.36
2026-03-24 21:53:01.360,-13.92
2026-03-24 21:53:02.000,-9.96
2026-03-24 21:53:02.640,-3
2026-03-24 21:53:03.280,4.68
2026-03-24 21:53:03.920,16.92
2026-03-24 21:53:04.560,-9.36
2026-03-24 21:53:05.200,-10.44
2026-03-24 21:53:05.840,-3.84
2026-03-24 21:53:06.480,-1.08
2026-03-24 21:53:07.120,12.12
2026-03-24 21:53:07.760,25.44
2026-03-24 21:53:08.400,2.4
2026-03-24 21:53:09.040,-19.8
2026-03-24 21:53:09.680,-10.8
2026-03-24 21:53:10.320,-4.32
2026-03-24 21:53:10.960,8.88
2026-03-24 21:53:11.600,34.2
2026-03-24 21:53:12.240,35.04
2026-03-24 21:53:12.880,-32.64
2026-03-24 21:53:13.520,-28.56
2026-03-24 21:53:14.160,-15.48
2026-03-24 21:53:14.800,-4.56
2026-03-24 21:53:15.440,21.6
2026-03-24 21:53:16.080,25.56
2026-03-24 21:53:16.720,-21.72
2026-03-24 21:53:17.360,-22.08
2026-03-24 21:53:18.000,-14.04
2026-03-24 21:53:18.640,-3.96
2026-03-24 21:53:19.280,13.68
2026-03-24 21:53:19.920,18.84
2026-03-24 21:53:20.560,2.28
2026-03-24 21:53:21.200,-18.48
2026-03-24 21:53:21.840,-9.72
2026-03-24 21:53:22.480,-3
2026-03-24 21:53:23.120,25.08
2026-03-24 21:53:23.760,25.32
2026-03-24 21:53:24.400,-23.64
2026-03-24 21:53:25.040,-19.44
2026-03-24 21:53:25.680,-10.68
2026-03-24 21:53:26.320,-4.2
2026-03-24 21:53:26.960,18.36
2026-03-24 21:53:27.600,20.04
2026-03-24 21:53:28.240,3.36
2026-03-24 21:53:28.880,-21.24
2026-03-24 21:53:29.520,-14.04
2026-03-24 21:53:30.160,-4.8
2026-03-24 21:53:30.800,18.48
2026-03-24 21:53:31.440,21.12
2026-03-24 21:53:32.080,-15.12
2026-03-24 21:53:32.720,-18.48
2026-03-24 21:53:33.360,-12.24
2026-03-24 21:53:34.000,12.84
2026-03-24 21:53:34.640,26.16
2026-03-24 21:53:35.280,25.2
2026-03-24 21:53:35.920,-27.48
2026-03-24 21:53:36.560,-21
2026-03-24 21:53:37.200,-8.76
2026-03-24 21:53:37.840,12.84
2026-03-24 21:53:38.480,18.72
2026-03-24 21:53:39.120,-3.6
2026-03-24 21:53:39.760,-17.28
2026-03-24 21:53:40.400,-9.84
2026-03-24 21:53:41.040,1.68
2026-03-24 21:53:41.680,24.6
2026-03-24 21:53:42.320,26.28
2026-03-24 21:53:42.960,-23.88
2026-03-24 21:53:43.600,-20.16
2026-03-24 21:53:44.240,-12.36
2026-03-24 21:53:44.880,9.12
2026-03-24 21:53:45.520,18
2026-03-24 21:53:46.160,6.48
2026-03-24 21:53:46.800,-20.64
2026-03-24 21:53:47.440,-5.16
2026-03-24 21:53:48.080,15.24
2026-03-24 21:53:48.720,19.68
2026-03-24 21:53:49.360,4.08
2026-03-24 21:53:50.000,-18.6
2026-03-24 21:53:50.640,-16.08
2026-03-24 21:53:51.280,-1.68
2026-03-24 21:53:51.920,28.08
2026-03-24 21:53:52.560,32.88
2026-03-24 21:53:53.200,-35.76
2026-03-24 21:53:53.840,-27.12
2026-03-24 21:53:54.480,-16.56
2026-03-24 21:53:55.120,-6.6
2026-03-24 21:53:55.760,17.4
2026-03-24 21:53:56.400,19.68
2026-03-24 21:53:57.040,-23.64
2026-03-24 21:53:57.680,-16.2
2026-03-24 21:53:58.320,-4.92
2026-03-24 21:53:58.960,15.84
2026-03-24 21:53:59.600,23.28
2026-03-24 21:54:00.240,-10.44
2026-03-24 21:54:00.880,-25.44
2026-03-24 21:54:01.520,-4.2
2026-03-24 21:54:02.160,35.28
2026-03-24 21:54:02.800,33.72
2026-03-24 21:54:03.440,-1.8
2026-03-24 21:54:04.080,-31.56
2026-03-24 21:54:04.720,-22.68
2026-03-24 21:54:05.360,-10.2
2026-03-24 21:54:06.000,19.92
2026-03-24 21:54:06.640,24.84
2026-03-24 21:54:07.280,-25.32
2026-03-24 21:54:07.920,-19.2
2026-03-24 21:54:08.560,-8.16
2026-03-24 21:54:09.200,17.04
2026-03-24 21:54:09.840,19.2
2026-03-24 21:54:10.480,-14.76
2026-03-24 21:54:11.120,-18.24
2026-03-24 21:54:11.760,-6
2026-03-24 21:54:12.400,22.92
2026-03-24 21:54:13.040,28.08
2026-03-24 21:54:13.680,26.28
2026-03-24 21:54:14.320,-30.12
2026-03-24 21:54:14.960,-25.08
2026-03-24 21:54:15.600,-13.68
2026-03-24 21:54:16.240,14.76
2026-03-24 21:54:16.880,25.44
2026-03-24 21:54:17.520,25.92
2026-03-24 21:54:18.160,-28.08
2026-03-24 21:54:18.800,-22.56
2026-03-24 21:54:19.440,-8.76
2026-03-24 21:54:20.080,18.12
2026-03-24 21:54:20.720,22.08
2026-03-24 21:54:21.360,-14.88
2026-03-24 21:54:22.000,-13.92
2026-03-24 21:54:22.640,-11.52
2026-03-24 21:54:23.280,-1.44
2026-03-24 21:54:23.920,19.08
2026-03-24 21:54:24.560,24.12
2026-03-24 21:54:25.200,-5.64
2026-03-24 21:54:25.840,-20.76
2026-03-24 21:54:26.480,-13.8
2026-03-24 21:54:27.120,-6.24
2026-03-24 21:54:27.760,18.48
2026-03-24 21:54:28.400,30.48
2026-03-24 21:54:29.040,0
2026-03-24 21:54:29.680,0
2026-03-24 21:54:30.320,0
2026-03-24 21:54:30.960,-27.96
2026-03-24 21:54:31.600,-18.12
2026-03-24 21:54:32.240,-6.12
2026-03-24 21:54:32.880,22.68
2026-03-24 21:54:33.520,29.04
2026-03-24 21:54:34.160,-20.04
2026-03-24 21:54:34.800,-20.16
2026-03-24 21:54:35.440,-12.72
2026-03-24 21:54:36.080,20.28
2026-03-24 21:54:36.720,36.24
2026-03-24 21:54:37.360,14.04
2026-03-24 21:54:38.000,-32.52
2026-03-24 21:54:38.640,-22.08
2026-03-24 21:54:39.280,-11.88
2026-03-24 21:54:39.920,25.68
2026-03-24 21:54:40.560,28.8
2026-03-24 21:54:41.200,13.32
2026-03-24 21:54:41.840,-20.64
2026-03-24 21:54:42.480,-19.56
2026-03-24 21:54:43.120,-14.64
2026-03-24 21:54:43.760,5.28
2026-03-24 21:54:44.400,22.2
2026-03-24 21:54:45.040,21
2026-03-24 21:54:45.680,-16.44
2026-03-24 21:54:46.320,-18.48
2026-03-24 21:54:46.960,-11.4
2026-03-24 21:54:47.600,4.68
2026-03-24 21:54:48.240,17.16
2026-03-24 21:54:48.880,14.88
2026-03-24 21:54:49.520,-17.88
2026-03-24 21:54:50.160,-9.72
2026-03-24 21:54:50.800,-13.44
2026-03-24 21:54:51.440,23.52
2026-03-24 21:54:52.080,22.8
2026-03-24 21:54:52.720,-9.48
2026-03-24 21:54:53.360,-12.72
2026-03-24 21:54:54.000,-11.16
2026-03-24 21:54:54.640,-12.12
2026-03-24 21:54:55.280,17.4
2026-03-24 21:54:55.920,12.72
2026-03-24 21:54:56.560,-12.48
2026-03-24 21:54:57.200,-13.8
2026-03-24 21:54:57.840,-11.88
2026-03-24 21:54:58.480,22.2
2026-03-24 21:54:59.120,20.52
2026-03-24 21:54:59.760,5.76
2026-03-24 21:55:00.400,-16.92
2026-03-24 21:55:01.040,-18.24
2026-03-24 21:55:01.680,4.32
2026-03-24 21:55:02.320,36.36
2026-03-24 21:55:02.960,33.84
2026-03-24 21:55:03.600,15.48
2026-03-24 21:55:04.240,-32.04
2026-03-24 21:55:04.880,-33
2026-03-24 21:55:05.520,-17.64
2026-03-24 21:55:06.160,31.08
2026-03-24 21:55:06.800,31.92
2026-03-24 21:55:07.440,-1.92
2026-03-24 21:55:08.080,-31.2
2026-03-24 21:55:08.720,-20.52
2026-03-24 21:55:09.360,-9.72
2026-03-24 21:55:10.000,16.2
2026-03-24 21:55:10.640,23.52
2026-03-24 21:55:11.280,17.76
2026-03-24 21:55:11.920,-20.64
2026-03-24 21:55:12.560,-19.8
2026-03-24 21:55:13.200,-10.44
2026-03-24 21:55:13.840,20.64
2026-03-24 21:55:14.480,23.4
2026-03-24 21:55:15.120,-19.44
2026-03-24 21:55:15.760,-19.92
2026-03-24 21:55:16.400,-12.6
2026-03-24 21:55:17.040,-8.4
2026-03-24 21:55:17.680,20.52
2026-03-24 21:55:18.320,17.28
2026-03-24 21:55:18.960,-16.8
2026-03-24 21:55:19.600,-13.56
2026-03-24 21:55:20.240,-6.6
2026-03-24 21:55:20.880,10.08
2026-03-24 21:55:21.520,18.6
2026-03-24 21:55:22.160,5.64
2026-03-24 21:55:22.800,-16.32
2026-03-24 21:55:23.440,-8.88
2026-03-24 21:55:24.080,2.16
2026-03-24 21:55:24.720,17.52
2026-03-24 21:55:25.360,16.8
2026-03-24 21:55:26.000,-16.44
2026-03-24 21:55:26.640,-15.24
2026-03-24 21:55:27.280,-9.12
2026-03-24 21:55:27.920,12.96
2026-03-24 21:55:28.560,21.84
2026-03-24 21:55:29.200,19.08
2026-03-24 21:55:29.840,-27
2026-03-24 21:55:30.480,-24.84
2026-03-24 21:55:31.120,-9.48
2026-03-24 21:55:31.760,9.96
2026-03-24 21:55:32.400,21.12
2026-03-24 21:55:33.040,25.44
2026-03-24 21:55:33.680,-32.04
2026-03-24 21:55:34.320,-24.72
2026-03-24 21:55:34.960,-13.2
2026-03-24 21:55:35.600,26.28
2026-03-24 21:55:36.240,31.8
2026-03-24 21:55:36.880,1.92
2026-03-24 21:55:37.520,-29.76
2026-03-24 21:55:38.160,-13.2
2026-03-24 21:55:38.800,-3.72
2026-03-24 21:55:39.440,25.08
2026-03-24 21:55:40.080,31.68
2026-03-24 21:55:40.720,5.4
2026-03-24 21:55:41.360,-29.52
2026-03-24 21:55:42.000,-17.88
2026-03-24 21:55:42.640,-6.84
2026-03-24 21:55:43.280,-0.36
2026-03-24 21:55:43.920,22.44
2026-03-24 21:55:44.560,27.12
2026-03-24 21:55:45.200,-13.68
2026-03-24 21:55:45.840,-27.48
2026-03-24 21:55:46.480,-11.64
2026-03-24 21:55:47.120,-3
2026-03-24 21:55:47.760,1.32
2026-03-24 21:55:48.400,21.48
2026-03-24 21:55:49.040,27.48
2026-03-24 21:55:49.680,-26.4
2026-03-24 21:55:50.320,-19.8
2026-03-24 21:55:50.960,-8.88
2026-03-24 21:55:51.600,-0.48
2026-03-24 21:55:52.240,14.04
2026-03-24 21:55:52.880,14.4
2026-03-24 21:55:53.520,-15.36
2026-03-24 21:55:54.160,-10.32
2026-03-24 21:55:54.800,-6.72
2026-03-24 21:55:55.440,14.64
2026-03-24 21:55:56.080,20.64
2026-03-24 21:55:56.720,-5.88
2026-03-24 21:55:57.360,-21.48
2026-03-24 21:55:58.000,-10.68
2026-03-24 21:55:58.640,3.48
2026-03-24 21:55:59.280,20.76
2026-03-24 21:55:59.920,26.64
2026-03-24 21:56:00.560,-26.16
2026-03-24 21:56:01.200,-20.64
2026-03-24 21:56:01.840,-9.24
2026-03-24 21:56:02.480,-1.32
2026-03-24 21:56:03.120,9.6
2026-03-24 21:56:03.760,21.84
2026-03-24 21:56:04.400,26.4
2026-03-24 21:56:05.040,-26.4
2026-03-24 21:56:05.680,-21.96
2026-03-24 21:56:06.320,-10.08
2026-03-24 21:56:06.960,15
2026-03-24 21:56:07.600,30.12
2026-03-24 21:56:08.240,33.6
2026-03-24 21:56:08.880,30.72
2026-03-24 21:56:09.520,28.8
2026-03-24 21:56:10.160,-42.6
2026-03-24 21:56:10.800,-34.68
2026-03-24 21:56:11.440,-22.2
2026-03-24 21:56:12.080,-6.72
2026-03-24 21:56:12.720,5.16
2026-03-24 21:56:13.360,22.08
2026-03-24 21:56:14.000,5.88
2026-03-24 21:56:14.640,-2.28
2026-03-24 21:56:15.280,0.48
2026-03-24 21:56:15.920,1.2
2026-03-24 21:56:16.560,0.84
2026-03-24 21:56:17.200,0.96
2026-03-24 21:56:17.840,-22.08
2026-03-24 21:56:18.480,-7.08
2026-03-24 21:56:19.120,21.36
2026-03-24 21:56:19.760,29.04
2026-03-24 21:56:20.400,22.2
2026-03-24 21:56:21.040,-25.08
2026-03-24 21:56:21.680,-20.16
2026-03-24 21:56:22.320,-8.28
2026-03-24 21:56:22.960,0
2026-03-24 21:56:23.600,13.08
2026-03-24 21:56:24.240,24.84
2026-03-24 21:56:24.880,-16.68
2026-03-24 21:56:25.520,-14.16
2026-03-24 21:56:26.160,-4.68
2026-03-24 21:56:26.800,6.84
2026-03-24 21:56:27.440,21.36
2026-03-24 21:56:28.080,13.56
2026-03-24 21:56:28.720,-17.52
2026-03-24 21:56:29.360,-11.52
2026-03-24 21:56:30.000,-2.76
2026-03-24 21:56:30.640,15.96
2026-03-24 21:56:31.280,23.88
2026-03-24 21:56:31.920,-8.04
2026-03-24 21:56:32.560,-19.44
2026-03-24 21:56:33.200,-11.52
2026-03-24 21:56:33.840,0.96
2026-03-24 21:56:34.480,19.92
2026-03-24 21:56:35.120,23.4
2026-03-24 21:56:35.760,-18.12
2026-03-24 21:56:36.400,-21.12
2026-03-24 21:56:37.040,-2.76
2026-03-24 21:56:37.680,26.76
2026-03-24 21:56:38.320,30.72
2026-03-24 21:56:38.960,-24.24
2026-03-24 21:56:39.600,-24.6
2026-03-24 21:56:40.240,-18.12
2026-03-24 21:56:40.880,-9.12
2026-03-24 21:56:41.520,18.84
2026-03-24 21:56:42.160,18.96
2026-03-24 21:56:42.800,-21.48
2026-03-24 21:56:43.440,-17.64
2026-03-24 21:56:44.080,-8.16
2026-03-24 21:56:44.720,21.36
2026-03-24 21:56:45.360,25.68
2026-03-24 21:56:46.000,-3
2026-03-24 21:56:46.640,-21.48
2026-03-24 21:56:47.280,-13.92
2026-03-24 21:56:47.920,-6
2026-03-24 21:56:48.560,22.68
2026-03-24 21:56:49.200,27
2026-03-24 21:56:49.840,-4.8
2026-03-24 21:56:50.480,-23.28
2026-03-24 21:56:51.120,-15.24
2026-03-24 21:56:51.760,-0.72
2026-03-24 21:56:52.400,30.48
2026-03-24 21:56:53.040,34.08
2026-03-24 21:56:53.680,-13.92
2026-03-24 21:56:54.320,-17.28
2026-03-24 21:56:54.960,-16.68
2026-03-24 21:56:55.600,-16.08
2026-03-24 21:56:56.240,6.6
2026-03-24 21:56:56.880,19.44
2026-03-24 21:56:57.520,12.48
2026-03-24 21:56:58.160,-16.56
2026-03-24 21:56:58.800,-15.12
2026-03-24 21:56:59.440,-10.44
2026-03-24 21:57:00.080,13.92
2026-03-24 21:57:00.720,18.72
2026-03-24 21:57:01.360,7.32
2026-03-24 21:57:02.000,-11.28
2026-03-24 21:57:02.640,-10.8
2026-03-24 21:57:03.280,-7.56
2026-03-24 21:57:03.920,-13.32
2026-03-24 21:57:04.560,15
2026-03-24 21:57:05.200,22.32
2026-03-24 21:57:05.840,21.96
2026-03-24 21:57:06.480,-23.64
2026-03-24 21:57:07.120,-24.12
2026-03-24 21:57:07.760,-14.4
2026-03-24 21:57:08.400,4.56
2026-03-24 21:57:09.040,21.6
2026-03-24 21:57:09.680,22.2
2026-03-24 21:57:10.320,-13.56
2026-03-24 21:57:10.960,-15.72
2026-03-24 21:57:11.600,-23.4
2026-03-24 21:57:12.240,-8.88
2026-03-24 21:57:12.880,16.2
2026-03-24 21:57:13.520,19.68
2026-03-24 21:57:14.160,20.4
2026-03-24 21:57:14.800,-19.68
2026-03-24 21:57:15.440,-19.2
2026-03-24 21:57:16.080,-15.24
2026-03-24 21:57:16.720,-6.36
2026-03-24 21:57:17.360,11.4
2026-03-24 21:57:18.000,20.64
2026-03-24 21:57:18.640,18.6
2026-03-24 21:57:19.280,-8.52
2026-03-24 21:57:19.920,-5.64
2026-03-24 21:57:20.560,0
2026-03-24 21:57:21.200,4.56
2026-03-24 21:57:21.840,-19.08
2026-03-24 21:57:22.480,-8.28
2026-03-24 21:57:23.120,24.96
2026-03-24 21:57:23.760,26.88
2026-03-24 21:57:24.400,3.72
2026-03-24 21:57:25.040,-25.56
2026-03-24 21:57:25.680,-21.12
2026-03-24 21:57:26.320,-8.16
2026-03-24 21:57:26.960,19.08
2026-03-24 21:57:27.600,27.6
2026-03-24 21:57:28.240,32.4
2026-03-24 21:57:28.880,18.84
2026-03-24 21:57:29.520,-33.36
2026-03-24 21:57:30.160,-28.08
2026-03-24 21:57:30.800,-16.2
2026-03-24 21:57:31.440,-6.72
2026-03-24 21:57:32.080,32.16
2026-03-24 21:57:32.720,27.84
2026-03-24 21:57:33.360,-34.08
2026-03-24 21:57:34.000,-25.44
2026-03-24 21:57:34.640,-14.76
2026-03-24 21:57:35.280,-0.36
2026-03-24 21:57:35.920,22.44
2026-03-24 21:57:36.560,25.32
2026-03-24 21:57:37.200,-26.76
2026-03-24 21:57:37.840,-21.12
2026-03-24 21:57:38.480,-9.72
2026-03-24 21:57:39.120,-0.6
2026-03-24 21:57:39.760,10.92
2026-03-24 21:57:40.400,8.04
2026-03-24 21:57:41.040,-9.84
2026-03-24 21:57:41.680,-5.88
2026-03-24 21:57:42.320,0.48
2026-03-24 21:57:42.960,6.84
2026-03-24 21:57:43.600,19.68
2026-03-24 21:57:44.240,25.32
2026-03-24 21:57:44.880,-15.12
2026-03-24 21:57:45.520,-21
2026-03-24 21:57:46.160,-14.16
2026-03-24 21:57:46.800,23.04
2026-03-24 21:57:47.440,31.92
2026-03-24 21:57:48.080,17.88
2026-03-24 21:57:48.720,-20.88
2026-03-24 21:57:49.360,-24.96
2026-03-24 21:57:50.000,-23.76
2026-03-24 21:57:50.640,11.88
2026-03-24 21:57:51.280,22.32
2026-03-24 21:57:51.920,10.68
2026-03-24 21:57:52.560,-27.72
2026-03-24 21:57:53.200,-17.64
2026-03-24 21:57:53.840,16.68
2026-03-24 21:57:54.480,24.12
2026-03-24 21:57:55.120,-21.6
2026-03-24 21:57:55.760,-15
2026-03-24 21:57:56.400,-5.88
2026-03-24 21:57:57.040,15
2026-03-24 21:57:57.680,21.24
2026-03-24 21:57:58.320,-17.4
2026-03-24 21:57:58.960,-12.36
2026-03-24 21:57:59.600,-6.84
2026-03-24 21:58:00.240,2.88
2026-03-24 21:58:00.880,12.6
2026-03-24 21:58:01.520,11.64
2026-03-24 21:58:02.160,-10.2
2026-03-24 21:58:02.800,-9.36
2026-03-24 21:58:03.440,-2.04
2026-03-24 21:58:04.080,30.48
2026-03-24 21:58:04.720,38.04
2026-03-24 21:58:05.360,-19.32
2026-03-24 21:58:06.000,-27
2026-03-24 21:58:06.640,-17.76
2026-03-24 21:58:07.280,-10.32
2026-03-24 21:58:07.920,25.92
2026-03-24 21:58:08.560,30.84
2026-03-24 21:58:09.200,-33.96
2026-03-24 21:58:09.840,-28.68
2026-03-24 21:58:10.480,-16.32
2026-03-24 21:58:11.120,0.6
2026-03-24 21:58:11.760,19.92
2026-03-24 21:58:12.400,29.64
2026-03-24 21:58:13.040,-25.44
2026-03-24 21:58:13.680,-22.68
2026-03-24 21:58:14.320,-15
2026-03-24 21:58:14.960,-7.44
2026-03-24 21:58:15.600,4.8
2026-03-24 21:58:16.240,12.48
2026-03-24 21:58:16.880,-0.24
2026-03-24 21:58:17.520,-7.2
2026-03-24 21:58:18.160,-6.48
2026-03-24 21:58:18.800,-2.76
2026-03-24 21:58:19.440,10.68
2026-03-24 21:58:20.080,18.36
2026-03-24 21:58:20.720,-3
2026-03-24 21:58:21.360,-13.32
2026-03-24 21:58:22.000,-8.76
2026-03-24 21:58:22.640,1.68
2026-03-24 21:58:23.280,14.04
2026-03-24 21:58:23.920,19.8
2026-03-24 21:58:24.560,-17.64
2026-03-24 21:58:25.200,-13.56
2026-03-24 21:58:25.840,-5.28
2026-03-24 21:58:26.480,14.4
2026-03-24 21:58:27.120,23.52
2026-03-24 21:58:27.760,13.32
2026-03-24 21:58:28.400,-21.12
2026-03-24 21:58:29.040,-16.68
2026-03-24 21:58:29.680,-6.72
2026-03-24 21:58:30.320,19.92
2026-03-24 21:58:30.960,26.52
2026-03-24 21:58:31.600,27.84
2026-03-24 21:58:32.240,-29.76
2026-03-24 21:58:32.880,-27.12
2026-03-24 21:58:33.520,-12.24
2026-03-24 21:58:34.160,10.2
2026-03-24 21:58:34.800,23.04
2026-03-24 21:58:35.440,22.08
2026-03-24 21:58:36.080,-24.72
2026-03-24 21:58:36.720,-20.04
2026-03-24 21:58:37.360,-6.6
2026-03-24 21:58:38.000,19.56
2026-03-24 21:58:38.640,19.32
2026-03-24 21:58:39.280,-21
2026-03-24 21:58:39.920,-16.08
2026-03-24 21:58:40.560,-3.36
2026-03-24 21:58:41.200,20.52
2026-03-24 21:58:41.840,23.04
2026-03-24 21:58:42.480,-1.8
2026-03-24 21:58:43.120,-22.08
2026-03-24 21:58:43.760,-14.64
2026-03-24 21:58:44.400,-4.92
2026-03-24 21:58:45.040,14.76
2026-03-24 21:58:45.680,19.2
2026-03-24 21:58:46.320,-0.36
2026-03-24 21:58:46.960,-16.68
2026-03-24 21:58:47.600,-12
2026-03-24 21:58:48.240,15.36
2026-03-24 21:58:48.880,20.88
2026-03-24 21:58:49.520,22.92
2026-03-24 21:58:50.160,-21.36
2026-03-24 21:58:50.800,-21.12
2026-03-24 21:58:51.440,-16.56
2026-03-24 21:58:52.080,9.24
2026-03-24 21:58:52.720,19.32
2026-03-24 21:58:53.360,22.08
2026-03-24 21:58:54.000,-22.56
2026-03-24 21:58:54.640,-19.2
2026-03-24 21:58:55.280,-12.6
2026-03-24 21:58:55.920,15.96
2026-03-24 21:58:56.560,29.64
2026-03-24 21:58:57.200,25.44
2026-03-24 21:58:57.840,-27.84
2026-03-24 21:58:58.480,-24.6
2026-03-24 21:58:59.120,-16.08
2026-03-24 21:58:59.760,-3.6
2026-03-24 21:59:00.400,19.8
2026-03-24 21:59:01.040,21.24
2026-03-24 21:59:01.680,10.92
2026-03-24 21:59:02.320,-26.52
2026-03-24 21:59:02.960,-17.76
2026-03-24 21:59:03.600,-5.76
2026-03-24 21:59:04.240,11.64
2026-03-24 21:59:04.880,19.44
2026-03-24 21:59:05.520,9.84
2026-03-24 21:59:06.160,-16.08
2026-03-24 21:59:06.800,-12.84
2026-03-24 21:59:07.440,-5.88
2026-03-24 21:59:08.080,9.48
2026-03-24 21:59:08.720,19.32
2026-03-24 21:59:09.360,11.28
2026-03-24 21:59:10.000,-10.8
2026-03-24 21:59:10.640,-12.12
2026-03-24 21:59:11.280,-4.32
2026-03-24 21:59:11.920,15.72
2026-03-24 21:59:12.560,13.32
2026-03-24 21:59:13.200,-6.96
2026-03-24 21:59:13.840,-14.16
2026-03-24 21:59:14.480,-6.36
2026-03-24 21:59:15.120,14.16
2026-03-24 21:59:15.760,18.36
2026-03-24 21:59:16.400,19.32
2026-03-24 21:59:17.040,-18.6
2026-03-24 21:59:17.680,-18.48
2026-03-24 21:59:18.320,-10.44
2026-03-24 21:59:18.960,10.56
2026-03-24 21:59:19.600,17.52
2026-03-24 21:59:20.240,11.16
2026-03-24 21:59:20.880,-15.6
2026-03-24 21:59:21.520,-11.16
2026-03-24 21:59:22.160,-8.16
2026-03-24 21:59:22.800,15.48
2026-03-24 21:59:23.440,15.48
2026-03-24 21:59:24.080,0.96
2026-03-24 21:59:24.720,-24.96
2026-03-24 21:59:25.360,-13.2
2026-03-24 21:59:26.000,21.12
2026-03-24 21:59:26.640,26.76
2026-03-24 21:59:27.280,13.2
2026-03-24 21:59:27.920,-21
2026-03-24 21:59:28.560,-17.28
2026-03-24 21:59:29.200,-8.04
2026-03-24 21:59:29.840,17.76
2026-03-24 21:59:30.480,15.48
2026-03-24 21:59:31.120,-5.88
2026-03-24 21:59:31.760,-15.6
2026-03-24 21:59:32.400,-11.28
2026-03-24 21:59:33.040,0.36
2026-03-24 21:59:33.680,18.72
2026-03-24 21:59:34.320,18.36
2026-03-24 21:59:34.960,-24.72
2026-03-24 21:59:35.600,-18.84
2026-03-24 21:59:36.240,10.44
2026-03-24 21:59:36.880,29.76
2026-03-24 21:59:37.520,35.04
2026-03-24 21:59:38.160,-32.04
2026-03-24 21:59:38.800,-26.64
2026-03-24 21:59:39.440,-8.4
2026-03-24 21:59:40.080,20.28
2026-03-24 21:59:40.720,29.76
2026-03-24 21:59:41.360,25.08
2026-03-24 21:59:42.000,-29.64
2026-03-24 21:59:42.640,-20.16
2026-03-24 21:59:43.280,-7.08
2026-03-24 21:59:43.920,4.32
2026-03-24 21:59:44.560,22.08
2026-03-24 21:59:45.200,17.04
2026-03-24 21:59:45.840,-17.64
2026-03-24 21:59:46.480,-14.16
2026-03-24 21:59:47.120,-5.88
2026-03-24 21:59:47.760,28.8
2026-03-24 21:59:48.400,42
2026-03-24 21:59:49.040,0
2026-03-24 21:59:49.680,0.36
2026-03-24 21:59:50.320,3.96
2026-03-24 21:59:50.960,-31.2
2026-03-24 21:59:51.600,-16.56
2026-03-24 21:59:52.240,-5.28
2026-03-24 21:59:52.880,23.16
2026-03-24 21:59:53.520,32.88
2026-03-24 21:59:54.160,26.52
2026-03-24 21:59:54.800,-39
2026-03-24 21:59:55.440,-26.28
2026-03-24 21:59:56.080,-6.36
2026-03-24 21:59:56.720,-0.72
2026-03-24 21:59:57.360,21.12
2026-03-24 21:59:58.000,7.56
2026-03-24 21:59:58.640,-15.96
2026-03-24 21:59:59.280,-8.16
2026-03-24 21:59:59.920,-1.32
2026-03-24 22:00:00.560,7.68
2026-03-24 22:00:01.200,21.6
2026-03-24 22:00:01.840,29.52
2026-03-24 22:00:02.480,29.88
2026-03-24 22:00:03.120,15.96
2026-03-24 22:00:03.760,-42.48
2026-03-24 22:00:04.400,-35.52
2026-03-24 22:00:05.040,-23.28
2026-03-24 22:00:05.680,-5.4
2026-03-24 22:00:06.320,-1.56
2026-03-24 22:00:06.960,7.08
2026-03-24 22:00:07.600,24.12
2026-03-24 22:00:08.240,27.72
2026-03-24 22:00:08.880,20.64
2026-03-24 22:00:09.520,7.08
2026-03-24 22:00:10.160,-25.68
2026-03-24 22:00:10.800,-24.96
2026-03-24 22:00:11.440,-12.96
2026-03-24 22:00:12.080,-2.64
2026-03-24 22:00:12.720,-0.72
2026-03-24 22:00:13.360,2.04
2026-03-24 22:00:14.000,19.44
2026-03-24 22:00:14.640,15.84
2026-03-24 22:00:15.280,-22.32
2026-03-24 22:00:15.920,-7.8
2026-03-24 22:00:16.560,-0.36
2026-03-24 22:00:17.200,16.68
2026-03-24 22:00:17.840,21.84
2026-03-24 22:00:18.480,-9.96
2026-03-24 22:00:19.120,-17.4
2026-03-24 22:00:19.760,-4.44
2026-03-24 22:00:20.400,-1.8
2026-03-24 22:00:21.040,7.68
2026-03-24 22:00:21.680,25.44
2026-03-24 22:00:22.320,40.8
2026-03-24 22:00:22.960,20.88
2026-03-24 22:00:23.600,-11.4
2026-03-24 22:00:24.240,-15.36
2026-03-24 22:00:24.880,-22.92
2026-03-24 22:00:25.520,-27.6
2026-03-24 22:00:26.160,-6.36
2026-03-24 22:00:26.800,28.68
2026-03-24 22:00:27.440,27.6
2026-03-24 22:00:28.080,-24.6
2026-03-24 22:00:28.720,-26.16
2026-03-24 22:00:29.360,-13.32
2026-03-24 22:00:30.000,-3.96
2026-03-24 22:00:30.640,10.8
2026-03-24 22:00:31.280,12.6
2026-03-24 22:00:31.920,-9.36
2026-03-24 22:00:32.560,-3.48
2026-03-24 22:00:33.200,-0.72
2026-03-24 22:00:33.840,2.64
2026-03-24 22:00:34.480,6.24
2026-03-24 22:00:35.120,-0.36
2026-03-24 22:00:35.760,1.08
2026-03-24 22:00:36.400,0.72
2026-03-24 22:00:37.040,10.08
2026-03-24 22:00:37.680,25.32
2026-03-24 22:00:38.320,26.52
2026-03-24 22:00:38.960,9
2026-03-24 22:00:39.600,-30.36
2026-03-24 22:00:40.240,-15.84
2026-03-24 22:00:40.880,-3.12
2026-03-24 22:00:41.520,23.4
2026-03-24 22:00:42.160,27.24
2026-03-24 22:00:42.800,23.4
2026-03-24 22:00:43.440,-33.12
2026-03-24 22:00:44.080,-26.52
2026-03-24 22:00:44.720,-13.8
2026-03-24 22:00:45.360,7.44
2026-03-24 22:00:46.000,25.32
2026-03-24 22:00:46.640,26.04
2026-03-24 22:00:47.280,-30.48
2026-03-24 22:00:47.920,-23.76
2026-03-24 22:00:48.560,-14.4
2026-03-24 22:00:49.200,-6.24
2026-03-24 22:00:49.840,24.48
2026-03-24 22:00:50.480,28.68
2026-03-24 22:00:51.120,-22.08
2026-03-24 22:00:51.760,-20.76
2026-03-24 22:00:52.400,-12.84
2026-03-24 22:00:53.040,0
2026-03-24 22:00:53.680,17.64
2026-03-24 22:00:54.320,23.4
2026-03-24 22:00:54.960,-11.64
2026-03-24 22:00:55.600,-14.16
2026-03-24 22:00:56.240,-8.52
2026-03-24 22:00:56.880,-3.36
2026-03-24 22:00:57.520,13.92
2026-03-24 22:00:58.160,14.4
2026-03-24 22:00:58.800,-18.72
2026-03-24 22:00:59.440,-14.16
2026-03-24 22:01:00.080,-5.16
2026-03-24 22:01:00.720,15.96
2026-03-24 22:01:01.360,12.12
2026-03-24 22:01:02.000,-11.16
2026-03-24 22:01:02.640,-11.76
2026-03-24 22:01:03.280,3.24
2026-03-24 22:01:03.920,19.32
2026-03-24 22:01:04.560,24.12
2026-03-24 22:01:05.200,8.52
2026-03-24 22:01:05.840,-32.16
2026-03-24 22:01:06.480,-22.8
2026-03-24 22:01:07.120,-12.36
2026-03-24 22:01:07.760,24.24
2026-03-24 22:01:08.400,23.64
2026-03-24 22:01:09.040,17.76
2026-03-24 22:01:09.680,-21.84
2026-03-24 22:01:10.320,-21.12
2026-03-24 22:01:10.960,-11.52
2026-03-24 22:01:11.600,-2.64
2026-03-24 22:01:12.240,13.08
2026-03-24 22:01:12.880,11.04
2026-03-24 22:01:13.520,-16.68
2026-03-24 22:01:14.160,-18
2026-03-24 22:01:14.800,-0.36
2026-03-24 22:01:15.440,24.36
2026-03-24 22:01:16.080,38.4
2026-03-24 22:01:16.720,3
2026-03-24 22:01:17.360,-30.84
2026-03-24 22:01:18.000,-23.28
2026-03-24 22:01:18.640,-9.48
2026-03-24 22:01:19.280,19.32
2026-03-24 22:01:19.920,17.76
2026-03-24 22:01:20.560,-19.68
2026-03-24 22:01:21.200,-11.64
2026-03-24 22:01:21.840,-4.08
2026-03-24 22:01:22.480,7.08
2026-03-24 22:01:23.120,16.68
2026-03-24 22:01:23.760,-9.48
2026-03-24 22:01:24.400,-9.84
2026-03-24 22:01:25.040,-5.28
2026-03-24 22:01:25.680,10.56
2026-03-24 22:01:26.320,13.56
2026-03-24 22:01:26.960,-10.92
2026-03-24 22:01:27.600,-9.48
2026-03-24 22:01:28.240,-3
2026-03-24 22:01:28.880,9.84
2026-03-24 22:01:29.520,15.24
2026-03-24 22:01:30.160,-10.44
2026-03-24 22:01:30.800,-10.68
2026-03-24 22:01:31.440,-4.2
2026-03-24 22:01:32.080,14.16
2026-03-24 22:01:32.720,24.36
2026-03-24 22:01:33.360,17.4
2026-03-24 22:01:34.000,-24.24
2026-03-24 22:01:34.640,-14.88
2026-03-24 22:01:35.280,-4.2
2026-03-24 22:01:35.920,27.48
2026-03-24 22:01:36.560,30.48
2026-03-24 22:01:37.200,19.2
2026-03-24 22:01:37.840,-27.12
2026-03-24 22:01:38.480,-22.92
2026-03-24 22:01:39.120,-14.4
2026-03-24 22:01:39.760,23.52
2026-03-24 22:01:40.400,27.6
2026-03-24 22:01:41.040,1.8
2026-03-24 22:01:41.680,-23.88
2026-03-24 22:01:42.320,-18.72
2026-03-24 22:01:42.960,-8.04
2026-03-24 22:01:43.600,22.32
2026-03-24 22:01:44.240,20.64
2026-03-24 22:01:44.880,-21.24
2026-03-24 22:01:45.520,-15.6
2026-03-24 22:01:46.160,-10.08
2026-03-24 22:01:46.800,13.92
2026-03-24 22:01:47.440,32.04
2026-03-24 22:01:48.080,33.12
2026-03-24 22:01:48.720,-27.84
2026-03-24 22:01:49.360,-27.96
2026-03-24 22:01:50.000,-9.48
2026-03-24 22:01:50.640,-7.08
2026-03-24 22:01:51.280,35.76
2026-03-24 22:01:51.920,-9
2026-03-24 22:01:52.560,-0.24
2026-03-24 22:01:53.200,-0.24
2026-03-24 22:01:53.840,-0.72
2026-03-24 22:01:54.480,-45.36
2026-03-24 22:01:55.120,-19.08
2026-03-24 22:01:55.760,5.52
2026-03-24 22:01:56.400,24.84
2026-03-24 22:01:57.040,26.76
2026-03-24 22:01:57.680,-18.36
2026-03-24 22:01:58.320,-18.48
2026-03-24 22:01:58.960,-17.64
2026-03-24 22:01:59.600,-9.6
2026-03-24 22:02:00.240,13.2
2026-03-24 22:02:00.880,21.36
2026-03-24 22:02:01.520,24.36
2026-03-24 22:02:02.160,-21.12
2026-03-24 22:02:02.800,-20.76
2026-03-24 22:02:03.440,-11.76
2026-03-24 22:02:04.080,-6
2026-03-24 22:02:04.720,14.04
2026-03-24 22:02:05.360,27.48
2026-03-24 22:02:06.000,26.64
2026-03-24 22:02:06.640,-35.28
2026-03-24 22:02:07.280,-28.44
2026-03-24 22:02:07.920,-16.08
2026-03-24 22:02:08.560,18.6
2026-03-24 22:02:09.200,24
2026-03-24 22:02:09.840,9.12
2026-03-24 22:02:10.480,-21.6
2026-03-24 22:02:11.120,-16.08
2026-03-24 22:02:11.760,-11.28
2026-03-24 22:02:12.400,14.4
2026-03-24 22:02:13.040,14.04
2026-03-24 22:02:13.680,-11.28
2026-03-24 22:02:14.320,-10.8
2026-03-24 22:02:14.960,-12.24
2026-03-24 22:02:15.600,12.12
2026-03-24 22:02:16.240,18.72
2026-03-24 22:02:16.880,15.6
2026-03-24 22:02:17.520,-14.16
2026-03-24 22:02:18.160,-13.92
2026-03-24 22:02:18.800,-7.68
2026-03-24 22:02:19.440,10.2
2026-03-24 22:02:20.080,15.48
2026-03-24 22:02:20.720,0
2026-03-24 22:02:21.360,-10.56
2026-03-24 22:02:22.000,-10.32
2026-03-24 22:02:22.640,-4.08
2026-03-24 22:02:23.280,16.08
2026-03-24 22:02:23.920,15.36
2026-03-24 22:02:24.560,-15
2026-03-24 22:02:25.200,-22.8
2026-03-24 22:02:25.840,2.76
2026-03-24 22:02:26.480,37.32
2026-03-24 22:02:27.120,40.2
2026-03-24 22:02:27.760,27.84
2026-03-24 22:02:28.400,-34.92
2026-03-24 22:02:29.040,-33.12
2026-03-24 22:02:29.680,-23.04
2026-03-24 22:02:30.320,-5.52
2026-03-24 22:02:30.960,26.4
2026-03-24 22:02:31.600,28.8
2026-03-24 22:02:32.240,-17.4
2026-03-24 22:02:32.880,-32.04
2026-03-24 22:02:33.520,-16.2
2026-03-24 22:02:34.160,-2.04
2026-03-24 22:02:34.800,23.28
2026-03-24 22:02:35.440,26.16
2026-03-24 22:02:36.080,-21.24
2026-03-24 22:02:36.720,-16.2
2026-03-24 22:02:37.360,-9.72
2026-03-24 22:02:38.000,0.12
2026-03-24 22:02:38.640,19.2
2026-03-24 22:02:39.280,22.8
2026-03-24 22:02:39.920,-17.04
2026-03-24 22:02:40.560,-17.28
2026-03-24 22:02:41.200,-7.8
2026-03-24 22:02:41.840,2.16
2026-03-24 22:02:42.480,13.32
2026-03-24 22:02:43.120,12
2026-03-24 22:02:43.760,-8.28
2026-03-24 22:02:44.400,-8.4
2026-03-24 22:02:45.040,-3.36
2026-03-24 22:02:45.680,9
2026-03-24 22:02:46.320,12.36
2026-03-24 22:02:46.960,-7.68
2026-03-24 22:02:47.600,-10.32
2026-03-24 22:02:48.240,-4.68
2026-03-24 22:02:48.880,-3
2026-03-24 22:02:49.520,16.56
2026-03-24 22:02:50.160,31.44
2026-03-24 22:02:50.800,-30
2026-03-24 22:02:51.440,-19.44
2026-03-24 22:02:52.080,-15.36
2026-03-24 22:02:52.720,-6.84
2026-03-24 22:02:53.360,-0.72
2026-03-24 22:02:54.000,14.52
2026-03-24 22:02:54.640,32.64
2026-03-24 22:02:55.280,-29.04
2026-03-24 22:02:55.920,-18.12
2026-03-24 22:02:56.560,-4.32
2026-03-24 22:02:57.200,18.6
2026-03-24 22:02:57.840,31.32
2026-03-24 22:02:58.480,1.56
2026-03-24 22:02:59.120,-29.16
2026-03-24 22:02:59.760,-14.4
2026-03-24 22:03:00.400,-2.76
2026-03-24 22:03:01.040,24.6
2026-03-24 22:03:01.680,30.84
2026-03-24 22:03:02.320,-23.28
2026-03-24 22:03:02.960,-29.4
2026-03-24 22:03:03.600,-15
2026-03-24 22:03:04.240,-3.96
2026-03-24 22:03:04.880,18.6
2026-03-24 22:03:05.520,18.84
2026-03-24 22:03:06.160,-22.8
2026-03-24 22:03:06.800,-13.68
2026-03-24 22:03:07.440,-3.36
2026-03-24 22:03:08.080,-2.64
2026-03-24 22:03:08.720,-0.36
2026-03-24 22:03:09.360,3.72
2026-03-24 22:03:10.000,23.52
2026-03-24 22:03:10.640,5.88
2026-03-24 22:03:11.280,-16.2
2026-03-24 22:03:11.920,-6.72
2026-03-24 22:03:12.560,-3.24
2026-03-24 22:03:13.200,-5.88
2026-03-24 22:03:13.840,18.12
2026-03-24 22:03:14.480,25.68
2026-03-24 22:03:15.120,-21.12
2026-03-24 22:03:15.760,-20.16
2026-03-24 22:03:16.400,-3.6
2026-03-24 22:03:17.040,27.12
2026-03-24 22:03:17.680,28.8
2026-03-24 22:03:18.320,-8.52
2026-03-24 22:03:18.960,-31.44
2026-03-24 22:03:19.600,-16.56
2026-03-24 22:03:20.240,-5.76
2026-03-24 22:03:20.880,20.28
2026-03-24 22:03:21.520,23.4
2026-03-24 22:03:22.160,-26.16
2026-03-24 22:03:22.800,-20.16
2026-03-24 22:03:23.440,-9.12
2026-03-24 22:03:24.080,14.16
2026-03-24 22:03:24.720,21.36
2026-03-24 22:03:25.360,1.32
2026-03-24 22:03:26.000,-20.76
2026-03-24 22:03:26.640,-9.36
2026-03-24 22:03:27.280,-2.04
2026-03-24 22:03:27.920,9.36
2026-03-24 22:03:28.560,13.32
2026-03-24 22:03:29.200,-12.12
2026-03-24 22:03:29.840,-4.44
2026-03-24 22:03:30.480,-2.28
2026-03-24 22:03:31.120,-0.36
2026-03-24 22:03:31.760,6
2026-03-24 22:03:32.400,9.12
2026-03-24 22:03:33.040,-6.12
2026-03-24 22:03:33.680,-4.68
2026-03-24 22:03:34.320,0.72
2026-03-24 22:03:34.960,18.48
2026-03-24 22:03:35.600,29.52
2026-03-24 22:03:36.240,29.64
2026-03-24 22:03:36.880,-34.44
2026-03-24 22:03:37.520,-28.92
2026-03-24 22:03:38.160,-12.48
2026-03-24 22:03:38.800,28.44
2026-03-24 22:03:39.440,34.08
2026-03-24 22:03:40.080,27.24
2026-03-24 22:03:40.720,-39.96
2026-03-24 22:03:41.360,-34.8
2026-03-24 22:03:42.000,-22.2
2026-03-24 22:03:42.640,-1.8
2026-03-24 22:03:43.280,24.36
2026-03-24 22:03:43.920,31.08
2026-03-24 22:03:44.560,14.04
2026-03-24 22:03:45.200,-35.28
2026-03-24 22:03:45.840,-27.36
2026-03-24 22:03:46.480,-12.24
2026-03-24 22:03:47.120,8.52
2026-03-24 22:03:47.760,22.2
2026-03-24 22:03:48.400,8.76
2026-03-24 22:03:49.040,-19.68
2026-03-24 22:03:49.680,-11.52
2026-03-24 22:03:50.320,-4.32
2026-03-24 22:03:50.960,11.28
2026-03-24 22:03:51.600,18.96
2026-03-24 22:03:52.240,-17.76
2026-03-24 22:03:52.880,-18.96
2026-03-24 22:03:53.520,-7.8
2026-03-24 22:03:54.160,15.6
2026-03-24 22:03:54.800,18.36
2026-03-24 22:03:55.440,0.48
2026-03-24 22:03:56.080,-21.48
2026-03-24 22:03:56.720,-10.2
2026-03-24 22:03:57.360,-4.68
2026-03-24 22:03:58.000,9.72
2026-03-24 22:03:58.640,9
2026-03-24 22:03:59.280,-12.96
2026-03-24 22:03:59.920,-6.6
2026-03-24 22:04:00.560,-2.64
2026-03-24 22:04:01.200,0.72
2026-03-24 22:04:01.840,0.72
2026-03-24 22:04:02.480,10.68
2026-03-24 22:04:03.120,15.24
2026-03-24 22:04:03.760,-13.2
2026-03-24 22:04:04.400,-8.4
2026-03-24 22:04:05.040,-2.16
2026-03-24 22:04:05.680,15.12
2026-03-24 22:04:06.320,42.12
2026-03-24 22:04:06.960,33.6
2026-03-24 22:04:07.600,10.8
2026-03-24 22:04:08.240,-37.56
2026-03-24 22:04:08.880,-31.32
2026-03-24 22:04:09.520,-12.84
2026-03-24 22:04:10.160,25.44
2026-03-24 22:04:10.800,29.52
2026-03-24 22:04:11.440,10.32
2026-03-24 22:04:12.080,-33.6
2026-03-24 22:04:12.720,-19.08
2026-03-24 22:04:13.360,11.64
2026-03-24 22:04:14.000,25.08
2026-03-24 22:04:14.640,9.48
2026-03-24 22:04:15.280,-27.96
2026-03-24 22:04:15.920,-11.4
2026-03-24 22:04:16.560,27
2026-03-24 22:04:17.200,32.4
2026-03-24 22:04:17.840,25.8
2026-03-24 22:04:18.480,-19.68
2026-03-24 22:04:19.120,-30.48
2026-03-24 22:04:19.760,-5.64
2026-03-24 22:04:20.400,16.56
2026-03-24 22:04:21.040,11.52
2026-03-24 22:04:21.680,-31.08
2026-03-24 22:04:22.320,-4.44
2026-03-24 22:04:22.960,25.8
2026-03-24 22:04:23.600,16.08
2026-03-24 22:04:24.240,-17.64
2026-03-24 22:04:24.880,-22.8
2026-03-24 22:04:25.520,-6.6
2026-03-24 22:04:26.160,2.4
2026-03-24 22:04:26.800,3.6
2026-03-24 22:04:27.440,4.2
2026-03-24 22:04:28.080,4.2
2026-03-24 22:04:28.720,29.64
2026-03-24 22:04:29.360,28.08
2026-03-24 22:04:30.000,-33.96
2026-03-24 22:04:30.640,-7.68
2026-03-24 22:04:31.280,39
2026-03-24 22:04:31.920,1.8
2026-03-24 22:04:32.560,-29.52
2026-03-24 22:04:33.200,24.72
2026-03-24 22:04:33.840,54.48
2026-03-24 22:04:34.480,50.64
2026-03-24 22:04:35.120,45.96
2026-03-24 22:04:35.760,-59.76
2026-03-24 22:04:36.400,-54.84
2026-03-24 22:04:37.040,-27.6
2026-03-24 22:04:37.680,-7.8
2026-03-24 22:04:38.320,4.8
2026-03-24 22:04:38.960,-11.04
2026-03-24 22:04:39.600,8.88
2026-03-24 22:04:40.240,31.44
2026-03-24 22:04:40.880,31.8
2026-03-24 22:04:41.520,24.24
2026-03-24 22:04:42.160,16.2
2026-03-24 22:04:42.800,2.88
2026-03-24 22:04:43.440,-37.56
2026-03-24 22:04:44.080,-32.52
2026-03-24 22:04:44.720,-17.64
2026-03-24 22:04:45.360,-2.52
2026-03-24 22:04:46.000,0.6
2026-03-24 22:04:46.640,14.88
2026-03-24 22:04:47.280,25.08
2026-03-24 22:04:47.920,21.72
2026-03-24 22:04:48.560,21
2026-03-24 22:04:49.200,-16.44
2026-03-24 22:04:49.840,-33.36
2026-03-24 22:04:50.480,-15.72
2026-03-24 22:04:51.120,-3
2026-03-24 22:04:51.760,8.76
2026-03-24 22:04:52.400,20.16
2026-03-24 22:04:53.040,20.88
2026-03-24 22:04:53.680,20.28
2026-03-24 22:04:54.320,17.52
2026-03-24 22:04:54.960,5.52
2026-03-24 22:04:55.600,-34.56
2026-03-24 22:04:56.240,-29.4
2026-03-24 22:04:56.880,-14.28
2026-03-24 22:04:57.520,-3.84
2026-03-24 22:04:58.160,0.36
2026-03-24 22:04:58.800,5.16
2026-03-24 22:04:59.440,-0.12
2026-03-24 22:05:00.080,0.24
2026-03-24 22:05:00.720,-0.24
2026-03-24 22:05:01.360,3.96
2026-03-24 22:05:02.000,5.88
2026-03-24 22:05:02.640,0
2026-03-24 22:05:03.280,3.48
2026-03-24 22:05:03.920,3.36
2026-03-24 22:05:04.560,20.88
2026-03-24 22:05:05.200,28.56
2026-03-24 22:05:05.840,29.52
2026-03-24 22:05:06.480,27.84
2026-03-24 22:05:07.120,21.24
2026-03-24 22:05:07.760,-18.48
2026-03-24 22:05:08.400,-37.8
2026-03-24 22:05:09.040,-31.68
2026-03-24 22:05:09.680,-22.92
2026-03-24 22:05:10.320,-6.72
2026-03-24 22:05:10.960,0.84
2026-03-24 22:05:11.600,5.28
2026-03-24 22:05:12.240,5.76
2026-03-24 22:05:12.880,-0.72
2026-03-24 22:05:13.520,0.72
2026-03-24 22:05:14.160,4.08
2026-03-24 22:05:14.800,3
2026-03-24 22:05:15.440,2.52
2026-03-24 22:05:16.080,6.48
2026-03-24 22:05:16.720,3.12
2026-03-24 22:05:17.360,0.72
2026-03-24 22:05:18.000,4.08
2026-03-24 22:05:18.640,1.8
2026-03-24 22:05:19.280,-1.44
2026-03-24 22:05:19.920,3.84
2026-03-24 22:05:20.560,1.56
2026-03-24 22:05:21.200,-0.96
2026-03-24 22:05:21.840,5.28
2026-03-24 22:05:22.480,2.88
2026-03-24 22:05:23.120,0.36
2026-03-24 22:05:23.760,2.76
2026-03-24 22:05:24.400,0.48
2026-03-24 22:05:25.040,12
2026-03-24 22:05:25.680,40.32
2026-03-24 22:05:26.320,37.2
2026-03-24 22:05:26.960,-45.36
2026-03-24 22:05:27.600,-30.36
2026-03-24 22:05:28.240,-8.64
2026-03-24 22:05:28.880,42.6
2026-03-24 22:05:29.520,38.88
2026-03-24 22:05:30.160,30.36
2026-03-24 22:05:30.800,-43.32
2026-03-24 22:05:31.440,-44.04
2026-03-24 22:05:32.080,-32.28
2026-03-24 22:05:32.720,-5.4
2026-03-24 22:05:33.360,36.12
2026-03-24 22:05:34.000,23.04
2026-03-24 22:05:34.640,-35.52
2026-03-24 22:05:35.280,-27.12
2026-03-24 22:05:35.920,-8.52
2026-03-24 22:05:36.560,-3.48
2026-03-24 22:05:37.200,0.84
2026-03-24 22:05:37.840,10.56
2026-03-24 22:05:38.480,-3.84
2026-03-24 22:05:39.120,1.8
2026-03-24 22:05:39.760,-2.28
2026-03-24 22:05:40.400,-0.36
2026-03-24 22:05:41.040,-0.24
2026-03-24 22:05:41.680,0.6
2026-03-24 22:05:42.320,2.64
2026-03-24 22:05:42.960,4.44
2026-03-24 22:05:43.600,-3.84
2026-03-24 22:05:44.240,10.68
2026-03-24 22:05:44.880,-6.12
2026-03-24 22:05:45.520,-2.52
2026-03-24 22:05:46.160,-1.2
2026-03-24 22:05:46.800,0.48
2026-03-24 22:05:47.440,-1.08
2026-03-24 22:05:48.080,-10.32
2026-03-24 22:05:48.720,8.16
2026-03-24 22:05:49.360,13.08
2026-03-24 22:05:50.000,-8.16
2026-03-24 22:05:50.640,-4.92
2026-03-24 22:05:51.280,-1.68
2026-03-24 22:05:51.920,2.16
2026-03-24 22:05:52.560,16.44
2026-03-24 22:05:53.200,28.32
2026-03-24 22:05:53.840,0.36
2026-03-24 22:05:54.480,-26.64
2026-03-24 22:05:55.120,-11.4
2026-03-24 22:05:55.760,0.84
2026-03-24 22:05:56.400,26.16
2026-03-24 22:05:57.040,32.4
2026-03-24 22:05:57.680,-30.72
2026-03-24 22:05:58.320,-31.56
2026-03-24 22:05:58.960,-10.92
2026-03-24 22:05:59.600,-5.76
2026-03-24 22:06:00.240,24.36
2026-03-24 22:06:00.880,32.52
2026-03-24 22:06:01.520,-15.24
2026-03-24 22:06:02.160,-31.08
2026-03-24 22:06:02.800,-11.4
2026-03-24 22:06:03.440,-1.2
2026-03-24 22:06:04.080,0.24
2026-03-24 22:06:04.720,12.84
2026-03-24 22:06:05.360,19.56
2026-03-24 22:06:06.000,-28.2
2026-03-24 22:06:06.640,-9.84
2026-03-24 22:06:07.280,-4.56
2026-03-24 22:06:07.920,2.88
2026-03-24 22:06:08.560,15.6
2026-03-24 22:06:09.200,11.88
2026-03-24 22:06:09.840,-20.04
2026-03-24 22:06:10.480,-6.84
2026-03-24 22:06:11.120,0.36
2026-03-24 22:06:11.760,13.2
2026-03-24 22:06:12.400,15.84
2026-03-24 22:06:13.040,-20.64
2026-03-24 22:06:13.680,-13.44
2026-03-24 22:06:14.320,-3
2026-03-24 22:06:14.960,9.24
2026-03-24 22:06:15.600,13.32
2026-03-24 22:06:16.240,5.4
2026-03-24 22:06:16.880,-14.64
2026-03-24 22:06:17.520,-3.12
2026-03-24 22:06:18.160,16.92
2026-03-24 22:06:18.800,27.48
2026-03-24 22:06:19.440,-2.4
2026-03-24 22:06:20.080,-32.16
2026-03-24 22:06:20.720,-10.68
2026-03-24 22:06:21.360,19.44
2026-03-24 22:06:22.000,-3.24
2026-03-24 22:06:22.640,-0.6
2026-03-24 22:06:23.280,-30.36
2026-03-24 22:06:23.920,-5.16
2026-03-24 22:06:24.560,28.08
2026-03-24 22:06:25.200,33
2026-03-24 22:06:25.840,-31.8
2026-03-24 22:06:26.480,-14.4
2026-03-24 22:06:27.120,-4.08
2026-03-24 22:06:27.760,0.12
2026-03-24 22:06:28.400,10.08
2026-03-24 22:06:29.040,16.32
2026-03-24 22:06:29.680,-23.64
2026-03-24 22:06:30.320,-3.96
2026-03-24 22:06:30.960,-0.84
2026-03-24 22:06:31.600,0.96
2026-03-24 22:06:32.240,14.52
2026-03-24 22:06:32.880,15.72
2026-03-24 22:06:33.520,-14.52
2026-03-24 22:06:34.160,-11.16
2026-03-24 22:06:34.800,-1.44
2026-03-24 22:06:35.440,10.68
2026-03-24 22:06:36.080,12.48
2026-03-24 22:06:36.720,-9.72
2026-03-24 22:06:37.360,-14.04
2026-03-24 22:06:38.000,-3.36
2026-03-24 22:06:38.640,-1.8
2026-03-24 22:06:39.280,9.24
2026-03-24 22:06:39.920,15.48
2026-03-24 22:06:40.560,19.68
2026-03-24 22:06:41.200,-30
2026-03-24 22:06:41.840,-19.56
2026-03-24 22:06:42.480,-5.64
2026-03-24 22:06:43.120,-3.72
2026-03-24 22:06:43.760,12.24
2026-03-24 22:06:44.400,17.04
2026-03-24 22:06:45.040,26.88
2026-03-24 22:06:45.680,-18.12
2026-03-24 22:06:46.320,-29.04
2026-03-24 22:06:46.960,-11.52
2026-03-24 22:06:47.600,-2.88
2026-03-24 22:06:48.240,18.24
2026-03-24 22:06:48.880,23.04
2026-03-24 22:06:49.520,-19.32
2026-03-24 22:06:50.160,-24.96
2026-03-24 22:06:50.800,-9.84
2026-03-24 22:06:51.440,-2.16
2026-03-24 22:06:52.080,20.64
2026-03-24 22:06:52.720,15.48
2026-03-24 22:06:53.360,-29.16
2026-03-24 22:06:54.000,-14.4
2026-03-24 22:06:54.640,-1.8
2026-03-24 22:06:55.280,18.12
2026-03-24 22:06:55.920,14.16
2026-03-24 22:06:56.560,10.08
2026-03-24 22:06:57.200,-22.2
2026-03-24 22:06:57.840,-6.84
2026-03-24 22:06:58.480,-1.08
2026-03-24 22:06:59.120,20.4
2026-03-24 22:06:59.760,15
2026-03-24 22:07:00.400,10.92
2026-03-24 22:07:01.040,-22.92
2026-03-24 22:07:01.680,-13.32
2026-03-24 22:07:02.320,-1.92
2026-03-24 22:07:02.960,22.44
2026-03-24 22:07:03.600,10.92
2026-03-24 22:07:04.240,1.2
2026-03-24 22:07:04.880,-18.84
2026-03-24 22:07:05.520,-8.64
2026-03-24 22:07:06.160,-2.64
2026-03-24 22:07:06.800,11.4
2026-03-24 22:07:07.440,13.92
2026-03-24 22:07:08.080,7.68
2026-03-24 22:07:08.720,-21.96
2026-03-24 22:07:09.360,-11.16
2026-03-24 22:07:10.000,0.72
2026-03-24 22:07:10.640,14.64
2026-03-24 22:07:11.280,10.44
2026-03-24 22:07:11.920,-9.48
2026-03-24 22:07:12.560,-16.56
2026-03-24 22:07:13.200,-5.04
2026-03-24 22:07:13.840,14.04
2026-03-24 22:07:14.480,16.92
2026-03-24 22:07:15.120,19.56
2026-03-24 22:07:15.760,-19.68
2026-03-24 22:07:16.400,-0.12
2026-03-24 22:07:17.040,-28.68
2026-03-24 22:07:17.680,-10.2
2026-03-24 22:07:18.320,31.92
2026-03-24 22:07:18.960,40.92
2026-03-24 22:07:19.600,-35.52
2026-03-24 22:07:20.240,-32.76
2026-03-24 22:07:20.880,-2.88
2026-03-24 22:07:21.520,4.08
2026-03-24 22:07:22.160,-6.6
2026-03-24 22:07:22.800,30.84
2026-03-24 22:07:23.440,43.08
2026-03-24 22:07:24.080,16.68
2026-03-24 22:07:24.720,-51.48
2026-03-24 22:07:25.360,-26.64
2026-03-24 22:07:26.000,-8.28
2026-03-24 22:07:26.640,14.16
2026-03-24 22:07:27.280,22.08
2026-03-24 22:07:27.920,13.44
2026-03-24 22:07:28.560,-29.28
2026-03-24 22:07:29.200,-12.36
2026-03-24 22:07:29.840,-2.64
2026-03-24 22:07:30.480,3.6
2026-03-24 22:07:31.120,12.6
2026-03-24 22:07:31.760,30.84
2026-03-24 22:07:32.400,0.12
2026-03-24 22:07:33.040,-0.12
2026-03-24 22:07:33.680,0
2026-03-24 22:07:34.320,-0.48
2026-03-24 22:07:34.960,-14.76
2026-03-24 22:07:35.600,-2.88
2026-03-24 22:07:36.240,41.88
2026-03-24 22:07:36.880,34.56
2026-03-24 22:07:37.520,3.24
2026-03-24 22:07:38.160,-49.92
2026-03-24 22:07:38.800,-21.6
2026-03-24 22:07:39.440,-5.64
2026-03-24 22:07:40.080,25.08
2026-03-24 22:07:40.720,29.88
2026-03-24 22:07:41.360,-14.64
2026-03-24 22:07:42.000,-32.28
2026-03-24 22:07:42.640,-13.92
2026-03-24 22:07:43.280,-3.72
2026-03-24 22:07:43.920,-3.12
2026-03-24 22:07:44.560,6.96
2026-03-24 22:07:45.200,3.72
2026-03-24 22:07:45.840,-6.96
2026-03-24 22:07:46.480,-2.64
2026-03-24 22:07:47.120,0.24
2026-03-24 22:07:47.760,-0.36
2026-03-24 22:07:48.400,2.28
2026-03-24 22:07:49.040,1.32
2026-03-24 22:07:49.680,6.96
2026-03-24 22:07:50.320,-6.24
2026-03-24 22:07:50.960,0.24
2026-03-24 22:07:51.600,1.8
2026-03-24 22:07:52.240,-2.4
2026-03-24 22:07:52.880,3.36
2026-03-24 22:07:53.520,8.52
2026-03-24 22:07:54.160,-1.44
2026-03-24 22:07:54.800,-3.36
2026-03-24 22:07:55.440,-1.8
2026-03-24 22:07:56.080,5.88
2026-03-24 22:07:56.720,14.88
2026-03-24 22:07:57.360,28.56
2026-03-24 22:07:58.000,30.84
2026-03-24 22:07:58.640,-47.04
2026-03-24 22:07:59.280,-29.16
2026-03-24 22:07:59.920,-12.36
2026-03-24 22:08:00.560,27.96
2026-03-24 22:08:01.200,33.72
2026-03-24 22:08:01.840,28.68
2026-03-24 22:08:02.480,-46.08
2026-03-24 22:08:03.120,-36.36
2026-03-24 22:08:03.760,-19.2
2026-03-24 22:08:04.400,-6.48
2026-03-24 22:08:05.040,24.36
2026-03-24 22:08:05.680,26.88
2026-03-24 22:08:06.320,20.64
2026-03-24 22:08:06.960,-36.96
2026-03-24 22:08:07.600,-21.6
2026-03-24 22:08:08.240,-6.48
2026-03-24 22:08:08.880,-1.44
2026-03-24 22:08:09.520,-0.72
2026-03-24 22:08:10.160,19.44
2026-03-24 22:08:10.800,13.68
2026-03-24 22:08:11.440,-24.36
2026-03-24 22:08:12.080,-13.32
2026-03-24 22:08:12.720,-2.76
2026-03-24 22:08:13.360,5.28
2026-03-24 22:08:14.000,9
2026-03-24 22:08:14.640,17.52
2026-03-24 22:08:15.280,-18.84
2026-03-24 22:08:15.920,-8.52
2026-03-24 22:08:16.560,-3.12
2026-03-24 22:08:17.200,0
2026-03-24 22:08:17.840,9.48
2026-03-24 22:08:18.480,8.4
2026-03-24 22:08:19.120,10.56
2026-03-24 22:08:19.760,-14.88
2026-03-24 22:08:20.400,-5.88
2026-03-24 22:08:21.040,-3.12
2026-03-24 22:08:21.680,9.36
2026-03-24 22:08:22.320,21.36
2026-03-24 22:08:22.960,14.52
2026-03-24 22:08:23.600,-29.52
2026-03-24 22:08:24.240,-18.72
2026-03-24 22:08:24.880,-5.28
2026-03-24 22:08:25.520,12
2026-03-24 22:08:26.160,-9.12
2026-03-24 22:08:26.800,-5.04
2026-03-24 22:08:27.440,11.52
2026-03-24 22:08:28.080,15.6
2026-03-24 22:08:28.720,-7.32
2026-03-24 22:08:29.360,-20.64
2026-03-24 22:08:30.000,-4.2
2026-03-24 22:08:30.640,8.04
2026-03-24 22:08:31.280,14.28
2026-03-24 22:08:31.920,17.4
2026-03-24 22:08:32.560,-30.96
2026-03-24 22:08:33.200,-14.4
2026-03-24 22:08:33.840,-5.04
2026-03-24 22:08:34.480,9.84
2026-03-24 22:08:35.120,15
2026-03-24 22:08:35.760,14.28
2026-03-24 22:08:36.400,-19.2
2026-03-24 22:08:37.040,-19.56
2026-03-24 22:08:37.680,-5.64
2026-03-24 22:08:38.320,2.4
2026-03-24 22:08:38.960,15.6
2026-03-24 22:08:39.600,16.2
2026-03-24 22:08:40.240,-11.4
2026-03-24 22:08:40.880,-22.56
2026-03-24 22:08:41.520,-7.92
2026-03-24 22:08:42.160,-0.96
2026-03-24 22:08:42.800,11.64
2026-03-24 22:08:43.440,15.96
2026-03-24 22:08:44.080,12.12
2026-03-24 22:08:44.720,-29.28
2026-03-24 22:08:45.360,-14.64
2026-03-24 22:08:46.000,-3.6
2026-03-24 22:08:46.640,0.36
2026-03-24 22:08:47.280,12.36
2026-03-24 22:08:47.920,17.28
2026-03-24 22:08:48.560,13.08
2026-03-24 22:08:49.200,-32.04
2026-03-24 22:08:49.840,-19.08
2026-03-24 22:08:50.480,-6.84
2026-03-24 22:08:51.120,11.52
2026-03-24 22:08:51.760,13.92
2026-03-24 22:08:52.400,11.64
2026-03-24 22:08:53.040,-20.16
2026-03-24 22:08:53.680,-20.16
2026-03-24 22:08:54.320,-4.8
2026-03-24 22:08:54.960,15.72
2026-03-24 22:08:55.600,13.8
2026-03-24 22:08:56.240,16.2
2026-03-24 22:08:56.880,-17.16
2026-03-24 22:08:57.520,-21.84
2026-03-24 22:08:58.160,-7.32
2026-03-24 22:08:58.800,16.8
2026-03-24 22:08:59.440,16.56
2026-03-24 22:09:00.080,20.4
2026-03-24 22:09:00.720,-29.76
2026-03-24 22:09:01.360,-17.64
2026-03-24 22:09:02.000,-4.92
2026-03-24 22:09:02.640,18
2026-03-24 22:09:03.280,18.36
2026-03-24 22:09:03.920,16.68
2026-03-24 22:09:04.560,-29.16
2026-03-24 22:09:05.200,-13.8
2026-03-24 22:09:05.840,-3.96
2026-03-24 22:09:06.480,11.4
2026-03-24 22:09:07.120,15.72
2026-03-24 22:09:07.760,7.8
2026-03-24 22:09:08.400,-19.56
2026-03-24 22:09:09.040,-6.48
2026-03-24 22:09:09.680,-1.8
2026-03-24 22:09:10.320,10.44
2026-03-24 22:09:10.960,12.36
2026-03-24 22:09:11.600,16.32
2026-03-24 22:09:12.240,-20.28
2026-03-24 22:09:12.880,-9.12
2026-03-24 22:09:13.520,-3
2026-03-24 22:09:14.160,4.32
2026-03-24 22:09:14.800,13.32
2026-03-24 22:09:15.440,13.2
2026-03-24 22:09:16.080,-10.08
2026-03-24 22:09:16.720,-14.04
2026-03-24 22:09:17.360,-7.68
2026-03-24 22:09:18.000,0.84
2026-03-24 22:09:18.640,15.12
2026-03-24 22:09:19.280,12.48
2026-03-24 22:09:19.920,18.48
2026-03-24 22:09:20.560,-23.16
2026-03-24 22:09:21.200,9
2026-03-24 22:09:21.840,12.36
2026-03-24 22:09:22.480,10.92
2026-03-24 22:09:23.120,-22.56
2026-03-24 22:09:23.760,-12.6
2026-03-24 22:09:24.400,-2.52
2026-03-24 22:09:25.040,17.04
2026-03-24 22:09:25.680,12
2026-03-24 22:09:26.320,9.96
2026-03-24 22:09:26.960,-23.52
2026-03-24 22:09:27.600,-10.68
2026-03-24 22:09:28.240,17.88
2026-03-24 22:09:28.880,14.88
2026-03-24 22:09:29.520,17.64
2026-03-24 22:09:30.160,-28.92
2026-03-24 22:09:30.800,-15.12
2026-03-24 22:09:31.440,-3.24
2026-03-24 22:09:32.080,19.2
2026-03-24 22:09:32.720,17.76
2026-03-24 22:09:33.360,15.96
2026-03-24 22:09:34.000,-29.04
2026-03-24 22:09:34.640,-14.64
2026-03-24 22:09:35.280,-6.48
2026-03-24 22:09:35.920,25.56
2026-03-24 22:09:36.560,18.12
2026-03-24 22:09:37.200,19.44
2026-03-24 22:09:37.840,-31.44
2026-03-24 22:09:38.480,-19.2
2026-03-24 22:09:39.120,11.04
2026-03-24 22:09:39.760,20.88
2026-03-24 22:09:40.400,17.88
2026-03-24 22:09:41.040,-26.64
2026-03-24 22:09:41.680,-16.68
2026-03-24 22:09:42.320,-2.16
2026-03-24 22:09:42.960,22.32
2026-03-24 22:09:43.600,27.48
2026-03-24 22:09:44.240,-3.6
2026-03-24 22:09:44.880,-31.32
2026-03-24 22:09:45.520,-13.08
2026-03-24 22:09:46.160,-3.72
2026-03-24 22:09:46.800,6.36
2026-03-24 22:09:47.440,15.6
2026-03-24 22:09:48.080,14.64
2026-03-24 22:09:48.720,-24.36
2026-03-24 22:09:49.360,-12.6
2026-03-24 22:09:50.000,-4.32
2026-03-24 22:09:50.640,3
2026-03-24 22:09:51.280,16.44
2026-03-24 22:09:51.920,16.56
2026-03-24 22:09:52.560,10.2
2026-03-24 22:09:53.200,-21.84
2026-03-24 22:09:53.840,-10.68
2026-03-24 22:09:54.480,-1.2
2026-03-24 22:09:55.120,15
2026-03-24 22:09:55.760,16.44
2026-03-24 22:09:56.400,5.52
2026-03-24 22:09:57.040,-19.32
2026-03-24 22:09:57.680,-10.32
2026-03-24 22:09:58.320,0
2026-03-24 22:09:58.960,16.44
2026-03-24 22:09:59.600,11.16
2026-03-24 22:10:00.240,-6.72
2026-03-24 22:10:00.880,-13.68
2026-03-24 22:10:01.520,-7.8
2026-03-24 22:10:02.160,-4.32
2026-03-24 22:10:02.800,6.84
2026-03-24 22:10:03.440,12.36
2026-03-24 22:10:04.080,11.16
2026-03-24 22:10:04.720,-12.84
2026-03-24 22:10:05.360,-13.92
2026-03-24 22:10:06.000,-5.16
2026-03-24 22:10:06.640,-0.96
2026-03-24 22:10:07.280,14.4
2026-03-24 22:10:07.920,15.6
2026-03-24 22:10:08.560,11.4
2026-03-24 22:10:09.200,-25.56
2026-03-24 22:10:09.840,-13.92
2026-03-24 22:10:10.480,-3.6
2026-03-24 22:10:11.120,12.6
2026-03-24 22:10:11.760,16.08
2026-03-24 22:10:12.400,12.96
2026-03-24 22:10:13.040,2.88
2026-03-24 22:10:13.680,-24.84
2026-03-24 22:10:14.320,-9.24
2026-03-24 22:10:14.960,-3.84
2026-03-24 22:10:15.600,21.12
2026-03-24 22:10:16.240,15.84
2026-03-24 22:10:16.880,11.4
2026-03-24 22:10:17.520,-27.6
2026-03-24 22:10:18.160,-14.4
2026-03-24 22:10:18.800,-4.08
2026-03-24 22:10:19.440,14.52
2026-03-24 22:10:20.080,16.08
2026-03-24 22:10:20.720,4.8
2026-03-24 22:10:21.360,-1.32
2026-03-24 22:10:22.000,12.96
2026-03-24 22:10:22.640,-12.24
2026-03-24 22:10:23.280,0.96
2026-03-24 22:10:23.920,-22.08
2026-03-24 22:10:24.560,-0.24
2026-03-24 22:10:25.200,0.24
2026-03-24 22:10:25.840,48
2026-03-24 22:10:26.480,13.56
2026-03-24 22:10:27.120,-33.96
2026-03-24 22:10:27.760,-31.92
2026-03-24 22:10:28.400,-0.72
2026-03-24 22:10:29.040,28.92
2026-03-24 22:10:29.680,39.96
2026-03-24 22:10:30.320,15.6
2026-03-24 22:10:30.960,-53.4
2026-03-24 22:10:31.600,-33.84
2026-03-24 22:10:32.240,-11.28
2026-03-24 22:10:32.880,27.48
2026-03-24 22:10:33.520,31.44
2026-03-24 22:10:34.160,26.28
2026-03-24 22:10:34.800,-33.96
2026-03-24 22:10:35.440,-35.4
2026-03-24 22:10:36.080,-16.32
2026-03-24 22:10:36.720,20.64
2026-03-24 22:10:37.360,31.2
2026-03-24 22:10:38.000,33.72
2026-03-24 22:10:38.640,13.92
2026-03-24 22:10:39.280,-11.76
2026-03-24 22:10:39.920,-24.84
2026-03-24 22:10:40.560,-30.12
2026-03-24 22:10:41.200,-22.44
2026-03-24 22:10:41.840,-1.2
2026-03-24 22:10:42.480,-1.08
2026-03-24 22:10:43.120,-0.24
2026-03-24 22:10:43.760,-13.56
2026-03-24 22:10:44.400,-7.56
2026-03-24 22:10:45.040,30.36
2026-03-24 22:10:45.680,42
2026-03-24 22:10:46.320,28.56
2026-03-24 22:10:46.960,23.28
2026-03-24 22:10:47.600,-41.4
2026-03-24 22:10:48.240,-43.92
2026-03-24 22:10:48.880,-26.04
2026-03-24 22:10:49.520,-5.52
2026-03-24 22:10:50.160,33.36
2026-03-24 22:10:50.800,6.36
2026-03-24 22:10:51.440,-29.04
2026-03-24 22:10:52.080,-18.48
2026-03-24 22:10:52.720,4.2
2026-03-24 22:10:53.360,24.48
2026-03-24 22:10:54.000,27.84
2026-03-24 22:10:54.640,-29.04
2026-03-24 22:10:55.280,-31.56
2026-03-24 22:10:55.920,-9.48
2026-03-24 22:10:56.560,18
2026-03-24 22:10:57.200,35.4
2026-03-24 22:10:57.840,40.92
2026-03-24 22:10:58.480,-17.76
2026-03-24 22:10:59.120,-1.8
2026-03-24 22:10:59.760,-1.44
2026-03-24 22:11:00.400,-47.88
2026-03-24 22:11:01.040,-29.52
2026-03-24 22:11:01.680,2.4
2026-03-24 22:11:02.320,34.2
2026-03-24 22:11:02.960,34.2
2026-03-24 22:11:03.600,29.4
2026-03-24 22:11:04.240,31.2
2026-03-24 22:11:04.880,26.52
2026-03-24 22:11:05.520,-53.04
2026-03-24 22:11:06.160,-50.4
2026-03-24 22:11:06.800,-30.84
2026-03-24 22:11:07.440,-12.48
2026-03-24 22:11:08.080,-1.56
2026-03-24 22:11:08.720,13.68
2026-03-24 22:11:09.360,26.88
2026-03-24 22:11:10.000,27.6
2026-03-24 22:11:10.640,-34.32
2026-03-24 22:11:11.280,-24.24
2026-03-24 22:11:11.920,-5.04
2026-03-24 22:11:12.560,6.72
2026-03-24 22:11:13.200,22.68
2026-03-24 22:11:13.840,28.56
2026-03-24 22:11:14.480,25.2
2026-03-24 22:11:15.120,26.76
2026-03-24 22:11:15.760,26.04
2026-03-24 22:11:16.400,-43.92
2026-03-24 22:11:17.040,-42.6
2026-03-24 22:11:17.680,-23.04
2026-03-24 22:11:18.320,-3.96
2026-03-24 22:11:18.960,4.44
2026-03-24 22:11:19.600,21.36
2026-03-24 22:11:20.240,28.56
2026-03-24 22:11:20.880,18.72
2026-03-24 22:11:21.520,-30.72
2026-03-24 22:11:22.160,-12.84
2026-03-24 22:11:22.800,-0.24
2026-03-24 22:11:23.440,2.28
2026-03-24 22:11:24.080,19.56
2026-03-24 22:11:24.720,28.32
2026-03-24 22:11:25.360,23.04
2026-03-24 22:11:26.000,-32.16
2026-03-24 22:11:26.640,-28.08
2026-03-24 22:11:27.280,-10.08
2026-03-24 22:11:27.920,-3.24
2026-03-24 22:11:28.560,17.76
2026-03-24 22:11:29.200,33.24
2026-03-24 22:11:29.840,0.36
2026-03-24 22:11:30.480,1.08
2026-03-24 22:11:31.120,-16.2
2026-03-24 22:11:31.760,-25.44
2026-03-24 22:11:32.400,-13.68
2026-03-24 22:11:33.040,-1.08
2026-03-24 22:11:33.680,-1.2
2026-03-24 22:11:34.320,8.4
2026-03-24 22:11:34.960,30.12
2026-03-24 22:11:35.600,14.64
2026-03-24 22:11:36.240,-25.08
2026-03-24 22:11:36.880,-10.68
2026-03-24 22:11:37.520,-2.04
2026-03-24 22:11:38.160,3.48
2026-03-24 22:11:38.800,17.64
2026-03-24 22:11:39.440,12.96
2026-03-24 22:11:40.080,-15.24
2026-03-24 22:11:40.720,-8.64
2026-03-24 22:11:41.360,-0.48
2026-03-24 22:11:42.000,14.4
2026-03-24 22:11:42.640,18.72
2026-03-24 22:11:43.280,22.44
2026-03-24 22:11:43.920,-23.88
2026-03-24 22:11:44.560,-22.08
2026-03-24 22:11:45.200,-7.8
2026-03-24 22:11:45.840,0.36
2026-03-24 22:11:46.480,18.72
2026-03-24 22:11:47.120,21.6
2026-03-24 22:11:47.760,25.8
2026-03-24 22:11:48.400,-34.8
2026-03-24 22:11:49.040,-25.44
2026-03-24 22:11:49.680,-10.2
2026-03-24 22:11:50.320,-2.4
2026-03-24 22:11:50.960,8.76
2026-03-24 22:11:51.600,17.52
2026-03-24 22:11:52.240,13.08
2026-03-24 22:11:52.880,-14.28
2026-03-24 22:11:53.520,-12.6
2026-03-24 22:11:54.160,-3.48
2026-03-24 22:11:54.800,12.12
2026-03-24 22:11:55.440,19.44
2026-03-24 22:11:56.080,19.44
2026-03-24 22:11:56.720,-26.16
2026-03-24 22:11:57.360,-12.24
2026-03-24 22:11:58.000,-2.4
2026-03-24 22:11:58.640,4.44
2026-03-24 22:11:59.280,23.16
2026-03-24 22:11:59.920,25.8
2026-03-24 22:12:00.560,-27.96
2026-03-24 22:12:01.200,-13.56
2026-03-24 22:12:01.840,-3.48
2026-03-24 22:12:02.480,4.32
2026-03-24 22:12:03.120,14.4
2026-03-24 22:12:03.760,9.24
2026-03-24 22:12:04.400,-15.36
2026-03-24 22:12:05.040,-5.16
2026-03-24 22:12:05.680,-0.6
2026-03-24 22:12:06.320,1.8
2026-03-24 22:12:06.960,10.92
2026-03-24 22:12:07.600,-3.96
2026-03-24 22:12:08.240,-6.6
2026-03-24 22:12:08.880,-1.44
2026-03-24 22:12:09.520,15.48
2026-03-24 22:12:10.160,40.92
2026-03-24 22:12:10.800,35.52
2026-03-24 22:12:11.440,-46.92
2026-03-24 22:12:12.080,-26.64
2026-03-24 22:12:12.720,-1.08
2026-03-24 22:12:13.360,-1.92
2026-03-24 22:12:14.000,-9.84
2026-03-24 22:12:14.640,-0.24
2026-03-24 22:12:15.280,26.76
2026-03-24 22:12:15.920,33.84
2026-03-24 22:12:16.560,20.04
2026-03-24 22:12:17.200,-39.72
2026-03-24 22:12:17.840,-42
2026-03-24 22:12:18.480,-17.4
2026-03-24 22:12:19.120,-5.52
2026-03-24 22:12:19.760,4.2
2026-03-24 22:12:20.400,19.32
2026-03-24 22:12:21.040,16.56
2026-03-24 22:12:21.680,-18.24
2026-03-24 22:12:22.320,-12
2026-03-24 22:12:22.960,-6.6
2026-03-24 22:12:23.600,-4.56
2026-03-24 22:12:24.240,1.56
2026-03-24 22:12:24.880,5.16
2026-03-24 22:12:25.520,22.44
2026-03-24 22:12:26.160,31.44
2026-03-24 22:12:26.800,-7.2
2026-03-24 22:12:27.440,-27
2026-03-24 22:12:28.080,-10.8
2026-03-24 22:12:28.720,-9.12
2026-03-24 22:12:29.360,-0.48
2026-03-24 22:12:30.000,-15.84
2026-03-24 22:12:30.640,-2.76
2026-03-24 22:12:31.280,26.28
2026-03-24 22:12:31.920,32.88
2026-03-24 22:12:32.560,29.04
2026-03-24 22:12:33.200,-42.84
2026-03-24 22:12:33.840,-25.8
2026-03-24 22:12:34.480,-8.28
2026-03-24 22:12:35.120,-3.84
2026-03-24 22:12:35.760,10.08
2026-03-24 22:12:36.400,19.56
2026-03-24 22:12:37.040,14.28
2026-03-24 22:12:37.680,-23.28
2026-03-24 22:12:38.320,-10.08
2026-03-24 22:12:38.960,-2.04
2026-03-24 22:12:39.600,-1.92
2026-03-24 22:12:40.240,0.84
2026-03-24 22:12:40.880,-0.24
2026-03-24 22:12:41.520,5.4
2026-03-24 22:12:42.160,-3.48
2026-03-24 22:12:42.800,0.48
2026-03-24 22:12:43.440,-1.08
2026-03-24 22:12:44.080,-1.08
2026-03-24 22:12:44.720,6.36
2026-03-24 22:12:45.360,3.84
2026-03-24 22:12:46.000,-5.04
2026-03-24 22:12:46.640,1.2
2026-03-24 22:12:47.280,-1.32
2026-03-24 22:12:47.920,6.12
2026-03-24 22:12:48.560,24.24
2026-03-24 22:12:49.200,19.8
2026-03-24 22:12:49.840,-23.88
2026-03-24 22:12:50.480,-10.8
2026-03-24 22:12:51.120,-2.04
2026-03-24 22:12:51.760,10.8
2026-03-24 22:12:52.400,26.88
2026-03-24 22:12:53.040,32.16
2026-03-24 22:12:53.680,5.16
2026-03-24 22:12:54.320,-33.36
2026-03-24 22:12:54.960,-23.04
2026-03-24 22:12:55.600,-9.36
2026-03-24 22:12:56.240,0.6
2026-03-24 22:12:56.880,18
2026-03-24 22:12:57.520,27.24
2026-03-24 22:12:58.160,29.4
2026-03-24 22:12:58.800,9.12
2026-03-24 22:12:59.440,-43.8
2026-03-24 22:13:00.080,-26.4
2026-03-24 22:13:00.720,-7.68
2026-03-24 22:13:01.360,8.28
2026-03-24 22:13:02.000,23.28
2026-03-24 22:13:02.640,30.72
2026-03-24 22:13:03.280,18
2026-03-24 22:13:03.920,-37.08
2026-03-24 22:13:04.560,-32.64
2026-03-24 22:13:05.200,-15
2026-03-24 22:13:05.840,-5.16
2026-03-24 22:13:06.480,-2.4
2026-03-24 22:13:07.120,12.36
2026-03-24 22:13:07.760,9.84
2026-03-24 22:13:08.400,-11.04
2026-03-24 22:13:09.040,-3.84
2026-03-24 22:13:09.680,-0.96
2026-03-24 22:13:10.320,-1.56
2026-03-24 22:13:10.960,2.52
2026-03-24 22:13:11.600,3.12
2026-03-24 22:13:12.240,4.8
2026-03-24 22:13:12.880,0.96
2026-03-24 22:13:13.520,2.4
2026-03-24 22:13:14.160,0
2026-03-24 22:13:14.800,0.6
2026-03-24 22:13:15.440,10.2
2026-03-24 22:13:16.080,0.48
2026-03-24 22:13:16.720,-5.76
2026-03-24 22:13:17.360,1.44
2026-03-24 22:13:18.000,-0.36
2026-03-24 22:13:18.640,0.12
2026-03-24 22:13:19.280,2.52
2026-03-24 22:13:19.920,18.84
2026-03-24 22:13:20.560,27.84
2026-03-24 22:13:21.200,-5.76
2026-03-24 22:13:21.840,-26.04
2026-03-24 22:13:22.480,-13.44
2026-03-24 22:13:23.120,-3.84
2026-03-24 22:13:23.760,29.16
2026-03-24 22:13:24.400,36.84
2026-03-24 22:13:25.040,34.8
2026-03-24 22:13:25.680,-29.4
2026-03-24 22:13:26.320,-45.96
2026-03-24 22:13:26.960,-24.48
2026-03-24 22:13:27.600,-7.08
2026-03-24 22:13:28.240,16.56
2026-03-24 22:13:28.880,20.88
2026-03-24 22:13:29.520,17.16
2026-03-24 22:13:30.160,-28.2
2026-03-24 22:13:30.800,-12.24
2026-03-24 22:13:31.440,-3.48
2026-03-24 22:13:32.080,-0.36
2026-03-24 22:13:32.720,6.96
2026-03-24 22:13:33.360,11.64
2026-03-24 22:13:34.000,-8.76
2026-03-24 22:13:34.640,-8.28
2026-03-24 22:13:35.280,0.24
2026-03-24 22:13:35.920,6.48
2026-03-24 22:13:36.560,15.84
2026-03-24 22:13:37.200,20.88
2026-03-24 22:13:37.840,-25.08
2026-03-24 22:13:38.480,-8.88
2026-03-24 22:13:39.120,-4.2
2026-03-24 22:13:39.760,0.72
2026-03-24 22:13:40.400,11.04
2026-03-24 22:13:41.040,23.16
2026-03-24 22:13:41.680,13.08
2026-03-24 22:13:42.320,-17.52
2026-03-24 22:13:42.960,-13.56
2026-03-24 22:13:43.600,1.8
2026-03-24 22:13:44.240,-0.24
2026-03-24 22:13:44.880,0.12
2026-03-24 22:13:45.520,-10.68
2026-03-24 22:13:46.160,8.4
2026-03-24 22:13:46.800,31.8
2026-03-24 22:13:47.440,21.72
2026-03-24 22:13:48.080,-36.48
2026-03-24 22:13:48.720,-16.56
2026-03-24 22:13:49.360,-3
2026-03-24 22:13:50.000,19.68
2026-03-24 22:13:50.640,30.12
2026-03-24 22:13:51.280,21.72
2026-03-24 22:13:51.920,-42.12
2026-03-24 22:13:52.560,-23.76
2026-03-24 22:13:53.200,-4.68
2026-03-24 22:13:53.840,-3.84
2026-03-24 22:13:54.480,11.88
2026-03-24 22:13:55.120,18.24
2026-03-24 22:13:55.760,-21.12
2026-03-24 22:13:56.400,-14.04
2026-03-24 22:13:57.040,-4.08
2026-03-24 22:13:57.680,0
2026-03-24 22:13:58.320,5.88
2026-03-24 22:13:58.960,11.04
2026-03-24 22:13:59.600,-11.4
2026-03-24 22:14:00.240,-3.12
2026-03-24 22:14:00.880,-0.84
2026-03-24 22:14:01.520,0.12
2026-03-24 22:14:02.160,5.4
2026-03-24 22:14:02.800,10.56
2026-03-24 22:14:03.440,-9.12
2026-03-24 22:14:04.080,-6.12
2026-03-24 22:14:04.720,-0.72
2026-03-24 22:14:05.360,-0.96
2026-03-24 22:14:06.000,6.36
2026-03-24 22:14:06.640,9.84
2026-03-24 22:14:07.280,6.24
2026-03-24 22:14:07.920,-10.44
2026-03-24 22:14:08.560,-3.12
2026-03-24 22:14:09.200,0.48
2026-03-24 22:14:09.840,14.76
2026-03-24 22:14:10.480,26.88
2026-03-24 22:14:11.120,1.2
2026-03-24 22:14:11.760,-26.64
2026-03-24 22:14:12.400,-12.12
2026-03-24 22:14:13.040,0.6
2026-03-24 22:14:13.680,21.6
2026-03-24 22:14:14.320,29.52
2026-03-24 22:14:14.960,6
2026-03-24 22:14:15.600,-33
2026-03-24 22:14:16.240,-21.84
2026-03-24 22:14:16.880,-6
2026-03-24 22:14:17.520,10.2
2026-03-24 22:14:18.160,24.6
2026-03-24 22:14:18.800,30.36
2026-03-24 22:14:19.440,-37.2
2026-03-24 22:14:20.080,-22.8
2026-03-24 22:14:20.720,-9
2026-03-24 22:14:21.360,-1.08
2026-03-24 22:14:22.000,14.52
2026-03-24 22:14:22.640,27.24
2026-03-24 22:14:23.280,20.04
2026-03-24 22:14:23.920,-24.84
2026-03-24 22:14:24.560,-18.12
2026-03-24 22:14:25.200,-6.48
2026-03-24 22:14:25.840,-1.2
2026-03-24 22:14:26.480,8.16
2026-03-24 22:14:27.120,13.92
2026-03-24 22:14:27.760,16.8
2026-03-24 22:14:28.400,-21.96
2026-03-24 22:14:29.040,-12.24
2026-03-24 22:14:29.680,-1.68
2026-03-24 22:14:30.320,7.68
2026-03-24 22:14:30.960,13.32
2026-03-24 22:14:31.600,9.48
2026-03-24 22:14:32.240,-17.04
2026-03-24 22:14:32.880,-6.96
2026-03-24 22:14:33.520,-2.16
2026-03-24 22:14:34.160,7.08
2026-03-24 22:14:34.800,13.8
2026-03-24 22:14:35.440,14.4
2026-03-24 22:14:36.080,-17.28
2026-03-24 22:14:36.720,-13.44
2026-03-24 22:14:37.360,-6.12
2026-03-24 22:14:38.000,-1.8
2026-03-24 22:14:38.640,4.44
2026-03-24 22:14:39.280,14.4
2026-03-24 22:14:39.920,24.24
2026-03-24 22:14:40.560,8.16
2026-03-24 22:14:41.200,-24.6
2026-03-24 22:14:41.840,-13.44
2026-03-24 22:14:42.480,-5.88
2026-03-24 22:14:43.120,0
2026-03-24 22:14:43.760,15.84
2026-03-24 22:14:44.400,21.72
2026-03-24 22:14:45.040,11.52
2026-03-24 22:14:45.680,-25.68
2026-03-24 22:14:46.320,-14.76
2026-03-24 22:14:46.960,-6.24
2026-03-24 22:14:47.600,14.04
2026-03-24 22:14:48.240,16.44
2026-03-24 22:14:48.880,14.04
2026-03-24 22:14:49.520,-22.2
2026-03-24 22:14:50.160,-10.68
2026-03-24 22:14:50.800,-1.2
2026-03-24 22:14:51.440,-2.64
2026-03-24 22:14:52.080,7.8
2026-03-24 22:14:52.720,10.68
2026-03-24 22:14:53.360,17.04
2026-03-24 22:14:54.000,-20.76
2026-03-24 22:14:54.640,-13.8
2026-03-24 22:14:55.280,-4.56
2026-03-24 22:14:55.920,-2.76
2026-03-24 22:14:56.560,1.56
2026-03-24 22:14:57.200,11.64
2026-03-24 22:14:57.840,14.76
2026-03-24 22:14:58.480,15.96
2026-03-24 22:14:59.120,-21.36
2026-03-24 22:14:59.760,-12.72
2026-03-24 22:15:00.400,-7.32
2026-03-24 22:15:01.040,13.8
2026-03-24 22:15:01.680,46.92
2026-03-24 22:15:02.320,43.08
2026-03-24 22:15:02.960,-2.04
2026-03-24 22:15:03.600,-2.28
2026-03-24 22:15:04.240,-3.6
2026-03-24 22:15:04.880,-52.2
2026-03-24 22:15:05.520,-26.64
2026-03-24 22:15:06.160,-7.92
2026-03-24 22:15:06.800,26.52
2026-03-24 22:15:07.440,32.76
2026-03-24 22:15:08.080,24.36
2026-03-24 22:15:08.720,-1.32
2026-03-24 22:15:09.360,-44.52
2026-03-24 22:15:10.000,-23.52
2026-03-24 22:15:10.640,-5.52
2026-03-24 22:15:11.280,0.84
2026-03-24 22:15:11.920,20.4
2026-03-24 22:15:12.560,29.64
2026-03-24 22:15:13.200,24.96
2026-03-24 22:15:13.840,22.56
2026-03-24 22:15:14.480,-40.56
2026-03-24 22:15:15.120,-32.52
2026-03-24 22:15:15.760,-21.72
2026-03-24 22:15:16.400,-7.8
2026-03-24 22:15:17.040,17.04
2026-03-24 22:15:17.680,30.12
2026-03-24 22:15:18.320,32.16
2026-03-24 22:15:18.960,23.28
2026-03-24 22:15:19.600,-28.68
2026-03-24 22:15:20.240,-41.4
2026-03-24 22:15:20.880,-27.12
2026-03-24 22:15:21.520,-10.08
2026-03-24 22:15:22.160,-2.28
2026-03-24 22:15:22.800,15.96
2026-03-24 22:15:23.440,28.08
2026-03-24 22:15:24.080,25.08
2026-03-24 22:15:24.720,18.84
2026-03-24 22:15:25.360,15.96
2026-03-24 22:15:26.000,-20.4
2026-03-24 22:15:26.640,-43.2
2026-03-24 22:15:27.280,-24.96
2026-03-24 22:15:27.920,-3.72
2026-03-24 22:15:28.560,4.44
2026-03-24 22:15:29.200,27.48
2026-03-24 22:15:29.840,31.68
2026-03-24 22:15:30.480,24.72
2026-03-24 22:15:31.120,8.76
2026-03-24 22:15:31.760,-43.44
2026-03-24 22:15:32.400,-27.36
2026-03-24 22:15:33.040,-10.44
2026-03-24 22:15:33.680,-3.72
2026-03-24 22:15:34.320,0.48
2026-03-24 22:15:34.960,7.68
2026-03-24 22:15:35.600,20.76
2026-03-24 22:15:36.240,0.12
2026-03-24 22:15:36.880,-18.24
2026-03-24 22:15:37.520,-2.76
2026-03-24 22:15:38.160,0.48
2026-03-24 22:15:38.800,12.24
2026-03-24 22:15:39.440,24.84
2026-03-24 22:15:40.080,15.12
2026-03-24 22:15:40.720,-22.08
2026-03-24 22:15:41.360,-8.76
2026-03-24 22:15:42.000,0
2026-03-24 22:15:42.640,0.6
2026-03-24 22:15:43.280,1.92
2026-03-24 22:15:43.920,0.12
2026-03-24 22:15:44.560,2.28
2026-03-24 22:15:45.200,0
2026-03-24 22:15:45.840,2.64
2026-03-24 22:15:46.480,16.56
2026-03-24 22:15:47.120,23.64
2026-03-24 22:15:47.760,16.8
2026-03-24 22:15:48.400,-26.64
2026-03-24 22:15:49.040,-10.92
2026-03-24 22:15:49.680,-3.6
2026-03-24 22:15:50.320,1.32
2026-03-24 22:15:50.960,-0.12
2026-03-24 22:15:51.600,1.56
2026-03-24 22:15:52.240,3.12
2026-03-24 22:15:52.880,1.8
2026-03-24 22:15:53.520,0.48
2026-03-24 22:15:54.160,-2.88
2026-03-24 22:15:54.800,1.44
2026-03-24 22:15:55.440,-3.36
2026-03-24 22:15:56.080,2.04
2026-03-24 22:15:56.720,4.92
2026-03-24 22:15:57.360,23.52
2026-03-24 22:15:58.000,-21.36
2026-03-24 22:15:58.640,-6
2026-03-24 22:15:59.280,-0.24
2026-03-24 22:15:59.920,1.56
2026-03-24 22:16:00.560,18.84
2026-03-24 22:16:01.200,38.4
2026-03-24 22:16:01.840,26.64
2026-03-24 22:16:02.480,-34.44
2026-03-24 22:16:03.120,-27.48
2026-03-24 22:16:03.760,-12.6
2026-03-24 22:16:04.400,24.24
2026-03-24 22:16:05.040,39.84
2026-03-24 22:16:05.680,24.36
2026-03-24 22:16:06.320,-38.4
2026-03-24 22:16:06.960,-34.92
2026-03-24 22:16:07.600,-25.68
2026-03-24 22:16:08.240,-8.28
2026-03-24 22:16:08.880,21
2026-03-24 22:16:09.520,29.04
2026-03-24 22:16:10.160,17.4
2026-03-24 22:16:10.800,-32.88
2026-03-24 22:16:11.440,-21.24
2026-03-24 22:16:12.080,-7.32
2026-03-24 22:16:12.720,-3.24
2026-03-24 22:16:13.360,-1.32
2026-03-24 22:16:14.000,20.16
2026-03-24 22:16:14.640,26.28
2026-03-24 22:16:15.280,23.16
2026-03-24 22:16:15.920,-37.68
2026-03-24 22:16:16.560,-26.4
2026-03-24 22:16:17.200,-9.24
2026-03-24 22:16:17.840,-0.24
2026-03-24 22:16:18.480,17.28
2026-03-24 22:16:19.120,28.2
2026-03-24 22:16:19.760,13.56
2026-03-24 22:16:20.400,-31.08
2026-03-24 22:16:21.040,-14.4
2026-03-24 22:16:21.680,-3.96
2026-03-24 22:16:22.320,0.24
2026-03-24 22:16:22.960,1.68
2026-03-24 22:16:23.600,8.76
2026-03-24 22:16:24.240,-10.08
2026-03-24 22:16:24.880,-1.8
2026-03-24 22:16:25.520,-2.16
2026-03-24 22:16:26.160,1.32
2026-03-24 22:16:26.800,-0.48
2026-03-24 22:16:27.440,2.88
2026-03-24 22:16:28.080,2.64
2026-03-24 22:16:28.720,0.12
2026-03-24 22:16:29.360,-0.84
2026-03-24 22:16:30.000,-2.76
2026-03-24 22:16:30.640,-0.24
2026-03-24 22:16:31.280,6.48
2026-03-24 22:16:31.920,10.56
2026-03-24 22:16:32.560,0.72
2026-03-24 22:16:33.200,-10.08
2026-03-24 22:16:33.840,-0.96
2026-03-24 22:16:34.480,-1.44
2026-03-24 22:16:35.120,0.12
2026-03-24 22:16:35.760,2.4
2026-03-24 22:16:36.400,10.32
2026-03-24 22:16:37.040,10.44
2026-03-24 22:16:37.680,-10.2
2026-03-24 22:16:38.320,-1.8
2026-03-24 22:16:38.960,-1.92
2026-03-24 22:16:39.600,6.84
2026-03-24 22:16:40.240,14.52
2026-03-24 22:16:40.880,21.48
2026-03-24 22:16:41.520,-26.76
2026-03-24 22:16:42.160,-9.12
2026-03-24 22:16:42.800,-3
2026-03-24 22:16:43.440,17.64
2026-03-24 22:16:44.080,25.92
2026-03-24 22:16:44.720,30.96
2026-03-24 22:16:45.360,-40.68
2026-03-24 22:16:46.000,-31.08
2026-03-24 22:16:46.640,-14.76
2026-03-24 22:16:47.280,0.48
2026-03-24 22:16:47.920,29.16
2026-03-24 22:16:48.560,32.04
2026-03-24 22:16:49.200,3.48
2026-03-24 22:16:49.840,-35.52
2026-03-24 22:16:50.480,-23.04
2026-03-24 22:16:51.120,-10.2
2026-03-24 22:16:51.760,-4.56
2026-03-24 22:16:52.400,27.24
2026-03-24 22:16:53.040,24.6
2026-03-24 22:16:53.680,9.36
2026-03-24 22:16:54.320,-24.36
2026-03-24 22:16:54.960,-26.28
2026-03-24 22:16:55.600,-7.2
2026-03-24 22:16:56.240,35.64
2026-03-24 22:16:56.880,38.4
2026-03-24 22:16:57.520,33.36
2026-03-24 22:16:58.160,-2.4
2026-03-24 22:16:58.800,-2.76
2026-03-24 22:16:59.440,-4.32
2026-03-24 22:17:00.080,-4.44
2026-03-24 22:17:00.720,-55.92
2026-03-24 22:17:01.360,-31.32
2026-03-24 22:17:02.000,-7.08
2026-03-24 22:17:02.640,30.48
2026-03-24 22:17:03.280,38.52
2026-03-24 22:17:03.920,29.64
2026-03-24 22:17:04.560,-27.48
2026-03-24 22:17:05.200,-28.56
2026-03-24 22:17:05.840,-32.88
2026-03-24 22:17:06.480,-16.44
2026-03-24 22:17:07.120,-2.28
2026-03-24 22:17:07.760,4.56
2026-03-24 22:17:08.400,23.28
2026-03-24 22:17:09.040,28.8
2026-03-24 22:17:09.680,18.72
2026-03-24 22:17:10.320,-33.72
2026-03-24 22:17:10.960,-17.64
2026-03-24 22:17:11.600,-3.36
2026-03-24 22:17:12.240,9.84
2026-03-24 22:17:12.880,25.92
2026-03-24 22:17:13.520,29.4
2026-03-24 22:17:14.160,-33.48
2026-03-24 22:17:14.800,-27.84
2026-03-24 22:17:15.440,-8.4
2026-03-24 22:17:16.080,-0.96
2026-03-24 22:17:16.720,16.92
2026-03-24 22:17:17.360,25.08
2026-03-24 22:17:18.000,20.28
2026-03-24 22:17:18.640,-30.24
2026-03-24 22:17:19.280,-12.48
2026-03-24 22:17:19.920,-1.2
2026-03-24 22:17:20.560,-1.32
2026-03-24 22:17:21.200,12.6
2026-03-24 22:17:21.840,16.08
2026-03-24 22:17:22.480,-20.76
2026-03-24 22:17:23.120,-9.96
2026-03-24 22:17:23.760,-1.44
2026-03-24 22:17:24.400,0.72
2026-03-24 22:17:25.040,0.24
2026-03-24 22:17:25.680,1.44
2026-03-24 22:17:26.320,1.08
2026-03-24 22:17:26.960,6.96
2026-03-24 22:17:27.600,-5.64
2026-03-24 22:17:28.240,-2.64
2026-03-24 22:17:28.880,-0.84
2026-03-24 22:17:29.520,2.64
2026-03-24 22:17:30.160,0.6
2026-03-24 22:17:30.800,3.84
2026-03-24 22:17:31.440,13.32
2026-03-24 22:17:32.080,-11.52
2026-03-24 22:17:32.720,-1.68
2026-03-24 22:17:33.360,0.36
2026-03-24 22:17:34.000,11.88
2026-03-24 22:17:34.640,30.48
2026-03-24 22:17:35.280,31.8
2026-03-24 22:17:35.920,-37.68
2026-03-24 22:17:36.560,-31.2
2026-03-24 22:17:37.200,-15.12
2026-03-24 22:17:37.840,32.64
2026-03-24 22:17:38.480,36.6
2026-03-24 22:17:39.120,31.2
2026-03-24 22:17:39.760,29.4
2026-03-24 22:17:40.400,-38.28
2026-03-24 22:17:41.040,-42.24
2026-03-24 22:17:41.680,-31.68
2026-03-24 22:17:42.320,-9.6
2026-03-24 22:17:42.960,31.2
2026-03-24 22:17:43.600,29.88
2026-03-24 22:17:44.240,-15.36
2026-03-24 22:17:44.880,-30
2026-03-24 22:17:45.520,-18.84
2026-03-24 22:17:46.160,-6.48
2026-03-24 22:17:46.800,-1.68
2026-03-24 22:17:47.440,14.28
2026-03-24 22:17:48.080,24.72
2026-03-24 22:17:48.720,-18.48
2026-03-24 22:17:49.360,-16.56
2026-03-24 22:17:50.000,-2.04
2026-03-24 22:17:50.640,-2.04
2026-03-24 22:17:51.280,8.64
2026-03-24 22:17:51.920,16.08
2026-03-24 22:17:52.560,11.64
2026-03-24 22:17:53.200,-17.88
2026-03-24 22:17:53.840,-6
2026-03-24 22:17:54.480,-0.72
2026-03-24 22:17:55.120,10.68
2026-03-24 22:17:55.760,17.88
2026-03-24 22:17:56.400,11.76
2026-03-24 22:17:57.040,-17.04
2026-03-24 22:17:57.680,-10.08
2026-03-24 22:17:58.320,-2.16
2026-03-24 22:17:58.960,-0.48
2026-03-24 22:17:59.600,2.16
2026-03-24 22:18:00.240,9.96
2026-03-24 22:18:00.880,12.72
2026-03-24 22:18:01.520,-14.76
2026-03-24 22:18:02.160,-8.04
2026-03-24 22:18:02.800,0
2026-03-24 22:18:03.440,-0.84
2026-03-24 22:18:04.080,2.04
2026-03-24 22:18:04.720,14.16
2026-03-24 22:18:05.360,11.52
2026-03-24 22:18:06.000,-15.12
2026-03-24 22:18:06.640,-8.28
2026-03-24 22:18:07.280,-3.12
2026-03-24 22:18:07.920,9.36
2026-03-24 22:18:08.560,15.12
2026-03-24 22:18:09.200,25.8
2026-03-24 22:18:09.840,-23.64
2026-03-24 22:18:10.480,-20.28
2026-03-24 22:18:11.120,-8.28
2026-03-24 22:18:11.760,-1.8
2026-03-24 22:18:12.400,22.44
2026-03-24 22:18:13.040,31.68
2026-03-24 22:18:13.680,33.6
2026-03-24 22:18:14.320,24
2026-03-24 22:18:14.960,-58.68
2026-03-24 22:18:15.600,-1.56
2026-03-24 22:18:16.240,-0.24
2026-03-24 22:18:16.880,3.84
2026-03-24 22:18:17.520,-14.88
2026-03-24 22:18:18.160,23.28
2026-03-24 22:18:18.800,40.56
2026-03-24 22:18:19.440,31.56
2026-03-24 22:18:20.080,-45.48
2026-03-24 22:18:20.720,-38.04
2026-03-24 22:18:21.360,-19.92
2026-03-24 22:18:22.000,7.2
2026-03-24 22:18:22.640,33.12
2026-03-24 22:18:23.280,5.04
2026-03-24 22:18:23.920,-29.76
2026-03-24 22:18:24.560,-7.92
2026-03-24 22:18:25.200,12.6
2026-03-24 22:18:25.840,26.64
2026-03-24 22:18:26.480,30.24
2026-03-24 22:18:27.120,-18.6
2026-03-24 22:18:27.760,-36.36
2026-03-24 22:18:28.400,-18.48
2026-03-24 22:18:29.040,-0.84
2026-03-24 22:18:29.680,10.68
2026-03-24 22:18:30.320,2.04
2026-03-24 22:18:30.960,-9.6
2026-03-24 22:18:31.600,-3.96
2026-03-24 22:18:32.240,-2.64
2026-03-24 22:18:32.880,7.68
2026-03-24 22:18:33.520,12.12
2026-03-24 22:18:34.160,12.36
2026-03-24 22:18:34.800,-15.36
2026-03-24 22:18:35.440,-6.6
2026-03-24 22:18:36.080,-1.32
2026-03-24 22:18:36.720,6.24
2026-03-24 22:18:37.360,10.2
2026-03-24 22:18:38.000,-7.92
2026-03-24 22:18:38.640,-4.92
2026-03-24 22:18:39.280,-3.12
2026-03-24 22:18:39.920,1.32
2026-03-24 22:18:40.560,2.4
2026-03-24 22:18:41.200,8.52
2026-03-24 22:18:41.840,10.68
2026-03-24 22:18:42.480,-6.24
2026-03-24 22:18:43.120,-2.88
2026-03-24 22:18:43.760,2.52
2026-03-24 22:18:44.400,36.6
2026-03-24 22:18:45.040,43.56
2026-03-24 22:18:45.680,40.56
2026-03-24 22:18:46.320,39
2026-03-24 22:18:46.960,4.08
2026-03-24 22:18:47.600,-54.24
2026-03-24 22:18:48.240,-40.32
2026-03-24 22:18:48.880,-20.4
2026-03-24 22:18:49.520,-3.72
2026-03-24 22:18:50.160,6.24
2026-03-24 22:18:50.800,12.12
2026-03-24 22:18:51.440,17.64
2026-03-24 22:18:52.080,-8.16
2026-03-24 22:18:52.720,3.48
2026-03-24 22:18:53.360,6.72
2026-03-24 22:18:54.000,4.92
2026-03-24 22:18:54.640,5.64
2026-03-24 22:18:55.280,4.08
2026-03-24 22:18:55.920,8.4
2026-03-24 22:18:56.560,4.32
2026-03-24 22:18:57.200,14.28
2026-03-24 22:18:57.840,9.6
2026-03-24 22:18:58.480,-4.08
2026-03-24 22:18:59.120,-1.56
2026-03-24 22:18:59.760,0
2026-03-24 22:19:00.400,3.36
2026-03-24 22:19:01.040,4.32
2026-03-24 22:19:01.680,3.6
2026-03-24 22:19:02.320,-1.92
2026-03-24 22:19:02.960,1.56
2026-03-24 22:19:03.600,1.2
2026-03-24 22:19:04.240,0.12
2026-03-24 22:19:04.880,7.08
2026-03-24 22:19:05.520,12.72
2026-03-24 22:19:06.160,-8.28
2026-03-24 22:19:06.800,-2.4
2026-03-24 22:19:07.440,0.12
2026-03-24 22:19:08.080,29.64
2026-03-24 22:19:08.720,19.2
2026-03-24 22:19:09.360,-22.8
2026-03-24 22:19:10.000,-21.24
2026-03-24 22:19:10.640,-7.2
2026-03-24 22:19:11.280,11.4
2026-03-24 22:19:11.920,45.24
2026-03-24 22:19:12.560,47.76
2026-03-24 22:19:13.200,45.96
2026-03-24 22:19:13.840,-66.36
2026-03-24 22:19:14.480,-45.36
2026-03-24 22:19:15.120,-21.72
2026-03-24 22:19:15.760,18
2026-03-24 22:19:16.400,32.64
2026-03-24 22:19:17.040,-15.6
2026-03-24 22:19:17.680,-28.56
2026-03-24 22:19:18.320,-13.68
2026-03-24 22:19:18.960,-3
2026-03-24 22:19:19.600,11.52
2026-03-24 22:19:20.240,13.92
2026-03-24 22:19:20.880,-16.44
2026-03-24 22:19:21.520,-4.56
2026-03-24 22:19:22.160,0
2026-03-24 22:19:22.800,1.8
2026-03-24 22:19:23.440,0.48
2026-03-24 22:19:24.080,3.72
2026-03-24 22:19:24.720,5.04
2026-03-24 22:19:25.360,2.64
2026-03-24 22:19:26.000,-0.36
2026-03-24 22:19:26.640,2.4
2026-03-24 22:19:27.280,-0.6
2026-03-24 22:19:27.920,2.28
2026-03-24 22:19:28.560,7.68
2026-03-24 22:19:29.200,3.24
2026-03-24 22:19:29.840,-3.36
2026-03-24 22:19:30.480,0.6
2026-03-24 22:19:31.120,-0.84
2026-03-24 22:19:31.760,3.84
2026-03-24 22:19:32.400,10.68
2026-03-24 22:19:33.040,16.56
2026-03-24 22:19:33.680,-22.2
2026-03-24 22:19:34.320,-9.72
2026-03-24 22:19:34.960,-3
2026-03-24 22:19:35.600,9.36
2026-03-24 22:19:36.240,24
2026-03-24 22:19:36.880,32.4
2026-03-24 22:19:37.520,18.24
2026-03-24 22:19:38.160,-37.08
2026-03-24 22:19:38.800,-24.84
2026-03-24 22:19:39.440,-7.2
2026-03-24 22:19:40.080,23.4
2026-03-24 22:19:40.720,30.6
2026-03-24 22:19:41.360,31.92
2026-03-24 22:19:42.000,-35.28
2026-03-24 22:19:42.640,-32.28
2026-03-24 22:19:43.280,-20.4
2026-03-24 22:19:43.920,22.08
2026-03-24 22:19:44.560,38.76
2026-03-24 22:19:45.200,29.28
2026-03-24 22:19:45.840,-1.2
2026-03-24 22:19:46.480,-1.32
2026-03-24 22:19:47.120,-55.2
2026-03-24 22:19:47.760,-35.04
2026-03-24 22:19:48.400,-14.28
2026-03-24 22:19:49.040,27.24
2026-03-24 22:19:49.680,32.28
2026-03-24 22:19:50.320,-38.52
2026-03-24 22:19:50.960,-18.72
2026-03-24 22:19:51.600,-6.12
2026-03-24 22:19:52.240,0.12
2026-03-24 22:19:52.880,5.88
2026-03-24 22:19:53.520,9.84
2026-03-24 22:19:54.160,-7.68
2026-03-24 22:19:54.800,-1.68
2026-03-24 22:19:55.440,-0.48
2026-03-24 22:19:56.080,5.28
2026-03-24 22:19:56.720,9.96
2026-03-24 22:19:57.360,-6
2026-03-24 22:19:58.000,-1.8
2026-03-24 22:19:58.640,-0.84
2026-03-24 22:19:59.280,1.56
2026-03-24 22:19:59.920,0.24
2026-03-24 22:20:00.560,1.68
2026-03-24 22:20:01.200,3.48
2026-03-24 22:20:01.840,12.36
2026-03-24 22:20:02.480,-9.84
2026-03-24 22:20:03.120,-0.6
2026-03-24 22:20:03.760,-0.12
2026-03-24 22:20:04.400,-1.68
2026-03-24 22:20:05.040,1.56
2026-03-24 22:20:05.680,7.2
2026-03-24 22:20:06.320,16.32
2026-03-24 22:20:06.960,-3.24
2026-03-24 22:20:07.600,-12.48
2026-03-24 22:20:08.240,-1.08
2026-03-24 22:20:08.880,0
2026-03-24 22:20:09.520,17.52
2026-03-24 22:20:10.160,38.16
2026-03-24 22:20:10.800,12.12
2026-03-24 22:20:11.440,-36.96
2026-03-24 22:20:12.080,-16.08
2026-03-24 22:20:12.720,12.12
2026-03-24 22:20:13.360,30.72
2026-03-24 22:20:14.000,30.24
2026-03-24 22:20:14.640,-48.96
2026-03-24 22:20:15.280,-27.6
2026-03-24 22:20:15.920,-7.68
2026-03-24 22:20:16.560,15.36
2026-03-24 22:20:17.200,24.96
2026-03-24 22:20:17.840,21
2026-03-24 22:20:18.480,-40.44
2026-03-24 22:20:19.120,-20.4
2026-03-24 22:20:19.760,-6.84
2026-03-24 22:20:20.400,1.2
2026-03-24 22:20:21.040,17.88
2026-03-24 22:20:21.680,19.32
2026-03-24 22:20:22.320,-32.52
2026-03-24 22:20:22.960,-14.64
2026-03-24 22:20:23.600,-1.32
2026-03-24 22:20:24.240,2.52
2026-03-24 22:20:24.880,16.56
2026-03-24 22:20:25.520,12.36
2026-03-24 22:20:26.160,-23.76
2026-03-24 22:20:26.800,-8.64
2026-03-24 22:20:27.440,-4.08
2026-03-24 22:20:28.080,5.4
2026-03-24 22:20:28.720,14.4
2026-03-24 22:20:29.360,13.68
2026-03-24 22:20:30.000,-26.76
2026-03-24 22:20:30.640,-9.84
2026-03-24 22:20:31.280,-2.28
2026-03-24 22:20:31.920,-1.2
2026-03-24 22:20:32.560,13.56
2026-03-24 22:20:33.200,15.36
2026-03-24 22:20:33.840,-24.84
2026-03-24 22:20:34.480,-11.64
2026-03-24 22:20:35.120,-2.4
2026-03-24 22:20:35.760,0.36
2026-03-24 22:20:36.400,12.72
2026-03-24 22:20:37.040,14.52
2026-03-24 22:20:37.680,9.24
2026-03-24 22:20:38.320,-19.92
2026-03-24 22:20:38.960,-7.68
2026-03-24 22:20:39.600,-0.24
2026-03-24 22:20:40.240,15.96
2026-03-24 22:20:40.880,16.56
2026-03-24 22:20:41.520,-29.16
2026-03-24 22:20:42.160,-15.12
2026-03-24 22:20:42.800,-0.24
2026-03-24 22:20:43.440,14.4
2026-03-24 22:20:44.080,13.92
2026-03-24 22:20:44.720,18.72
2026-03-24 22:20:45.360,-27
2026-03-24 22:20:46.000,-10.68
2026-03-24 22:20:46.640,-2.64
2026-03-24 22:20:47.280,14.64
2026-03-24 22:20:47.920,14.28
2026-03-24 22:20:48.560,-19.44
2026-03-24 22:20:49.200,-16.68
2026-03-24 22:20:49.840,-4.44
2026-03-24 22:20:50.480,5.64
2026-03-24 22:20:51.120,16.68
2026-03-24 22:20:51.760,16.32
2026-03-24 22:20:52.400,-30.12
2026-03-24 22:20:53.040,-16.44
2026-03-24 22:20:53.680,-5.28
2026-03-24 22:20:54.320,-0.84
2026-03-24 22:20:54.960,14.64
2026-03-24 22:20:55.600,15.84
2026-03-24 22:20:56.240,10.2
2026-03-24 22:20:56.880,-21
2026-03-24 22:20:57.520,-9
2026-03-24 22:20:58.160,-0.48
2026-03-24 22:20:58.800,19.32
2026-03-24 22:20:59.440,10.08
2026-03-24 22:21:00.080,1.32
2026-03-24 22:21:00.720,-24.6
2026-03-24 22:21:01.360,-7.08
2026-03-24 22:21:02.000,3.36
2026-03-24 22:21:02.640,21.24
2026-03-24 22:21:03.280,15.36
2026-03-24 22:21:03.920,-23.52
2026-03-24 22:21:04.560,-23.88
2026-03-24 22:21:05.200,-6.84
2026-03-24 22:21:05.840,16.44
2026-03-24 22:21:06.480,11.28
2026-03-24 22:21:07.120,18.24
2026-03-24 22:21:07.760,-12.6
2026-03-24 22:21:08.400,-24.72
2026-03-24 22:21:09.040,-6.72
2026-03-24 22:21:09.680,-2.28
2026-03-24 22:21:10.320,20.04
2026-03-24 22:21:10.960,16.8
2026-03-24 22:21:11.600,16.2
2026-03-24 22:21:12.240,-27.84
2026-03-24 22:21:12.880,-11.88
2026-03-24 22:21:13.520,-0.96
2026-03-24 22:21:14.160,15.36
2026-03-24 22:21:14.800,17.52
2026-03-24 22:21:15.440,18.48
2026-03-24 22:21:16.080,-28.32
2026-03-24 22:21:16.720,-15.72
2026-03-24 22:21:17.360,-4.92
2026-03-24 22:21:18.000,0.36
2026-03-24 22:21:18.640,16.8
2026-03-24 22:21:19.280,15.48
2026-03-24 22:21:19.920,-22.44
2026-03-24 22:21:20.560,-14.76
2026-03-24 22:21:21.200,-4.44
2026-03-24 22:21:21.840,13.92
2026-03-24 22:21:22.480,13.08
2026-03-24 22:21:23.120,1.44
2026-03-24 22:21:23.760,-15.6
2026-03-24 22:21:24.400,-6.96
2026-03-24 22:21:25.040,-0.24
2026-03-24 22:21:25.680,13.8
2026-03-24 22:21:26.320,13.68
2026-03-24 22:21:26.960,29.28
2026-03-24 22:21:27.600,8.4
2026-03-24 22:21:28.240,-33.12
2026-03-24 22:21:28.880,-17.16
2026-03-24 22:21:29.520,37.32
2026-03-24 22:21:30.160,40.68
2026-03-24 22:21:30.800,-31.92
2026-03-24 22:21:31.440,-39.72
2026-03-24 22:21:32.080,-17.52
2026-03-24 22:21:32.720,8.16
2026-03-24 22:21:33.360,20.04
2026-03-24 22:21:34.000,-12.48
2026-03-24 22:21:34.640,-18.84
2026-03-24 22:21:35.280,-4.92
2026-03-24 22:21:35.920,-1.68
2026-03-24 22:21:36.560,7.2
2026-03-24 22:21:37.200,13.56
2026-03-24 22:21:37.840,-10.2
2026-03-24 22:21:38.480,-10.56
2026-03-24 22:21:39.120,-0.96
2026-03-24 22:21:39.760,-0.84
2026-03-24 22:21:40.400,10.68
2026-03-24 22:21:41.040,11.04
2026-03-24 22:21:41.680,-16.8
2026-03-24 22:21:42.320,-5.64
2026-03-24 22:21:42.960,-0.24
2026-03-24 22:21:43.600,0.12
2026-03-24 22:21:44.240,7.92
2026-03-24 22:21:44.880,16.08
2026-03-24 22:21:45.520,-11.52
2026-03-24 22:21:46.160,-8.16
2026-03-24 22:21:46.800,-1.68
2026-03-24 22:21:47.440,-0.48
2026-03-24 22:21:48.080,13.44
2026-03-24 22:21:48.720,12.36
2026-03-24 22:21:49.360,-22.8
2026-03-24 22:21:50.000,-7.08
2026-03-24 22:21:50.640,-2.16
2026-03-24 22:21:51.280,15.84
2026-03-24 22:21:51.920,17.28
2026-03-24 22:21:52.560,27.72
2026-03-24 22:21:53.200,-35.64
2026-03-24 22:21:53.840,-22.2
2026-03-24 22:21:54.480,-5.28
2026-03-24 22:21:55.120,10.56
2026-03-24 22:21:55.760,24.12
2026-03-24 22:21:56.400,29.76
2026-03-24 22:21:57.040,-26.16
2026-03-24 22:21:57.680,-29.64
2026-03-24 22:21:58.320,-19.44
2026-03-24 22:21:58.960,-0.72
2026-03-24 22:21:59.600,21.96
2026-03-24 22:22:00.240,25.44
2026-03-24 22:22:00.880,-38.64
2026-03-24 22:22:01.520,-25.44
2026-03-24 22:22:02.160,-10.32
2026-03-24 22:22:02.800,-4.08
2026-03-24 22:22:03.440,3.12
2026-03-24 22:22:04.080,10.2
2026-03-24 22:22:04.720,14.16
2026-03-24 22:22:05.360,-20.04
2026-03-24 22:22:06.000,-10.32
2026-03-24 22:22:06.640,-0.96
2026-03-24 22:22:07.280,0
2026-03-24 22:22:07.920,12.24
2026-03-24 22:22:08.560,13.8
2026-03-24 22:22:09.200,-12
2026-03-24 22:22:09.840,-10.68
2026-03-24 22:22:10.480,-2.52
2026-03-24 22:22:11.120,0
2026-03-24 22:22:11.760,14.16
2026-03-24 22:22:12.400,8.28
2026-03-24 22:22:13.040,-2.76
2026-03-24 22:22:13.680,-12.84
2026-03-24 22:22:14.320,-5.52
2026-03-24 22:22:14.960,2.88
2026-03-24 22:22:15.600,13.56
2026-03-24 22:22:16.240,13.56
2026-03-24 22:22:16.880,-10.08
2026-03-24 22:22:17.520,-17.88
2026-03-24 22:22:18.160,-1.92
2026-03-24 22:22:18.800,-1.92
2026-03-24 22:22:19.440,14.28
2026-03-24 22:22:20.080,15.72
2026-03-24 22:22:20.720,12.84
2026-03-24 22:22:21.360,-27.6
2026-03-24 22:22:22.000,-9.72
2026-03-24 22:22:22.640,-0.12
2026-03-24 22:22:23.280,15.84
2026-03-24 22:22:23.920,14.76
2026-03-24 22:22:24.560,19.92
2026-03-24 22:22:25.200,-30.72
2026-03-24 22:22:25.840,-19.92
2026-03-24 22:22:26.480,-6.72
2026-03-24 22:22:27.120,14.16
2026-03-24 22:22:27.760,13.56
2026-03-24 22:22:28.400,8.64
2026-03-24 22:22:29.040,-21.6
2026-03-24 22:22:29.680,-7.56
2026-03-24 22:22:30.320,-1.08
2026-03-24 22:22:30.960,15.96
2026-03-24 22:22:31.600,12.48
2026-03-24 22:22:32.240,10.08
2026-03-24 22:22:32.880,-21.24
2026-03-24 22:22:33.520,-6.48
2026-03-24 22:22:34.160,-3.12
2026-03-24 22:22:34.800,4.08
2026-03-24 22:22:35.440,13.44
2026-03-24 22:22:36.080,12.96
2026-03-24 22:22:36.720,-6.96
2026-03-24 22:22:37.360,-17.4
2026-03-24 22:22:38.000,-4.32
2026-03-24 22:22:38.640,-3
2026-03-24 22:22:39.280,12.84
2026-03-24 22:22:39.920,14.28
2026-03-24 22:22:40.560,13.44
2026-03-24 22:22:41.200,-27
2026-03-24 22:22:41.840,-11.04
2026-03-24 22:22:42.480,-1.44
2026-03-24 22:22:43.120,4.44
2026-03-24 22:22:43.760,14.04
2026-03-24 22:22:44.400,15.48
2026-03-24 22:22:45.040,-25.8
2026-03-24 22:22:45.680,-11.76
2026-03-24 22:22:46.320,-3.6
2026-03-24 22:22:46.960,14.4
2026-03-24 22:22:47.600,13.92
2026-03-24 22:22:48.240,13.8
2026-03-24 22:22:48.880,-27
2026-03-24 22:22:49.520,-12.36
2026-03-24 22:22:50.160,-3
2026-03-24 22:22:50.800,9.24
2026-03-24 22:22:51.440,14.76
2026-03-24 22:22:52.080,13.8
2026-03-24 22:22:52.720,3.12
2026-03-24 22:22:53.360,-23.88
2026-03-24 22:22:54.000,-9.12
2026-03-24 22:22:54.640,0
2026-03-24 22:22:55.280,18.96
2026-03-24 22:22:55.920,16.8
2026-03-24 22:22:56.560,-34.32
2026-03-24 22:22:57.200,-18.24
2026-03-24 22:22:57.840,0.72
2026-03-24 22:22:58.480,21.12
2026-03-24 22:22:59.120,23.04
2026-03-24 22:22:59.760,-38.76
2026-03-24 22:23:00.400,-21.84
2026-03-24 22:23:01.040,-6
2026-03-24 22:23:01.680,9.12
2026-03-24 22:23:02.320,22.92
2026-03-24 22:23:02.960,20.88
2026-03-24 22:23:03.600,-38.64
2026-03-24 22:23:04.240,-26.28
2026-03-24 22:23:04.880,-9.24
2026-03-24 22:23:05.520,21.72
2026-03-24 22:23:06.160,14.64
2026-03-24 22:23:06.800,-3
2026-03-24 22:23:07.440,-25.56
2026-03-24 22:23:08.080,-8.4
2026-03-24 22:23:08.720,3.96
2026-03-24 22:23:09.360,15.6
2026-03-24 22:23:10.000,21.72
2026-03-24 22:23:10.640,-29.04
2026-03-24 22:23:11.280,-12.48
2026-03-24 22:23:11.920,-1.8
2026-03-24 22:23:12.560,18.48
2026-03-24 22:23:13.200,13.8
2026-03-24 22:23:13.840,0
2026-03-24 22:23:14.480,-18.84
2026-03-24 22:23:15.120,-3.96
2026-03-24 22:23:15.760,4.08
2026-03-24 22:23:16.400,12.24
2026-03-24 22:23:17.040,13.08
2026-03-24 22:23:17.680,-22.08
2026-03-24 22:23:18.320,-9.96
2026-03-24 22:23:18.960,-0.12
2026-03-24 22:23:19.600,17.76
2026-03-24 22:23:20.240,24.36
2026-03-24 22:23:20.880,-0.24
2026-03-24 22:23:21.520,-25.08
2026-03-24 22:23:22.160,-8.4
2026-03-24 22:23:22.800,13.8
2026-03-24 22:23:23.440,22.68
2026-03-24 22:23:24.080,26.76
2026-03-24 22:23:24.720,-35.4
2026-03-24 22:23:25.360,-18.24
2026-03-24 22:23:26.000,-7.56
2026-03-24 22:23:26.640,0.12
2026-03-24 22:23:27.280,15.72
2026-03-24 22:23:27.920,15.12
2026-03-24 22:23:28.560,-25.32
2026-03-24 22:23:29.200,-9.12
2026-03-24 22:23:29.840,-2.76
2026-03-24 22:23:30.480,-0.36
2026-03-24 22:23:31.120,17.04
2026-03-24 22:23:31.760,12.12
2026-03-24 22:23:32.400,-21.72
2026-03-24 22:23:33.040,-8.76
2026-03-24 22:23:33.680,-1.08
2026-03-24 22:23:34.320,11.88
2026-03-24 22:23:34.960,14.64
2026-03-24 22:23:35.600,9.36
2026-03-24 22:23:36.240,-20.64
2026-03-24 22:23:36.880,-6.6
2026-03-24 22:23:37.520,-3.72
2026-03-24 22:23:38.160,0.36
2026-03-24 22:23:38.800,12
2026-03-24 22:23:39.440,11.28
2026-03-24 22:23:40.080,9.6
2026-03-24 22:23:40.720,-21.72
2026-03-24 22:23:41.360,-7.92
2026-03-24 22:23:42.000,-2.76
2026-03-24 22:23:42.640,2.16
2026-03-24 22:23:43.280,13.32
2026-03-24 22:23:43.920,13.56
2026-03-24 22:23:44.560,12.72
2026-03-24 22:23:45.200,-25.32
2026-03-24 22:23:45.840,-6.36
2026-03-24 22:23:46.480,1.56
2026-03-24 22:23:47.120,15.84
2026-03-24 22:23:47.760,24.72
2026-03-24 22:23:48.400,9.48
2026-03-24 22:23:49.040,-30.36
2026-03-24 22:23:49.680,-12.96
2026-03-24 22:23:50.320,22.44
2026-03-24 22:23:50.960,21.6
2026-03-24 22:23:51.600,21.84
2026-03-24 22:23:52.240,-34.92
2026-03-24 22:23:52.880,-17.76
2026-03-24 22:23:53.520,-4.68
2026-03-24 22:23:54.160,16.56
2026-03-24 22:23:54.800,17.28
2026-03-24 22:23:55.440,13.8
2026-03-24 22:23:56.080,-29.52
2026-03-24 22:23:56.720,-12
2026-03-24 22:23:57.360,-2.64
2026-03-24 22:23:58.000,12.72
2026-03-24 22:23:58.640,14.52
2026-03-24 22:23:59.280,12.96
2026-03-24 22:23:59.920,-22.44
2026-03-24 22:24:00.560,-9.84
2026-03-24 22:24:01.200,-2.28
2026-03-24 22:24:01.840,6.84
2026-03-24 22:24:02.480,16.44
2026-03-24 22:24:03.120,31.68
2026-03-24 22:24:03.760,5.28
2026-03-24 22:24:04.400,-27.96
2026-03-24 22:24:05.040,-21.72
2026-03-24 22:24:05.680,13.68
2026-03-24 22:24:06.320,41.4
2026-03-24 22:24:06.960,14.28
2026-03-24 22:24:07.600,-2.4
2026-03-24 22:24:08.240,-2.4
2026-03-24 22:24:08.880,-32.76
2026-03-24 22:24:09.520,-35.4
2026-03-24 22:24:10.160,-14.64
2026-03-24 22:24:10.800,29.4
2026-03-24 22:24:11.440,29.16
2026-03-24 22:24:12.080,2.16
2026-03-24 22:24:12.720,-37.08
2026-03-24 22:24:13.360,-17.04
2026-03-24 22:24:14.000,0.84
2026-03-24 22:24:14.640,31.92
2026-03-24 22:24:15.280,29.28
2026-03-24 22:24:15.920,-23.88
2026-03-24 22:24:16.560,-32.64
2026-03-24 22:24:17.200,-14.64
2026-03-24 22:24:17.840,8.4
2026-03-24 22:24:18.480,27
2026-03-24 22:24:19.120,29.88
2026-03-24 22:24:19.760,-13.44
2026-03-24 22:24:20.400,-36.48
2026-03-24 22:24:21.040,-12
2026-03-24 22:24:21.680,9.72
2026-03-24 22:24:22.320,-33.24
2026-03-24 22:24:22.960,7.32
2026-03-24 22:24:23.600,47.88
2026-03-24 22:24:24.240,41.04
2026-03-24 22:24:24.880,-58.8
2026-03-24 22:24:25.520,-35.04
2026-03-24 22:24:26.160,-13.32
2026-03-24 22:24:26.800,-5.16
2026-03-24 22:24:27.440,10.92
2026-03-24 22:24:28.080,25.32
2026-03-24 22:24:28.720,16.68
2026-03-24 22:24:29.360,-30
2026-03-24 22:24:30.000,-12.36
2026-03-24 22:24:30.640,-0.96
2026-03-24 22:24:31.280,21.96
2026-03-24 22:24:31.920,26.28
2026-03-24 22:24:32.560,14.52
2026-03-24 22:24:33.200,-35.04
2026-03-24 22:24:33.840,-17.16
2026-03-24 22:24:34.480,-5.52
2026-03-24 22:24:35.120,6.72
2026-03-24 22:24:35.760,25.32
2026-03-24 22:24:36.400,20.88
2026-03-24 22:24:37.040,-31.32
2026-03-24 22:24:37.680,-18.48
2026-03-24 22:24:38.320,-3.84
2026-03-24 22:24:38.960,9.48
2026-03-24 22:24:39.600,23.52
2026-03-24 22:24:40.240,20.64
2026-03-24 22:24:40.880,-29.4
2026-03-24 22:24:41.520,-11.4
2026-03-24 22:24:42.160,-1.68
2026-03-24 22:24:42.800,0.12
2026-03-24 22:24:43.440,18.12
2026-03-24 22:24:44.080,-10.56
2026-03-24 22:24:44.720,-10.56
2026-03-24 22:24:45.360,-0.6
2026-03-24 22:24:46.000,-1.32
2026-03-24 22:24:46.640,0.48
2026-03-24 22:24:47.280,-0.72
2026-03-24 22:24:47.920,1.2
2026-03-24 22:24:48.560,-0.48
2026-03-24 22:24:49.200,2.28
2026-03-24 22:24:49.840,3.24
2026-03-24 22:24:50.480,1.08
2026-03-24 22:24:51.120,-1.32
2026-03-24 22:24:51.760,7.2
2026-03-24 22:24:52.400,6.84
2026-03-24 22:24:53.040,-7.8
2026-03-24 22:24:53.680,1.08
2026-03-24 22:24:54.320,-0.96
2026-03-24 22:24:54.960,0.36
2026-03-24 22:24:55.600,2.16
2026-03-24 22:24:56.240,12.84
2026-03-24 22:24:56.880,28.56
2026-03-24 22:24:57.520,-29.28
2026-03-24 22:24:58.160,-9.36
2026-03-24 22:24:58.800,-2.76
2026-03-24 22:24:59.440,7.68
2026-03-24 22:25:00.080,24.48
2026-03-24 22:25:00.720,29.4
2026-03-24 22:25:01.360,-44.04
2026-03-24 22:25:02.000,-24.84
2026-03-24 22:25:02.640,-9.12
2026-03-24 22:25:03.280,15.84
2026-03-24 22:25:03.920,30
2026-03-24 22:25:04.560,27.84
2026-03-24 22:25:05.200,-45
2026-03-24 22:25:05.840,-27.72
2026-03-24 22:25:06.480,-7.68
2026-03-24 22:25:07.120,-5.28
2026-03-24 22:25:07.760,15.84
2026-03-24 22:25:08.400,24.24
2026-03-24 22:25:09.040,25.2
2026-03-24 22:25:09.680,-34.2
2026-03-24 22:25:10.320,-21.24
2026-03-24 22:25:10.960,-4.68
2026-03-24 22:25:11.600,-4.08
2026-03-24 22:25:12.240,3.84
2026-03-24 22:25:12.880,19.92
2026-03-24 22:25:13.520,13.08
2026-03-24 22:25:14.160,-24.72
2026-03-24 22:25:14.800,-8.28
2026-03-24 22:25:15.440,-0.96
2026-03-24 22:25:16.080,0
2026-03-24 22:25:16.720,14.28
2026-03-24 22:25:17.360,13.56
2026-03-24 22:25:18.000,-18.12
2026-03-24 22:25:18.640,-3.96
2026-03-24 22:25:19.280,0.6
2026-03-24 22:25:19.920,-0.12
2026-03-24 22:25:20.560,7.2
2026-03-24 22:25:21.200,13.68
2026-03-24 22:25:21.840,-18.72
2026-03-24 22:25:22.480,-3.48
2026-03-24 22:25:23.120,-2.04
2026-03-24 22:25:23.760,1.44
2026-03-24 22:25:24.400,9
2026-03-24 22:25:25.040,8.4
2026-03-24 22:25:25.680,-10.08
2026-03-24 22:25:26.320,-1.2
2026-03-24 22:25:26.960,0.72
2026-03-24 22:25:27.600,5.88
2026-03-24 22:25:28.240,10.68
2026-03-24 22:25:28.880,12.6
2026-03-24 22:25:29.520,-20.28
2026-03-24 22:25:30.160,-6.36
2026-03-24 22:25:30.800,-0.6
2026-03-24 22:25:31.440,5.52
2026-03-24 22:25:32.080,16.32
2026-03-24 22:25:32.720,25.2
2026-03-24 22:25:33.360,20.52
2026-03-24 22:25:34.000,-34.2
2026-03-24 22:25:34.640,-14.64
2026-03-24 22:25:35.280,4.32
2026-03-24 22:25:35.920,31.2
2026-03-24 22:25:36.560,28.68
2026-03-24 22:25:37.200,-42.72
2026-03-24 22:25:37.840,-33.12
2026-03-24 22:25:38.480,-12
2026-03-24 22:25:39.120,16.8
2026-03-24 22:25:39.760,25.08
2026-03-24 22:25:40.400,25.2
2026-03-24 22:25:41.040,-34.44
2026-03-24 22:25:41.680,-22.92
2026-03-24 22:25:42.320,-6
2026-03-24 22:25:42.960,12.24
2026-03-24 22:25:43.600,23.52
2026-03-24 22:25:44.240,25.8
2026-03-24 22:25:44.880,-30.96
2026-03-24 22:25:45.520,-20.4
2026-03-24 22:25:46.160,-7.08
2026-03-24 22:25:46.800,22.44
2026-03-24 22:25:47.440,27.72
2026-03-24 22:25:48.080,-30.48
2026-03-24 22:25:48.720,-26.04
2026-03-24 22:25:49.360,-19.44
2026-03-24 22:25:50.000,39.48
2026-03-24 22:25:50.640,39.84
2026-03-24 22:25:51.280,-41.16
2026-03-24 22:25:51.920,-1.56
2026-03-24 22:25:52.560,-1.92
2026-03-24 22:25:53.200,-1.68
2026-03-24 22:25:53.840,-43.2
2026-03-24 22:25:54.480,-7.68
2026-03-24 22:25:55.120,18.84
2026-03-24 22:25:55.760,33.84
2026-03-24 22:25:56.400,-35.04
2026-03-24 22:25:57.040,-20.4
2026-03-24 22:25:57.680,-5.04
2026-03-24 22:25:58.320,0.12
2026-03-24 22:25:58.960,15.36
2026-03-24 22:25:59.600,17.64
2026-03-24 22:26:00.240,-19.92
2026-03-24 22:26:00.880,-9.72
2026-03-24 22:26:01.520,-2.4
2026-03-24 22:26:02.160,-0.24
2026-03-24 22:26:02.800,-0.24
2026-03-24 22:26:03.440,10.08
2026-03-24 22:26:04.080,0.84
2026-03-24 22:26:04.720,-2.88
2026-03-24 22:26:05.360,-0.36
2026-03-24 22:26:06.000,-0.6
2026-03-24 22:26:06.640,0.72
2026-03-24 22:26:07.280,1.32
2026-03-24 22:26:07.920,5.04
2026-03-24 22:26:08.560,-5.76
2026-03-24 22:26:09.200,0.6
2026-03-24 22:26:09.840,2.04
2026-03-24 22:26:10.480,-0.96
2026-03-24 22:26:11.120,-0.12
2026-03-24 22:26:11.760,9.6
2026-03-24 22:26:12.400,6.96
2026-03-24 22:26:13.040,-7.32
2026-03-24 22:26:13.680,1.08
2026-03-24 22:26:14.320,-1.68
2026-03-24 22:26:14.960,1.8
2026-03-24 22:26:15.600,35.16
2026-03-24 22:26:16.240,22.68
2026-03-24 22:26:16.880,-31.68
2026-03-24 22:26:17.520,-29.52
2026-03-24 22:26:18.160,-6.96
2026-03-24 22:26:18.800,15.72
2026-03-24 22:26:19.440,35.88
2026-03-24 22:26:20.080,31.2
2026-03-24 22:26:20.720,-41.76
2026-03-24 22:26:21.360,-36.72
2026-03-24 22:26:22.000,-22.08
2026-03-24 22:26:22.640,21
2026-03-24 22:26:23.280,42.96
2026-03-24 22:26:23.920,41.04
2026-03-24 22:26:24.560,-45.36
2026-03-24 22:26:25.200,-49.56
2026-03-24 22:26:25.840,-24.48
2026-03-24 22:26:26.480,28.68
2026-03-24 22:26:27.120,33.36
2026-03-24 22:26:27.760,-11.4
2026-03-24 22:26:28.400,-36.96
2026-03-24 22:26:29.040,-15.12
2026-03-24 22:26:29.680,-1.68
2026-03-24 22:26:30.320,23.76
2026-03-24 22:26:30.960,22.56
2026-03-24 22:26:31.600,-29.52
2026-03-24 22:26:32.240,-10.32
2026-03-24 22:26:32.880,-3.84
2026-03-24 22:26:33.520,0.48
2026-03-24 22:26:34.160,0.48
2026-03-24 22:26:34.800,13.44
2026-03-24 22:26:35.440,-10.2
2026-03-24 22:26:36.080,-3.72
2026-03-24 22:26:36.720,-1.2
2026-03-24 22:26:37.360,1.2
2026-03-24 22:26:38.000,-0.36
2026-03-24 22:26:38.640,7.56
2026-03-24 22:26:39.280,-1.56
2026-03-24 22:26:39.920,0.48
2026-03-24 22:26:40.560,2.76
2026-03-24 22:26:41.200,3
2026-03-24 22:26:41.840,1.92
2026-03-24 22:26:42.480,9
2026-03-24 22:26:43.120,-6
2026-03-24 22:26:43.760,-4.8
2026-03-24 22:26:44.400,-0.6
2026-03-24 22:26:45.040,0.36
2026-03-24 22:26:45.680,5.52
2026-03-24 22:26:46.320,2.16
2026-03-24 22:26:46.960,-3.36
2026-03-24 22:26:47.600,-2.16
2026-03-24 22:26:48.240,0.84
2026-03-24 22:26:48.880,7.44
2026-03-24 22:26:49.520,9
2026-03-24 22:26:50.160,-19.92
2026-03-24 22:26:50.800,-1.92
2026-03-24 22:26:51.440,5.4
2026-03-24 22:26:52.080,13.68
2026-03-24 22:26:52.720,27.72
2026-03-24 22:26:53.360,-39.72
2026-03-24 22:26:54.000,-21.48
2026-03-24 22:26:54.640,-13.8
2026-03-24 22:26:55.280,25.2
2026-03-24 22:26:55.920,29.64
2026-03-24 22:26:56.560,36.96
2026-03-24 22:26:57.200,-51.96
2026-03-24 22:26:57.840,-35.28
2026-03-24 22:26:58.480,-17.52
2026-03-24 22:26:59.120,17.64
2026-03-24 22:26:59.760,35.04
2026-03-24 22:27:00.400,33.96
2026-03-24 22:27:01.040,-52.44
2026-03-24 22:27:01.680,-30.12
2026-03-24 22:27:02.320,-10.08
2026-03-24 22:27:02.960,-2.28
2026-03-24 22:27:03.600,19.2
2026-03-24 22:27:04.240,27
2026-03-24 22:27:04.880,-26.64
2026-03-24 22:27:05.520,-25.08
2026-03-24 22:27:06.160,-8.04
2026-03-24 22:27:06.800,-2.52
2026-03-24 22:27:07.440,0.96
2026-03-24 22:27:08.080,14.64
2026-03-24 22:27:08.720,18.72
2026-03-24 22:27:09.360,-24.72
2026-03-24 22:27:10.000,-8.28
2026-03-24 22:27:10.640,-3.72
2026-03-24 22:27:11.280,5.04
2026-03-24 22:27:11.920,11.04
2026-03-24 22:27:12.560,-5.4
2026-03-24 22:27:13.200,-8.04
2026-03-24 22:27:13.840,-2.64
2026-03-24 22:27:14.480,0.12
2026-03-24 22:27:15.120,0.72
2026-03-24 22:27:15.760,9.96
2026-03-24 22:27:16.400,12
2026-03-24 22:27:17.040,-1.44
2026-03-24 22:27:17.680,-13.92
2026-03-24 22:27:18.320,-2.04
2026-03-24 22:27:18.960,0.24
2026-03-24 22:27:19.600,5.88
2026-03-24 22:27:20.240,8.88
2026-03-24 22:27:20.880,6.36
2026-03-24 22:27:21.520,-12.36
2026-03-24 22:27:22.160,-4.68
2026-03-24 22:27:22.800,-0.12
2026-03-24 22:27:23.440,9.72
2026-03-24 22:27:24.080,9.36
2026-03-24 22:27:24.720,18.24
2026-03-24 22:27:25.360,-25.56
2026-03-24 22:27:26.000,-13.44
2026-03-24 22:27:26.640,-3.84
2026-03-24 22:27:27.280,12.24
2026-03-24 22:27:27.920,16.32
2026-03-24 22:27:28.560,4.44
2026-03-24 22:27:29.200,-21.12
2026-03-24 22:27:29.840,-6.72
2026-03-24 22:27:30.480,-0.36
2026-03-24 22:27:31.120,10.92
2026-03-24 22:27:31.760,11.16
2026-03-24 22:27:32.400,21.12
2026-03-24 22:27:33.040,-27.84
2026-03-24 22:27:33.680,-10.08
2026-03-24 22:27:34.320,-1.92
2026-03-24 22:27:34.960,15.84
2026-03-24 22:27:35.600,20.88
2026-03-24 22:27:36.240,5.88
2026-03-24 22:27:36.880,-26.16
2026-03-24 22:27:37.520,-7.68
2026-03-24 22:27:38.160,-2.04
2026-03-24 22:27:38.800,18.36
2026-03-24 22:27:39.440,21
2026-03-24 22:27:40.080,24.84
2026-03-24 22:27:40.720,-38.88
2026-03-24 22:27:41.360,-18.6
2026-03-24 22:27:42.000,-5.52
2026-03-24 22:27:42.640,-0.6
2026-03-24 22:27:43.280,29.04
2026-03-24 22:27:43.920,42.24
2026-03-24 22:27:44.560,-47.28
2026-03-24 22:27:45.200,-25.2
2026-03-24 22:27:45.840,-6.24
2026-03-24 22:27:46.480,-3.12
2026-03-24 22:27:47.120,16.2
2026-03-24 22:27:47.760,15.24
2026-03-24 22:27:48.400,-23.28
2026-03-24 22:27:49.040,-7.56
2026-03-24 22:27:49.680,-2.28
2026-03-24 22:27:50.320,6.96
2026-03-24 22:27:50.960,11.28
2026-03-24 22:27:51.600,9.72
2026-03-24 22:27:52.240,-16.92
2026-03-24 22:27:52.880,-5.28
2026-03-24 22:27:53.520,-1.56
2026-03-24 22:27:54.160,1.08
2026-03-24 22:27:54.800,10.44
2026-03-24 22:27:55.440,9.6
2026-03-24 22:27:56.080,-11.64
2026-03-24 22:27:56.720,-7.8
2026-03-24 22:27:57.360,-1.44
2026-03-24 22:27:58.000,0.84
2026-03-24 22:27:58.640,11.76
2026-03-24 22:27:59.280,10.92
2026-03-24 22:27:59.920,7.08
2026-03-24 22:28:00.560,-19.2
2026-03-24 22:28:01.200,-4.32
2026-03-24 22:28:01.840,-1.8
2026-03-24 22:28:02.480,12.84
2026-03-24 22:28:03.120,16.8
2026-03-24 22:28:03.760,-11.76
2026-03-24 22:28:04.400,-17.64
2026-03-24 22:28:05.040,-4.8
2026-03-24 22:28:05.680,-0.96
2026-03-24 22:28:06.320,15.84
2026-03-24 22:28:06.960,22.08
2026-03-24 22:28:07.600,20.04
2026-03-24 22:28:08.240,-32.04
2026-03-24 22:28:08.880,-11.76
2026-03-24 22:28:09.520,-1.44
2026-03-24 22:28:10.160,18
2026-03-24 22:28:10.800,18.96
2026-03-24 22:28:11.440,15.6
2026-03-24 22:28:12.080,-24.48
2026-03-24 22:28:12.720,-12.36
2026-03-24 22:28:13.360,-1.56
2026-03-24 22:28:14.000,15.48
2026-03-24 22:28:14.640,10.44
2026-03-24 22:28:15.280,-3.84
2026-03-24 22:28:15.920,-16.68
2026-03-24 22:28:16.560,-0.96
2026-03-24 22:28:17.200,8.64
2026-03-24 22:28:17.840,13.68
2026-03-24 22:28:18.480,13.92
2026-03-24 22:28:19.120,-28.32
2026-03-24 22:28:19.760,-8.76
2026-03-24 22:28:20.400,0.6
2026-03-24 22:28:21.040,15.12
2026-03-24 22:28:21.680,14.4
2026-03-24 22:28:22.320,-24.12
2026-03-24 22:28:22.960,-5.88
2026-03-24 22:28:23.600,-1.2
2026-03-24 22:28:24.240,15.12
2026-03-24 22:28:24.880,9
2026-03-24 22:28:25.520,-21.96
2026-03-24 22:28:26.160,-13.44
2026-03-24 22:28:26.800,-1.92
2026-03-24 22:28:27.440,16.32
2026-03-24 22:28:28.080,12.84
2026-03-24 22:28:28.720,17.16
2026-03-24 22:28:29.360,-30.84
2026-03-24 22:28:30.000,-19.08
2026-03-24 22:28:30.640,-3
2026-03-24 22:28:31.280,6
2026-03-24 22:28:31.920,18.12
2026-03-24 22:28:32.560,24.36
2026-03-24 22:28:33.200,-8.28
2026-03-24 22:28:33.840,-28.56
2026-03-24 22:28:34.480,-9
2026-03-24 22:28:35.120,-1.08
2026-03-24 22:28:35.760,20.04
2026-03-24 22:28:36.400,23.76
2026-03-24 22:28:37.040,11.76
2026-03-24 22:28:37.680,-31.56
2026-03-24 22:28:38.320,-11.04
2026-03-24 22:28:38.960,5.04
2026-03-24 22:28:39.600,15.96
2026-03-24 22:28:40.240,20.04
2026-03-24 22:28:40.880,-30
2026-03-24 22:28:41.520,-24.96
2026-03-24 22:28:42.160,-5.88
2026-03-24 22:28:42.800,1.92
2026-03-24 22:28:43.440,16.92
2026-03-24 22:28:44.080,19.08
2026-03-24 22:28:44.720,-25.56
2026-03-24 22:28:45.360,-14.4
2026-03-24 22:28:46.000,-2.4
2026-03-24 22:28:46.640,14.4
2026-03-24 22:28:47.280,16.2
2026-03-24 22:28:47.920,6.72
2026-03-24 22:28:48.560,-21.48
2026-03-24 22:28:49.200,-7.92
2026-03-24 22:28:49.840,14.28
2026-03-24 22:28:50.480,9.96
2026-03-24 22:28:51.120,12
2026-03-24 22:28:51.760,-22.92
2026-03-24 22:28:52.400,-11.04
2026-03-24 22:28:53.040,-1.68
2026-03-24 22:28:53.680,15.12
2026-03-24 22:28:54.320,10.08
2026-03-24 22:28:54.960,1.32
2026-03-24 22:28:55.600,-17.64
2026-03-24 22:28:56.240,-4.44
2026-03-24 22:28:56.880,-3.72
2026-03-24 22:28:57.520,11.88
2026-03-24 22:28:58.160,12.48
2026-03-24 22:28:58.800,13.08
2026-03-24 22:28:59.440,-21.12
2026-03-24 22:29:00.080,-14.04
2026-03-24 22:29:00.720,-3.84
2026-03-24 22:29:01.360,-0.6
2026-03-24 22:29:02.000,15.24
2026-03-24 22:29:02.640,14.04
2026-03-24 22:29:03.280,-16.56
2026-03-24 22:29:03.920,-16.92
2026-03-24 22:29:04.560,-5.64
2026-03-24 22:29:05.200,-0.6
2026-03-24 22:29:05.840,16.44
2026-03-24 22:29:06.480,12.48
2026-03-24 22:29:07.120,-5.4
2026-03-24 22:29:07.760,-16.2
2026-03-24 22:29:08.400,-4.8
2026-03-24 22:29:09.040,-2.28
2026-03-24 22:29:09.680,18.48
2026-03-24 22:29:10.320,11.4
2026-03-24 22:29:10.960,-1.8
2026-03-24 22:29:11.600,-21
2026-03-24 22:29:12.240,-4.56
2026-03-24 22:29:12.880,-2.16
2026-03-24 22:29:13.520,18.24
2026-03-24 22:29:14.160,16.2
2026-03-24 22:29:14.800,3.24
2026-03-24 22:29:15.440,-21.24
2026-03-24 22:29:16.080,-8.64
2026-03-24 22:29:16.720,-1.68
2026-03-24 22:29:17.360,19.92
2026-03-24 22:29:18.000,15.12
2026-03-24 22:29:18.640,21
2026-03-24 22:29:19.280,-32.88
2026-03-24 22:29:19.920,-14.76
2026-03-24 22:29:20.560,-4.8
2026-03-24 22:29:21.200,15
2026-03-24 22:29:21.840,13.92
2026-03-24 22:29:22.480,17.4
2026-03-24 22:29:23.120,-32.52
2026-03-24 22:29:23.760,-19.92
2026-03-24 22:29:24.400,-3.24
2026-03-24 22:29:25.040,19.44
2026-03-24 22:29:25.680,16.32
2026-03-24 22:29:26.320,15.84
2026-03-24 22:29:26.960,-26.28
2026-03-24 22:29:27.600,-10.8
2026-03-24 22:29:28.240,-2.28
2026-03-24 22:29:28.880,25.68
2026-03-24 22:29:29.520,14.64
2026-03-24 22:29:30.160,15.48
2026-03-24 22:29:30.800,-31.44
2026-03-24 22:29:31.440,-15.72
2026-03-24 22:29:32.080,-2.4
2026-03-24 22:29:32.720,12.84
2026-03-24 22:29:33.360,15.84
2026-03-24 22:29:34.000,15.6
2026-03-24 22:29:34.640,-26.4
2026-03-24 22:29:35.280,-11.28
2026-03-24 22:29:35.920,-2.76
2026-03-24 22:29:36.560,15.6
2026-03-24 22:29:37.200,12.36
2026-03-24 22:29:37.840,12.72
2026-03-24 22:29:38.480,-23.16
2026-03-24 22:29:39.120,-9.48
2026-03-24 22:29:39.760,-4.32
2026-03-24 22:29:40.400,4.2
2026-03-24 22:29:41.040,14.28
2026-03-24 22:29:41.680,11.4
2026-03-24 22:29:42.320,-19.2
2026-03-24 22:29:42.960,-12.84
2026-03-24 22:29:43.600,-1.44
2026-03-24 22:29:44.240,15.24
2026-03-24 22:29:44.880,14.52
2026-03-24 22:29:45.520,6.84
2026-03-24 22:29:46.160,-18.12
2026-03-24 22:29:46.800,-8.64
2026-03-24 22:29:47.440,-3.84
2026-03-24 22:29:48.080,12.6
2026-03-24 22:29:48.720,13.32
2026-03-24 22:29:49.360,13.56
2026-03-24 22:29:50.000,-25.32
2026-03-24 22:29:50.640,-14.28
2026-03-24 22:29:51.280,-3.36
2026-03-24 22:29:51.920,4.56
2026-03-24 22:29:52.560,18.12
2026-03-24 22:29:53.200,15.6
2026-03-24 22:29:53.840,-7.08
2026-03-24 22:29:54.480,-25.08
2026-03-24 22:29:55.120,-7.56
2026-03-24 22:29:55.760,-0.48
2026-03-24 22:29:56.400,17.64
2026-03-24 22:29:57.040,16.08
2026-03-24 22:29:57.680,9.36
2026-03-24 22:29:58.320,-22.68
2026-03-24 22:29:58.960,-8.76
2026-03-24 22:29:59.600,-1.92
2026-03-24 22:30:00.240,19.2
2026-03-24 22:30:00.880,14.04
2026-03-24 22:30:01.520,12.6
2026-03-24 22:30:02.160,-21.36
2026-03-24 22:30:02.800,-11.28
2026-03-24 22:30:03.440,-3.12
2026-03-24 22:30:04.080,18.12
2026-03-24 22:30:04.720,9.84
2026-03-24 22:30:05.360,11.76
2026-03-24 22:30:06.000,-24.12
2026-03-24 22:30:06.640,-15.48
2026-03-24 22:30:07.280,-3
2026-03-24 22:30:07.920,5.52
2026-03-24 22:30:08.560,16.44
2026-03-24 22:30:09.200,13.56
2026-03-24 22:30:09.840,-12.6
2026-03-24 22:30:10.480,-18.72
2026-03-24 22:30:11.120,-8.28
2026-03-24 22:30:11.760,-2.04
2026-03-24 22:30:12.400,12.6
2026-03-24 22:30:13.040,18.24
2026-03-24 22:30:13.680,19.2
2026-03-24 22:30:14.320,-28.08
2026-03-24 22:30:14.960,-13.2
2026-03-24 22:30:15.600,-2.52
2026-03-24 22:30:16.240,18.72
2026-03-24 22:30:16.880,13.56
2026-03-24 22:30:17.520,-0.48
2026-03-24 22:30:18.160,-22.56
2026-03-24 22:30:18.800,-6.48
2026-03-24 22:30:19.440,3.24
2026-03-24 22:30:20.080,19.68
2026-03-24 22:30:20.720,11.76
2026-03-24 22:30:21.360,3.12
2026-03-24 22:30:22.000,-26.28
2026-03-24 22:30:22.640,-7.2
2026-03-24 22:30:23.280,-3.96
2026-03-24 22:30:23.920,20.28
2026-03-24 22:30:24.560,12.6
2026-03-24 22:30:25.200,8.28
2026-03-24 22:30:25.840,-20.88
2026-03-24 22:30:26.480,-8.64
2026-03-24 22:30:27.120,-0.72
2026-03-24 22:30:27.760,13.44
2026-03-24 22:30:28.400,12.12
2026-03-24 22:30:29.040,6.12
2026-03-24 22:30:29.680,-18.96
2026-03-24 22:30:30.320,-14.28
2026-03-24 22:30:30.960,-5.04
2026-03-24 22:30:31.600,-0.24
2026-03-24 22:30:32.240,18.84
2026-03-24 22:30:32.880,8.04
2026-03-24 22:30:33.520,5.04
2026-03-24 22:30:34.160,-21.36
2026-03-24 22:30:34.800,-7.8
2026-03-24 22:30:35.440,-0.12
2026-03-24 22:30:36.080,18.24
2026-03-24 22:30:36.720,13.44
2026-03-24 22:30:37.360,-12.48
2026-03-24 22:30:38.000,-19.8
2026-03-24 22:30:38.640,-4.56
2026-03-24 22:30:39.280,14.76
2026-03-24 22:30:39.920,15.24
2026-03-24 22:30:40.560,6.6
2026-03-24 22:30:41.200,-23.04
2026-03-24 22:30:41.840,-5.88
2026-03-24 22:30:42.480,-1.92
2026-03-24 22:30:43.120,19.92
2026-03-24 22:30:43.760,12.96
2026-03-24 22:30:44.400,-8.4
2026-03-24 22:30:45.040,-19.32
2026-03-24 22:30:45.680,-5.4
2026-03-24 22:30:46.320,12
2026-03-24 22:30:46.960,16.32
2026-03-24 22:30:47.600,17.04
2026-03-24 22:30:48.240,-33.96
2026-03-24 22:30:48.880,-20.4
2026-03-24 22:30:49.520,-5.16
2026-03-24 22:30:50.160,10.2
2026-03-24 22:30:50.800,15.36
2026-03-24 22:30:51.440,12.24
2026-03-24 22:30:52.080,-33
2026-03-24 22:30:52.720,-18.36
2026-03-24 22:30:53.360,-4.68
2026-03-24 22:30:54.000,22.56
2026-03-24 22:30:54.640,18.6
2026-03-24 22:30:55.280,11.4
2026-03-24 22:30:55.920,-28.32
2026-03-24 22:30:56.560,-13.32
2026-03-24 22:30:57.200,0.24
2026-03-24 22:30:57.840,18
2026-03-24 22:30:58.480,14.76
2026-03-24 22:30:59.120,-22.56
2026-03-24 22:30:59.760,-18.36
2026-03-24 22:31:00.400,-1.44
2026-03-24 22:31:01.040,15.72
2026-03-24 22:31:01.680,15.12
2026-03-24 22:31:02.320,10.08
2026-03-24 22:31:02.960,-26.88
2026-03-24 22:31:03.600,-15.24
2026-03-24 22:31:04.240,-5.04
2026-03-24 22:31:04.880,20.64
2026-03-24 22:31:05.520,13.8
2026-03-24 22:31:06.160,14.16
2026-03-24 22:31:06.800,-27.6
2026-03-24 22:31:07.440,-12.48
2026-03-24 22:31:08.080,-1.8
2026-03-24 22:31:08.720,24.36
2026-03-24 22:31:09.360,15.6
2026-03-24 22:31:10.000,14.52
2026-03-24 22:31:10.640,-24.48
2026-03-24 22:31:11.280,-11.88
2026-03-24 22:31:11.920,-4.68
2026-03-24 22:31:12.560,23.16
2026-03-24 22:31:13.200,17.04
2026-03-24 22:31:13.840,14.28
2026-03-24 22:31:14.480,-25.92
2026-03-24 22:31:15.120,-14.04
2026-03-24 22:31:15.760,3
2026-03-24 22:31:16.400,19.2
2026-03-24 22:31:17.040,12.96
2026-03-24 22:31:17.680,-20.4
2026-03-24 22:31:18.320,-10.56
2026-03-24 22:31:18.960,-4.56
2026-03-24 22:31:19.600,12.24
2026-03-24 22:31:20.240,13.8
2026-03-24 22:31:20.880,6.24
2026-03-24 22:31:21.520,-15.12
2026-03-24 22:31:22.160,-8.88
2026-03-24 22:31:22.800,-0.84
2026-03-24 22:31:23.440,15.84
2026-03-24 22:31:24.080,9
2026-03-24 22:31:24.720,5.88
2026-03-24 22:31:25.360,-15.24
2026-03-24 22:31:26.000,-5.88
2026-03-24 22:31:26.640,-3.84
2026-03-24 22:31:27.280,9.24
2026-03-24 22:31:27.920,11.16
2026-03-24 22:31:28.560,7.32
2026-03-24 22:31:29.200,-17.16
2026-03-24 22:31:29.840,-11.16
2026-03-24 22:31:30.480,-1.44
2026-03-24 22:31:31.120,7.92
2026-03-24 22:31:31.760,15.12
2026-03-24 22:31:32.400,9.6
2026-03-24 22:31:33.040,-20.64
2026-03-24 22:31:33.680,-14.16
2026-03-24 22:31:34.320,-3.72
2026-03-24 22:31:34.960,8.88
2026-03-24 22:31:35.600,14.76
2026-03-24 22:31:36.240,14.28
2026-03-24 22:31:36.880,-29.64
2026-03-24 22:31:37.520,-11.52
2026-03-24 22:31:38.160,-6.72
2026-03-24 22:31:38.800,15.24
2026-03-24 22:31:39.440,15.96
2026-03-24 22:31:40.080,11.64
2026-03-24 22:31:40.720,-30.72
2026-03-24 22:31:41.360,-17.52
2026-03-24 22:31:42.000,-1.68
2026-03-24 22:31:42.640,18.84
2026-03-24 22:31:43.280,17.52
2026-03-24 22:31:43.920,10.68
2026-03-24 22:31:44.560,-29.28
2026-03-24 22:31:45.200,-10.44
2026-03-24 22:31:45.840,8.76
2026-03-24 22:31:46.480,22.56
2026-03-24 22:31:47.120,14.88
2026-03-24 22:31:47.760,-34.32
2026-03-24 22:31:48.400,-25.32
2026-03-24 22:31:49.040,-7.08
2026-03-24 22:31:49.680,6.36
2026-03-24 22:31:50.320,18.6
2026-03-24 22:31:50.960,17.64
2026-03-24 22:31:51.600,-30.96
2026-03-24 22:31:52.240,-20.4
2026-03-24 22:31:52.880,-6.12
2026-03-24 22:31:53.520,-4.68
2026-03-24 22:31:54.160,18.12
2026-03-24 22:31:54.800,15.24
2026-03-24 22:31:55.440,15.96
2026-03-24 22:31:56.080,-24.48
2026-03-24 22:31:56.720,-12.48
2026-03-24 22:31:57.360,-3.96
2026-03-24 22:31:58.000,7.8
2026-03-24 22:31:58.640,15.24
2026-03-24 22:31:59.280,14.28
2026-03-24 22:31:59.920,-22.68
2026-03-24 22:32:00.560,-11.64
2026-03-24 22:32:01.200,-2.16
2026-03-24 22:32:01.840,6.72
2026-03-24 22:32:02.480,19.68
2026-03-24 22:32:03.120,10.44
2026-03-24 22:32:03.760,-19.8
2026-03-24 22:32:04.400,-9.84
2026-03-24 22:32:05.040,-4.44
2026-03-24 22:32:05.680,15
2026-03-24 22:32:06.320,15.96
2026-03-24 22:32:06.960,20.64
2026-03-24 22:32:07.600,-36.24
2026-03-24 22:32:08.240,-17.64
2026-03-24 22:32:08.880,-5.88
2026-03-24 22:32:09.520,5.4
2026-03-24 22:32:10.160,15.48
2026-03-24 22:32:10.800,16.8
2026-03-24 22:32:11.440,-21.12
2026-03-24 22:32:12.080,-15.24
2026-03-24 22:32:12.720,-6.48
2026-03-24 22:32:13.360,2.64
2026-03-24 22:32:14.000,17.16
2026-03-24 22:32:14.640,12.12
2026-03-24 22:32:15.280,-19.68
2026-03-24 22:32:15.920,-12
2026-03-24 22:32:16.560,-3.84
2026-03-24 22:32:17.200,2.76
2026-03-24 22:32:17.840,17.88
2026-03-24 22:32:18.480,13.68
2026-03-24 22:32:19.120,-24.12
2026-03-24 22:32:19.760,-13.56
2026-03-24 22:32:20.400,-1.56
2026-03-24 22:32:21.040,18.36
2026-03-24 22:32:21.680,13.32
2026-03-24 22:32:22.320,9.24
2026-03-24 22:32:22.960,-22.44
2026-03-24 22:32:23.600,-15.72
2026-03-24 22:32:24.240,-3.12
2026-03-24 22:32:24.880,-2.88
2026-03-24 22:32:25.520,16.44
2026-03-24 22:32:26.160,10.92
2026-03-24 22:32:26.800,11.28
2026-03-24 22:32:27.440,-22.32
2026-03-24 22:32:28.080,-11.16
2026-03-24 22:32:28.720,-3.36
2026-03-24 22:32:29.360,-1.2
2026-03-24 22:32:30.000,17.88
2026-03-24 22:32:30.640,12.48
2026-03-24 22:32:31.280,-4.32
2026-03-24 22:32:31.920,-18.24
2026-03-24 22:32:32.560,-5.4
2026-03-24 22:32:33.200,3.36
2026-03-24 22:32:33.840,17.64
2026-03-24 22:32:34.480,11.28
2026-03-24 22:32:35.120,-5.64
2026-03-24 22:32:35.760,-21.24
2026-03-24 22:32:36.400,-2.64
2026-03-24 22:32:37.040,18.48
2026-03-24 22:32:37.680,15.84
2026-03-24 22:32:38.320,-10.08
2026-03-24 22:32:38.960,-19.8
2026-03-24 22:32:39.600,-3
2026-03-24 22:32:40.240,17.16
2026-03-24 22:32:40.880,19.08
2026-03-24 22:32:41.520,16.56
2026-03-24 22:32:42.160,-30.36
2026-03-24 22:32:42.800,-15.12
2026-03-24 22:32:43.440,-2.64
2026-03-24 22:32:44.080,21.24
2026-03-24 22:32:44.720,17.04
2026-03-24 22:32:45.360,-1.56
2026-03-24 22:32:46.000,-25.68
2026-03-24 22:32:46.640,-8.76
2026-03-24 22:32:47.280,-0.72
2026-03-24 22:32:47.920,19.92
2026-03-24 22:32:48.560,17.4
2026-03-24 22:32:49.200,-18.24
2026-03-24 22:32:49.840,-22.8
2026-03-24 22:32:50.480,-7.44
2026-03-24 22:32:51.120,7.8
2026-03-24 22:32:51.760,18.84
2026-03-24 22:32:52.400,12.72
2026-03-24 22:32:53.040,-23.28
2026-03-24 22:32:53.680,-12.24
2026-03-24 22:32:54.320,-1.56
2026-03-24 22:32:54.960,19.56
2026-03-24 22:32:55.600,13.44
2026-03-24 22:32:56.240,10.44
2026-03-24 22:32:56.880,-22.56
2026-03-24 22:32:57.520,-10.2
2026-03-24 22:32:58.160,-3.24
2026-03-24 22:32:58.800,10.2
2026-03-24 22:32:59.440,14.76
2026-03-24 22:33:00.080,9
2026-03-24 22:33:00.720,-19.08
2026-03-24 22:33:01.360,-10.08
2026-03-24 22:33:02.000,-0.84
2026-03-24 22:33:02.640,10.56
2026-03-24 22:33:03.280,16.32
2026-03-24 22:33:03.920,9.12
2026-03-24 22:33:04.560,-23.28
2026-03-24 22:33:05.200,-11.64
2026-03-24 22:33:05.840,7.08
2026-03-24 22:33:06.480,12.72
2026-03-24 22:33:07.120,11.52
2026-03-24 22:33:07.760,-21.72
2026-03-24 22:33:08.400,-11.4
2026-03-24 22:33:09.040,-0.6
2026-03-24 22:33:09.680,20.4
2026-03-24 22:33:10.320,12
2026-03-24 22:33:10.960,3.36
2026-03-24 22:33:11.600,-20.16
2026-03-24 22:33:12.240,-6.36
2026-03-24 22:33:12.880,0
2026-03-24 22:33:13.520,17.88
2026-03-24 22:33:14.160,15.36
2026-03-24 22:33:14.800,-23.52
2026-03-24 22:33:15.440,-15.24
2026-03-24 22:33:16.080,-3.96
2026-03-24 22:33:16.720,15.48
2026-03-24 22:33:17.360,14.52
2026-03-24 22:33:18.000,14.4
2026-03-24 22:33:18.640,-25.2
2026-03-24 22:33:19.280,-11.16
2026-03-24 22:33:19.920,-0.36
2026-03-24 22:33:20.560,15.36
2026-03-24 22:33:21.200,15.24
2026-03-24 22:33:21.840,15.48
2026-03-24 22:33:22.480,-27.24
2026-03-24 22:33:23.120,-9.96
2026-03-24 22:33:23.760,-2.28
2026-03-24 22:33:24.400,23.28
2026-03-24 22:33:25.040,14.64
2026-03-24 22:33:25.680,-0.6
2026-03-24 22:33:26.320,-21.84
2026-03-24 22:33:26.960,-7.32
2026-03-24 22:33:27.600,-2.76
2026-03-24 22:33:28.240,19.68
2026-03-24 22:33:28.880,15
2026-03-24 22:33:29.520,15.72
2026-03-24 22:33:30.160,-29.52
2026-03-24 22:33:30.800,-16.2
2026-03-24 22:33:31.440,-3.48
2026-03-24 22:33:32.080,-1.2
2026-03-24 22:33:32.720,20.64
2026-03-24 22:33:33.360,14.4
2026-03-24 22:33:34.000,-9.6
2026-03-24 22:33:34.640,-20.28
2026-03-24 22:33:35.280,-6.36
2026-03-24 22:33:35.920,-0.6
2026-03-24 22:33:36.560,18.84
2026-03-24 22:33:37.200,14.28
2026-03-24 22:33:37.840,15.12
2026-03-24 22:33:38.480,-25.92
2026-03-24 22:33:39.120,-12.36
2026-03-24 22:33:39.760,-3.24
2026-03-24 22:33:40.400,9.12
2026-03-24 22:33:41.040,14.04
2026-03-24 22:33:41.680,16.2
2026-03-24 22:33:42.320,-16.92
2026-03-24 22:33:42.960,-20.4
2026-03-24 22:33:43.600,-3.6
2026-03-24 22:33:44.240,14.52
2026-03-24 22:33:44.880,19.32
2026-03-24 22:33:45.520,14.28
2026-03-24 22:33:46.160,-27.96
2026-03-24 22:33:46.800,-8.76
2026-03-24 22:33:47.440,-1.08
2026-03-24 22:33:48.080,22.2
2026-03-24 22:33:48.720,18.12
2026-03-24 22:33:49.360,-4.44
2026-03-24 22:33:50.000,-22.44
2026-03-24 22:33:50.640,-6.36
2026-03-24 22:33:51.280,12.84
2026-03-24 22:33:51.920,13.2
2026-03-24 22:33:52.560,18
2026-03-24 22:33:53.200,-26.52
2026-03-24 22:33:53.840,-14.88
2026-03-24 22:33:54.480,-1.92
2026-03-24 22:33:55.120,19.32
2026-03-24 22:33:55.760,11.76
2026-03-24 22:33:56.400,7.8
2026-03-24 22:33:57.040,-14.16
2026-03-24 22:33:57.680,-13.92
2026-03-24 22:33:58.320,19.92
2026-03-24 22:33:58.960,45.84
2026-03-24 22:33:59.600,25.08
2026-03-24 22:34:00.240,-46.2
2026-03-24 22:34:00.880,-21.6
2026-03-24 22:34:01.520,31.08
2026-03-24 22:34:02.160,50.4
2026-03-24 22:34:02.800,15
2026-03-24 22:34:03.440,-3.84
2026-03-24 22:34:04.080,-5.4
2026-03-24 22:34:04.720,-5.88
2026-03-24 22:34:05.360,-2.64
2026-03-24 22:34:06.000,-2.4
2026-03-24 22:34:06.640,-2.4
2026-03-24 22:34:07.280,-2.52
2026-03-24 22:34:07.920,-2.28
2026-03-24 22:34:08.560,-23.04
2026-03-24 22:34:09.200,-38.16
2026-03-24 22:34:09.840,-18.96
2026-03-24 22:34:10.480,24.6
2026-03-24 22:34:11.120,29.76
2026-03-24 22:34:11.760,22.32
2026-03-24 22:34:12.400,-30.96
2026-03-24 22:34:13.040,-32.76
2026-03-24 22:34:13.680,-13.92
2026-03-24 22:34:14.320,-2.64
2026-03-24 22:34:14.960,28.08
2026-03-24 22:34:15.600,29.88
2026-03-24 22:34:16.240,23.4
2026-03-24 22:34:16.880,-28.68
2026-03-24 22:34:17.520,-28.56
2026-03-24 22:34:18.160,-6.24
2026-03-24 22:34:18.800,15.12
2026-03-24 22:34:19.440,28.2
2026-03-24 22:34:20.080,30.12
2026-03-24 22:34:20.720,11.28
2026-03-24 22:34:21.360,-14.88
2026-03-24 22:34:22.000,-45.84
2026-03-24 22:34:22.640,-24.6
2026-03-24 22:34:23.280,1.44
2026-03-24 22:34:23.920,40.68
2026-03-24 22:34:24.560,31.44
2026-03-24 22:34:25.200,-1.08
2026-03-24 22:34:25.840,-40.44
2026-03-24 22:34:26.480,-29.76
2026-03-24 22:34:27.120,-0.96
2026-03-24 22:34:27.760,25.8
2026-03-24 22:34:28.400,31.56
2026-03-24 22:34:29.040,-38.16
2026-03-24 22:34:29.680,-15.12
2026-03-24 22:34:30.320,0
2026-03-24 22:34:30.960,0.48
2026-03-24 22:34:31.600,-0.36
2026-03-24 22:34:32.240,-42.96
2026-03-24 22:34:32.880,1.44
2026-03-24 22:34:33.520,52.56
2026-03-24 22:34:34.160,33.72
2026-03-24 22:34:34.800,25.44
2026-03-24 22:34:35.440,38.28
2026-03-24 22:34:36.080,40.8
2026-03-24 22:34:36.720,-37.92
2026-03-24 22:34:37.360,-26.28
2026-03-24 22:34:38.000,-16.8
2026-03-24 22:34:38.640,-1.2
2026-03-24 22:34:39.280,17.88
2026-03-24 22:34:39.920,27.72
2026-03-24 22:34:40.560,-12.84
2026-03-24 22:34:41.200,-19.8
2026-03-24 22:34:41.840,-8.04
2026-03-24 22:34:42.480,37.92
2026-03-24 22:34:43.120,27.48
2026-03-24 22:34:43.760,-32.64
2026-03-24 22:34:44.400,-28.56
2026-03-24 22:34:45.040,-5.52
2026-03-24 22:34:45.680,-30.96
2026-03-24 22:34:46.320,12.96
2026-03-24 22:34:46.960,42.48
2026-03-24 22:34:47.600,7.2
2026-03-24 22:34:48.240,-29.76
2026-03-24 22:34:48.880,-20.88
2026-03-24 22:34:49.520,6.96
2026-03-24 22:34:50.160,30.36
2026-03-24 22:34:50.800,22.08
2026-03-24 22:34:51.440,-25.2
2026-03-24 22:34:52.080,-14.64
2026-03-24 22:34:52.720,2.4
2026-03-24 22:34:53.360,32.52
2026-03-24 22:34:54.000,-1.2
2026-03-24 22:34:54.640,-28.92
2026-03-24 22:34:55.280,21
2026-03-24 22:34:55.920,12.84
2026-03-24 22:34:56.560,38.28
2026-03-24 22:34:57.200,31.56
2026-03-24 22:34:57.840,29.16
2026-03-24 22:34:58.480,-37.56
2026-03-24 22:34:59.120,-27
2026-03-24 22:34:59.760,-1.08
2026-03-24 22:35:00.400,5.64
2026-03-24 22:35:01.040,23.88
2026-03-24 22:35:01.680,24
2026-03-24 22:35:02.320,-16.92
2026-03-24 22:35:02.960,-18.48
2026-03-24 22:35:03.600,-8.88
2026-03-24 22:35:04.240,3.84
2026-03-24 22:35:04.880,26.52
2026-03-24 22:35:05.520,22.32
2026-03-24 22:35:06.160,-21.6
2026-03-24 22:35:06.800,-27.72
2026-03-24 22:35:07.440,-7.44
2026-03-24 22:35:08.080,18.96
2026-03-24 22:35:08.720,23.52
2026-03-24 22:35:09.360,17.28
2026-03-24 22:35:10.000,-23.28
2026-03-24 22:35:10.640,-16.8
2026-03-24 22:35:11.280,-0.24
2026-03-24 22:35:11.920,24.6
2026-03-24 22:35:12.560,23.28
2026-03-24 22:35:13.200,-6.48
2026-03-24 22:35:13.840,-21.36
2026-03-24 22:35:14.480,-16.56
2026-03-24 22:35:15.120,-2.16
2026-03-24 22:35:15.760,20.28
2026-03-24 22:35:16.400,20.64
2026-03-24 22:35:17.040,-2.04
2026-03-24 22:35:17.680,-19.92
2026-03-24 22:35:18.320,-13.92
2026-03-24 22:35:18.960,6.96
2026-03-24 22:35:19.600,24
2026-03-24 22:35:20.240,24.96
2026-03-24 22:35:20.880,-20.4
2026-03-24 22:35:21.520,-28.92
2026-03-24 22:35:22.160,-9.12
2026-03-24 22:35:22.800,12.12
2026-03-24 22:35:23.440,23.28
2026-03-24 22:35:24.080,17.28
2026-03-24 22:35:24.720,-23.28
2026-03-24 22:35:25.360,-19.2
2026-03-24 22:35:26.000,1.44
2026-03-24 22:35:26.640,27.36
2026-03-24 22:35:27.280,24.12
2026-03-24 22:35:27.920,-15.84
2026-03-24 22:35:28.560,-9.96
2026-03-24 22:35:29.200,-31.68
2026-03-24 22:35:29.840,-16.44
2026-03-24 22:35:30.480,12
2026-03-24 22:35:31.120,29.16
2026-03-24 22:35:31.760,24.84
2026-03-24 22:35:32.400,5.88
2026-03-24 22:35:33.040,-26.28
2026-03-24 22:35:33.680,-19.8
2026-03-24 22:35:34.320,-3.12
2026-03-24 22:35:34.960,14.64
2026-03-24 22:35:35.600,17.64
2026-03-24 22:35:36.240,16.92
2026-03-24 22:35:36.880,-2.76
2026-03-24 22:35:37.520,-14.16
2026-03-24 22:35:38.160,-11.52
2026-03-24 22:35:38.800,-1.68
2026-03-24 22:35:39.440,17.88
2026-03-24 22:35:40.080,17.52
2026-03-24 22:35:40.720,7.92
2026-03-24 22:35:41.360,-17.16
2026-03-24 22:35:42.000,-10.32
2026-03-24 22:35:42.640,0.6
2026-03-24 22:35:43.280,17.64
2026-03-24 22:35:43.920,17.28
2026-03-24 22:35:44.560,13.32
2026-03-24 22:35:45.200,-15.6
2026-03-24 22:35:45.840,-11.16
2026-03-24 22:35:46.480,-4.92
2026-03-24 22:35:47.120,17.52
2026-03-24 22:35:47.760,19.8
2026-03-24 22:35:48.400,9.96
2026-03-24 22:35:49.040,-11.52
2026-03-24 22:35:49.680,12.36
2026-03-24 22:35:50.320,14.52
2026-03-24 22:35:50.960,-10.92
2026-03-24 22:35:51.600,-5.88
2026-03-24 22:35:52.240,-36.48
2026-03-24 22:35:52.880,-19.68
2026-03-24 22:35:53.520,16.32
2026-03-24 22:35:54.160,24
2026-03-24 22:35:54.800,25.68
2026-03-24 22:35:55.440,15.12
2026-03-24 22:35:56.080,-27.12
2026-03-24 22:35:56.720,-28.2
2026-03-24 22:35:57.360,-22.92
2026-03-24 22:35:58.000,1.56
2026-03-24 22:35:58.640,25.8
2026-03-24 22:35:59.280,17.04
2026-03-24 22:35:59.920,-47.04
2026-03-24 22:36:00.560,-29.28
2026-03-24 22:36:01.200,-4.44
2026-03-24 22:36:01.840,-2.76
2026-03-24 22:36:02.480,22.08
2026-03-24 22:36:03.120,21.36
2026-03-24 22:36:03.760,6.48
2026-03-24 22:36:04.400,8.16
2026-03-24 22:36:05.040,3.6
2026-03-24 22:36:05.680,-5.64
2026-03-24 22:36:06.320,-16.44
2026-03-24 22:36:06.960,-32.4
2026-03-24 22:36:07.600,-27.48
2026-03-24 22:36:08.240,9.96
2026-03-24 22:36:08.880,23.64
2026-03-24 22:36:09.520,20.16
2026-03-24 22:36:10.160,2.52
2026-03-24 22:36:10.800,-16.08
2026-03-24 22:36:11.440,-28.44
2026-03-24 22:36:12.080,-15.84
2026-03-24 22:36:12.720,-2.52
2026-03-24 22:36:13.360,30.72
2026-03-24 22:36:14.000,24.96
2026-03-24 22:36:14.640,12.24
2026-03-24 22:36:15.280,-20.16
2026-03-24 22:36:15.920,-22.56
2026-03-24 22:36:16.560,-24.24
2026-03-24 22:36:17.200,-12.36
2026-03-24 22:36:17.840,30.48
2026-03-24 22:36:18.480,27.48
2026-03-24 22:36:19.120,-7.8
2026-03-24 22:36:19.760,-30.48
2026-03-24 22:36:20.400,-13.56
2026-03-24 22:36:21.040,-0.6
2026-03-24 22:36:21.680,23.76
2026-03-24 22:36:22.320,25.08
2026-03-24 22:36:22.960,17.88
2026-03-24 22:36:23.600,-33
2026-03-24 22:36:24.240,-22.32
2026-03-24 22:36:24.880,-3.6
2026-03-24 22:36:25.520,7.08
2026-03-24 22:36:26.160,22.92
2026-03-24 22:36:26.800,21.84
2026-03-24 22:36:27.440,-20.04
2026-03-24 22:36:28.080,-21.84
2026-03-24 22:36:28.720,-4.32
2026-03-24 22:36:29.360,6.48
2026-03-24 22:36:30.000,20.52
2026-03-24 22:36:30.640,21.48
2026-03-24 22:36:31.280,-9.36
2026-03-24 22:36:31.920,-21.12
2026-03-24 22:36:32.560,-10.44
2026-03-24 22:36:33.200,0.72
2026-03-24 22:36:33.840,16.08
2026-03-24 22:36:34.480,20.28
2026-03-24 22:36:35.120,17.04
2026-03-24 22:36:35.760,-14.16
2026-03-24 22:36:36.400,-19.68
2026-03-24 22:36:37.040,-10.8
2026-03-24 22:36:37.680,-1.32
2026-03-24 22:36:38.320,14.4
2026-03-24 22:36:38.960,13.32
2026-03-24 22:36:39.600,11.76
2026-03-24 22:36:40.240,-16.56
2026-03-24 22:36:40.880,-13.68
2026-03-24 22:36:41.520,-0.6
2026-03-24 22:36:42.160,15.48
2026-03-24 22:36:42.800,23.52
2026-03-24 22:36:43.440,24.72
2026-03-24 22:36:44.080,14.04
2026-03-24 22:36:44.720,12.24
2026-03-24 22:36:45.360,3.72
2026-03-24 22:36:46.000,-39.6
2026-03-24 22:36:46.640,-32.16
2026-03-24 22:36:47.280,-12
2026-03-24 22:36:47.920,18.72
2026-03-24 22:36:48.560,19.56
2026-03-24 22:36:49.200,20.76
2026-03-24 22:36:49.840,3.72
2026-03-24 22:36:50.480,-21.36
2026-03-24 22:36:51.120,-19.2
2026-03-24 22:36:51.760,-2.64
2026-03-24 22:36:52.400,10.56
2026-03-24 22:36:53.040,19.8
2026-03-24 22:36:53.680,21
2026-03-24 22:36:54.320,16.92
2026-03-24 22:36:54.960,-6.96
2026-03-24 22:36:55.600,-20.88
2026-03-24 22:36:56.240,-19.32
2026-03-24 22:36:56.880,-2.64
2026-03-24 22:36:57.520,-0.6
2026-03-24 22:36:58.160,-11.64
2026-03-24 22:36:58.800,-29.28
2026-03-24 22:36:59.440,-34.44
2026-03-24 22:37:00.080,25.08
2026-03-24 22:37:00.720,38.64
2026-03-24 22:37:01.360,25.08
2026-03-24 22:37:02.000,29.64
2026-03-24 22:37:02.640,34.08
2026-03-24 22:37:03.280,-57.6
2026-03-24 22:37:03.920,-62.88
2026-03-24 22:37:04.560,-47.4
2026-03-24 22:37:05.200,-17.76
2026-03-24 22:37:05.840,-0.24
2026-03-24 22:37:06.480,-14.4
2026-03-24 22:37:07.120,6.72
2026-03-24 22:37:07.760,23.04
2026-03-24 22:37:08.400,34.2
2026-03-24 22:37:09.040,-8.4
2026-03-24 22:37:09.680,-26.52
2026-03-24 22:37:10.320,4.32
2026-03-24 22:37:10.960,17.4
2026-03-24 22:37:11.600,28.92
2026-03-24 22:37:12.240,25.32
2026-03-24 22:37:12.880,-24.84
2026-03-24 22:37:13.520,-15.12
2026-03-24 22:37:14.160,-0.96
2026-03-24 22:37:14.800,11.4
2026-03-24 22:37:15.440,25.32
2026-03-24 22:37:16.080,26.52
2026-03-24 22:37:16.720,-10.2
2026-03-24 22:37:17.360,-23.52
2026-03-24 22:37:18.000,-6.36
2026-03-24 22:37:18.640,1.2
2026-03-24 22:37:19.280,19.92
2026-03-24 22:37:19.920,24.96
2026-03-24 22:37:20.560,18.48
2026-03-24 22:37:21.200,-24.36
2026-03-24 22:37:21.840,-23.04
2026-03-24 22:37:22.480,-5.76
2026-03-24 22:37:23.120,-1.08
2026-03-24 22:37:23.760,20.4
2026-03-24 22:37:24.400,23.04
2026-03-24 22:37:25.040,19.2
2026-03-24 22:37:25.680,-23.52
2026-03-24 22:37:26.320,-22.32
2026-03-24 22:37:26.960,-6.36
2026-03-24 22:37:27.600,0.12
2026-03-24 22:37:28.240,19.68
2026-03-24 22:37:28.880,23.64
2026-03-24 22:37:29.520,4.68
2026-03-24 22:37:30.160,-23.76
2026-03-24 22:37:30.800,-13.32
2026-03-24 22:37:31.440,-1.56
2026-03-24 22:37:32.080,18.6
2026-03-24 22:37:32.720,24.24
2026-03-24 22:37:33.360,15.96
2026-03-24 22:37:34.000,-23.76
2026-03-24 22:37:34.640,-22.2
2026-03-24 22:37:35.280,-7.32
2026-03-24 22:37:35.920,2.52
2026-03-24 22:37:36.560,20.76
2026-03-24 22:37:37.200,21.48
2026-03-24 22:37:37.840,13.2
2026-03-24 22:37:38.480,-30.36
2026-03-24 22:37:39.120,-23.52
2026-03-24 22:37:39.760,-7.68
2026-03-24 22:37:40.400,0
2026-03-24 22:37:41.040,15.48
2026-03-24 22:37:41.680,19.92
2026-03-24 22:37:42.320,-24.72
2026-03-24 22:37:42.960,-19.2
2026-03-24 22:37:43.600,-0.6
2026-03-24 22:37:44.240,6.96
2026-03-24 22:37:44.880,18.96
2026-03-24 22:37:45.520,21.48
2026-03-24 22:37:46.160,-15.24
2026-03-24 22:37:46.800,-20.16
2026-03-24 22:37:47.440,-6.96
2026-03-24 22:37:48.080,-1.56
2026-03-24 22:37:48.720,11.64
2026-03-24 22:37:49.360,13.32
2026-03-24 22:37:50.000,-11.16
2026-03-24 22:37:50.640,1.56
2026-03-24 22:37:51.280,1.68
2026-03-24 22:37:51.920,2.64
2026-03-24 22:37:52.560,-3.12
2026-03-24 22:37:53.200,-7.56
2026-03-24 22:37:53.840,11.4
2026-03-24 22:37:54.480,24.36
2026-03-24 22:37:55.120,25.08
2026-03-24 22:37:55.760,19.44
2026-03-24 22:37:56.400,14.52
2026-03-24 22:37:57.040,-28.44
2026-03-24 22:37:57.680,-28.56
2026-03-24 22:37:58.320,-9.84
2026-03-24 22:37:58.960,-0.24
2026-03-24 22:37:59.600,20.64
2026-03-24 22:38:00.240,21.72
2026-03-24 22:38:00.880,17.76
2026-03-24 22:38:01.520,-19.92
2026-03-24 22:38:02.160,-24.36
2026-03-24 22:38:02.800,-9.6
2026-03-24 22:38:03.440,0.24
2026-03-24 22:38:04.080,18.96
2026-03-24 22:38:04.720,20.76
2026-03-24 22:38:05.360,16.2
2026-03-24 22:38:06.000,-20.04
2026-03-24 22:38:06.640,-19.68
2026-03-24 22:38:07.280,-11.88
2026-03-24 22:38:07.920,-2.4
2026-03-24 22:38:08.560,19.92
2026-03-24 22:38:09.200,18.96
2026-03-24 22:38:09.840,18.12
2026-03-24 22:38:10.480,-16.2
2026-03-24 22:38:11.120,-20.64
2026-03-24 22:38:11.760,-12.48
2026-03-24 22:38:12.400,-1.92
2026-03-24 22:38:13.040,15.48
2026-03-24 22:38:13.680,17.64
2026-03-24 22:38:14.320,20.52
2026-03-24 22:38:14.960,11.04
2026-03-24 22:38:15.600,-27.72
2026-03-24 22:38:16.240,-23.76
2026-03-24 22:38:16.880,-6.72
2026-03-24 22:38:17.520,0.84
2026-03-24 22:38:18.160,18.84
2026-03-24 22:38:18.800,19.08
2026-03-24 22:38:19.440,15.72
2026-03-24 22:38:20.080,-18.96
2026-03-24 22:38:20.720,-26.04
2026-03-24 22:38:21.360,-9.72
2026-03-24 22:38:22.000,-1.8
2026-03-24 22:38:22.640,17.04
2026-03-24 22:38:23.280,19.32
2026-03-24 22:38:23.920,18.12
2026-03-24 22:38:24.560,-5.16
2026-03-24 22:38:25.200,-26.04
2026-03-24 22:38:25.840,-13.92
2026-03-24 22:38:26.480,-2.28
2026-03-24 22:38:27.120,13.8
2026-03-24 22:38:27.760,19.56
2026-03-24 22:38:28.400,20.4
2026-03-24 22:38:29.040,7.08
2026-03-24 22:38:29.680,-24.24
2026-03-24 22:38:30.320,-21.48
2026-03-24 22:38:30.960,-4.92
2026-03-24 22:38:31.600,-0.48
2026-03-24 22:38:32.240,15.96
2026-03-24 22:38:32.880,17.52
2026-03-24 22:38:33.520,16.32
2026-03-24 22:38:34.160,-13.08
2026-03-24 22:38:34.800,-21.24
2026-03-24 22:38:35.440,-14.64
2026-03-24 22:38:36.080,-3.36
2026-03-24 22:38:36.720,15.72
2026-03-24 22:38:37.360,16.92
2026-03-24 22:38:38.000,16.92
2026-03-24 22:38:38.640,5.4
2026-03-24 22:38:39.280,-25.32
2026-03-24 22:38:39.920,-17.28
2026-03-24 22:38:40.560,-2.52
2026-03-24 22:38:41.200,13.08
2026-03-24 22:38:41.840,16.44
2026-03-24 22:38:42.480,17.88
2026-03-24 22:38:43.120,1.2
2026-03-24 22:38:43.760,-20.28
2026-03-24 22:38:44.400,-19.8
2026-03-24 22:38:45.040,-3.84
2026-03-24 22:38:45.680,5.04
2026-03-24 22:38:46.320,16.8
2026-03-24 22:38:46.960,20.76
2026-03-24 22:38:47.600,12.36
2026-03-24 22:38:48.240,-26.76
2026-03-24 22:38:48.880,-24.24
2026-03-24 22:38:49.520,-6.72
2026-03-24 22:38:50.160,-1.44
2026-03-24 22:38:50.800,14.4
2026-03-24 22:38:51.440,15.84
2026-03-24 22:38:52.080,18.6
2026-03-24 22:38:52.720,9.12
2026-03-24 22:38:53.360,-25.44
2026-03-24 22:38:54.000,-23.64
2026-03-24 22:38:54.640,-4.92
2026-03-24 22:38:55.280,2.4
2026-03-24 22:38:55.920,17.76
2026-03-24 22:38:56.560,19.32
2026-03-24 22:38:57.200,12.96
2026-03-24 22:38:57.840,-6.6
2026-03-24 22:38:58.480,-27
2026-03-24 22:38:59.120,-14.28
2026-03-24 22:38:59.760,-5.4
2026-03-24 22:39:00.400,0.6
2026-03-24 22:39:01.040,14.76
2026-03-24 22:39:01.680,19.44
2026-03-24 22:39:02.320,19.92
2026-03-24 22:39:02.960,16.2
2026-03-24 22:39:03.600,-1.68
2026-03-24 22:39:04.240,-30.6
2026-03-24 22:39:04.880,-24.36
2026-03-24 22:39:05.520,-5.04
2026-03-24 22:39:06.160,0.12
2026-03-24 22:39:06.800,14.28
2026-03-24 22:39:07.440,16.44
2026-03-24 22:39:08.080,15.6
2026-03-24 22:39:08.720,10.32
2026-03-24 22:39:09.360,-27.84
2026-03-24 22:39:10.000,-22.8
2026-03-24 22:39:10.640,-3.36
2026-03-24 22:39:11.280,-0.48
2026-03-24 22:39:11.920,10.8
2026-03-24 22:39:12.560,31.32
2026-03-24 22:39:13.200,12.72
2026-03-24 22:39:13.840,-8.52
2026-03-24 22:39:14.480,-19.8
2026-03-24 22:39:15.120,-0.12
2026-03-24 22:39:15.760,16.68
2026-03-24 22:39:16.400,17.4
2026-03-24 22:39:17.040,8.88
2026-03-24 22:39:17.680,8.64
2026-03-24 22:39:18.320,-66.48
2026-03-24 22:39:18.960,-69.6
2026-03-24 22:39:19.600,-42.84
2026-03-24 22:39:20.240,-26.76
2026-03-24 22:39:20.880,-7.92
2026-03-24 22:39:21.520,7.32
2026-03-24 22:39:22.160,10.92
2026-03-24 22:39:22.800,8.88
2026-03-24 22:39:23.440,-7.44
2026-03-24 22:39:24.080,-28.2
2026-03-24 22:39:24.720,-12.12
2026-03-24 22:39:25.360,-0.36
2026-03-24 22:39:26.000,0.72
2026-03-24 22:39:26.640,10.2
2026-03-24 22:39:27.280,15.96
2026-03-24 22:39:27.920,16.68
2026-03-24 22:39:28.560,-33.72
2026-03-24 22:39:29.200,-20.88
2026-03-24 22:39:29.840,-2.04
2026-03-24 22:39:30.480,0.48
2026-03-24 22:39:31.120,4.44
2026-03-24 22:39:31.760,18.48
2026-03-24 22:39:32.400,19.32
2026-03-24 22:39:33.040,-7.32
2026-03-24 22:39:33.680,-22.8
2026-03-24 22:39:34.320,-10.8
2026-03-24 22:39:34.960,-3.6
2026-03-24 22:39:35.600,2.16
2026-03-24 22:39:36.240,15.24
2026-03-24 22:39:36.880,19.92
2026-03-24 22:39:37.520,8.04
2026-03-24 22:39:38.160,-18.96
2026-03-24 22:39:38.800,-15.48
2026-03-24 22:39:39.440,-4.56
2026-03-24 22:39:40.080,-0.48
2026-03-24 22:39:40.720,15.48
2026-03-24 22:39:41.360,19.68
2026-03-24 22:39:42.000,19.32
2026-03-24 22:39:42.640,2.28
2026-03-24 22:39:43.280,-26.4
2026-03-24 22:39:43.920,-17.04
2026-03-24 22:39:44.560,-2.64
2026-03-24 22:39:45.200,1.68
2026-03-24 22:39:45.840,18.24
2026-03-24 22:39:46.480,20.88
2026-03-24 22:39:47.120,17.88
2026-03-24 22:39:47.760,4.08
2026-03-24 22:39:48.400,-28.68
2026-03-24 22:39:49.040,-18.72
2026-03-24 22:39:49.680,-2.88
2026-03-24 22:39:50.320,0.48
2026-03-24 22:39:50.960,19.08
2026-03-24 22:39:51.600,19.68
2026-03-24 22:39:52.240,-6.6
2026-03-24 22:39:52.880,-21.24
2026-03-24 22:39:53.520,-9.12
2026-03-24 22:39:54.160,0.24
2026-03-24 22:39:54.800,7.56
2026-03-24 22:39:55.440,22.68
2026-03-24 22:39:56.080,21.36
2026-03-24 22:39:56.720,17.4
2026-03-24 22:39:57.360,-31.32
2026-03-24 22:39:58.000,-27.36
2026-03-24 22:39:58.640,-8.76
2026-03-24 22:39:59.280,-1.92
2026-03-24 22:39:59.920,13.32
2026-03-24 22:40:00.560,17.88
2026-03-24 22:40:01.200,19.68
2026-03-24 22:40:01.840,2.64
2026-03-24 22:40:02.480,-21.36
2026-03-24 22:40:03.120,-18.84
2026-03-24 22:40:03.760,-0.6
2026-03-24 22:40:04.400,3.36
2026-03-24 22:40:05.040,18
2026-03-24 22:40:05.680,21.96
2026-03-24 22:40:06.320,18.72
2026-03-24 22:40:06.960,7.56
2026-03-24 22:40:07.600,-25.68
2026-03-24 22:40:08.240,-21.48
2026-03-24 22:40:08.880,-6.12
2026-03-24 22:40:09.520,-0.24
2026-03-24 22:40:10.160,16.44
2026-03-24 22:40:10.800,17.28
2026-03-24 22:40:11.440,18.24
2026-03-24 22:40:12.080,-22.68
2026-03-24 22:40:12.720,-19.56
2026-03-24 22:40:13.360,-7.68
2026-03-24 22:40:14.000,-1.56
2026-03-24 22:40:14.640,13.92
2026-03-24 22:40:15.280,17.64
2026-03-24 22:40:15.920,18.96
2026-03-24 22:40:16.560,16.8
2026-03-24 22:40:17.200,-17.76
2026-03-24 22:40:17.840,-27.36
2026-03-24 22:40:18.480,-17.16
2026-03-24 22:40:19.120,-2.04
2026-03-24 22:40:19.760,-2.04
2026-03-24 22:40:20.400,16.44
2026-03-24 22:40:21.040,15.36
2026-03-24 22:40:21.680,8.76
2026-03-24 22:40:22.320,-15.6
2026-03-24 22:40:22.960,-12.96
2026-03-24 22:40:23.600,-2.4
2026-03-24 22:40:24.240,1.2
2026-03-24 22:40:24.880,15.96
2026-03-24 22:40:25.520,18.48
2026-03-24 22:40:26.160,17.52
2026-03-24 22:40:26.800,-16.2
2026-03-24 22:40:27.440,-22.68
2026-03-24 22:40:28.080,-11.04
2026-03-24 22:40:28.720,-1.32
2026-03-24 22:40:29.360,5.28
2026-03-24 22:40:30.000,14.28
2026-03-24 22:40:30.640,17.04
2026-03-24 22:40:31.280,-15.36
2026-03-24 22:40:31.920,-16.44
2026-03-24 22:40:32.560,-5.76
2026-03-24 22:40:33.200,-0.36
2026-03-24 22:40:33.840,9.6
2026-03-24 22:40:34.480,17.52
2026-03-24 22:40:35.120,19.2
2026-03-24 22:40:35.760,13.2
2026-03-24 22:40:36.400,-25.56
2026-03-24 22:40:37.040,-24.48
2026-03-24 22:40:37.680,-12.36
2026-03-24 22:40:38.320,-0.72
2026-03-24 22:40:38.960,13.68
2026-03-24 22:40:39.600,20.4
2026-03-24 22:40:40.240,21.12
2026-03-24 22:40:40.880,12.96
2026-03-24 22:40:41.520,-26.76
2026-03-24 22:40:42.160,-22.68
2026-03-24 22:40:42.800,-6.12
2026-03-24 22:40:43.440,-1.32
2026-03-24 22:40:44.080,17.64
2026-03-24 22:40:44.720,16.56
2026-03-24 22:40:45.360,17.64
2026-03-24 22:40:46.000,0.36
2026-03-24 22:40:46.640,-22.08
2026-03-24 22:40:47.280,-19.2
2026-03-24 22:40:47.920,-3.72
2026-03-24 22:40:48.560,1.56
2026-03-24 22:40:49.200,15.24
2026-03-24 22:40:49.840,18.84
2026-03-24 22:40:50.480,4.56
2026-03-24 22:40:51.120,-23.64
2026-03-24 22:40:51.760,-11.64
2026-03-24 22:40:52.400,-2.04
2026-03-24 22:40:53.040,4.44
2026-03-24 22:40:53.680,17.64
2026-03-24 22:40:54.320,22.44
2026-03-24 22:40:54.960,18.72
2026-03-24 22:40:55.600,-33.12
2026-03-24 22:40:56.240,-26.28
2026-03-24 22:40:56.880,-11.52
2026-03-24 22:40:57.520,-2.88
2026-03-24 22:40:58.160,1.8
2026-03-24 22:40:58.800,19.2
2026-03-24 22:40:59.440,20.04
2026-03-24 22:41:00.080,15.6
2026-03-24 22:41:00.720,-21.72
2026-03-24 22:41:01.360,-22.68
2026-03-24 22:41:02.000,-12.96
2026-03-24 22:41:02.640,-1.68
2026-03-24 22:41:03.280,6.36
2026-03-24 22:41:03.920,18.6
2026-03-24 22:41:04.560,20.28
2026-03-24 22:41:05.200,-9.96
2026-03-24 22:41:05.840,-21.72
2026-03-24 22:41:06.480,-12.84
2026-03-24 22:41:07.120,-0.48
2026-03-24 22:41:07.760,8.64
2026-03-24 22:41:08.400,19.44
2026-03-24 22:41:09.040,21.24
2026-03-24 22:41:09.680,20.04
2026-03-24 22:41:10.320,-32.04
2026-03-24 22:41:10.960,-37.08
2026-03-24 22:41:11.600,-26.04
2026-03-24 22:41:12.240,-5.64
2026-03-24 22:41:12.880,5.52
2026-03-24 22:41:13.520,19.68
2026-03-24 22:41:14.160,23.04
2026-03-24 22:41:14.800,21.84
2026-03-24 22:41:15.440,17.4
2026-03-24 22:41:16.080,-32.64
2026-03-24 22:41:16.720,-26.76
2026-03-24 22:41:17.360,-9
2026-03-24 22:41:18.000,-1.68
2026-03-24 22:41:18.640,8.64
2026-03-24 22:41:19.280,21.6
2026-03-24 22:41:19.920,21.24
2026-03-24 22:41:20.560,16.68
2026-03-24 22:41:21.200,-23.76
2026-03-24 22:41:21.840,-18.72
2026-03-24 22:41:22.480,-8.88
2026-03-24 22:41:23.120,0.96
2026-03-24 22:41:23.760,6.24
2026-03-24 22:41:24.400,16.56
2026-03-24 22:41:25.040,19.32
2026-03-24 22:41:25.680,8.16
2026-03-24 22:41:26.320,-20.04
2026-03-24 22:41:26.960,-15.36
2026-03-24 22:41:27.600,-3.48
2026-03-24 22:41:28.240,1.2
2026-03-24 22:41:28.880,10.32
2026-03-24 22:41:29.520,15
2026-03-24 22:41:30.160,14.52
2026-03-24 22:41:30.800,-18.84
2026-03-24 22:41:31.440,-12.84
2026-03-24 22:41:32.080,-2.52
2026-03-24 22:41:32.720,-0.48
2026-03-24 22:41:33.360,13.32
2026-03-24 22:41:34.000,17.76
2026-03-24 22:41:34.640,13.68
2026-03-24 22:41:35.280,-16.8
2026-03-24 22:41:35.920,-17.4
2026-03-24 22:41:36.560,-7.56
2026-03-24 22:41:37.200,0.6
2026-03-24 22:41:37.840,12.48
2026-03-24 22:41:38.480,18.12
2026-03-24 22:41:39.120,21.48
2026-03-24 22:41:39.760,17.52
2026-03-24 22:41:40.400,-10.8
2026-03-24 22:41:41.040,-31.08
2026-03-24 22:41:41.680,-18
2026-03-24 22:41:42.320,-3.72
2026-03-24 22:41:42.960,0.72
2026-03-24 22:41:43.600,13.08
2026-03-24 22:41:44.240,17.04
2026-03-24 22:41:44.880,18.24
2026-03-24 22:41:45.520,-6.24
2026-03-24 22:41:46.160,-23.04
2026-03-24 22:41:46.800,-15.24
2026-03-24 22:41:47.440,-3.84
2026-03-24 22:41:48.080,1.8
2026-03-24 22:41:48.720,13.32
2026-03-24 22:41:49.360,16.68
2026-03-24 22:41:50.000,14.04
2026-03-24 22:41:50.640,-23.28
2026-03-24 22:41:51.280,-19.8
2026-03-24 22:41:51.920,-5.64
2026-03-24 22:41:52.560,-2.28
2026-03-24 22:41:53.200,11.88
2026-03-24 22:41:53.840,16.8
2026-03-24 22:41:54.480,17.76
2026-03-24 22:41:55.120,-12.48
2026-03-24 22:41:55.760,-20.04
2026-03-24 22:41:56.400,-8.76
2026-03-24 22:41:57.040,-2.04
2026-03-24 22:41:57.680,6.36
2026-03-24 22:41:58.320,18.12
2026-03-24 22:41:58.960,19.8
2026-03-24 22:41:59.600,16.56
2026-03-24 22:42:00.240,-41.4
2026-03-24 22:42:00.880,-30
2026-03-24 22:42:01.520,-14.64
2026-03-24 22:42:02.160,-21.24
2026-03-24 22:42:02.800,25.56
2026-03-24 22:42:03.440,25.56
2026-03-24 22:42:04.080,18.48
2026-03-24 22:42:04.720,-0.24
2026-03-24 22:42:05.360,-41.16
2026-03-24 22:42:06.000,-28.44
2026-03-24 22:42:06.640,-11.52
2026-03-24 22:42:07.280,-4.08
2026-03-24 22:42:07.920,-5.28
2026-03-24 22:42:08.560,0
2026-03-24 22:42:09.200,4.32
2026-03-24 22:42:09.840,18.6
2026-03-24 22:42:10.480,17.76
2026-03-24 22:42:11.120,-5.04
2026-03-24 22:42:11.760,-21.36
2026-03-24 22:42:12.400,-15.12
2026-03-24 22:42:13.040,-2.52
2026-03-24 22:42:13.680,-0.6
2026-03-24 22:42:14.320,15.48
2026-03-24 22:42:14.960,19.2
2026-03-24 22:42:15.600,5.64
2026-03-24 22:42:16.240,-20.64
2026-03-24 22:42:16.880,-13.32
2026-03-24 22:42:17.520,-2.28
2026-03-24 22:42:18.160,8.64
2026-03-24 22:42:18.800,19.32
2026-03-24 22:42:19.440,21.72
2026-03-24 22:42:20.080,17.4
2026-03-24 22:42:20.720,-26.76
2026-03-24 22:42:21.360,-25.08
2026-03-24 22:42:22.000,-11.76
2026-03-24 22:42:22.640,-3.96
2026-03-24 22:42:23.280,6.96
2026-03-24 22:42:23.920,17.28
2026-03-24 22:42:24.560,18.6
2026-03-24 22:42:25.200,13.92
2026-03-24 22:42:25.840,-17.52
2026-03-24 22:42:26.480,-22.8
2026-03-24 22:42:27.120,-14.04
2026-03-24 22:42:27.760,-3
2026-03-24 22:42:28.400,10.08
2026-03-24 22:42:29.040,16.44
2026-03-24 22:42:29.680,20.88
2026-03-24 22:42:30.320,8.04
2026-03-24 22:42:30.960,-23.52
2026-03-24 22:42:31.600,-17.88
2026-03-24 22:42:32.240,-2.76
2026-03-24 22:42:32.880,-0.36
2026-03-24 22:42:33.520,15.96
2026-03-24 22:42:34.160,19.08
2026-03-24 22:42:34.800,17.88
2026-03-24 22:42:35.440,7.44
2026-03-24 22:42:36.080,-23.16
2026-03-24 22:42:36.720,-18.6
2026-03-24 22:42:37.360,-7.2
2026-03-24 22:42:38.000,-1.2
2026-03-24 22:42:38.640,15.36
2026-03-24 22:42:39.280,18.6
2026-03-24 22:42:39.920,18.84
2026-03-24 22:42:40.560,-22.68
2026-03-24 22:42:41.200,-21.12
2026-03-24 22:42:41.840,-7.08
2026-03-24 22:42:42.480,-1.44
2026-03-24 22:42:43.120,16.08
2026-03-24 22:42:43.760,18.84
2026-03-24 22:42:44.400,20.4
2026-03-24 22:42:45.040,15.36
2026-03-24 22:42:45.680,-25.92
2026-03-24 22:42:46.320,-25.8
2026-03-24 22:42:46.960,-13.44
2026-03-24 22:42:47.600,-3.96
2026-03-24 22:42:48.240,2.16
2026-03-24 22:42:48.880,15.12
2026-03-24 22:42:49.520,18.24
2026-03-24 22:42:50.160,17.64
2026-03-24 22:42:50.800,6.24
2026-03-24 22:42:51.440,-24.48
2026-03-24 22:42:52.080,-20.64
2026-03-24 22:42:52.720,-6.36
2026-03-24 22:42:53.360,-0.96
2026-03-24 22:42:54.000,10.68
2026-03-24 22:42:54.640,15.84
2026-03-24 22:42:55.280,18.24
2026-03-24 22:42:55.920,17.52
2026-03-24 22:42:56.560,6.24
2026-03-24 22:42:57.200,-25.8
2026-03-24 22:42:57.840,-22.44
2026-03-24 22:42:58.480,-7.92
2026-03-24 22:42:59.120,-1.68
2026-03-24 22:42:59.760,3.96
2026-03-24 22:43:00.400,14.4
2026-03-24 22:43:01.040,16.68
2026-03-24 22:43:01.680,-7.08
2026-03-24 22:43:02.320,-20.88
2026-03-24 22:43:02.960,-7.08
2026-03-24 22:43:03.600,-1.8
2026-03-24 22:43:04.240,14.76
2026-03-24 22:43:04.880,18.96
2026-03-24 22:43:05.520,19.8
2026-03-24 22:43:06.160,-20.64
2026-03-24 22:43:06.800,-25.08
2026-03-24 22:43:07.440,-10.44
2026-03-24 22:43:08.080,0.6
2026-03-24 22:43:08.720,18.84
2026-03-24 22:43:09.360,19.32
2026-03-24 22:43:10.000,19.32
2026-03-24 22:43:10.640,-21.48
2026-03-24 22:43:11.280,-22.56
2026-03-24 22:43:11.920,-14.52
2026-03-24 22:43:12.560,-3.48
2026-03-24 22:43:13.200,10.68
2026-03-24 22:43:13.840,17.76
2026-03-24 22:43:14.480,19.2
2026-03-24 22:43:15.120,3.48
2026-03-24 22:43:15.760,-25.8
2026-03-24 22:43:16.400,-13.68
2026-03-24 22:43:17.040,-2.4
2026-03-24 22:43:17.680,4.8
2026-03-24 22:43:18.320,17.64
2026-03-24 22:43:18.960,18.24
2026-03-24 22:43:19.600,16.56
2026-03-24 22:43:20.240,-30.6
2026-03-24 22:43:20.880,-24.12
2026-03-24 22:43:21.520,-31.44
2026-03-24 22:43:22.160,-4.8
2026-03-24 22:43:22.800,26.04
2026-03-24 22:43:23.440,30.12
2026-03-24 22:43:24.080,23.28
2026-03-24 22:43:24.720,17.28
2026-03-24 22:43:25.360,-44.64
2026-03-24 22:43:26.000,-37.56
2026-03-24 22:43:26.640,-19.56
2026-03-24 22:43:27.280,-4.56
2026-03-24 22:43:27.920,-2.4
2026-03-24 22:43:28.560,13.2
2026-03-24 22:43:29.200,18.36
2026-03-24 22:43:29.840,13.92
2026-03-24 22:43:30.480,-13.8
2026-03-24 22:43:31.120,-21.24
2026-03-24 22:43:31.760,-6.24
2026-03-24 22:43:32.400,0.24
2026-03-24 22:43:33.040,4.44
2026-03-24 22:43:33.680,14.04
2026-03-24 22:43:34.320,21.72
2026-03-24 22:43:34.960,18.6
2026-03-24 22:43:35.600,-3.6
2026-03-24 22:43:36.240,-21.96
2026-03-24 22:43:36.880,-17.16
2026-03-24 22:43:37.520,-2.4
2026-03-24 22:43:38.160,-0.12
2026-03-24 22:43:38.800,10.32
2026-03-24 22:43:39.440,16.8
2026-03-24 22:43:40.080,18.84
2026-03-24 22:43:40.720,12.72
2026-03-24 22:43:41.360,-22.92
2026-03-24 22:43:42.000,-14.64
2026-03-24 22:43:42.640,-2.88
2026-03-24 22:43:43.280,0
2026-03-24 22:43:43.920,1.2
2026-03-24 22:43:44.560,16.44
2026-03-24 22:43:45.200,20.04
2026-03-24 22:43:45.840,16.56
2026-03-24 22:43:46.480,-18.12
2026-03-24 22:43:47.120,-24.36
2026-03-24 22:43:47.760,-9.24
2026-03-24 22:43:48.400,-0.36
2026-03-24 22:43:49.040,7.68
2026-03-24 22:43:49.680,16.68
2026-03-24 22:43:50.320,20.16
2026-03-24 22:43:50.960,16.68
2026-03-24 22:43:51.600,-21.48
2026-03-24 22:43:52.240,-26.16
2026-03-24 22:43:52.880,-13.44
2026-03-24 22:43:53.520,-2.28
2026-03-24 22:43:54.160,1.32
2026-03-24 22:43:54.800,13.56
2026-03-24 22:43:55.440,18.96
2026-03-24 22:43:56.080,19.08
2026-03-24 22:43:56.720,-9.72
2026-03-24 22:43:57.360,-24.24
2026-03-24 22:43:58.000,-14.28
2026-03-24 22:43:58.640,-4.08
2026-03-24 22:43:59.280,1.2
2026-03-24 22:43:59.920,13.8
2026-03-24 22:44:00.560,16.08
2026-03-24 22:44:01.200,12.36
2026-03-24 22:44:01.840,-19.2
2026-03-24 22:44:02.480,-14.16
2026-03-24 22:44:03.120,-2.28
2026-03-24 22:44:03.760,0.12
2026-03-24 22:44:04.400,16.56
2026-03-24 22:44:05.040,21.6
2026-03-24 22:44:05.680,19.8
2026-03-24 22:44:06.320,15
2026-03-24 22:44:06.960,-27.36
2026-03-24 22:44:07.600,-30.6
2026-03-24 22:44:08.240,-17.16
2026-03-24 22:44:08.880,-3.72
2026-03-24 22:44:09.520,0.12
2026-03-24 22:44:10.160,13.56
2026-03-24 22:44:10.800,16.56
2026-03-24 22:44:11.440,18.84
2026-03-24 22:44:12.080,-15.48
2026-03-24 22:44:12.720,-21
2026-03-24 22:44:13.360,-11.76
2026-03-24 22:44:14.000,-3.24
2026-03-24 22:44:14.640,3
2026-03-24 22:44:15.280,18.84
2026-03-24 22:44:15.920,21
2026-03-24 22:44:16.560,15.96
2026-03-24 22:44:17.200,1.92
2026-03-24 22:44:17.840,-28.2
2026-03-24 22:44:18.480,-20.4
2026-03-24 22:44:19.120,-4.8
2026-03-24 22:44:19.760,6.48
2026-03-24 22:44:20.400,15.84
2026-03-24 22:44:21.040,21.24
2026-03-24 22:44:21.680,12.48
2026-03-24 22:44:22.320,-21.96
2026-03-24 22:44:22.960,-25.2
2026-03-24 22:44:23.600,-9.72
2026-03-24 22:44:24.240,-2.28
2026-03-24 22:44:24.880,9.96
2026-03-24 22:44:25.520,16.2
2026-03-24 22:44:26.160,19.08
2026-03-24 22:44:26.800,9.36
2026-03-24 22:44:27.440,-24
2026-03-24 22:44:28.080,-19.68
2026-03-24 22:44:28.720,-3.72
2026-03-24 22:44:29.360,3.84
2026-03-24 22:44:30.000,15.6
2026-03-24 22:44:30.640,17.04
2026-03-24 22:44:31.280,14.28
2026-03-24 22:44:31.920,-13.92
2026-03-24 22:44:32.560,-28.44
2026-03-24 22:44:33.200,-12
2026-03-24 22:44:33.840,-3.72
2026-03-24 22:44:34.480,3.24
2026-03-24 22:44:35.120,15
2026-03-24 22:44:35.760,20.4
2026-03-24 22:44:36.400,24.48
2026-03-24 22:44:37.040,-37.44
2026-03-24 22:44:37.680,-23.52
2026-03-24 22:44:38.320,-1.92
2026-03-24 22:44:38.960,0
2026-03-24 22:44:39.600,14.16
2026-03-24 22:44:40.240,17.76
2026-03-24 22:44:40.880,18.6
2026-03-24 22:44:41.520,-34.2
2026-03-24 22:44:42.160,-23.64
2026-03-24 22:44:42.800,-15.6
2026-03-24 22:44:43.440,13.56
2026-03-24 22:44:44.080,25.8
2026-03-24 22:44:44.720,27.12
2026-03-24 22:44:45.360,20.16
2026-03-24 22:44:46.000,21.36
2026-03-24 22:44:46.640,33.12
2026-03-24 22:44:47.280,26.28
2026-03-24 22:44:47.920,28.8
2026-03-24 22:44:48.560,-64.08
2026-03-24 22:44:49.200,-57.12
2026-03-24 22:44:49.840,-36.36
2026-03-24 22:44:50.480,-17.76
2026-03-24 22:44:51.120,-6.6
2026-03-24 22:44:51.760,3.72
2026-03-24 22:44:52.400,13.44
2026-03-24 22:44:53.040,26.76
2026-03-24 22:44:53.680,25.92
2026-03-24 22:44:54.320,19.44
2026-03-24 22:44:54.960,-20.04
2026-03-24 22:44:55.600,-13.8
2026-03-24 22:44:56.240,2.16
2026-03-24 22:44:56.880,6.24
2026-03-24 22:44:57.520,11.04
2026-03-24 22:44:58.160,15.36
2026-03-24 22:44:58.800,15.72
2026-03-24 22:44:59.440,14.76
2026-03-24 22:45:00.080,-9.96
2026-03-24 22:45:00.720,-13.56
2026-03-24 22:45:01.360,-1.8
2026-03-24 22:45:02.000,5.16
2026-03-24 22:45:02.640,6.84
2026-03-24 22:45:03.280,15.24
2026-03-24 22:45:03.920,13.32
2026-03-24 22:45:04.560,-8.28
2026-03-24 22:45:05.200,-7.44
2026-03-24 22:45:05.840,-2.76
2026-03-24 22:45:06.480,2.88
2026-03-24 22:45:07.120,21.24
2026-03-24 22:45:07.760,33.12
2026-03-24 22:45:08.400,-47.4
2026-03-24 22:45:09.040,-32.52
2026-03-24 22:45:09.680,-5.4
2026-03-24 22:45:10.320,-9.48
2026-03-24 22:45:10.960,18.84
2026-03-24 22:45:11.600,22.2
2026-03-24 22:45:12.240,19.8
2026-03-24 22:45:12.880,-0.36
2026-03-24 22:45:13.520,-25.56
2026-03-24 22:45:14.160,-17.4
2026-03-24 22:45:14.800,-5.28
2026-03-24 22:45:15.440,-1.8
2026-03-24 22:45:16.080,0
2026-03-24 22:45:16.720,0.36
2026-03-24 22:45:17.360,11.88
2026-03-24 22:45:18.000,15
2026-03-24 22:45:18.640,10.44
2026-03-24 22:45:19.280,-17.16
2026-03-24 22:45:19.920,-7.56
2026-03-24 22:45:20.560,-0.96
2026-03-24 22:45:21.200,1.2
2026-03-24 22:45:21.840,16.92
2026-03-24 22:45:22.480,17.4
2026-03-24 22:45:23.120,7.44
2026-03-24 22:45:23.760,-21
2026-03-24 22:45:24.400,-10.92
2026-03-24 22:45:25.040,-1.8
2026-03-24 22:45:25.680,0.12
2026-03-24 22:45:26.320,13.68
2026-03-24 22:45:26.960,16.2
2026-03-24 22:45:27.600,14.04
2026-03-24 22:45:28.240,-20.76
2026-03-24 22:45:28.880,-15.84
2026-03-24 22:45:29.520,-3.36
2026-03-24 22:45:30.160,-0.24
2026-03-24 22:45:30.800,15.72
2026-03-24 22:45:31.440,19.56
2026-03-24 22:45:32.080,0.96
2026-03-24 22:45:32.720,-20.16
2026-03-24 22:45:33.360,-11.28
2026-03-24 22:45:34.000,-4.2
2026-03-24 22:45:34.640,14.64
2026-03-24 22:45:35.280,21.6
2026-03-24 22:45:35.920,5.76
2026-03-24 22:45:36.560,-18.36
2026-03-24 22:45:37.200,-11.04
2026-03-24 22:45:37.840,-2.16
2026-03-24 22:45:38.480,19.44
2026-03-24 22:45:39.120,23.88
2026-03-24 22:45:39.760,21
2026-03-24 22:45:40.400,-17.52
2026-03-24 22:45:41.040,-24
2026-03-24 22:45:41.680,-15.96
2026-03-24 22:45:42.320,-4.44
2026-03-24 22:45:42.960,11.76
2026-03-24 22:45:43.600,17.76
2026-03-24 22:45:44.240,20.28
2026-03-24 22:45:44.880,-22.2
2026-03-24 22:45:45.520,-19.2
2026-03-24 22:45:46.160,-3.36
2026-03-24 22:45:46.800,-1.2
2026-03-24 22:45:47.440,20.4
2026-03-24 22:45:48.080,22.44
2026-03-24 22:45:48.720,12.24
2026-03-24 22:45:49.360,-24.72
2026-03-24 22:45:50.000,-15.36
2026-03-24 22:45:50.640,-2.76
2026-03-24 22:45:51.280,9.84
2026-03-24 22:45:51.920,21.36
2026-03-24 22:45:52.560,9.6
2026-03-24 22:45:53.200,-11.52
2026-03-24 22:45:53.840,-12.96
2026-03-24 22:45:54.480,-4.32
2026-03-24 22:45:55.120,19.44
2026-03-24 22:45:55.760,22.2
2026-03-24 22:45:56.400,-5.64
2026-03-24 22:45:57.040,-14.16
2026-03-24 22:45:57.680,-13.92
2026-03-24 22:45:58.320,-10.32
2026-03-24 22:45:58.960,0
2026-03-24 22:45:59.600,20.88
2026-03-24 22:46:00.240,22.2
2026-03-24 22:46:00.880,-24.6
2026-03-24 22:46:01.520,-30
2026-03-24 22:46:02.160,-9.24
2026-03-24 22:46:02.800,-2.16
2026-03-24 22:46:03.440,19.08
2026-03-24 22:46:04.080,23.04
2026-03-24 22:46:04.720,4.8
2026-03-24 22:46:05.360,-21.24
2026-03-24 22:46:06.000,-13.2
2026-03-24 22:46:06.640,-3.6
2026-03-24 22:46:07.280,15.84
2026-03-24 22:46:07.920,27
2026-03-24 22:46:08.560,8.16
2026-03-24 22:46:09.200,-5.88
2026-03-24 22:46:09.840,-3.24
2026-03-24 22:46:10.480,-24.48
2026-03-24 22:46:11.120,-6.84
2026-03-24 22:46:11.760,-0.84
2026-03-24 22:46:12.400,19.8
2026-03-24 22:46:13.040,23.28
2026-03-24 22:46:13.680,13.92
2026-03-24 22:46:14.320,-22.8
2026-03-24 22:46:14.960,-19.68
2026-03-24 22:46:15.600,-7.56
2026-03-24 22:46:16.240,2.52
2026-03-24 22:46:16.880,18.24
2026-03-24 22:46:17.520,24.24
2026-03-24 22:46:18.160,16.68
2026-03-24 22:46:18.800,-0.36
2026-03-24 22:46:19.440,-9.36
2026-03-24 22:46:20.080,-8.4
2026-03-24 22:46:20.720,-9.48
2026-03-24 22:46:21.360,-6.84
2026-03-24 22:46:22.000,7.8
2026-03-24 22:46:22.640,9.6
2026-03-24 22:46:23.280,-8.76
2026-03-24 22:46:23.920,-12.6
2026-03-24 22:46:24.560,-9.6
2026-03-24 22:46:25.200,-2.04
2026-03-24 22:46:25.840,19.32
2026-03-24 22:46:26.480,22.44
2026-03-24 22:46:27.120,15.84
2026-03-24 22:46:27.760,-11.88
2026-03-24 22:46:28.400,-12.72
2026-03-24 22:46:29.040,-13.44
2026-03-24 22:46:29.680,-13.32
2026-03-24 22:46:30.320,-1.56
2026-03-24 22:46:30.960,17.4
2026-03-24 22:46:31.600,18.72
2026-03-24 22:46:32.240,16.44
2026-03-24 22:46:32.880,-8.52
2026-03-24 22:46:33.520,-11.28
2026-03-24 22:46:34.160,-12.84
2026-03-24 22:46:34.800,-10.92
2026-03-24 22:46:35.440,4.56
2026-03-24 22:46:36.080,20.4
2026-03-24 22:46:36.720,24.24
2026-03-24 22:46:37.360,22.56
2026-03-24 22:46:38.000,-39.72
2026-03-24 22:46:38.640,-33.72
2026-03-24 22:46:39.280,-15.12
2026-03-24 22:46:39.920,-3.84
2026-03-24 22:46:40.560,15.6
2026-03-24 22:46:41.200,20.64
2026-03-24 22:46:41.840,22.2
2026-03-24 22:46:42.480,17.16
2026-03-24 22:46:43.120,-6.36
2026-03-24 22:46:43.760,-25.44
2026-03-24 22:46:44.400,-20.88
2026-03-24 22:46:45.040,-6.24
2026-03-24 22:46:45.680,-0.36
2026-03-24 22:46:46.320,15.84
2026-03-24 22:46:46.960,21.84
2026-03-24 22:46:47.600,23.52
2026-03-24 22:46:48.240,14.04
2026-03-24 22:46:48.880,-28.32
2026-03-24 22:46:49.520,-29.64
2026-03-24 22:46:50.160,-19.8
2026-03-24 22:46:50.800,-5.64
2026-03-24 22:46:51.440,-21.12
2026-03-24 22:46:52.080,-11.88
2026-03-24 22:46:52.720,11.52
2026-03-24 22:46:53.360,26.04
2026-03-24 22:46:54.000,18.84
2026-03-24 22:46:54.640,11.4
2026-03-24 22:46:55.280,-16.08
2026-03-24 22:46:55.920,-35.88
2026-03-24 22:46:56.560,-22.32
2026-03-24 22:46:57.200,-6.6
2026-03-24 22:46:57.840,-2.04
2026-03-24 22:46:58.480,16.2
2026-03-24 22:46:59.120,20.4
2026-03-24 22:46:59.760,19.56
2026-03-24 22:47:00.400,14.28
2026-03-24 22:47:01.040,-13.32
2026-03-24 22:47:01.680,-30.6
2026-03-24 22:47:02.320,-20.4
2026-03-24 22:47:02.960,-6.12
2026-03-24 22:47:03.600,-2.64
2026-03-24 22:47:04.240,13.44
2026-03-24 22:47:04.880,19.08
2026-03-24 22:47:05.520,21.84
2026-03-24 22:47:06.160,4.32
2026-03-24 22:47:06.800,-27.84
2026-03-24 22:47:07.440,-15.84
2026-03-24 22:47:08.080,-4.2
2026-03-24 22:47:08.720,0
2026-03-24 22:47:09.360,13.44
2026-03-24 22:47:10.000,18.12
2026-03-24 22:47:10.640,17.76
2026-03-24 22:47:11.280,12.24
2026-03-24 22:47:11.920,-26.28
2026-03-24 22:47:12.560,-22.8
2026-03-24 22:47:13.200,-7.32
2026-03-24 22:47:13.840,0.36
2026-03-24 22:47:14.480,6.24
2026-03-24 22:47:15.120,17.16
2026-03-24 22:47:15.760,18.12
2026-03-24 22:47:16.400,10.2
2026-03-24 22:47:17.040,-24.12
2026-03-24 22:47:17.680,-16.08
2026-03-24 22:47:18.320,-3.84
2026-03-24 22:47:18.960,-1.8
2026-03-24 22:47:19.600,6.84
2026-03-24 22:47:20.240,14.76
2026-03-24 22:47:20.880,19.08
2026-03-24 22:47:21.520,8.04
2026-03-24 22:47:22.160,-25.68
2026-03-24 22:47:22.800,-10.08
2026-03-24 22:47:23.440,-3.36
2026-03-24 22:47:24.080,4.44
2026-03-24 22:47:24.720,17.04
2026-03-24 22:47:25.360,20.16
2026-03-24 22:47:26.000,5.16
2026-03-24 22:47:26.640,-9.6
2026-03-24 22:47:27.280,-10.56
2026-03-24 22:47:27.920,-8.64
2026-03-24 22:47:28.560,-6.6
2026-03-24 22:47:29.200,12.96
2026-03-24 22:47:29.840,15.36
2026-03-24 22:47:30.480,-3.12
2026-03-24 22:47:31.120,-8.88
2026-03-24 22:47:31.760,-7.56
2026-03-24 22:47:32.400,-3.48
2026-03-24 22:47:33.040,6.6
2026-03-24 22:47:33.680,16.68
2026-03-24 22:47:34.320,18.36
2026-03-24 22:47:34.960,-11.4
2026-03-24 22:47:35.600,-11.52
2026-03-24 22:47:36.240,-8.64
2026-03-24 22:47:36.880,-4.2
2026-03-24 22:47:37.520,16.08
2026-03-24 22:47:38.160,15.84
2026-03-24 22:47:38.800,-4.92
2026-03-24 22:47:39.440,-12.72
2026-03-24 22:47:40.080,-10.44
2026-03-24 22:47:40.720,-2.04
2026-03-24 22:47:41.360,19.44
2026-03-24 22:47:42.000,20.4
2026-03-24 22:47:42.640,10.68
2026-03-24 22:47:43.280,-16.68
2026-03-24 22:47:43.920,-17.64
2026-03-24 22:47:44.560,-15.72
2026-03-24 22:47:45.200,5.16
2026-03-24 22:47:45.840,21.72
2026-03-24 22:47:46.480,27.36
2026-03-24 22:47:47.120,28.8
2026-03-24 22:47:47.760,-1.2
2026-03-24 22:47:48.400,-39.96
2026-03-24 22:47:49.040,-27.36
2026-03-24 22:47:49.680,-9.36
2026-03-24 22:47:50.320,-2.28
2026-03-24 22:47:50.960,18.36
2026-03-24 22:47:51.600,21.12
2026-03-24 22:47:52.240,22.44
2026-03-24 22:47:52.880,6.48
2026-03-24 22:47:53.520,-27.84
2026-03-24 22:47:54.160,-20.88
2026-03-24 22:47:54.800,-6.48
2026-03-24 22:47:55.440,-2.16
2026-03-24 22:47:56.080,9
2026-03-24 22:47:56.720,18.12
2026-03-24 22:47:57.360,24.84
2026-03-24 22:47:58.000,20.76
2026-03-24 22:47:58.640,-24.96
2026-03-24 22:47:59.280,-30.96
2026-03-24 22:47:59.920,-26.76
2026-03-24 22:48:00.560,-17.4
2026-03-24 22:48:01.200,14.04
2026-03-24 22:48:01.840,17.28
2026-03-24 22:48:02.480,17.64
2026-03-24 22:48:03.120,15.12
2026-03-24 22:48:03.760,1.8
2026-03-24 22:48:04.400,-25.56
2026-03-24 22:48:05.040,-24.48
2026-03-24 22:48:05.680,-11.28
2026-03-24 22:48:06.320,-4.2
2026-03-24 22:48:06.960,11.28
2026-03-24 22:48:07.600,15.6
2026-03-24 22:48:08.240,16.8
2026-03-24 22:48:08.880,-17.04
2026-03-24 22:48:09.520,-12.6
2026-03-24 22:48:10.160,-4.44
2026-03-24 22:48:10.800,1.8
2026-03-24 22:48:11.440,14.52
2026-03-24 22:48:12.080,17.64
2026-03-24 22:48:12.720,20.16
2026-03-24 22:48:13.360,1.08
2026-03-24 22:48:14.000,-20.28
2026-03-24 22:48:14.640,-13.8
2026-03-24 22:48:15.280,-3.84
2026-03-24 22:48:15.920,1.2
2026-03-24 22:48:16.560,16.44
2026-03-24 22:48:17.200,16.8
2026-03-24 22:48:17.840,16.2
2026-03-24 22:48:18.480,-22.68
2026-03-24 22:48:19.120,-17.28
2026-03-24 22:48:19.760,-6
2026-03-24 22:48:20.400,-1.08
2026-03-24 22:48:21.040,16.56
2026-03-24 22:48:21.680,18.12
2026-03-24 22:48:22.320,19.68
2026-03-24 22:48:22.960,17.28
2026-03-24 22:48:23.600,-14.28
2026-03-24 22:48:24.240,-25.56
2026-03-24 22:48:24.880,-19.56
2026-03-24 22:48:25.520,-7.8
2026-03-24 22:48:26.160,-1.44
2026-03-24 22:48:26.800,13.8
2026-03-24 22:48:27.440,15.6
2026-03-24 22:48:28.080,17.16
2026-03-24 22:48:28.720,4.56
2026-03-24 22:48:29.360,-21.48
2026-03-24 22:48:30.000,-17.28
2026-03-24 22:48:30.640,-6.12
2026-03-24 22:48:31.280,-1.08
2026-03-24 22:48:31.920,0.48
2026-03-24 22:48:32.560,19.92
2026-03-24 22:48:33.200,20.28
2026-03-24 22:48:33.840,12.96
2026-03-24 22:48:34.480,-21.6
2026-03-24 22:48:35.120,-20.04
2026-03-24 22:48:35.760,-10.08
2026-03-24 22:48:36.400,0
2026-03-24 22:48:37.040,14.64
2026-03-24 22:48:37.680,19.92
2026-03-24 22:48:38.320,17.16
2026-03-24 22:48:38.960,3.72
2026-03-24 22:48:39.600,-22.32
2026-03-24 22:48:40.240,-16.08
2026-03-24 22:48:40.880,-3.96
2026-03-24 22:48:41.520,4.8
2026-03-24 22:48:42.160,14.4
2026-03-24 22:48:42.800,19.8
2026-03-24 22:48:43.440,17.52
2026-03-24 22:48:44.080,8.52
2026-03-24 22:48:44.720,-22.2
2026-03-24 22:48:45.360,-18
2026-03-24 22:48:46.000,-6.12
2026-03-24 22:48:46.640,14.04
2026-03-24 22:48:47.280,19.2
2026-03-24 22:48:47.920,21.48
2026-03-24 22:48:48.560,-6
2026-03-24 22:48:49.200,-11.52
2026-03-24 22:48:49.840,-12.36
2026-03-24 22:48:50.480,-8.88
2026-03-24 22:48:51.120,9.84
2026-03-24 22:48:51.760,19.2
2026-03-24 22:48:52.400,19.32
2026-03-24 22:48:53.040,-13.44
2026-03-24 22:48:53.680,-12.48
2026-03-24 22:48:54.320,-9.6
2026-03-24 22:48:54.960,5.16
2026-03-24 22:48:55.600,16.68
2026-03-24 22:48:56.240,19.68
2026-03-24 22:48:56.880,-13.2
2026-03-24 22:48:57.520,-16.2
2026-03-24 22:48:58.160,-9.84
2026-03-24 22:48:58.800,-1.44
2026-03-24 22:48:59.440,17.04
2026-03-24 22:49:00.080,21.24
2026-03-24 22:49:00.720,21.24
2026-03-24 22:49:01.360,-3.84
2026-03-24 22:49:02.000,-29.76
2026-03-24 22:49:02.640,-21.6
2026-03-24 22:49:03.280,-6.84
2026-03-24 22:49:03.920,7.32
2026-03-24 22:49:04.560,19.44
2026-03-24 22:49:05.200,20.88
2026-03-24 22:49:05.840,8.28
2026-03-24 22:49:06.480,-18.48
2026-03-24 22:49:07.120,-16.32
2026-03-24 22:49:07.760,-9.96
2026-03-24 22:49:08.400,-2.76
2026-03-24 22:49:09.040,5.28
2026-03-24 22:49:09.680,15.84
2026-03-24 22:49:10.320,18.24
2026-03-24 22:49:10.960,16.32
2026-03-24 22:49:11.600,-22.8
2026-03-24 22:49:12.240,-18.48
2026-03-24 22:49:12.880,-8.04
2026-03-24 22:49:13.520,0.12
2026-03-24 22:49:14.160,14.4
2026-03-24 22:49:14.800,16.56
2026-03-24 22:49:15.440,18.6
2026-03-24 22:49:16.080,9.48
2026-03-24 22:49:16.720,-24.36
2026-03-24 22:49:17.360,-19.92
2026-03-24 22:49:18.000,-7.44
2026-03-24 22:49:18.640,3.36
2026-03-24 22:49:19.280,16.56
2026-03-24 22:49:19.920,20.88
2026-03-24 22:49:20.560,15.96
2026-03-24 22:49:21.200,-18.48
2026-03-24 22:49:21.840,-21
2026-03-24 22:49:22.480,-13.68
2026-03-24 22:49:23.120,-2.76
2026-03-24 22:49:23.760,15.12
2026-03-24 22:49:24.400,17.52
2026-03-24 22:49:25.040,17.4
2026-03-24 22:49:25.680,-20.04
2026-03-24 22:49:26.320,-22.2
2026-03-24 22:49:26.960,-11.88
2026-03-24 22:49:27.600,-2.16
2026-03-24 22:49:28.240,15.6
2026-03-24 22:49:28.880,19.32
2026-03-24 22:49:29.520,19.2
2026-03-24 22:49:30.160,14.64
2026-03-24 22:49:30.800,-25.56
2026-03-24 22:49:31.440,-23.04
2026-03-24 22:49:32.080,-17.04
2026-03-24 22:49:32.720,-7.92
2026-03-24 22:49:33.360,3.12
2026-03-24 22:49:34.000,17.64
2026-03-24 22:49:34.640,20.64
2026-03-24 22:49:35.280,17.28
2026-03-24 22:49:35.920,-15.6
2026-03-24 22:49:36.560,-21.96
2026-03-24 22:49:37.200,-18
2026-03-24 22:49:37.840,-7.68
2026-03-24 22:49:38.480,4.32
2026-03-24 22:49:39.120,15.96
2026-03-24 22:49:39.760,18.96
2026-03-24 22:49:40.400,17.76
2026-03-24 22:49:41.040,-19.32
2026-03-24 22:49:41.680,-22.44
2026-03-24 22:49:42.320,-16.44
2026-03-24 22:49:42.960,-4.92
2026-03-24 22:49:43.600,5.76
2026-03-24 22:49:44.240,13.92
2026-03-24 22:49:44.880,17.04
2026-03-24 22:49:45.520,13.8
2026-03-24 22:49:46.160,-15.72
2026-03-24 22:49:46.800,-20.52
2026-03-24 22:49:47.440,-13.8
2026-03-24 22:49:48.080,-3.96
2026-03-24 22:49:48.720,8.64
2026-03-24 22:49:49.360,15.36
2026-03-24 22:49:50.000,17.16
2026-03-24 22:49:50.640,-10.92
2026-03-24 22:49:51.280,-21.12
2026-03-24 22:49:51.920,-9.72
2026-03-24 22:49:52.560,-1.56
2026-03-24 22:49:53.200,15.84
2026-03-24 22:49:53.840,18.96
2026-03-24 22:49:54.480,14.88
2026-03-24 22:49:55.120,-24.36
2026-03-24 22:49:55.760,-19.08
2026-03-24 22:49:56.400,-6.12
2026-03-24 22:49:57.040,13.68
2026-03-24 22:49:57.680,21.72
2026-03-24 22:49:58.320,22.56
2026-03-24 22:49:58.960,13.2
2026-03-24 22:49:59.600,-17.04
2026-03-24 22:50:00.240,-3.84
2026-03-24 22:50:00.880,15.48
2026-03-24 22:50:01.520,-38.16
2026-03-24 22:50:02.160,-41.52
2026-03-24 22:50:02.800,-21.96
2026-03-24 22:50:03.440,18
2026-03-24 22:50:04.080,31.92
2026-03-24 22:50:04.720,24.36
2026-03-24 22:50:05.360,16.08
2026-03-24 22:50:06.000,-42.96
2026-03-24 22:50:06.640,-33.36
2026-03-24 22:50:07.280,-9.96
2026-03-24 22:50:07.920,-2.4
2026-03-24 22:50:08.560,22.56
2026-03-24 22:50:09.200,23.64
2026-03-24 22:50:09.840,18.12
2026-03-24 22:50:10.480,-30.96
2026-03-24 22:50:11.120,-26.04
2026-03-24 22:50:11.760,-6.72
2026-03-24 22:50:12.400,-0.6
2026-03-24 22:50:13.040,18.72
2026-03-24 22:50:13.680,26.04
2026-03-24 22:50:14.320,24.72
2026-03-24 22:50:14.960,15.96
2026-03-24 22:50:15.600,-34.2
2026-03-24 22:50:16.240,-26.04
2026-03-24 22:50:16.880,-3.72
2026-03-24 22:50:17.520,0.48
2026-03-24 22:50:18.160,18.36
2026-03-24 22:50:18.800,18.84
2026-03-24 22:50:19.440,-3.6
2026-03-24 22:50:20.080,0.12
2026-03-24 22:50:20.720,6.84
2026-03-24 22:50:21.360,23.52
2026-03-24 22:50:22.000,4.8
2026-03-24 22:50:22.640,-50.64
2026-03-24 22:50:23.280,-45
2026-03-24 22:50:23.920,-5.16
2026-03-24 22:50:24.560,-6.48
2026-03-24 22:50:25.200,-1.44
2026-03-24 22:50:25.840,0.48
2026-03-24 22:50:26.480,25.56
2026-03-24 22:50:27.120,22.92
2026-03-24 22:50:27.760,2.88
2026-03-24 22:50:28.400,-35.52
2026-03-24 22:50:29.040,-16.32
2026-03-24 22:50:29.680,0.12
2026-03-24 22:50:30.320,11.52
2026-03-24 22:50:30.960,27.48
2026-03-24 22:50:31.600,18.12
2026-03-24 22:50:32.240,-38.16
2026-03-24 22:50:32.880,-25.08
2026-03-24 22:50:33.520,-3.36
2026-03-24 22:50:34.160,14.28
2026-03-24 22:50:34.800,20.64
2026-03-24 22:50:35.440,18.48
2026-03-24 22:50:36.080,-30.12
2026-03-24 22:50:36.720,-21.96
2026-03-24 22:50:37.360,-5.76
2026-03-24 22:50:38.000,5.88
2026-03-24 22:50:38.640,22.56
2026-03-24 22:50:39.280,26.04
2026-03-24 22:50:39.920,13.56
2026-03-24 22:50:40.560,-38.88
2026-03-24 22:50:41.200,-21.12
2026-03-24 22:50:41.840,-4.68
2026-03-24 22:50:42.480,21.48
2026-03-24 22:50:43.120,25.92
2026-03-24 22:50:43.760,24.84
2026-03-24 22:50:44.400,-23.76
2026-03-24 22:50:45.040,-36.48
2026-03-24 22:50:45.680,-9
2026-03-24 22:50:46.320,-5.16
2026-03-24 22:50:46.960,25.32
2026-03-24 22:50:47.600,25.92
2026-03-24 22:50:48.240,18.24
2026-03-24 22:50:48.880,-45.12
2026-03-24 22:50:49.520,-37.56
2026-03-24 22:50:50.160,-7.68
2026-03-24 22:50:50.800,0.84
2026-03-24 22:50:51.440,24.12
2026-03-24 22:50:52.080,23.28
2026-03-24 22:50:52.720,16.44
2026-03-24 22:50:53.360,-37.92
2026-03-24 22:50:54.000,-30.24
2026-03-24 22:50:54.640,-6.96
2026-03-24 22:50:55.280,25.44
2026-03-24 22:50:55.920,28.92
2026-03-24 22:50:56.560,28.32
2026-03-24 22:50:57.200,29.52
2026-03-24 22:50:57.840,1.08
2026-03-24 22:50:58.480,-62.76
2026-03-24 22:50:59.120,-29.52
2026-03-24 22:50:59.760,-1.32
2026-03-24 22:51:00.400,-7.32
2026-03-24 22:51:01.040,2.4
2026-03-24 22:51:01.680,5.04
2026-03-24 22:51:02.320,25.44
2026-03-24 22:51:02.960,31.2
2026-03-24 22:51:03.600,23.88
2026-03-24 22:51:04.240,18.24
2026-03-24 22:51:04.880,-41.16
2026-03-24 22:51:05.520,-35.04
2026-03-24 22:51:06.160,-20.76
2026-03-24 22:51:06.800,-3
2026-03-24 22:51:07.440,4.92
2026-03-24 22:51:08.080,21.36
2026-03-24 22:51:08.720,23.04
2026-03-24 22:51:09.360,18.48
2026-03-24 22:51:10.000,15.36
2026-03-24 22:51:10.640,-30.6
2026-03-24 22:51:11.280,-37.32
2026-03-24 22:51:11.920,-20.64
2026-03-24 22:51:12.560,-5.04
2026-03-24 22:51:13.200,8.28
2026-03-24 22:51:13.840,20.04
2026-03-24 22:51:14.480,22.2
2026-03-24 22:51:15.120,11.04
2026-03-24 22:51:15.760,-39.84
2026-03-24 22:51:16.400,-12.24
2026-03-24 22:51:17.040,-2.76
2026-03-24 22:51:17.680,24.84
2026-03-24 22:51:18.320,28.32
2026-03-24 22:51:18.960,18.36
2026-03-24 22:51:19.600,-31.32
2026-03-24 22:51:20.240,-30.12
2026-03-24 22:51:20.880,-4.68
2026-03-24 22:51:21.520,-0.96
2026-03-24 22:51:22.160,25.44
2026-03-24 22:51:22.800,29.52
2026-03-24 22:51:23.440,7.8
2026-03-24 22:51:24.080,-32.88
2026-03-24 22:51:24.720,-14.4
2026-03-24 22:51:25.360,-2.52
2026-03-24 22:51:26.000,22.44
2026-03-24 22:51:26.640,29.64
2026-03-24 22:51:27.280,25.08
2026-03-24 22:51:27.920,-5.28
2026-03-24 22:51:28.560,-41.04
2026-03-24 22:51:29.200,-22.92
2026-03-24 22:51:29.840,-4.44
2026-03-24 22:51:30.480,12
2026-03-24 22:51:31.120,20.88
2026-03-24 22:51:31.760,25.56
2026-03-24 22:51:32.400,24.24
2026-03-24 22:51:33.040,-24.12
2026-03-24 22:51:33.680,-41.04
2026-03-24 22:51:34.320,-15.36
2026-03-24 22:51:34.960,-3.12
2026-03-24 22:51:35.600,10.32
2026-03-24 22:51:36.240,21.72
2026-03-24 22:51:36.880,26.04
2026-03-24 22:51:37.520,-6.72
2026-03-24 22:51:38.160,-36.24
2026-03-24 22:51:38.800,-7.92
2026-03-24 22:51:39.440,-3.24
2026-03-24 22:51:40.080,17.64
2026-03-24 22:51:40.720,23.16
2026-03-24 22:51:41.360,25.2
2026-03-24 22:51:42.000,13.8
2026-03-24 22:51:42.640,-13.92
2026-03-24 22:51:43.280,-19.08
2026-03-24 22:51:43.920,-33.84
2026-03-24 22:51:44.560,-6.48
2026-03-24 22:51:45.200,-3.12
2026-03-24 22:51:45.840,24
2026-03-24 22:51:46.480,26.04
2026-03-24 22:51:47.120,9.24
2026-03-24 22:51:47.760,-37.8
2026-03-24 22:51:48.400,-12.6
2026-03-24 22:51:49.040,-0.36
2026-03-24 22:51:49.680,19.44
2026-03-24 22:51:50.320,25.32
2026-03-24 22:51:50.960,23.4
2026-03-24 22:51:51.600,14.64
2026-03-24 22:51:52.240,-41.04
2026-03-24 22:51:52.880,-23.88
2026-03-24 22:51:53.520,-5.16
2026-03-24 22:51:54.160,-3.48
2026-03-24 22:51:54.800,1.32
2026-03-24 22:51:55.440,17.88
2026-03-24 22:51:56.080,21.6
2026-03-24 22:51:56.720,19.92
2026-03-24 22:51:57.360,13.44
2026-03-24 22:51:58.000,-35.64
2026-03-24 22:51:58.640,-29.76
2026-03-24 22:51:59.280,-8.4
2026-03-24 22:51:59.920,-2.4
2026-03-24 22:52:00.560,14.52
2026-03-24 22:52:01.200,21.48
2026-03-24 22:52:01.840,20.52
2026-03-24 22:52:02.480,16.68
2026-03-24 22:52:03.120,-24.48
2026-03-24 22:52:03.760,-37.56
2026-03-24 22:52:04.400,-15.12
2026-03-24 22:52:05.040,-2.76
2026-03-24 22:52:05.680,15.48
2026-03-24 22:52:06.320,19.08
2026-03-24 22:52:06.960,21.12
2026-03-24 22:52:07.600,3.96
2026-03-24 22:52:08.240,-35.4
2026-03-24 22:52:08.880,-11.16
2026-03-24 22:52:09.520,-0.24
2026-03-24 22:52:10.160,12.36
2026-03-24 22:52:10.800,19.56
2026-03-24 22:52:11.440,23.4
2026-03-24 22:52:12.080,18.24
2026-03-24 22:52:12.720,-21.6
2026-03-24 22:52:13.360,-36.96
2026-03-24 22:52:14.000,-14.16
2026-03-24 22:52:14.640,-2.88
2026-03-24 22:52:15.280,9.24
2026-03-24 22:52:15.920,17.64
2026-03-24 22:52:16.560,20.76
2026-03-24 22:52:17.200,18.24
2026-03-24 22:52:17.840,-27.84
2026-03-24 22:52:18.480,-32.76
2026-03-24 22:52:19.120,-10.56
2026-03-24 22:52:19.760,-0.48
2026-03-24 22:52:20.400,16.56
2026-03-24 22:52:21.040,19.32
2026-03-24 22:52:21.680,18.84
2026-03-24 22:52:22.320,6.72
2026-03-24 22:52:22.960,-36.72
2026-03-24 22:52:23.600,-15.6
2026-03-24 22:52:24.240,-0.12
2026-03-24 22:52:24.880,10.08
2026-03-24 22:52:25.520,16.92
2026-03-24 22:52:26.160,22.8
2026-03-24 22:52:26.800,19.68
2026-03-24 22:52:27.440,-28.44
2026-03-24 22:52:28.080,-33.84
2026-03-24 22:52:28.720,-7.44
2026-03-24 22:52:29.360,-2.28
2026-03-24 22:52:30.000,15.36
2026-03-24 22:52:30.640,22.8
2026-03-24 22:52:31.280,21
2026-03-24 22:52:31.920,17.64
2026-03-24 22:52:32.560,-35.16
2026-03-24 22:52:33.200,-36.48
2026-03-24 22:52:33.840,-10.2
2026-03-24 22:52:34.480,-2.76
2026-03-24 22:52:35.120,9.96
2026-03-24 22:52:35.760,17.76
2026-03-24 22:52:36.400,21.12
2026-03-24 22:52:37.040,18.96
2026-03-24 22:52:37.680,17.64
2026-03-24 22:52:38.320,-40.08
2026-03-24 22:52:38.960,-30.12
2026-03-24 22:52:39.600,-16.32
2026-03-24 22:52:40.240,-3.72
2026-03-24 22:52:40.880,1.08
2026-03-24 22:52:41.520,15.72
2026-03-24 22:52:42.160,20.28
2026-03-24 22:52:42.800,-9.36
2026-03-24 22:52:43.440,-26.76
2026-03-24 22:52:44.080,-2.88
2026-03-24 22:52:44.720,1.8
2026-03-24 22:52:45.360,16.68
2026-03-24 22:52:46.000,25.08
2026-03-24 22:52:46.640,20.16
2026-03-24 22:52:47.280,13.32
2026-03-24 22:52:47.920,-37.32
2026-03-24 22:52:48.560,-26.88
2026-03-24 22:52:49.200,-6.48
2026-03-24 22:52:49.840,-1.8
2026-03-24 22:52:50.480,6.84
2026-03-24 22:52:51.120,17.28
2026-03-24 22:52:51.760,19.44
2026-03-24 22:52:52.400,13.92
2026-03-24 22:52:53.040,-32.04
2026-03-24 22:52:53.680,-20.4
2026-03-24 22:52:54.320,-2.16
2026-03-24 22:52:54.960,4.92
2026-03-24 22:52:55.600,14.28
2026-03-24 22:52:56.240,21
2026-03-24 22:52:56.880,15.6
2026-03-24 22:52:57.520,-22.2
2026-03-24 22:52:58.160,-24.6
2026-03-24 22:52:58.800,-9.48
2026-03-24 22:52:59.440,-2.16
2026-03-24 22:53:00.080,10.68
2026-03-24 22:53:00.720,14.76
2026-03-24 22:53:01.360,17.52
2026-03-24 22:53:02.000,14.28
2026-03-24 22:53:02.640,-31.68
2026-03-24 22:53:03.280,-21.36
2026-03-24 22:53:03.920,0.12
2026-03-24 22:53:04.560,-3.36
2026-03-24 22:53:05.200,11.4
2026-03-24 22:53:05.840,17.64
2026-03-24 22:53:06.480,19.32
2026-03-24 22:53:07.120,18.96
2026-03-24 22:53:07.760,2.4
2026-03-24 22:53:08.400,-45
2026-03-24 22:53:09.040,-16.56
2026-03-24 22:53:09.680,-3.96
2026-03-24 22:53:10.320,-1.08
2026-03-24 22:53:10.960,13.2
2026-03-24 22:53:11.600,17.64
2026-03-24 22:53:12.240,21.72
2026-03-24 22:53:12.880,20.4
2026-03-24 22:53:13.520,-30.72
2026-03-24 22:53:14.160,-24.96
2026-03-24 22:53:14.800,-15.84
2026-03-24 22:53:15.440,-4.2
2026-03-24 22:53:16.080,-1.44
2026-03-24 22:53:16.720,9.24
2026-03-24 22:53:17.360,15.48
2026-03-24 22:53:18.000,24.12
2026-03-24 22:53:18.640,21.96
2026-03-24 22:53:19.280,15.36
2026-03-24 22:53:19.920,-36.84
2026-03-24 22:53:20.560,-25.92
2026-03-24 22:53:21.200,-7.8
2026-03-24 22:53:21.840,-1.08
2026-03-24 22:53:22.480,0
2026-03-24 22:53:23.120,8.52
2026-03-24 22:53:23.760,14.28
2026-03-24 22:53:24.400,18.6
2026-03-24 22:53:25.040,6.36
2026-03-24 22:53:25.680,-30.84
2026-03-24 22:53:26.320,-12.12
2026-03-24 22:53:26.960,-2.4
2026-03-24 22:53:27.600,13.8
2026-03-24 22:53:28.240,19.2
2026-03-24 22:53:28.880,21.12
2026-03-24 22:53:29.520,16.92
2026-03-24 22:53:30.160,-34.56
2026-03-24 22:53:30.800,-22.68
2026-03-24 22:53:31.440,-3.96
2026-03-24 22:53:32.080,-1.44
2026-03-24 22:53:32.720,2.64
2026-03-24 22:53:33.360,13.92
2026-03-24 22:53:34.000,21.48
2026-03-24 22:53:34.640,19.2
2026-03-24 22:53:35.280,2.4
2026-03-24 22:53:35.920,-36.12
2026-03-24 22:53:36.560,-15.84
2026-03-24 22:53:37.200,-1.92
2026-03-24 22:53:37.840,0.96
2026-03-24 22:53:38.480,15
2026-03-24 22:53:39.120,23.28
2026-03-24 22:53:39.760,22.68
2026-03-24 22:53:40.400,21.96
2026-03-24 22:53:41.040,14.52
2026-03-24 22:53:41.680,-39.84
2026-03-24 22:53:42.320,-34.08
2026-03-24 22:53:42.960,-13.68
2026-03-24 22:53:43.600,-3.48
2026-03-24 22:53:44.240,1.2
2026-03-24 22:53:44.880,9.36
2026-03-24 22:53:45.520,16.44
2026-03-24 22:53:46.160,13.44
2026-03-24 22:53:46.800,-20.4
2026-03-24 22:53:47.440,-10.56
2026-03-24 22:53:48.080,-1.56
2026-03-24 22:53:48.720,1.2
2026-03-24 22:53:49.360,4.32
2026-03-24 22:53:50.000,18.6
2026-03-24 22:53:50.640,15.36
2026-03-24 22:53:51.280,-23.28
2026-03-24 22:53:51.920,-11.52
2026-03-24 22:53:52.560,-0.6
2026-03-24 22:53:53.200,8.64
2026-03-24 22:53:53.840,17.64
2026-03-24 22:53:54.480,18.72
2026-03-24 22:53:55.120,17.4
2026-03-24 22:53:55.760,-2.64
2026-03-24 22:53:56.400,-29.76
2026-03-24 22:53:57.040,-17.88
2026-03-24 22:53:57.680,-4.32
2026-03-24 22:53:58.320,0.96
2026-03-24 22:53:58.960,7.32
2026-03-24 22:53:59.600,17.4
2026-03-24 22:54:00.240,18
2026-03-24 22:54:00.880,14.52
2026-03-24 22:54:01.520,-9.24
2026-03-24 22:54:02.160,-30.48
2026-03-24 22:54:02.800,-15
2026-03-24 22:54:03.440,-2.4
2026-03-24 22:54:04.080,0.12
2026-03-24 22:54:04.720,14.52
2026-03-24 22:54:05.360,18.72
2026-03-24 22:54:06.000,21.36
2026-03-24 22:54:06.640,12.72
2026-03-24 22:54:07.280,-30.24
2026-03-24 22:54:07.920,-21.96
2026-03-24 22:54:08.560,-4.32
2026-03-24 22:54:09.200,-2.76
2026-03-24 22:54:09.840,21.84
2026-03-24 22:54:10.480,36.24
2026-03-24 22:54:11.120,15.36
2026-03-24 22:54:11.760,27.6
2026-03-24 22:54:12.400,31.92
2026-03-24 22:54:13.040,23.04
2026-03-24 22:54:13.680,-73.44
2026-03-24 22:54:14.320,-60.96
2026-03-24 22:54:14.960,-39.84
2026-03-24 22:54:15.600,-21
2026-03-24 22:54:16.240,-8.52
2026-03-24 22:54:16.880,3.6
2026-03-24 22:54:17.520,17.04
2026-03-24 22:54:18.160,19.68
2026-03-24 22:54:18.800,13.44
2026-03-24 22:54:19.440,14.64
2026-03-24 22:54:20.080,-23.28
2026-03-24 22:54:20.720,-34.68
2026-03-24 22:54:21.360,-20.76
2026-03-24 22:54:22.000,-1.92
2026-03-24 22:54:22.640,5.16
2026-03-24 22:54:23.280,17.04
2026-03-24 22:54:23.920,21.36
2026-03-24 22:54:24.560,21.48
2026-03-24 22:54:25.200,18.96
2026-03-24 22:54:25.840,17.88
2026-03-24 22:54:26.480,-33.72
2026-03-24 22:54:27.120,-33.24
2026-03-24 22:54:27.760,-17.76
2026-03-24 22:54:28.400,1.68
2026-03-24 22:54:29.040,12
2026-03-24 22:54:29.680,20.28
2026-03-24 22:54:30.320,20.28
2026-03-24 22:54:30.960,16.08
2026-03-24 22:54:31.600,7.08
2026-03-24 22:54:32.240,-28.92
2026-03-24 22:54:32.880,-10.32
2026-03-24 22:54:33.520,-0.12
2026-03-24 22:54:34.160,6.84
2026-03-24 22:54:34.800,18.48
2026-03-24 22:54:35.440,20.04
2026-03-24 22:54:36.080,17.16
2026-03-24 22:54:36.720,-18.12
2026-03-24 22:54:37.360,-23.64
2026-03-24 22:54:38.000,-1.92
2026-03-24 22:54:38.640,1.8
2026-03-24 22:54:39.280,7.68
2026-03-24 22:54:39.920,19.68
2026-03-24 22:54:40.560,16.8
2026-03-24 22:54:41.200,3.24
2026-03-24 22:54:41.840,-22.44
2026-03-24 22:54:42.480,-11.52
2026-03-24 22:54:43.120,0
2026-03-24 22:54:43.760,6.12
2026-03-24 22:54:44.400,18.24
2026-03-24 22:54:45.040,20.4
2026-03-24 22:54:45.680,15.24
2026-03-24 22:54:46.320,15.24
2026-03-24 22:54:46.960,-30.84
2026-03-24 22:54:47.600,-27.6
2026-03-24 22:54:48.240,-4.44
2026-03-24 22:54:48.880,-0.48
2026-03-24 22:54:49.520,8.88
2026-03-24 22:54:50.160,18.48
2026-03-24 22:54:50.800,17.28
2026-03-24 22:54:51.440,11.4
2026-03-24 22:54:52.080,-3.12
2026-03-24 22:54:52.720,-27.36
2026-03-24 22:54:53.360,-14.64
2026-03-24 22:54:54.000,-1.68
2026-03-24 22:54:54.640,-7.08
2026-03-24 22:54:55.280,-0.84
2026-03-24 22:54:55.920,-32.52
2026-03-24 22:54:56.560,7.8
2026-03-24 22:54:57.200,27.84
2026-03-24 22:54:57.840,27.36
2026-03-24 22:54:58.480,24.36
2026-03-24 22:54:59.120,21.48
2026-03-24 22:54:59.760,15.96
2026-03-24 22:55:00.400,-41.04
2026-03-24 22:55:01.040,-36.6
2026-03-24 22:55:01.680,-13.92
2026-03-24 22:55:02.320,-3.24
2026-03-24 22:55:02.960,0.6
2026-03-24 22:55:03.600,9.96
2026-03-24 22:55:04.240,17.64
2026-03-24 22:55:04.880,21.24
2026-03-24 22:55:05.520,17.16
2026-03-24 22:55:06.160,13.32
2026-03-24 22:55:06.800,-33.96
2026-03-24 22:55:07.440,-25.68
2026-03-24 22:55:08.080,-8.76
2026-03-24 22:55:08.720,-2.76
2026-03-24 22:55:09.360,0
2026-03-24 22:55:10.000,13.68
2026-03-24 22:55:10.640,21.84
2026-03-24 22:55:11.280,19.68
2026-03-24 22:55:11.920,19.44
2026-03-24 22:55:12.560,7.8
2026-03-24 22:55:13.200,-33.12
2026-03-24 22:55:13.840,-24.24
2026-03-24 22:55:14.480,-11.04
2026-03-24 22:55:15.120,-0.6
2026-03-24 22:55:15.760,3.24
2026-03-24 22:55:16.400,13.8
2026-03-24 22:55:17.040,17.52
2026-03-24 22:55:17.680,17.28
2026-03-24 22:55:18.320,15.84
2026-03-24 22:55:18.960,0.96
2026-03-24 22:55:19.600,-25.32
2026-03-24 22:55:20.240,-22.2
2026-03-24 22:55:20.880,-9.72
2026-03-24 22:55:21.520,-3.12
2026-03-24 22:55:22.160,1.32
2026-03-24 22:55:22.800,14.4
2026-03-24 22:55:23.440,12.6
2026-03-24 22:55:24.080,-2.04
2026-03-24 22:55:24.720,-17.76
2026-03-24 22:55:25.360,-2.88
2026-03-24 22:55:26.000,2.76
2026-03-24 22:55:26.640,14.52
2026-03-24 22:55:27.280,17.52
2026-03-24 22:55:27.920,17.64
2026-03-24 22:55:28.560,15.48
2026-03-24 22:55:29.200,14.52
2026-03-24 22:55:29.840,-32.28
2026-03-24 22:55:30.480,-30
2026-03-24 22:55:31.120,-17.16
2026-03-24 22:55:31.760,-4.92
2026-03-24 22:55:32.400,-1.2
2026-03-24 22:55:33.040,9.48
2026-03-24 22:55:33.680,15.72
2026-03-24 22:55:34.320,15.12
2026-03-24 22:55:34.960,16.08
2026-03-24 22:55:35.600,8.88
2026-03-24 22:55:36.240,-28.56
2026-03-24 22:55:36.880,-21.6
2026-03-24 22:55:37.520,-5.64
2026-03-24 22:55:38.160,-0.24
2026-03-24 22:55:38.800,12.72
2026-03-24 22:55:39.440,16.2
2026-03-24 22:55:40.080,13.32
2026-03-24 22:55:40.720,-26.52
2026-03-24 22:55:41.360,-11.52
2026-03-24 22:55:42.000,-0.84
2026-03-24 22:55:42.640,0.6
2026-03-24 22:55:43.280,13.08
2026-03-24 22:55:43.920,17.88
2026-03-24 22:55:44.560,12.6
2026-03-24 22:55:45.200,-25.92
2026-03-24 22:55:45.840,-14.88
2026-03-24 22:55:46.480,-2.76
2026-03-24 22:55:47.120,1.68
2026-03-24 22:55:47.760,13.92
2026-03-24 22:55:48.400,18
2026-03-24 22:55:49.040,16.68
2026-03-24 22:55:49.680,15
2026-03-24 22:55:50.320,-2.52
2026-03-24 22:55:50.960,-38.16
2026-03-24 22:55:51.600,-16.56
2026-03-24 22:55:52.240,-4.08
2026-03-24 22:55:52.880,-0.72
2026-03-24 22:55:53.520,10.32
2026-03-24 22:55:54.160,12.48
2026-03-24 22:55:54.800,14.76
2026-03-24 22:55:55.440,5.76
2026-03-24 22:55:56.080,-26.04
2026-03-24 22:55:56.720,-10.2
2026-03-24 22:55:57.360,-1.92
2026-03-24 22:55:58.000,6.84
2026-03-24 22:55:58.640,13.44
2026-03-24 22:55:59.280,16.56
2026-03-24 22:55:59.920,17.4
2026-03-24 22:56:00.560,-28.68
2026-03-24 22:56:01.200,-18.48
2026-03-24 22:56:01.840,-2.28
2026-03-24 22:56:02.480,1.92
2026-03-24 22:56:03.120,14.88
2026-03-24 22:56:03.760,18.12
2026-03-24 22:56:04.400,15.36
2026-03-24 22:56:05.040,-30.6
2026-03-24 22:56:05.680,-21.36
2026-03-24 22:56:06.320,-3.84
2026-03-24 22:56:06.960,1.56
2026-03-24 22:56:07.600,15.84
2026-03-24 22:56:08.240,18.6
2026-03-24 22:56:08.880,9.84
2026-03-24 22:56:09.520,-12.36
2026-03-24 22:56:10.160,-17.04
2026-03-24 22:56:10.800,-12.12
2026-03-24 22:56:11.440,-3.36
2026-03-24 22:56:12.080,8.28
2026-03-24 22:56:12.720,16.68
2026-03-24 22:56:13.360,23.04
2026-03-24 22:56:14.000,15.12
2026-03-24 22:56:14.640,-31.8
2026-03-24 22:56:15.280,-21.48
2026-03-24 22:56:15.920,-4.8
2026-03-24 22:56:16.560,8.64
2026-03-24 22:56:17.200,20.52
2026-03-24 22:56:17.840,22.68
2026-03-24 22:56:18.480,22.32
2026-03-24 22:56:19.120,-11.04
2026-03-24 22:56:19.760,-30.72
2026-03-24 22:56:20.400,-23.28
2026-03-24 22:56:21.040,-7.68
2026-03-24 22:56:21.680,0.48
2026-03-24 22:56:22.320,15.48
2026-03-24 22:56:22.960,18.12
2026-03-24 22:56:23.600,19.08
2026-03-24 22:56:24.240,17.76
2026-03-24 22:56:24.880,-27.72
2026-03-24 22:56:25.520,-30.24
2026-03-24 22:56:26.160,-16.08
2026-03-24 22:56:26.800,-0.6
2026-03-24 22:56:27.440,-6.12
2026-03-24 22:56:28.080,-1.32
2026-03-24 22:56:28.720,2.64
2026-03-24 22:56:29.360,19.92
2026-03-24 22:56:30.000,21.24
2026-03-24 22:56:30.640,13.68
2026-03-24 22:56:31.280,-28.68
2026-03-24 22:56:31.920,-25.56
2026-03-24 22:56:32.560,-7.56
2026-03-24 22:56:33.200,0.6
2026-03-24 22:56:33.840,9
2026-03-24 22:56:34.480,15.84
2026-03-24 22:56:35.120,20.52
2026-03-24 22:56:35.760,15.12
2026-03-24 22:56:36.400,-18
2026-03-24 22:56:37.040,-28.68
2026-03-24 22:56:37.680,-7.2
2026-03-24 22:56:38.320,-3.36
2026-03-24 22:56:38.960,13.56
2026-03-24 22:56:39.600,18.12
2026-03-24 22:56:40.240,17.76
2026-03-24 22:56:40.880,-19.8
2026-03-24 22:56:41.520,-17.64
2026-03-24 22:56:42.160,-6.48
2026-03-24 22:56:42.800,-1.2
2026-03-24 22:56:43.440,13.8
2026-03-24 22:56:44.080,19.44
2026-03-24 22:56:44.720,20.76
2026-03-24 22:56:45.360,18.96
2026-03-24 22:56:46.000,-23.28
2026-03-24 22:56:46.640,-33.96
2026-03-24 22:56:47.280,-14.16
2026-03-24 22:56:47.920,-0.84
2026-03-24 22:56:48.560,6.48
2026-03-24 22:56:49.200,15.96
2026-03-24 22:56:49.840,16.56
2026-03-24 22:56:50.480,-21.6
2026-03-24 22:56:51.120,-14.04
2026-03-24 22:56:51.760,-3.6
2026-03-24 22:56:52.400,-2.52
2026-03-24 22:56:53.040,17.88
2026-03-24 22:56:53.680,18.6
2026-03-24 22:56:54.320,13.56
2026-03-24 22:56:54.960,-23.52
2026-03-24 22:56:55.600,-17.88
2026-03-24 22:56:56.240,-4.68
2026-03-24 22:56:56.880,-1.32
2026-03-24 22:56:57.520,16.2
2026-03-24 22:56:58.160,20.64
2026-03-24 22:56:58.800,22.32
2026-03-24 22:56:59.440,15.84
2026-03-24 22:57:00.080,-33.96
2026-03-24 22:57:00.720,-27.48
2026-03-24 22:57:01.360,-9
2026-03-24 22:57:02.000,-1.32
2026-03-24 22:57:02.640,11.16
2026-03-24 22:57:03.280,15.72
2026-03-24 22:57:03.920,13.92
2026-03-24 22:57:04.560,-20.04
2026-03-24 22:57:05.200,-17.64
2026-03-24 22:57:05.840,-3.36
2026-03-24 22:57:06.480,0.48
2026-03-24 22:57:07.120,18.72
2026-03-24 22:57:07.760,20.88
2026-03-24 22:57:08.400,-9.6
2026-03-24 22:57:09.040,-26.64
2026-03-24 22:57:09.680,-5.52
2026-03-24 22:57:10.320,-2.4
2026-03-24 22:57:10.960,16.32
2026-03-24 22:57:11.600,17.76
2026-03-24 22:57:12.240,18.24
2026-03-24 22:57:12.880,13.44
2026-03-24 22:57:13.520,-37.68
2026-03-24 22:57:14.160,-22.8
2026-03-24 22:57:14.800,-4.32
2026-03-24 22:57:15.440,-1.8
2026-03-24 22:57:16.080,20.04
2026-03-24 22:57:16.720,27.48
2026-03-24 22:57:17.360,23.64
2026-03-24 22:57:18.000,16.44
2026-03-24 22:57:18.640,-38.52
2026-03-24 22:57:19.280,-31.44
2026-03-24 22:57:19.920,-15.48
2026-03-24 22:57:20.560,-3.84
2026-03-24 22:57:21.200,2.76
2026-03-24 22:57:21.840,14.16
2026-03-24 22:57:22.480,19.2
2026-03-24 22:57:23.120,9.24
2026-03-24 22:57:23.760,-26.4
2026-03-24 22:57:24.400,-9.36
2026-03-24 22:57:25.040,-2.52
2026-03-24 22:57:25.680,14.52
2026-03-24 22:57:26.320,19.32
2026-03-24 22:57:26.960,11.4
2026-03-24 22:57:27.600,-25.56
2026-03-24 22:57:28.240,-7.08
2026-03-24 22:57:28.880,0.36
2026-03-24 22:57:29.520,14.88
2026-03-24 22:57:30.160,17.4
2026-03-24 22:57:30.800,12.6
2026-03-24 22:57:31.440,-28.32
2026-03-24 22:57:32.080,-12.12
2026-03-24 22:57:32.720,-0.6
2026-03-24 22:57:33.360,14.52
2026-03-24 22:57:34.000,21
2026-03-24 22:57:34.640,21.84
2026-03-24 22:57:35.280,16.56
2026-03-24 22:57:35.920,-48
2026-03-24 22:57:36.560,-26.4
2026-03-24 22:57:37.200,-5.28
2026-03-24 22:57:37.840,1.44
2026-03-24 22:57:38.480,17.64
2026-03-24 22:57:39.120,21.96
2026-03-24 22:57:39.760,18.84
2026-03-24 22:57:40.400,11.16
2026-03-24 22:57:41.040,-41.64
2026-03-24 22:57:41.680,-16.08
2026-03-24 22:57:42.320,-3.84
2026-03-24 22:57:42.960,0.48
2026-03-24 22:57:43.600,19.2
2026-03-24 22:57:44.240,22.8
2026-03-24 22:57:44.880,10.08
2026-03-24 22:57:45.520,-35.16
2026-03-24 22:57:46.160,-11.76
2026-03-24 22:57:46.800,-5.52
2026-03-24 22:57:47.440,-1.92
2026-03-24 22:57:48.080,5.64
2026-03-24 22:57:48.720,28.08
2026-03-24 22:57:49.360,22.92
2026-03-24 22:57:50.000,18
2026-03-24 22:57:50.640,-41.4
2026-03-24 22:57:51.280,-29.04
2026-03-24 22:57:51.920,-7.92
2026-03-24 22:57:52.560,10.08
2026-03-24 22:57:53.200,21.24
2026-03-24 22:57:53.840,23.64
2026-03-24 22:57:54.480,18.36
2026-03-24 22:57:55.120,-25.32
2026-03-24 22:57:55.760,-36.6
2026-03-24 22:57:56.400,-7.56
2026-03-24 22:57:57.040,-2.16
2026-03-24 22:57:57.680,16.44
2026-03-24 22:57:58.320,21.12
2026-03-24 22:57:58.960,21.48
2026-03-24 22:57:59.600,16.2
2026-03-24 22:58:00.000,-11.64
