Timestamp_ET,LeakRate_Lpm
2026-03-09 22:25:38.000,1.2
2026-03-09 22:25:40.000,1.2
2026-03-09 22:25:40.000,0
2026-03-09 22:25:42.000,0
2026-03-09 22:25:42.000,12
2026-03-09 22:25:44.000,12
2026-03-09 22:25:44.000,8.4
2026-03-09 22:25:46.000,8.4
2026-03-09 22:25:46.000,10.8
2026-03-09 22:25:48.000,10.8
2026-03-09 22:25:48.000,13.2
2026-03-09 22:25:50.000,13.2
2026-03-09 22:25:50.000,14.4
2026-03-09 22:25:52.000,14.4
2026-03-09 22:25:52.000,12
2026-03-09 22:25:56.000,12
2026-03-09 22:25:56.000,16.8
2026-03-09 22:25:58.000,16.8
2026-03-09 22:25:58.000,10.8
2026-03-09 22:26:00.000,10.8
2026-03-09 22:26:00.000,12
2026-03-09 22:26:02.000,12
2026-03-09 22:26:02.000,10.8
2026-03-09 22:26:04.000,10.8
2026-03-09 22:26:04.000,8.4
2026-03-09 22:26:08.000,8.4
2026-03-09 22:26:08.000,7.2
2026-03-09 22:26:16.000,7.2
2026-03-09 22:26:16.000,8.4
2026-03-09 22:26:20.000,8.4
2026-03-09 22:26:20.000,9.6
2026-03-09 22:26:22.000,9.6
2026-03-09 22:26:22.000,10.8
2026-03-09 22:26:24.000,10.8
2026-03-09 22:26:24.000,9.6
2026-03-09 22:26:30.000,9.6
2026-03-09 22:26:30.000,8.4
2026-03-09 22:26:34.000,8.4
2026-03-09 22:26:34.000,7.2
2026-03-09 22:26:40.000,7.2
2026-03-09 22:26:40.000,8.4
2026-03-09 22:26:50.000,8.4
2026-03-09 22:26:50.000,9.6
2026-03-09 22:26:54.000,9.6
2026-03-09 22:26:54.000,8.4
2026-03-09 22:28:16.000,8.4
2026-03-09 22:28:16.000,7.2
2026-03-09 22:28:20.000,7.2
2026-03-09 22:28:20.000,8.4
2026-03-09 22:28:22.000,8.4
2026-03-09 22:28:22.000,7.2
2026-03-09 22:28:24.000,7.2
2026-03-09 22:28:24.000,8.4
2026-03-09 22:29:16.000,8.4
2026-03-09 22:29:16.000,9.6
2026-03-09 22:29:42.000,9.6
2026-03-09 22:29:42.000,10.8
2026-03-09 22:29:46.000,10.8
2026-03-09 22:29:46.000,12
2026-03-09 22:29:50.000,12
2026-03-09 22:29:50.000,10.8
2026-03-09 22:32:46.000,10.8
2026-03-09 22:32:46.000,9.6
2026-03-09 22:32:48.000,9.6
2026-03-09 22:32:48.000,10.8
2026-03-09 22:37:00.000,10.8
2026-03-09 22:37:00.000,12
2026-03-09 22:37:02.000,12
2026-03-09 22:37:02.000,14.4
2026-03-09 22:37:04.000,14.4
2026-03-09 22:37:04.000,16.8
2026-03-09 22:37:06.000,16.8
2026-03-09 22:37:06.000,20.4
2026-03-09 22:37:08.000,20.4
2026-03-09 22:37:08.000,22.8
2026-03-09 22:37:12.000,22.8
2026-03-09 22:37:12.000,25.2
2026-03-09 22:37:14.000,25.2
2026-03-09 22:37:14.000,24
2026-03-09 22:37:16.000,24
2026-03-09 22:37:16.000,25.2
2026-03-09 22:37:36.000,25.2
2026-03-09 22:37:36.000,26.4
2026-03-09 22:37:40.000,26.4
2026-03-09 22:37:40.000,25.2
2026-03-09 22:39:00.000,25.2
2026-03-09 22:39:00.000,26.4
2026-03-09 22:39:16.000,26.4
2026-03-09 22:39:16.000,25.2
2026-03-09 22:39:24.000,25.2
2026-03-09 22:39:24.000,26.4
2026-03-09 22:39:26.000,26.4
2026-03-09 22:39:26.000,25.2
2026-03-09 22:39:30.000,25.2
2026-03-09 22:39:30.000,26.4
2026-03-09 22:39:32.000,26.4
2026-03-09 22:39:32.000,25.2
2026-03-09 22:39:36.000,25.2
2026-03-09 22:39:36.000,26.4
2026-03-09 22:39:40.000,26.4
2026-03-09 22:39:40.000,25.2
2026-03-09 22:39:42.000,25.2
2026-03-09 22:39:42.000,26.4
2026-03-09 22:39:46.000,26.4
2026-03-09 22:39:46.000,25.2
2026-03-09 22:39:50.000,25.2
2026-03-09 22:39:50.000,26.4
2026-03-09 22:39:52.000,26.4
2026-03-09 22:39:52.000,25.2
2026-03-09 22:40:00.000,25.2
2026-03-09 22:40:00.000,26.4
2026-03-09 22:41:14.000,26.4
2026-03-09 22:41:14.000,25.2
2026-03-09 22:41:16.000,25.2
2026-03-09 22:41:16.000,26.4
2026-03-09 22:41:18.000,26.4
2026-03-09 22:41:18.000,25.2
2026-03-09 22:41:22.000,25.2
2026-03-09 22:41:22.000,26.4
2026-03-09 22:41:38.000,26.4
2026-03-09 22:41:38.000,27.6
2026-03-09 22:43:00.000,27.6
2026-03-09 22:43:00.000,26.4
2026-03-09 22:43:48.000,26.4
2026-03-09 22:43:48.000,27.6
2026-03-09 22:44:00.000,27.6
2026-03-09 22:44:00.000,26.4
2026-03-09 22:44:02.000,26.4
2026-03-09 22:44:02.000,27.6
2026-03-09 22:47:50.000,27.6
2026-03-09 22:47:50.000,26.4
2026-03-09 22:48:10.000,26.4
2026-03-09 22:48:10.000,27.6
2026-03-09 22:48:46.000,27.6
2026-03-09 22:48:46.000,28.8
2026-03-09 22:48:48.000,28.8
2026-03-09 22:48:48.000,27.6
2026-03-09 22:48:54.000,27.6
2026-03-09 22:48:54.000,28.8
2026-03-09 22:50:10.000,28.8
2026-03-09 22:50:10.000,30
2026-03-09 22:50:48.000,30
2026-03-09 22:50:48.000,31.2
2026-03-09 22:50:50.000,31.2
2026-03-09 22:50:50.000,30
2026-03-09 22:50:52.000,30
2026-03-09 22:50:52.000,31.2
2026-03-09 22:50:58.000,31.2
2026-03-09 22:50:58.000,30
2026-03-09 22:52:04.000,30
2026-03-09 22:52:04.000,28.8
2026-03-09 23:01:22.000,28.8
2026-03-09 23:01:22.000,30
2026-03-09 23:01:24.000,30
2026-03-09 23:01:24.000,28.8
2026-03-09 23:05:44.000,28.8
2026-03-09 23:05:44.000,27.6
2026-03-09 23:09:20.000,27.6
2026-03-09 23:09:20.000,28.8
2026-03-09 23:09:22.000,28.8
2026-03-09 23:09:22.000,27.6
2026-03-09 23:09:24.000,27.6
2026-03-09 23:09:24.000,28.8
2026-03-09 23:09:26.000,28.8
2026-03-09 23:09:26.000,27.6
2026-03-09 23:09:54.000,27.6
2026-03-09 23:09:54.000,28.8
2026-03-09 23:10:10.000,28.8
2026-03-09 23:10:10.000,27.6
2026-03-09 23:10:12.000,27.6
2026-03-09 23:10:12.000,28.8
2026-03-09 23:10:16.000,28.8
2026-03-09 23:10:16.000,27.6
2026-03-09 23:10:18.000,27.6
2026-03-09 23:10:18.000,28.8
2026-03-09 23:10:22.000,28.8
2026-03-09 23:10:22.000,27.6
2026-03-09 23:10:32.000,27.6
2026-03-09 23:10:32.000,28.8
2026-03-09 23:10:38.000,28.8
2026-03-09 23:10:38.000,27.6
2026-03-09 23:10:40.000,27.6
2026-03-09 23:10:40.000,28.8
2026-03-09 23:10:42.000,28.8
2026-03-09 23:10:42.000,27.6
2026-03-09 23:10:44.000,27.6
2026-03-09 23:10:44.000,28.8
2026-03-09 23:12:12.000,28.8
2026-03-09 23:12:12.000,27.6
2026-03-09 23:12:14.000,27.6
2026-03-09 23:12:14.000,28.8
2026-03-09 23:12:18.000,28.8
2026-03-09 23:12:18.000,27.6
2026-03-09 23:12:20.000,27.6
2026-03-09 23:12:20.000,28.8
2026-03-09 23:14:34.000,28.8
2026-03-09 23:14:34.000,27.6
2026-03-09 23:14:44.000,27.6
2026-03-09 23:14:44.000,28.8
2026-03-09 23:14:48.000,28.8
2026-03-09 23:14:48.000,27.6
2026-03-09 23:14:52.000,27.6
2026-03-09 23:14:52.000,28.8
2026-03-09 23:15:04.000,28.8
2026-03-09 23:15:04.000,27.6
2026-03-09 23:15:06.000,27.6
2026-03-09 23:15:06.000,28.8
2026-03-09 23:15:08.000,28.8
2026-03-09 23:15:08.000,27.6
2026-03-09 23:15:10.000,27.6
2026-03-09 23:15:10.000,28.8
2026-03-09 23:19:02.000,28.8
2026-03-09 23:19:02.000,27.6
2026-03-09 23:19:06.000,27.6
2026-03-09 23:19:06.000,24
2026-03-09 23:19:10.000,24
2026-03-09 23:19:10.000,18
2026-03-09 23:19:12.000,18
2026-03-09 23:19:12.000,20.4
2026-03-09 23:19:14.000,20.4
2026-03-09 23:19:14.000,18
2026-03-09 23:19:24.000,18
2026-03-09 23:19:24.000,19.2
2026-03-09 23:19:34.000,19.2
2026-03-09 23:19:34.000,20.4
2026-03-09 23:19:58.000,20.4
2026-03-09 23:19:58.000,21.6
2026-03-09 23:20:22.000,21.6
2026-03-09 23:20:22.000,22.8
2026-03-09 23:21:38.000,22.8
2026-03-09 23:21:38.000,24
2026-03-09 23:21:42.000,24
2026-03-09 23:21:42.000,22.8
2026-03-09 23:22:02.000,22.8
2026-03-09 23:22:02.000,24
2026-03-09 23:22:26.000,24
2026-03-09 23:22:26.000,22.8
2026-03-09 23:22:30.000,22.8
2026-03-09 23:22:30.000,24
2026-03-09 23:23:14.000,24
2026-03-09 23:23:14.000,25.2
2026-03-09 23:26:36.000,25.2
2026-03-09 23:26:36.000,26.4
2026-03-09 23:26:44.000,26.4
2026-03-09 23:26:44.000,25.2
2026-03-09 23:26:52.000,25.2
2026-03-09 23:26:52.000,26.4
2026-03-09 23:26:56.000,26.4
2026-03-09 23:26:56.000,25.2
2026-03-09 23:27:02.000,25.2
2026-03-09 23:27:02.000,26.4
2026-03-09 23:27:48.000,26.4
2026-03-09 23:27:48.000,25.2
2026-03-09 23:27:50.000,25.2
2026-03-09 23:27:50.000,26.4
2026-03-09 23:30:40.000,26.4
2026-03-09 23:30:40.000,24
2026-03-09 23:30:42.000,24
2026-03-09 23:30:42.000,21.6
2026-03-09 23:30:44.000,21.6
2026-03-09 23:30:44.000,19.2
2026-03-09 23:30:46.000,19.2
2026-03-09 23:30:46.000,12
2026-03-09 23:30:48.000,12
2026-03-09 23:30:48.000,9.6
2026-03-09 23:30:50.000,9.6
2026-03-09 23:30:50.000,12
2026-03-09 23:30:52.000,12
2026-03-09 23:30:52.000,9.6
2026-03-09 23:30:54.000,9.6
2026-03-09 23:30:54.000,8.4
2026-03-09 23:31:08.000,8.4
2026-03-09 23:31:08.000,7.2
2026-03-09 23:31:10.000,7.2
2026-03-09 23:31:10.000,8.4
2026-03-09 23:31:16.000,8.4
2026-03-09 23:31:16.000,7.2
2026-03-09 23:31:34.000,7.2
2026-03-09 23:31:34.000,8.4
2026-03-09 23:31:38.000,8.4
2026-03-09 23:31:38.000,7.2
2026-03-09 23:31:48.000,7.2
2026-03-09 23:31:48.000,8.4
2026-03-09 23:31:52.000,8.4
2026-03-09 23:31:52.000,7.2
2026-03-09 23:32:36.000,7.2
2026-03-09 23:32:36.000,8.4
2026-03-09 23:32:38.000,8.4
2026-03-09 23:32:38.000,7.2
2026-03-09 23:33:16.000,7.2
2026-03-09 23:33:16.000,8.4
2026-03-09 23:33:24.000,8.4
2026-03-09 23:33:24.000,9.6
2026-03-09 23:33:28.000,9.6
2026-03-09 23:33:28.000,8.4
2026-03-09 23:33:38.000,8.4
2026-03-09 23:33:38.000,9.6
2026-03-09 23:33:40.000,9.6
2026-03-09 23:33:40.000,8.4
2026-03-09 23:33:52.000,8.4
2026-03-09 23:33:52.000,7.2
2026-03-09 23:34:40.000,7.2
2026-03-09 23:34:40.000,9.6
2026-03-09 23:34:42.000,9.6
2026-03-09 23:34:42.000,14.4
2026-03-09 23:34:44.000,14.4
2026-03-09 23:34:44.000,13.2
2026-03-09 23:34:46.000,13.2
2026-03-09 23:34:46.000,16.8
2026-03-09 23:34:50.000,16.8
2026-03-09 23:34:50.000,18
2026-03-09 23:34:54.000,18
2026-03-09 23:34:54.000,19.2
2026-03-09 23:35:06.000,19.2
2026-03-09 23:35:06.000,20.4
2026-03-09 23:35:24.000,20.4
2026-03-09 23:35:24.000,19.2
2026-03-09 23:35:28.000,19.2
2026-03-09 23:35:28.000,16.8
2026-03-09 23:35:32.000,16.8
2026-03-09 23:35:32.000,15.6
2026-03-09 23:35:40.000,15.6
2026-03-09 23:35:40.000,16.8
2026-03-09 23:35:44.000,16.8
2026-03-09 23:35:44.000,18
2026-03-09 23:35:46.000,18
2026-03-09 23:35:46.000,20.4
2026-03-09 23:35:50.000,20.4
2026-03-09 23:35:50.000,21.6
2026-03-09 23:36:00.000,21.6
2026-03-09 23:36:00.000,22.8
2026-03-09 23:36:20.000,22.8
2026-03-09 23:36:20.000,24
2026-03-09 23:36:50.000,24
2026-03-09 23:36:50.000,25.2
2026-03-09 23:36:56.000,25.2
2026-03-09 23:36:56.000,24
2026-03-09 23:37:12.000,24
2026-03-09 23:37:12.000,25.2
2026-03-09 23:37:20.000,25.2
2026-03-09 23:37:20.000,24
2026-03-09 23:37:22.000,24
2026-03-09 23:37:22.000,19.2
2026-03-09 23:37:24.000,19.2
2026-03-09 23:37:24.000,16.8
2026-03-09 23:37:26.000,16.8
2026-03-09 23:37:26.000,14.4
2026-03-09 23:37:30.000,14.4
2026-03-09 23:37:30.000,10.8
2026-03-09 23:37:32.000,10.8
2026-03-09 23:37:32.000,9.6
2026-03-09 23:37:34.000,9.6
2026-03-09 23:37:34.000,10.8
2026-03-09 23:37:36.000,10.8
2026-03-09 23:37:36.000,9.6
2026-03-09 23:38:08.000,9.6
2026-03-09 23:38:08.000,10.8
2026-03-09 23:38:10.000,10.8
2026-03-09 23:38:10.000,9.6
2026-03-09 23:38:22.000,9.6
2026-03-09 23:38:22.000,10.8
2026-03-09 23:38:26.000,10.8
2026-03-09 23:38:26.000,12
2026-03-09 23:38:28.000,12
2026-03-09 23:38:28.000,10.8
2026-03-09 23:38:34.000,10.8
2026-03-09 23:38:34.000,9.6
2026-03-09 23:38:50.000,9.6
2026-03-09 23:38:50.000,10.8
2026-03-09 23:39:04.000,10.8
2026-03-09 23:39:04.000,9.6
2026-03-09 23:39:10.000,9.6
2026-03-09 23:39:10.000,10.8
2026-03-09 23:39:12.000,10.8
2026-03-09 23:39:12.000,34.8
2026-03-09 23:39:14.000,34.8
2026-03-09 23:39:14.000,30
2026-03-09 23:39:16.000,30
2026-03-09 23:39:16.000,27.6
2026-03-09 23:39:18.000,27.6
2026-03-09 23:39:18.000,24
2026-03-09 23:39:20.000,24
2026-03-09 23:39:20.000,27.6
2026-03-09 23:39:24.000,27.6
2026-03-09 23:39:24.000,28.8
2026-03-09 23:39:28.000,28.8
2026-03-09 23:39:28.000,30
2026-03-09 23:39:30.000,30
2026-03-09 23:39:30.000,31.2
2026-03-09 23:39:34.000,31.2
2026-03-09 23:39:34.000,32.4
2026-03-09 23:39:54.000,32.4
2026-03-09 23:39:54.000,33.6
2026-03-09 23:39:56.000,33.6
2026-03-09 23:39:56.000,34.8
2026-03-09 23:39:58.000,34.8
2026-03-09 23:39:58.000,36
2026-03-09 23:40:00.000,36
2026-03-09 23:40:00.000,37.2
2026-03-09 23:40:14.000,37.2
2026-03-09 23:40:14.000,38.4
2026-03-09 23:40:18.000,38.4
2026-03-09 23:40:18.000,37.2
2026-03-09 23:40:24.000,37.2
2026-03-09 23:40:24.000,38.4
2026-03-09 23:40:26.000,38.4
2026-03-09 23:40:26.000,37.2
2026-03-09 23:40:30.000,37.2
2026-03-09 23:40:30.000,38.4
2026-03-09 23:40:42.000,38.4
2026-03-09 23:40:42.000,37.2
2026-03-09 23:40:46.000,37.2
2026-03-09 23:40:46.000,33.6
2026-03-09 23:40:50.000,33.6
2026-03-09 23:40:50.000,32.4
2026-03-09 23:40:54.000,32.4
2026-03-09 23:40:54.000,33.6
2026-03-09 23:41:06.000,33.6
2026-03-09 23:41:06.000,32.4
2026-03-09 23:41:18.000,32.4
2026-03-09 23:41:18.000,33.6
2026-03-09 23:41:22.000,33.6
2026-03-09 23:41:22.000,32.4
2026-03-09 23:41:32.000,32.4
2026-03-09 23:41:32.000,33.6
2026-03-09 23:41:40.000,33.6
2026-03-09 23:41:40.000,34.8
2026-03-09 23:41:44.000,34.8
2026-03-09 23:41:44.000,36
2026-03-09 23:42:02.000,36
2026-03-09 23:42:02.000,34.8
2026-03-09 23:42:36.000,34.8
2026-03-09 23:42:36.000,36
2026-03-09 23:42:50.000,36
2026-03-09 23:42:50.000,34.8
2026-03-09 23:42:54.000,34.8
2026-03-09 23:42:54.000,33.6
2026-03-09 23:43:00.000,33.6
2026-03-09 23:43:00.000,32.4
2026-03-09 23:43:02.000,32.4
2026-03-09 23:43:02.000,33.6
2026-03-09 23:43:04.000,33.6
2026-03-09 23:43:04.000,32.4
2026-03-09 23:43:08.000,32.4
2026-03-09 23:43:08.000,31.2
2026-03-09 23:43:10.000,31.2
2026-03-09 23:43:10.000,26.4
2026-03-09 23:43:12.000,26.4
2026-03-09 23:43:12.000,22.8
2026-03-09 23:43:14.000,22.8
2026-03-09 23:43:14.000,21.6
2026-03-09 23:43:24.000,21.6
2026-03-09 23:43:24.000,22.8
2026-03-09 23:43:30.000,22.8
2026-03-09 23:43:30.000,19.2
2026-03-09 23:43:32.000,19.2
2026-03-09 23:43:32.000,16.8
2026-03-09 23:43:36.000,16.8
2026-03-09 23:43:36.000,13.2
2026-03-09 23:43:38.000,13.2
2026-03-09 23:43:38.000,14.4
2026-03-09 23:43:40.000,14.4
2026-03-09 23:43:40.000,12
2026-03-09 23:43:42.000,12
2026-03-09 23:43:42.000,15.6
2026-03-09 23:43:44.000,15.6
2026-03-09 23:43:44.000,14.4
2026-03-09 23:43:46.000,14.4
2026-03-09 23:43:46.000,15.6
2026-03-09 23:43:48.000,15.6
2026-03-09 23:43:48.000,16.8
2026-03-09 23:43:52.000,16.8
2026-03-09 23:43:52.000,18
2026-03-09 23:43:58.000,18
2026-03-09 23:43:58.000,19.2
2026-03-09 23:44:00.000,19.2
2026-03-09 23:44:00.000,21.6
2026-03-09 23:44:02.000,21.6
2026-03-09 23:44:02.000,22.8
2026-03-09 23:44:04.000,22.8
2026-03-09 23:44:04.000,30
2026-03-09 23:44:06.000,30
2026-03-09 23:44:06.000,28.8
2026-03-09 23:44:08.000,28.8
2026-03-09 23:44:08.000,33.6
2026-03-09 23:44:10.000,33.6
2026-03-09 23:44:10.000,32.4
2026-03-09 23:44:12.000,32.4
2026-03-09 23:44:12.000,33.6
2026-03-09 23:44:14.000,33.6
2026-03-09 23:44:14.000,34.8
2026-03-09 23:44:16.000,34.8
2026-03-09 23:44:16.000,36
2026-03-09 23:44:18.000,36
2026-03-09 23:44:18.000,37.2
2026-03-09 23:44:22.000,37.2
2026-03-09 23:44:22.000,38.4
2026-03-09 23:44:30.000,38.4
2026-03-09 23:44:30.000,37.2
2026-03-09 23:44:34.000,37.2
2026-03-09 23:44:34.000,36
2026-03-09 23:44:36.000,36
2026-03-09 23:44:36.000,33.6
2026-03-09 23:44:38.000,33.6
2026-03-09 23:44:38.000,31.2
2026-03-09 23:44:42.000,31.2
2026-03-09 23:44:42.000,30
2026-03-09 23:44:50.000,30
2026-03-09 23:44:50.000,31.2
2026-03-09 23:44:52.000,31.2
2026-03-09 23:44:52.000,32.4
2026-03-09 23:44:56.000,32.4
2026-03-09 23:44:56.000,34.8
2026-03-09 23:45:02.000,34.8
2026-03-09 23:45:02.000,33.6
2026-03-09 23:45:04.000,33.6
2026-03-09 23:45:04.000,26.4
2026-03-09 23:45:08.000,26.4
2026-03-09 23:45:08.000,20.4
2026-03-09 23:45:10.000,20.4
2026-03-09 23:45:10.000,21.6
2026-03-09 23:45:12.000,21.6
2026-03-09 23:45:12.000,25.2
2026-03-09 23:45:14.000,25.2
2026-03-09 23:45:14.000,28.8
2026-03-09 23:45:16.000,28.8
2026-03-09 23:45:16.000,32.4
2026-03-09 23:45:18.000,32.4
2026-03-09 23:45:18.000,37.2
2026-03-09 23:45:20.000,37.2
2026-03-09 23:45:20.000,36
2026-03-09 23:45:22.000,36
2026-03-09 23:45:22.000,39.6
2026-03-09 23:45:28.000,39.6
2026-03-09 23:45:28.000,40.8
2026-03-09 23:45:32.000,40.8
2026-03-09 23:45:32.000,42
2026-03-09 23:45:42.000,42
2026-03-09 23:45:42.000,43.2
2026-03-09 23:46:54.000,43.2
2026-03-09 23:46:54.000,44.4
2026-03-09 23:47:24.000,44.4
2026-03-09 23:47:24.000,45.6
2026-03-09 23:47:32.000,45.6
2026-03-09 23:47:32.000,46.8
2026-03-09 23:47:34.000,46.8
2026-03-09 23:47:34.000,45.6
2026-03-09 23:47:36.000,45.6
2026-03-09 23:47:36.000,46.8
2026-03-09 23:47:50.000,46.8
2026-03-09 23:47:50.000,48
2026-03-09 23:47:54.000,48
2026-03-09 23:47:54.000,46.8
2026-03-09 23:48:14.000,46.8
2026-03-09 23:48:14.000,45.6
2026-03-09 23:48:24.000,45.6
2026-03-09 23:48:24.000,46.8
2026-03-09 23:48:26.000,46.8
2026-03-09 23:48:26.000,45.6
2026-03-09 23:48:32.000,45.6
2026-03-09 23:48:32.000,46.8
2026-03-09 23:48:34.000,46.8
2026-03-09 23:48:34.000,45.6
2026-03-09 23:48:36.000,45.6
2026-03-09 23:48:36.000,46.8
2026-03-09 23:48:44.000,46.8
2026-03-09 23:48:44.000,45.6
2026-03-09 23:48:50.000,45.6
2026-03-09 23:48:50.000,46.8
2026-03-09 23:49:12.000,46.8
2026-03-09 23:49:12.000,45.6
2026-03-09 23:49:14.000,45.6
2026-03-09 23:49:14.000,46.8
2026-03-09 23:49:22.000,46.8
2026-03-09 23:49:22.000,48
2026-03-09 23:49:44.000,48
2026-03-09 23:49:44.000,49.2
2026-03-09 23:49:46.000,49.2
2026-03-09 23:49:46.000,48
2026-03-09 23:49:54.000,48
2026-03-09 23:49:54.000,49.2
2026-03-09 23:50:34.000,49.2
2026-03-09 23:50:34.000,48
2026-03-09 23:50:48.000,48
2026-03-09 23:50:48.000,46.8
2026-03-09 23:50:54.000,46.8
2026-03-09 23:50:54.000,45.6
2026-03-09 23:50:58.000,45.6
2026-03-09 23:50:58.000,44.4
2026-03-09 23:51:00.000,44.4
2026-03-09 23:51:00.000,43.2
2026-03-09 23:51:02.000,43.2
2026-03-09 23:51:02.000,42
2026-03-09 23:51:12.000,42
2026-03-09 23:51:12.000,43.2
2026-03-09 23:51:22.000,43.2
2026-03-09 23:51:22.000,42
2026-03-09 23:51:24.000,42
2026-03-09 23:51:24.000,40.8
2026-03-09 23:51:28.000,40.8
2026-03-09 23:51:28.000,39.6
2026-03-09 23:51:30.000,39.6
2026-03-09 23:51:30.000,40.8
2026-03-09 23:51:32.000,40.8
2026-03-09 23:51:32.000,42
2026-03-09 23:51:36.000,42
2026-03-09 23:51:36.000,43.2
2026-03-09 23:51:38.000,43.2
2026-03-09 23:51:38.000,40.8
2026-03-09 23:51:40.000,40.8
2026-03-09 23:51:40.000,38.4
2026-03-09 23:51:42.000,38.4
2026-03-09 23:51:42.000,32.4
2026-03-09 23:51:44.000,32.4
2026-03-09 23:51:44.000,33.6
2026-03-09 23:51:46.000,33.6
2026-03-09 23:51:46.000,28.8
2026-03-09 23:51:48.000,28.8
2026-03-09 23:51:48.000,32.4
2026-03-09 23:51:50.000,32.4
2026-03-09 23:51:50.000,28.8
2026-03-09 23:51:52.000,28.8
2026-03-09 23:51:52.000,30
2026-03-09 23:52:00.000,30
2026-03-09 23:52:00.000,31.2
2026-03-09 23:52:04.000,31.2
2026-03-09 23:52:04.000,32.4
2026-03-09 23:52:08.000,32.4
2026-03-09 23:52:08.000,33.6
2026-03-09 23:52:16.000,33.6
2026-03-09 23:52:16.000,34.8
2026-03-09 23:52:18.000,34.8
2026-03-09 23:52:18.000,37.2
2026-03-09 23:52:22.000,37.2
2026-03-09 23:52:22.000,39.6
2026-03-09 23:52:26.000,39.6
2026-03-09 23:52:26.000,42
2026-03-09 23:52:30.000,42
2026-03-09 23:52:30.000,43.2
2026-03-09 23:53:26.000,43.2
2026-03-09 23:53:26.000,42
2026-03-09 23:53:48.000,42
2026-03-09 23:53:48.000,40.8
2026-03-09 23:53:50.000,40.8
2026-03-09 23:53:50.000,42
2026-03-09 23:53:52.000,42
2026-03-09 23:53:52.000,40.8
2026-03-09 23:54:26.000,40.8
2026-03-09 23:54:26.000,42
2026-03-09 23:54:42.000,42
2026-03-09 23:54:42.000,43.2
2026-03-09 23:54:46.000,43.2
2026-03-09 23:54:46.000,42
2026-03-09 23:54:50.000,42
2026-03-09 23:54:50.000,43.2
2026-03-09 23:54:52.000,43.2
2026-03-09 23:54:52.000,42
2026-03-09 23:55:50.000,42
2026-03-09 23:55:50.000,43.2
2026-03-09 23:55:56.000,43.2
2026-03-09 23:55:56.000,42
2026-03-09 23:55:58.000,42
2026-03-09 23:55:58.000,43.2
2026-03-09 23:56:00.000,43.2
2026-03-09 23:56:00.000,42
2026-03-09 23:56:10.000,42
2026-03-09 23:56:10.000,43.2
2026-03-09 23:56:12.000,43.2
2026-03-09 23:56:12.000,42
2026-03-09 23:56:26.000,42
2026-03-09 23:56:26.000,40.8
2026-03-09 23:56:32.000,40.8
2026-03-09 23:56:32.000,39.6
2026-03-09 23:56:36.000,39.6
2026-03-09 23:56:36.000,38.4
2026-03-09 23:56:46.000,38.4
2026-03-09 23:56:46.000,37.2
2026-03-09 23:56:48.000,37.2
2026-03-09 23:56:48.000,38.4
2026-03-09 23:56:50.000,38.4
2026-03-09 23:56:50.000,37.2
2026-03-09 23:57:02.000,37.2
2026-03-09 23:57:02.000,36
2026-03-09 23:57:08.000,36
2026-03-09 23:57:08.000,34.8
2026-03-09 23:57:22.000,34.8
2026-03-09 23:57:22.000,33.6
2026-03-09 23:57:24.000,33.6
2026-03-09 23:57:24.000,31.2
2026-03-09 23:57:26.000,31.2
2026-03-09 23:57:26.000,24
2026-03-09 23:57:28.000,24
2026-03-09 23:57:28.000,25.2
2026-03-09 23:57:30.000,25.2
2026-03-09 23:57:30.000,19.2
2026-03-09 23:57:32.000,19.2
2026-03-09 23:57:32.000,22.8
2026-03-09 23:57:34.000,22.8
2026-03-09 23:57:34.000,18
2026-03-09 23:57:36.000,18
2026-03-09 23:57:36.000,19.2
2026-03-09 23:57:38.000,19.2
2026-03-09 23:57:38.000,18
2026-03-09 23:57:56.000,18
2026-03-09 23:57:56.000,16.8
2026-03-09 23:58:18.000,16.8
2026-03-09 23:58:18.000,15.6
2026-03-09 23:58:20.000,15.6
2026-03-09 23:58:20.000,16.8
2026-03-09 23:58:30.000,16.8
2026-03-09 23:58:30.000,15.6
2026-03-09 23:58:38.000,15.6
2026-03-09 23:58:38.000,16.8
2026-03-09 23:58:40.000,16.8
2026-03-09 23:58:40.000,15.6
2026-03-09 23:59:32.000,15.6
2026-03-09 23:59:32.000,16.8
2026-03-09 23:59:36.000,16.8
2026-03-09 23:59:36.000,15.6
2026-03-09 23:59:38.000,15.6
2026-03-09 23:59:38.000,16.8
2026-03-09 23:59:42.000,16.8
2026-03-09 23:59:42.000,15.6
2026-03-09 23:59:44.000,15.6
2026-03-09 23:59:44.000,16.8
2026-03-09 23:59:46.000,16.8
2026-03-09 23:59:46.000,15.6
2026-03-09 23:59:54.000,15.6
2026-03-09 23:59:54.000,16.8
2026-03-10 00:00:44.000,16.8
2026-03-10 00:00:44.000,15.6
2026-03-10 00:00:48.000,15.6
2026-03-10 00:00:48.000,16.8
2026-03-10 00:01:18.000,16.8
2026-03-10 00:01:18.000,15.6
2026-03-10 00:01:20.000,15.6
2026-03-10 00:01:20.000,16.8
2026-03-10 00:01:34.000,16.8
2026-03-10 00:01:34.000,15.6
2026-03-10 00:01:36.000,15.6
2026-03-10 00:01:36.000,16.8
2026-03-10 00:02:58.000,16.8
2026-03-10 00:02:58.000,18
2026-03-10 00:03:00.000,18
2026-03-10 00:03:00.000,16.8
2026-03-10 00:03:58.000,16.8
2026-03-10 00:03:58.000,18
2026-03-10 00:04:04.000,18
2026-03-10 00:04:04.000,16.8
2026-03-10 00:04:24.000,16.8
2026-03-10 00:04:24.000,18
2026-03-10 00:04:26.000,18
2026-03-10 00:04:26.000,16.8
2026-03-10 00:04:28.000,16.8
2026-03-10 00:04:28.000,18
2026-03-10 00:04:44.000,18
2026-03-10 00:04:44.000,16.8
2026-03-10 00:05:04.000,16.8
2026-03-10 00:05:04.000,18
2026-03-10 00:05:16.000,18
2026-03-10 00:05:16.000,19.2
2026-03-10 00:05:28.000,19.2
2026-03-10 00:05:28.000,20.4
2026-03-10 00:05:38.000,20.4
2026-03-10 00:05:38.000,19.2
2026-03-10 00:05:42.000,19.2
2026-03-10 00:05:42.000,18
2026-03-10 00:05:58.000,18
2026-03-10 00:05:58.000,16.8
2026-03-10 00:06:02.000,16.8
2026-03-10 00:06:02.000,18
2026-03-10 00:06:10.000,18
2026-03-10 00:06:10.000,16.8
2026-03-10 00:07:12.000,16.8
2026-03-10 00:07:12.000,18
2026-03-10 00:07:14.000,18
2026-03-10 00:07:14.000,20.4
2026-03-10 00:07:16.000,20.4
2026-03-10 00:07:16.000,21.6
2026-03-10 00:07:22.000,21.6
2026-03-10 00:07:22.000,24
2026-03-10 00:07:24.000,24
2026-03-10 00:07:24.000,25.2
2026-03-10 00:07:26.000,25.2
2026-03-10 00:07:26.000,28.8
2026-03-10 00:07:30.000,28.8
2026-03-10 00:07:30.000,30
2026-03-10 00:07:36.000,30
2026-03-10 00:07:36.000,26.4
2026-03-10 00:07:38.000,26.4
2026-03-10 00:07:38.000,22.8
2026-03-10 00:07:40.000,22.8
2026-03-10 00:07:40.000,20.4
2026-03-10 00:07:42.000,20.4
2026-03-10 00:07:42.000,16.8
2026-03-10 00:07:46.000,16.8
2026-03-10 00:07:46.000,9.6
2026-03-10 00:07:48.000,9.6
2026-03-10 00:07:48.000,10.8
2026-03-10 00:07:52.000,10.8
2026-03-10 00:07:52.000,9.6
2026-03-10 00:07:54.000,9.6
2026-03-10 00:07:54.000,12
2026-03-10 00:07:56.000,12
2026-03-10 00:07:56.000,10.8
2026-03-10 00:08:04.000,10.8
2026-03-10 00:08:04.000,9.6
2026-03-10 00:08:16.000,9.6
2026-03-10 00:08:16.000,10.8
2026-03-10 00:08:50.000,10.8
2026-03-10 00:08:50.000,12
2026-03-10 00:08:52.000,12
2026-03-10 00:08:52.000,13.2
2026-03-10 00:08:54.000,13.2
2026-03-10 00:08:54.000,14.4
2026-03-10 00:08:58.000,14.4
2026-03-10 00:08:58.000,16.8
2026-03-10 00:09:00.000,16.8
2026-03-10 00:09:00.000,14.4
2026-03-10 00:09:18.000,14.4
2026-03-10 00:09:18.000,15.6
2026-03-10 00:09:24.000,15.6
2026-03-10 00:09:24.000,14.4
2026-03-10 00:09:28.000,14.4
2026-03-10 00:09:28.000,13.2
2026-03-10 00:09:32.000,13.2
2026-03-10 00:09:32.000,14.4
2026-03-10 00:09:34.000,14.4
2026-03-10 00:09:34.000,12
2026-03-10 00:09:36.000,12
2026-03-10 00:09:36.000,10.8
2026-03-10 00:09:38.000,10.8
2026-03-10 00:09:38.000,9.6
2026-03-10 00:09:40.000,9.6
2026-03-10 00:09:40.000,10.8
2026-03-10 00:09:46.000,10.8
2026-03-10 00:09:46.000,9.6
2026-03-10 00:09:48.000,9.6
2026-03-10 00:09:48.000,10.8
2026-03-10 00:10:02.000,10.8
2026-03-10 00:10:02.000,9.6
2026-03-10 00:10:22.000,9.6
2026-03-10 00:10:22.000,10.8
2026-03-10 00:10:28.000,10.8
2026-03-10 00:10:28.000,9.6
2026-03-10 00:10:30.000,9.6
2026-03-10 00:10:30.000,10.8
2026-03-10 00:10:32.000,10.8
2026-03-10 00:10:32.000,12
2026-03-10 00:10:34.000,12
2026-03-10 00:10:34.000,13.2
2026-03-10 00:10:38.000,13.2
2026-03-10 00:13:55.000,3.6
2026-03-10 00:13:59.000,3.6
2026-03-10 00:13:59.000,2.4
2026-03-10 00:14:01.000,2.4
2026-03-10 00:14:01.000,6
2026-03-10 00:14:03.000,6
2026-03-10 00:14:03.000,10.8
2026-03-10 00:14:05.000,10.8
2026-03-10 00:14:05.000,9.6
2026-03-10 00:14:07.000,9.6
2026-03-10 00:14:07.000,16.8
2026-03-10 00:14:09.000,16.8
2026-03-10 00:14:09.000,10.8
2026-03-10 00:14:15.000,10.8
2026-03-10 00:14:15.000,7.2
2026-03-10 00:14:17.000,7.2
2026-03-10 00:14:17.000,9.6
2026-03-10 00:14:23.000,9.6
2026-03-10 00:14:23.000,8.4
2026-03-10 00:14:29.000,8.4
2026-03-10 00:14:29.000,9.6
2026-03-10 00:14:35.000,9.6
2026-03-10 00:14:35.000,12
2026-03-10 00:14:37.000,12
2026-03-10 00:14:37.000,10.8
2026-03-10 00:14:39.000,10.8
2026-03-10 00:14:39.000,13.2
2026-03-10 00:14:41.000,13.2
2026-03-10 00:14:41.000,12
2026-03-10 00:14:47.000,12
2026-03-10 00:14:47.000,13.2
2026-03-10 00:14:49.000,13.2
2026-03-10 00:14:49.000,12
2026-03-10 00:17:31.000,12
2026-03-10 00:17:31.000,13.2
2026-03-10 00:17:39.000,13.2
2026-03-10 00:17:39.000,12
2026-03-10 00:19:07.000,12
2026-03-10 00:19:07.000,13.2
2026-03-10 00:19:09.000,13.2
2026-03-10 00:19:09.000,12
2026-03-10 00:23:27.000,12
2026-03-10 00:23:27.000,13.2
2026-03-10 00:23:29.000,13.2
2026-03-10 00:23:29.000,12
2026-03-10 00:23:33.000,12
2026-03-10 00:23:33.000,10.8
2026-03-10 00:23:35.000,10.8
2026-03-10 00:23:35.000,12
2026-03-10 00:23:39.000,12
2026-03-10 00:23:39.000,10.8
2026-03-10 00:23:41.000,10.8
2026-03-10 00:23:41.000,12
2026-03-10 00:23:55.000,12
2026-03-10 00:23:55.000,13.2
2026-03-10 00:24:07.000,13.2
2026-03-10 00:24:07.000,12
2026-03-10 00:25:27.000,12
2026-03-10 00:25:27.000,13.2
2026-03-10 00:25:29.000,13.2
2026-03-10 00:25:29.000,12
2026-03-10 00:26:13.000,12
2026-03-10 00:26:13.000,13.2
2026-03-10 00:26:15.000,13.2
2026-03-10 00:26:15.000,12
2026-03-10 00:33:21.000,12
2026-03-10 00:33:21.000,13.2
2026-03-10 00:33:25.000,13.2
2026-03-10 00:33:25.000,12
2026-03-10 00:33:27.000,12
2026-03-10 00:33:27.000,13.2
2026-03-10 00:33:33.000,13.2
2026-03-10 00:33:33.000,14.4
2026-03-10 00:33:35.000,14.4
2026-03-10 00:33:35.000,13.2
2026-03-10 00:33:37.000,13.2
2026-03-10 00:33:37.000,14.4
2026-03-10 00:33:39.000,14.4
2026-03-10 00:33:39.000,13.2
2026-03-10 00:33:51.000,13.2
2026-03-10 00:33:51.000,14.4
2026-03-10 00:33:55.000,14.4
2026-03-10 00:33:55.000,15.6
2026-03-10 00:34:11.000,15.6
2026-03-10 00:34:11.000,14.4
2026-03-10 00:34:31.000,14.4
2026-03-10 00:34:31.000,15.6
2026-03-10 00:34:33.000,15.6
2026-03-10 00:34:33.000,18
2026-03-10 00:34:35.000,18
2026-03-10 00:34:35.000,16.8
2026-03-10 00:34:37.000,16.8
2026-03-10 00:34:37.000,12
2026-03-10 00:34:39.000,12
2026-03-10 00:34:39.000,8.4
2026-03-10 00:34:41.000,8.4
2026-03-10 00:34:41.000,7.2
2026-03-10 00:34:43.000,7.2
2026-03-10 00:34:43.000,9.6
2026-03-10 00:34:45.000,9.6
2026-03-10 00:34:45.000,10.8
2026-03-10 00:34:51.000,10.8
2026-03-10 00:34:51.000,12
2026-03-10 00:34:55.000,12
2026-03-10 00:34:55.000,14.4
2026-03-10 00:34:59.000,14.4
2026-03-10 00:34:59.000,16.8
2026-03-10 00:35:01.000,16.8
2026-03-10 00:35:01.000,15.6
2026-03-10 00:35:03.000,15.6
2026-03-10 00:35:03.000,14.4
2026-03-10 00:35:07.000,14.4
2026-03-10 00:35:07.000,13.2
2026-03-10 00:40:37.000,13.2
2026-03-10 00:40:37.000,12
2026-03-10 00:40:39.000,12
2026-03-10 00:40:39.000,13.2
2026-03-10 00:45:11.000,13.2
2026-03-10 00:45:11.000,14.4
2026-03-10 00:45:15.000,14.4
2026-03-10 00:45:15.000,15.6
2026-03-10 00:45:19.000,15.6
2026-03-10 00:45:19.000,13.2
2026-03-10 00:45:21.000,13.2
2026-03-10 00:45:21.000,8.4
2026-03-10 00:45:23.000,8.4
2026-03-10 00:45:23.000,10.8
2026-03-10 00:45:25.000,10.8
2026-03-10 00:45:25.000,8.4
2026-03-10 00:45:29.000,8.4
2026-03-10 00:45:29.000,9.6
2026-03-10 00:45:35.000,9.6
2026-03-10 00:45:35.000,10.8
2026-03-10 00:45:39.000,10.8
2026-03-10 00:45:39.000,12
2026-03-10 00:45:41.000,12
2026-03-10 00:45:41.000,13.2
2026-03-10 00:45:45.000,13.2
2026-03-10 00:45:45.000,16.8
2026-03-10 00:45:47.000,16.8
2026-03-10 00:45:47.000,15.6
2026-03-10 00:45:49.000,15.6
2026-03-10 00:45:49.000,16.8
2026-03-10 00:45:51.000,16.8
2026-03-10 00:45:51.000,15.6
2026-03-10 00:45:55.000,15.6
2026-03-10 00:45:55.000,14.4
2026-03-10 00:45:57.000,14.4
2026-03-10 00:45:57.000,13.2
2026-03-10 00:46:03.000,13.2
2026-03-10 00:46:03.000,12
2026-03-10 00:46:19.000,12
2026-03-10 00:46:19.000,13.2
2026-03-10 00:46:25.000,13.2
2026-03-10 00:46:25.000,14.4
2026-03-10 00:46:39.000,14.4
2026-03-10 00:46:39.000,13.2
2026-03-10 00:47:09.000,13.2
2026-03-10 00:47:09.000,14.4
2026-03-10 00:47:15.000,14.4
2026-03-10 00:47:15.000,13.2
2026-03-10 00:47:47.000,13.2
2026-03-10 00:47:47.000,14.4
2026-03-10 00:47:51.000,14.4
2026-03-10 00:47:51.000,13.2
2026-03-10 00:48:05.000,13.2
2026-03-10 00:48:05.000,14.4
2026-03-10 00:48:09.000,14.4
2026-03-10 00:48:09.000,13.2
2026-03-10 00:48:13.000,13.2
2026-03-10 00:48:13.000,14.4
2026-03-10 00:48:15.000,14.4
2026-03-10 00:48:15.000,13.2
2026-03-10 00:48:17.000,13.2
2026-03-10 00:48:17.000,10.8
2026-03-10 00:48:31.000,10.8
2026-03-10 00:48:31.000,12
2026-03-10 00:48:37.000,12
2026-03-10 00:48:37.000,13.2
2026-03-10 00:48:41.000,13.2
2026-03-10 00:48:41.000,12
2026-03-10 00:48:49.000,12
2026-03-10 00:48:49.000,10.8
2026-03-10 00:49:13.000,10.8
2026-03-10 00:49:13.000,12
2026-03-10 00:49:25.000,12
2026-03-10 00:49:25.000,10.8
2026-03-10 00:49:29.000,10.8
2026-03-10 00:49:29.000,12
2026-03-10 00:49:31.000,12
2026-03-10 00:49:31.000,10.8
2026-03-10 00:49:55.000,10.8
2026-03-10 00:49:55.000,12
2026-03-10 00:50:07.000,12
2026-03-10 00:50:07.000,10.8
2026-03-10 00:50:31.000,10.8
2026-03-10 00:50:31.000,12
2026-03-10 00:50:33.000,12
2026-03-10 00:50:33.000,10.8
2026-03-10 00:51:53.000,10.8
2026-03-10 00:51:53.000,12
2026-03-10 00:51:55.000,12
2026-03-10 00:51:55.000,13.2
2026-03-10 00:51:57.000,13.2
2026-03-10 00:51:57.000,14.4
2026-03-10 00:51:59.000,14.4
2026-03-10 00:51:59.000,15.6
2026-03-10 00:52:01.000,15.6
2026-03-10 00:52:01.000,14.4
2026-03-10 00:52:03.000,14.4
2026-03-10 00:52:03.000,13.2
2026-03-10 00:52:13.000,13.2
2026-03-10 00:52:13.000,14.4
2026-03-10 00:52:21.000,14.4
2026-03-10 00:52:21.000,15.6
2026-03-10 00:52:35.000,15.6
2026-03-10 00:52:35.000,14.4
2026-03-10 00:53:03.000,14.4
2026-03-10 00:53:03.000,15.6
2026-03-10 00:53:21.000,15.6
2026-03-10 00:53:21.000,14.4
2026-03-10 00:53:39.000,14.4
2026-03-10 00:53:39.000,15.6
2026-03-10 00:53:51.000,15.6
2026-03-10 00:53:51.000,14.4
2026-03-10 00:53:55.000,14.4
2026-03-10 00:53:55.000,15.6
2026-03-10 00:54:07.000,15.6
2026-03-10 00:54:07.000,14.4
2026-03-10 00:54:11.000,14.4
2026-03-10 00:54:11.000,15.6
2026-03-10 00:55:01.000,15.6
2026-03-10 00:55:01.000,16.8
2026-03-10 00:55:03.000,16.8
2026-03-10 00:55:03.000,15.6
2026-03-10 00:55:05.000,15.6
2026-03-10 00:55:05.000,14.4
2026-03-10 00:55:09.000,14.4
2026-03-10 00:55:09.000,13.2
2026-03-10 00:55:13.000,13.2
2026-03-10 00:55:13.000,12
2026-03-10 00:55:21.000,12
2026-03-10 00:55:21.000,13.2
2026-03-10 00:55:39.000,13.2
2026-03-10 00:55:39.000,12
2026-03-10 00:55:47.000,12
2026-03-10 00:55:47.000,13.2
2026-03-10 00:55:49.000,13.2
2026-03-10 00:55:49.000,12
2026-03-10 00:55:55.000,12
2026-03-10 00:55:55.000,13.2
2026-03-10 00:56:19.000,13.2
2026-03-10 00:56:19.000,12
2026-03-10 00:56:23.000,12
2026-03-10 00:56:23.000,13.2
2026-03-10 00:56:27.000,13.2
2026-03-10 00:56:27.000,12
2026-03-10 00:56:31.000,12
2026-03-10 00:56:31.000,13.2
2026-03-10 00:56:33.000,13.2
2026-03-10 00:56:33.000,12
2026-03-10 00:56:43.000,12
2026-03-10 00:56:43.000,13.2
2026-03-10 00:56:45.000,13.2
2026-03-10 00:56:45.000,12
2026-03-10 00:56:47.000,12
2026-03-10 00:56:47.000,13.2
2026-03-10 00:56:53.000,13.2
2026-03-10 00:56:53.000,12
2026-03-10 00:56:55.000,12
2026-03-10 00:56:55.000,13.2
2026-03-10 00:56:57.000,13.2
2026-03-10 00:56:57.000,12
2026-03-10 00:57:03.000,12
2026-03-10 00:57:03.000,13.2
2026-03-10 00:57:19.000,13.2
2026-03-10 00:57:19.000,12
2026-03-10 00:57:49.000,12
2026-03-10 00:57:49.000,13.2
2026-03-10 00:57:53.000,13.2
2026-03-10 00:57:53.000,12
2026-03-10 00:58:33.000,12
2026-03-10 00:58:33.000,13.2
2026-03-10 00:58:39.000,13.2
2026-03-10 00:58:39.000,12
2026-03-10 00:58:59.000,12
2026-03-10 00:58:59.000,13.2
2026-03-10 00:59:01.000,13.2
2026-03-10 00:59:01.000,12
2026-03-10 00:59:27.000,12
2026-03-10 00:59:27.000,13.2
2026-03-10 00:59:35.000,13.2
2026-03-10 00:59:35.000,12
2026-03-10 00:59:37.000,12
2026-03-10 00:59:37.000,13.2
2026-03-10 00:59:47.000,13.2
2026-03-10 00:59:47.000,12
2026-03-10 00:59:49.000,12
2026-03-10 00:59:49.000,13.2
2026-03-10 01:00:03.000,13.2
2026-03-10 01:00:03.000,12
2026-03-10 01:00:07.000,12
2026-03-10 01:00:07.000,13.2
2026-03-10 01:00:09.000,13.2
2026-03-10 01:00:09.000,12
2026-03-10 01:00:23.000,12
2026-03-10 01:00:23.000,13.2
2026-03-10 01:00:25.000,13.2
2026-03-10 01:00:25.000,12
2026-03-10 01:03:49.000,12
2026-03-10 01:03:49.000,13.2
2026-03-10 01:03:53.000,13.2
2026-03-10 01:03:53.000,14.4
2026-03-10 01:03:55.000,14.4
2026-03-10 01:03:55.000,15.6
2026-03-10 01:03:57.000,15.6
2026-03-10 01:03:57.000,16.8
2026-03-10 01:03:59.000,16.8
2026-03-10 01:03:59.000,19.2
2026-03-10 01:04:03.000,19.2
2026-03-10 01:04:03.000,20.4
2026-03-10 01:04:07.000,20.4
2026-03-10 01:04:07.000,21.6
2026-03-10 01:04:13.000,21.6
2026-03-10 01:04:13.000,22.8
2026-03-10 01:04:15.000,22.8
2026-03-10 01:04:15.000,19.2
2026-03-10 01:04:19.000,19.2
2026-03-10 01:04:19.000,15.6
2026-03-10 01:04:23.000,15.6
2026-03-10 01:04:23.000,14.4
2026-03-10 01:04:37.000,14.4
2026-03-10 01:04:37.000,15.6
2026-03-10 01:04:39.000,15.6
2026-03-10 01:04:39.000,16.8
2026-03-10 01:04:43.000,16.8
2026-03-10 01:04:43.000,21.6
2026-03-10 01:04:45.000,21.6
2026-03-10 01:04:45.000,19.2
2026-03-10 01:04:47.000,19.2
2026-03-10 01:04:47.000,18
2026-03-10 01:04:49.000,18
2026-03-10 01:04:49.000,12
2026-03-10 01:04:51.000,12
2026-03-10 01:04:51.000,10.8
2026-03-10 01:04:55.000,10.8
2026-03-10 01:04:55.000,12
2026-03-10 01:05:01.000,12
2026-03-10 01:05:01.000,13.2
2026-03-10 01:05:05.000,13.2
2026-03-10 01:05:05.000,14.4
2026-03-10 01:05:09.000,14.4
2026-03-10 01:05:09.000,16.8
2026-03-10 01:05:13.000,16.8
2026-03-10 01:05:13.000,18
2026-03-10 01:05:15.000,18
2026-03-10 01:05:15.000,16.8
2026-03-10 01:05:19.000,16.8
2026-03-10 01:05:19.000,15.6
2026-03-10 01:05:23.000,15.6
2026-03-10 01:05:23.000,14.4
2026-03-10 01:05:27.000,14.4
2026-03-10 01:05:27.000,13.2
2026-03-10 01:05:39.000,13.2
2026-03-10 01:05:39.000,14.4
2026-03-10 01:06:21.000,14.4
2026-03-10 01:06:21.000,13.2
2026-03-10 01:06:23.000,13.2
2026-03-10 01:06:23.000,14.4
2026-03-10 01:06:57.000,14.4
2026-03-10 01:06:57.000,13.2
2026-03-10 01:07:01.000,13.2
2026-03-10 01:07:01.000,14.4
2026-03-10 01:07:37.000,14.4
2026-03-10 01:07:37.000,13.2
2026-03-10 01:07:43.000,13.2
2026-03-10 01:07:43.000,14.4
2026-03-10 01:08:01.000,14.4
2026-03-10 01:08:01.000,15.6
2026-03-10 01:08:11.000,15.6
2026-03-10 01:08:11.000,14.4
2026-03-10 01:08:27.000,14.4
2026-03-10 01:08:27.000,13.2
2026-03-10 01:08:47.000,13.2
2026-03-10 01:08:47.000,14.4
2026-03-10 01:09:17.000,14.4
2026-03-10 01:09:17.000,13.2
2026-03-10 01:09:19.000,13.2
2026-03-10 01:09:19.000,14.4
2026-03-10 01:09:31.000,14.4
2026-03-10 01:09:31.000,13.2
2026-03-10 01:09:35.000,13.2
2026-03-10 01:09:35.000,14.4
2026-03-10 01:09:39.000,14.4
2026-03-10 01:09:39.000,13.2
2026-03-10 01:09:43.000,13.2
2026-03-10 01:09:43.000,14.4
2026-03-10 01:09:47.000,14.4
2026-03-10 01:09:47.000,13.2
2026-03-10 01:09:49.000,13.2
2026-03-10 01:09:49.000,14.4
2026-03-10 01:09:51.000,14.4
2026-03-10 01:09:51.000,13.2
2026-03-10 01:09:53.000,13.2
2026-03-10 01:09:53.000,14.4
2026-03-10 01:10:15.000,14.4
2026-03-10 01:10:15.000,13.2
2026-03-10 01:10:37.000,13.2
2026-03-10 01:10:37.000,14.4
2026-03-10 01:10:47.000,14.4
2026-03-10 01:10:47.000,13.2
2026-03-10 01:10:51.000,13.2
2026-03-10 01:10:51.000,14.4
2026-03-10 01:10:59.000,14.4
2026-03-10 01:10:59.000,13.2
2026-03-10 01:11:05.000,13.2
2026-03-10 01:11:05.000,14.4
2026-03-10 01:11:11.000,14.4
2026-03-10 01:11:11.000,13.2
2026-03-10 01:11:55.000,13.2
2026-03-10 01:11:55.000,14.4
2026-03-10 01:11:57.000,14.4
2026-03-10 01:11:57.000,13.2
2026-03-10 01:12:27.000,13.2
2026-03-10 01:12:27.000,14.4
2026-03-10 01:12:41.000,14.4
2026-03-10 01:12:41.000,13.2
2026-03-10 01:13:05.000,13.2
2026-03-10 01:13:05.000,14.4
2026-03-10 01:13:29.000,14.4
2026-03-10 01:13:29.000,13.2
2026-03-10 01:13:45.000,13.2
2026-03-10 01:13:45.000,14.4
2026-03-10 01:13:55.000,14.4
2026-03-10 01:13:55.000,13.2
2026-03-10 01:13:57.000,13.2
2026-03-10 01:13:57.000,14.4
2026-03-10 01:14:01.000,14.4
2026-03-10 01:14:01.000,13.2
2026-03-10 01:14:13.000,13.2
2026-03-10 01:14:13.000,14.4
2026-03-10 01:14:17.000,14.4
2026-03-10 01:14:17.000,13.2
2026-03-10 01:14:19.000,13.2
2026-03-10 01:14:19.000,14.4
2026-03-10 01:14:21.000,14.4
2026-03-10 01:14:21.000,13.2
2026-03-10 01:14:51.000,13.2
2026-03-10 01:14:51.000,14.4
2026-03-10 01:15:11.000,14.4
2026-03-10 01:15:11.000,13.2
2026-03-10 01:15:27.000,13.2
2026-03-10 01:15:27.000,14.4
2026-03-10 01:15:45.000,14.4
2026-03-10 01:15:45.000,13.2
2026-03-10 01:15:51.000,13.2
2026-03-10 01:15:51.000,14.4
2026-03-10 01:15:53.000,14.4
2026-03-10 01:15:53.000,13.2
2026-03-10 01:16:09.000,13.2
2026-03-10 01:16:09.000,14.4
2026-03-10 01:16:35.000,14.4
2026-03-10 01:16:35.000,13.2
2026-03-10 01:16:53.000,13.2
2026-03-10 01:16:53.000,14.4
2026-03-10 01:16:55.000,14.4
2026-03-10 01:16:55.000,13.2
2026-03-10 01:16:57.000,13.2
2026-03-10 01:16:57.000,14.4
2026-03-10 01:17:31.000,14.4
2026-03-10 01:17:31.000,13.2
2026-03-10 01:17:41.000,13.2
2026-03-10 01:17:41.000,14.4
2026-03-10 01:17:45.000,14.4
2026-03-10 01:17:45.000,15.6
2026-03-10 01:17:47.000,15.6
2026-03-10 01:17:47.000,14.4
2026-03-10 01:17:49.000,14.4
2026-03-10 01:17:49.000,15.6
2026-03-10 01:17:51.000,15.6
2026-03-10 01:17:51.000,18
2026-03-10 01:17:53.000,18
2026-03-10 01:17:53.000,19.2
2026-03-10 01:17:55.000,19.2
2026-03-10 01:17:55.000,20.4
2026-03-10 01:17:57.000,20.4
2026-03-10 01:17:57.000,22.8
2026-03-10 01:17:59.000,22.8
2026-03-10 01:17:59.000,24
2026-03-10 01:18:01.000,24
2026-03-10 01:18:01.000,25.2
2026-03-10 01:18:05.000,25.2
2026-03-10 01:18:05.000,26.4
2026-03-10 01:18:09.000,26.4
2026-03-10 01:18:09.000,27.6
2026-03-10 01:18:11.000,27.6
2026-03-10 01:18:11.000,28.8
2026-03-10 01:18:13.000,28.8
2026-03-10 01:18:13.000,31.2
2026-03-10 01:18:17.000,31.2
2026-03-10 01:18:17.000,32.4
2026-03-10 01:18:31.000,32.4
2026-03-10 01:18:31.000,33.6
2026-03-10 01:18:33.000,33.6
2026-03-10 01:18:33.000,32.4
2026-03-10 01:18:39.000,32.4
2026-03-10 01:18:39.000,33.6
2026-03-10 01:18:57.000,33.6
2026-03-10 01:18:57.000,34.8
2026-03-10 01:19:03.000,34.8
2026-03-10 01:19:03.000,33.6
2026-03-10 01:19:21.000,33.6
2026-03-10 01:19:21.000,32.4
2026-03-10 01:19:27.000,32.4
2026-03-10 01:19:27.000,33.6
2026-03-10 01:19:31.000,33.6
2026-03-10 01:19:31.000,32.4
2026-03-10 01:19:33.000,32.4
2026-03-10 01:19:33.000,33.6
2026-03-10 01:19:53.000,33.6
2026-03-10 01:19:53.000,32.4
2026-03-10 01:20:01.000,32.4
2026-03-10 01:20:01.000,33.6
2026-03-10 01:20:15.000,33.6
2026-03-10 01:20:15.000,34.8
2026-03-10 01:20:17.000,34.8
2026-03-10 01:20:17.000,33.6
2026-03-10 01:20:55.000,33.6
2026-03-10 01:20:55.000,32.4
2026-03-10 01:20:57.000,32.4
2026-03-10 01:20:57.000,25.2
2026-03-10 01:20:59.000,25.2
2026-03-10 01:20:59.000,22.8
2026-03-10 01:21:01.000,22.8
2026-03-10 01:21:01.000,13.2
2026-03-10 01:21:03.000,13.2
2026-03-10 01:21:03.000,19.2
2026-03-10 01:21:05.000,19.2
2026-03-10 01:21:05.000,13.2
2026-03-10 01:21:11.000,13.2
2026-03-10 01:21:11.000,14.4
2026-03-10 01:21:13.000,14.4
2026-03-10 01:21:13.000,18
2026-03-10 01:21:17.000,18
2026-03-10 01:21:17.000,20.4
2026-03-10 01:21:19.000,20.4
2026-03-10 01:21:19.000,21.6
2026-03-10 01:21:23.000,21.6
2026-03-10 01:21:23.000,22.8
2026-03-10 01:21:31.000,22.8
2026-03-10 01:21:31.000,24
2026-03-10 01:21:39.000,24
2026-03-10 01:21:39.000,25.2
2026-03-10 01:21:51.000,25.2
2026-03-10 01:21:51.000,24
2026-03-10 01:22:09.000,24
2026-03-10 01:22:09.000,25.2
2026-03-10 01:22:13.000,25.2
2026-03-10 01:22:13.000,24
2026-03-10 01:22:15.000,24
2026-03-10 01:22:15.000,25.2
2026-03-10 01:22:39.000,25.2
2026-03-10 01:22:39.000,26.4
2026-03-10 01:22:41.000,26.4
2026-03-10 01:22:41.000,25.2
2026-03-10 01:22:57.000,25.2
2026-03-10 01:22:57.000,24
2026-03-10 01:22:59.000,24
2026-03-10 01:22:59.000,19.2
2026-03-10 01:23:01.000,19.2
2026-03-10 01:23:01.000,20.4
2026-03-10 01:23:03.000,20.4
2026-03-10 01:23:03.000,22.8
2026-03-10 01:23:05.000,22.8
2026-03-10 01:23:05.000,20.4
2026-03-10 01:23:07.000,20.4
2026-03-10 01:23:07.000,19.2
2026-03-10 01:23:15.000,19.2
2026-03-10 01:23:15.000,20.4
2026-03-10 01:23:17.000,20.4
2026-03-10 01:23:17.000,24
2026-03-10 01:23:19.000,24
2026-03-10 01:23:19.000,22.8
2026-03-10 01:23:21.000,22.8
2026-03-10 01:23:21.000,24
2026-03-10 01:23:23.000,24
2026-03-10 01:23:23.000,25.2
2026-03-10 01:23:25.000,25.2
2026-03-10 01:23:25.000,26.4
2026-03-10 01:23:31.000,26.4
2026-03-10 01:23:31.000,28.8
2026-03-10 01:23:33.000,28.8
2026-03-10 01:23:33.000,34.8
2026-03-10 01:23:35.000,34.8
2026-03-10 01:23:35.000,36
2026-03-10 01:23:37.000,36
2026-03-10 01:23:37.000,44.4
2026-03-10 01:23:41.000,44.4
2026-03-10 01:23:41.000,46.8
2026-03-10 01:23:43.000,46.8
2026-03-10 01:23:43.000,48
2026-03-10 01:23:45.000,48
2026-03-10 01:23:45.000,49.2
2026-03-10 01:23:47.000,49.2
2026-03-10 01:23:47.000,51.6
2026-03-10 01:23:49.000,51.6
2026-03-10 01:23:49.000,52.8
2026-03-10 01:23:51.000,52.8
2026-03-10 01:23:51.000,56.4
2026-03-10 01:23:53.000,56.4
2026-03-10 01:23:53.000,58.8
2026-03-10 01:23:55.000,58.8
2026-03-10 01:23:55.000,61.2
2026-03-10 01:23:57.000,61.2
2026-03-10 01:23:57.000,63.6
2026-03-10 01:24:01.000,63.6
2026-03-10 01:24:01.000,64.8
2026-03-10 01:24:07.000,64.8
2026-03-10 01:24:07.000,63.6
2026-03-10 01:24:09.000,63.6
2026-03-10 01:24:09.000,62.4
2026-03-10 01:24:11.000,62.4
2026-03-10 01:24:11.000,58.8
2026-03-10 01:24:13.000,58.8
2026-03-10 01:24:13.000,56.4
2026-03-10 01:24:15.000,56.4
2026-03-10 01:24:15.000,58.8
2026-03-10 01:24:17.000,58.8
2026-03-10 01:24:17.000,57.6
2026-03-10 01:24:23.000,57.6
2026-03-10 01:24:23.000,58.8
2026-03-10 01:24:27.000,58.8
2026-03-10 01:24:27.000,60
2026-03-10 01:24:29.000,60
2026-03-10 01:24:29.000,61.2
2026-03-10 01:24:31.000,61.2
2026-03-10 01:24:31.000,62.4
2026-03-10 01:24:35.000,62.4
2026-03-10 01:24:35.000,63.6
2026-03-10 01:24:39.000,63.6
2026-03-10 01:24:39.000,64.8
2026-03-10 01:25:19.000,64.8
2026-03-10 01:25:19.000,63.6
2026-03-10 01:25:21.000,63.6
2026-03-10 01:25:21.000,62.4
2026-03-10 01:25:41.000,62.4
2026-03-10 01:25:41.000,61.2
2026-03-10 01:25:57.000,61.2
2026-03-10 01:25:57.000,60
2026-03-10 01:25:59.000,60
2026-03-10 01:25:59.000,56.4
2026-03-10 01:26:01.000,56.4
2026-03-10 01:26:01.000,55.2
2026-03-10 01:26:03.000,55.2
2026-03-10 01:26:03.000,54
2026-03-10 01:26:05.000,54
2026-03-10 01:26:05.000,52.8
2026-03-10 01:26:07.000,52.8
2026-03-10 01:26:07.000,50.4
2026-03-10 01:26:09.000,50.4
2026-03-10 01:26:09.000,49.2
2026-03-10 01:26:11.000,49.2
2026-03-10 01:26:11.000,51.6
2026-03-10 01:26:13.000,51.6
2026-03-10 01:26:13.000,50.4
2026-03-10 01:26:15.000,50.4
2026-03-10 01:26:15.000,51.6
2026-03-10 01:26:21.000,51.6
2026-03-10 01:26:21.000,52.8
2026-03-10 01:26:33.000,52.8
2026-03-10 01:26:33.000,54
2026-03-10 01:26:35.000,54
2026-03-10 01:26:35.000,55.2
2026-03-10 01:26:37.000,55.2
2026-03-10 01:26:37.000,56.4
2026-03-10 01:26:39.000,56.4
2026-03-10 01:26:39.000,57.6
2026-03-10 01:26:41.000,57.6
2026-03-10 01:26:41.000,60
2026-03-10 01:26:45.000,60
2026-03-10 01:26:45.000,61.2
2026-03-10 01:26:51.000,61.2
2026-03-10 01:26:51.000,62.4
2026-03-10 01:26:59.000,62.4
2026-03-10 01:26:59.000,63.6
2026-03-10 01:27:01.000,63.6
2026-03-10 01:27:01.000,62.4
2026-03-10 01:27:07.000,62.4
2026-03-10 01:27:07.000,61.2
2026-03-10 01:27:13.000,61.2
2026-03-10 01:27:13.000,60
2026-03-10 01:27:23.000,60
2026-03-10 01:27:23.000,61.2
2026-03-10 01:27:25.000,61.2
2026-03-10 01:27:25.000,60
2026-03-10 01:27:37.000,60
2026-03-10 01:27:37.000,58.8
2026-03-10 01:27:39.000,58.8
2026-03-10 01:27:39.000,56.4
2026-03-10 01:27:41.000,56.4
2026-03-10 01:27:41.000,55.2
2026-03-10 01:27:43.000,55.2
2026-03-10 01:27:43.000,54
2026-03-10 01:27:45.000,54
2026-03-10 01:27:45.000,55.2
2026-03-10 01:27:53.000,55.2
2026-03-10 01:27:53.000,56.4
2026-03-10 01:28:03.000,56.4
2026-03-10 01:28:03.000,57.6
2026-03-10 01:28:09.000,57.6
2026-03-10 01:28:09.000,56.4
2026-03-10 01:28:15.000,56.4
2026-03-10 01:28:15.000,57.6
2026-03-10 01:28:21.000,57.6
2026-03-10 01:28:21.000,55.2
2026-03-10 01:28:23.000,55.2
2026-03-10 01:28:23.000,54
2026-03-10 01:28:27.000,54
2026-03-10 01:28:27.000,52.8
2026-03-10 01:28:35.000,52.8
2026-03-10 01:28:35.000,54
2026-03-10 01:28:39.000,54
2026-03-10 01:28:39.000,52.8
2026-03-10 01:28:49.000,52.8
2026-03-10 01:28:49.000,54
2026-03-10 01:28:55.000,54
2026-03-10 01:28:55.000,55.2
2026-03-10 01:29:07.000,55.2
2026-03-10 01:29:07.000,56.4
2026-03-10 01:29:11.000,56.4
2026-03-10 01:29:11.000,57.6
2026-03-10 01:29:15.000,57.6
2026-03-10 01:29:15.000,58.8
2026-03-10 01:29:35.000,58.8
2026-03-10 01:29:35.000,57.6
2026-03-10 01:29:57.000,57.6
2026-03-10 01:29:57.000,56.4
2026-03-10 01:29:59.000,56.4
2026-03-10 01:29:59.000,57.6
2026-03-10 01:30:19.000,57.6
2026-03-10 01:30:19.000,55.2
2026-03-10 01:30:21.000,55.2
2026-03-10 01:30:21.000,46.8
2026-03-10 01:30:23.000,46.8
2026-03-10 01:30:23.000,50.4
2026-03-10 01:30:25.000,50.4
2026-03-10 01:30:25.000,32.4
2026-03-10 01:30:27.000,32.4
2026-03-10 01:30:27.000,38.4
2026-03-10 01:30:29.000,38.4
2026-03-10 01:30:29.000,31.2
2026-03-10 01:30:31.000,31.2
2026-03-10 01:30:31.000,34.8
2026-03-10 01:30:33.000,34.8
2026-03-10 01:30:33.000,32.4
2026-03-10 01:31:19.000,32.4
2026-03-10 01:31:19.000,33.6
2026-03-10 01:31:29.000,33.6
2026-03-10 01:31:29.000,34.8
2026-03-10 01:31:31.000,34.8
2026-03-10 01:31:31.000,37.2
2026-03-10 01:31:33.000,37.2
2026-03-10 01:31:33.000,39.6
2026-03-10 01:31:35.000,39.6
2026-03-10 01:31:35.000,40.8
2026-03-10 01:31:37.000,40.8
2026-03-10 01:31:37.000,42
2026-03-10 01:31:43.000,42
2026-03-10 01:31:43.000,40.8
2026-03-10 01:31:55.000,40.8
2026-03-10 01:31:55.000,39.6
2026-03-10 01:32:09.000,39.6
2026-03-10 01:32:09.000,38.4
2026-03-10 01:32:33.000,38.4
2026-03-10 01:32:33.000,37.2
2026-03-10 01:32:37.000,37.2
2026-03-10 01:32:37.000,32.4
2026-03-10 01:32:39.000,32.4
2026-03-10 01:32:39.000,30
2026-03-10 01:32:41.000,30
2026-03-10 01:32:41.000,28.8
2026-03-10 01:32:43.000,28.8
2026-03-10 01:32:43.000,27.6
2026-03-10 01:32:45.000,27.6
2026-03-10 01:32:45.000,28.8
2026-03-10 01:32:49.000,28.8
2026-03-10 01:32:49.000,27.6
2026-03-10 01:32:53.000,27.6
2026-03-10 01:32:53.000,28.8
2026-03-10 01:33:01.000,28.8
2026-03-10 01:33:01.000,27.6
2026-03-10 01:33:51.000,27.6
2026-03-10 01:33:51.000,28.8
2026-03-10 01:33:59.000,28.8
2026-03-10 01:33:59.000,30
2026-03-10 01:34:01.000,30
2026-03-10 01:34:01.000,31.2
2026-03-10 01:34:07.000,31.2
2026-03-10 01:34:07.000,30
2026-03-10 01:34:09.000,30
2026-03-10 01:34:09.000,28.8
2026-03-10 01:34:13.000,28.8
2026-03-10 01:34:13.000,30
2026-03-10 01:34:23.000,30
2026-03-10 01:34:23.000,31.2
2026-03-10 01:34:33.000,31.2
2026-03-10 01:34:33.000,32.4
2026-03-10 01:34:37.000,32.4
2026-03-10 01:34:37.000,31.2
2026-03-10 01:34:49.000,31.2
2026-03-10 01:34:49.000,30
2026-03-10 01:34:51.000,30
2026-03-10 01:34:51.000,31.2
2026-03-10 01:35:03.000,31.2
2026-03-10 01:35:03.000,32.4
2026-03-10 01:35:05.000,32.4
2026-03-10 01:35:05.000,31.2
2026-03-10 01:35:07.000,31.2
2026-03-10 01:35:07.000,32.4
2026-03-10 01:35:19.000,32.4
2026-03-10 01:35:19.000,31.2
2026-03-10 01:35:29.000,31.2
2026-03-10 01:35:29.000,32.4
2026-03-10 01:35:39.000,32.4
2026-03-10 01:35:39.000,31.2
2026-03-10 01:35:43.000,31.2
2026-03-10 01:35:43.000,32.4
2026-03-10 01:36:01.000,32.4
2026-03-10 01:36:01.000,31.2
2026-03-10 01:36:03.000,31.2
2026-03-10 01:36:03.000,32.4
2026-03-10 01:36:23.000,32.4
2026-03-10 01:36:23.000,31.2
2026-03-10 01:36:33.000,31.2
2026-03-10 01:36:33.000,32.4
2026-03-10 01:37:11.000,32.4
2026-03-10 01:37:11.000,31.2
2026-03-10 01:37:23.000,31.2
2026-03-10 01:37:23.000,32.4
2026-03-10 01:37:27.000,32.4
2026-03-10 01:37:27.000,31.2
2026-03-10 01:37:29.000,31.2
2026-03-10 01:37:29.000,32.4
2026-03-10 01:37:51.000,32.4
2026-03-10 01:37:51.000,33.6
2026-03-10 01:38:05.000,33.6
2026-03-10 01:38:05.000,32.4
2026-03-10 01:38:27.000,32.4
2026-03-10 01:38:27.000,33.6
2026-03-10 01:38:31.000,33.6
2026-03-10 01:38:31.000,34.8
2026-03-10 01:38:33.000,34.8
2026-03-10 01:38:33.000,36
2026-03-10 01:38:35.000,36
2026-03-10 01:38:35.000,13.2
2026-03-10 01:38:37.000,13.2
2026-03-10 01:38:37.000,22.8
2026-03-10 01:38:39.000,22.8
2026-03-10 01:38:39.000,33.6
2026-03-10 01:38:41.000,33.6
2026-03-10 01:38:41.000,32.4
2026-03-10 01:38:43.000,32.4
2026-03-10 01:38:43.000,26.4
2026-03-10 01:38:45.000,26.4
2026-03-10 01:38:45.000,24
2026-03-10 01:38:47.000,24
2026-03-10 01:38:47.000,22.8
2026-03-10 01:38:49.000,22.8
2026-03-10 01:38:49.000,24
2026-03-10 01:38:51.000,24
2026-03-10 01:38:51.000,20.4
2026-03-10 01:39:17.000,20.4
2026-03-10 01:39:17.000,19.2
2026-03-10 01:39:19.000,19.2
2026-03-10 01:39:19.000,21.6
2026-03-10 01:39:21.000,21.6
2026-03-10 01:39:21.000,27.6
2026-03-10 01:39:23.000,27.6
2026-03-10 01:39:23.000,25.2
2026-03-10 01:39:25.000,25.2
2026-03-10 01:39:25.000,30
2026-03-10 01:39:29.000,30
2026-03-10 01:39:29.000,33.6
2026-03-10 01:39:33.000,33.6
2026-03-10 01:39:33.000,34.8
2026-03-10 01:39:35.000,34.8
2026-03-10 01:39:35.000,36
2026-03-10 01:39:37.000,36
2026-03-10 01:39:37.000,37.2
2026-03-10 01:39:41.000,37.2
2026-03-10 01:39:41.000,38.4
2026-03-10 01:39:43.000,38.4
2026-03-10 01:39:43.000,39.6
2026-03-10 01:39:47.000,39.6
2026-03-10 01:39:47.000,38.4
2026-03-10 01:39:49.000,38.4
2026-03-10 01:39:49.000,36
2026-03-10 01:39:51.000,36
2026-03-10 01:39:51.000,30
2026-03-10 01:39:53.000,30
2026-03-10 01:39:53.000,27.6
2026-03-10 01:39:55.000,27.6
2026-03-10 01:39:55.000,24
2026-03-10 01:39:57.000,24
2026-03-10 01:39:57.000,22.8
2026-03-10 01:39:59.000,22.8
2026-03-10 01:39:59.000,26.4
2026-03-10 01:40:01.000,26.4
2026-03-10 01:40:01.000,27.6
2026-03-10 01:40:03.000,27.6
2026-03-10 01:40:03.000,32.4
2026-03-10 01:40:05.000,32.4
2026-03-10 01:40:05.000,33.6
2026-03-10 01:40:07.000,33.6
2026-03-10 01:40:07.000,37.2
2026-03-10 01:40:11.000,37.2
2026-03-10 01:40:11.000,39.6
2026-03-10 01:40:13.000,39.6
2026-03-10 01:40:13.000,38.4
2026-03-10 01:40:15.000,38.4
2026-03-10 01:40:15.000,39.6
2026-03-10 01:40:25.000,39.6
2026-03-10 01:40:25.000,40.8
2026-03-10 01:40:37.000,40.8
2026-03-10 01:40:37.000,42
2026-03-10 01:40:49.000,42
2026-03-10 01:40:49.000,40.8
2026-03-10 01:40:51.000,40.8
2026-03-10 01:40:51.000,39.6
2026-03-10 01:40:59.000,39.6
2026-03-10 01:40:59.000,38.4
2026-03-10 01:41:03.000,38.4
2026-03-10 01:41:03.000,37.2
2026-03-10 01:41:05.000,37.2
2026-03-10 01:41:05.000,38.4
2026-03-10 01:41:07.000,38.4
2026-03-10 01:41:07.000,39.6
2026-03-10 01:41:09.000,39.6
2026-03-10 01:41:09.000,40.8
2026-03-10 01:41:13.000,40.8
2026-03-10 01:41:13.000,39.6
2026-03-10 01:41:15.000,39.6
2026-03-10 01:41:15.000,38.4
2026-03-10 01:41:19.000,38.4
2026-03-10 01:41:19.000,37.2
2026-03-10 01:41:21.000,37.2
2026-03-10 01:41:21.000,38.4
2026-03-10 01:41:25.000,38.4
2026-03-10 01:41:25.000,39.6
2026-03-10 01:41:29.000,39.6
2026-03-10 01:41:29.000,40.8
2026-03-10 01:41:33.000,40.8
2026-03-10 01:41:33.000,42
2026-03-10 01:41:35.000,42
2026-03-10 01:41:35.000,40.8
2026-03-10 01:41:37.000,40.8
2026-03-10 01:41:37.000,38.4
2026-03-10 01:41:39.000,38.4
2026-03-10 01:41:39.000,37.2
2026-03-10 01:41:43.000,37.2
2026-03-10 01:41:43.000,36
2026-03-10 01:41:45.000,36
2026-03-10 01:41:45.000,37.2
2026-03-10 01:41:55.000,37.2
2026-03-10 01:41:55.000,36
2026-03-10 01:41:57.000,36
2026-03-10 01:41:57.000,37.2
2026-03-10 01:42:05.000,37.2
2026-03-10 01:42:05.000,38.4
2026-03-10 01:42:11.000,38.4
2026-03-10 01:42:11.000,39.6
2026-03-10 01:42:19.000,39.6
2026-03-10 01:42:19.000,40.8
2026-03-10 01:42:27.000,40.8
2026-03-10 01:42:27.000,42
2026-03-10 01:42:33.000,42
2026-03-10 01:42:33.000,40.8
2026-03-10 01:42:49.000,40.8
2026-03-10 01:42:49.000,38.4
2026-03-10 01:42:51.000,38.4
2026-03-10 01:42:51.000,36
2026-03-10 01:42:55.000,36
2026-03-10 01:42:55.000,33.6
2026-03-10 01:42:57.000,33.6
2026-03-10 01:42:57.000,31.2
2026-03-10 01:42:59.000,31.2
2026-03-10 01:42:59.000,32.4
2026-03-10 01:43:01.000,32.4
2026-03-10 01:43:01.000,31.2
2026-03-10 01:43:03.000,31.2
2026-03-10 01:43:03.000,30
2026-03-10 01:43:23.000,30
2026-03-10 01:43:23.000,31.2
2026-03-10 01:43:35.000,31.2
2026-03-10 01:43:35.000,30
2026-03-10 01:43:37.000,30
2026-03-10 01:43:37.000,28.8
2026-03-10 01:43:39.000,28.8
2026-03-10 01:43:39.000,27.6
2026-03-10 01:43:41.000,27.6
2026-03-10 01:43:41.000,25.2
2026-03-10 01:43:43.000,25.2
2026-03-10 01:43:43.000,21.6
2026-03-10 01:43:45.000,21.6
2026-03-10 01:43:45.000,22.8
2026-03-10 01:43:49.000,22.8
2026-03-10 01:43:49.000,21.6
2026-03-10 01:43:53.000,21.6
2026-03-10 01:43:53.000,22.8
2026-03-10 01:44:15.000,22.8
2026-03-10 01:44:15.000,26.4
2026-03-10 01:44:17.000,26.4
2026-03-10 01:44:17.000,33.6
2026-03-10 01:44:19.000,33.6
2026-03-10 01:44:19.000,34.8
2026-03-10 01:44:21.000,34.8
2026-03-10 01:44:21.000,42
2026-03-10 01:44:23.000,42
2026-03-10 01:44:23.000,39.6
2026-03-10 01:44:25.000,39.6
2026-03-10 01:44:25.000,43.2
2026-03-10 01:44:39.000,43.2
2026-03-10 01:44:39.000,44.4
2026-03-10 01:44:43.000,44.4
2026-03-10 01:44:43.000,40.8
2026-03-10 01:44:45.000,40.8
2026-03-10 01:44:45.000,31.2
2026-03-10 01:44:47.000,31.2
2026-03-10 01:44:47.000,27.6
2026-03-10 01:44:49.000,27.6
2026-03-10 01:44:49.000,25.2
2026-03-10 01:44:51.000,25.2
2026-03-10 01:44:51.000,28.8
2026-03-10 01:44:53.000,28.8
2026-03-10 01:44:53.000,30
2026-03-10 01:44:55.000,30
2026-03-10 01:44:55.000,33.6
2026-03-10 01:44:57.000,33.6
2026-03-10 01:44:57.000,34.8
2026-03-10 01:44:59.000,34.8
2026-03-10 01:44:59.000,37.2
2026-03-10 01:45:03.000,37.2
2026-03-10 01:45:03.000,38.4
2026-03-10 01:45:05.000,38.4
2026-03-10 01:45:05.000,39.6
2026-03-10 01:45:07.000,39.6
2026-03-10 01:45:07.000,40.8
2026-03-10 01:45:11.000,40.8
2026-03-10 01:45:11.000,42
2026-03-10 01:45:15.000,42
2026-03-10 01:45:15.000,43.2
2026-03-10 01:45:37.000,43.2
2026-03-10 01:45:37.000,45.6
2026-03-10 01:45:39.000,45.6
2026-03-10 01:45:39.000,46.8
2026-03-10 01:45:41.000,46.8
2026-03-10 01:45:41.000,48
2026-03-10 01:45:49.000,48
2026-03-10 01:45:49.000,49.2
2026-03-10 01:45:51.000,49.2
2026-03-10 01:45:51.000,48
2026-03-10 01:46:11.000,48
2026-03-10 01:46:11.000,46.8
2026-03-10 01:46:13.000,46.8
2026-03-10 01:46:13.000,48
2026-03-10 01:46:35.000,48
2026-03-10 01:46:35.000,45.6
2026-03-10 01:46:37.000,45.6
2026-03-10 01:46:37.000,42
2026-03-10 01:46:39.000,42
2026-03-10 01:46:39.000,33.6
2026-03-10 01:46:41.000,33.6
2026-03-10 01:46:41.000,37.2
2026-03-10 01:46:43.000,37.2
2026-03-10 01:46:43.000,30
2026-03-10 01:46:45.000,30
2026-03-10 01:46:45.000,32.4
2026-03-10 01:46:47.000,32.4
2026-03-10 01:46:47.000,27.6
2026-03-10 01:46:49.000,27.6
2026-03-10 01:46:49.000,36
2026-03-10 01:46:51.000,36
2026-03-10 01:46:51.000,22.8
2026-03-10 01:46:53.000,22.8
2026-03-10 01:46:53.000,20.4
2026-03-10 01:46:55.000,20.4
2026-03-10 01:46:55.000,18
2026-03-10 01:46:57.000,18
2026-03-10 01:46:57.000,20.4
2026-03-10 01:47:01.000,20.4
2026-03-10 01:47:01.000,19.2
2026-03-10 01:47:03.000,19.2
2026-03-10 01:47:03.000,18
2026-03-10 01:47:05.000,18
2026-03-10 01:47:05.000,19.2
2026-03-10 01:47:11.000,19.2
2026-03-10 01:47:11.000,20.4
2026-03-10 01:47:13.000,20.4
2026-03-10 01:47:13.000,21.6
2026-03-10 01:47:15.000,21.6
2026-03-10 01:47:15.000,22.8
2026-03-10 01:47:17.000,22.8
2026-03-10 01:47:17.000,24
2026-03-10 01:47:19.000,24
2026-03-10 01:47:19.000,21.6
2026-03-10 01:47:23.000,21.6
2026-03-10 01:47:23.000,19.2
2026-03-10 01:47:27.000,19.2
2026-03-10 01:47:27.000,18
2026-03-10 01:47:37.000,18
2026-03-10 01:47:37.000,19.2
2026-03-10 01:47:47.000,19.2
2026-03-10 01:47:47.000,20.4
2026-03-10 01:47:55.000,20.4
2026-03-10 01:47:55.000,19.2
2026-03-10 01:48:35.000,19.2
2026-03-10 01:48:35.000,20.4
2026-03-10 01:48:47.000,20.4
2026-03-10 01:48:47.000,19.2
2026-03-10 01:49:21.000,19.2
2026-03-10 01:49:21.000,20.4
2026-03-10 01:49:27.000,20.4
2026-03-10 01:49:27.000,21.6
2026-03-10 01:49:33.000,21.6
2026-03-10 01:49:33.000,20.4
2026-03-10 01:49:37.000,20.4
2026-03-10 01:49:37.000,19.2
2026-03-10 01:49:51.000,19.2
2026-03-10 01:49:51.000,20.4
2026-03-10 01:50:07.000,20.4
2026-03-10 01:50:07.000,19.2
2026-03-10 01:50:09.000,19.2
2026-03-10 01:50:09.000,20.4
2026-03-10 01:50:11.000,20.4
2026-03-10 01:50:11.000,19.2
2026-03-10 01:50:17.000,19.2
2026-03-10 01:50:17.000,20.4
2026-03-10 01:50:33.000,20.4
2026-03-10 01:50:33.000,19.2
2026-03-10 01:50:35.000,19.2
2026-03-10 01:50:35.000,20.4
2026-03-10 01:50:39.000,20.4
2026-03-10 01:50:39.000,19.2
2026-03-10 01:50:57.000,19.2
2026-03-10 01:50:57.000,20.4
2026-03-10 01:50:59.000,20.4
2026-03-10 01:50:59.000,21.6
2026-03-10 01:51:03.000,21.6
2026-03-10 01:51:03.000,20.4
2026-03-10 01:51:07.000,20.4
2026-03-10 01:51:07.000,21.6
2026-03-10 01:51:09.000,21.6
2026-03-10 01:51:09.000,20.4
2026-03-10 01:51:11.000,20.4
2026-03-10 01:51:11.000,18
2026-03-10 01:51:15.000,18
2026-03-10 01:51:15.000,16.8
2026-03-10 01:51:17.000,16.8
2026-03-10 01:51:17.000,18
2026-03-10 01:52:29.000,18
2026-03-10 01:52:29.000,16.8
2026-03-10 01:52:37.000,16.8
2026-03-10 01:52:37.000,18
2026-03-10 01:53:03.000,18
2026-03-10 01:53:03.000,16.8
2026-03-10 01:53:05.000,16.8
2026-03-10 01:53:05.000,18
2026-03-10 01:53:11.000,18
2026-03-10 01:53:11.000,16.8
2026-03-10 01:53:15.000,16.8
2026-03-10 01:53:15.000,18
2026-03-10 01:53:37.000,18
2026-03-10 01:53:37.000,16.8
2026-03-10 01:53:39.000,16.8
2026-03-10 01:53:39.000,18
2026-03-10 01:53:43.000,18
2026-03-10 01:53:43.000,16.8
2026-03-10 01:53:47.000,16.8
2026-03-10 01:53:47.000,18
2026-03-10 01:53:55.000,18
2026-03-10 01:53:55.000,19.2
2026-03-10 01:54:01.000,19.2
2026-03-10 01:54:01.000,18
2026-03-10 01:54:25.000,18
2026-03-10 01:54:25.000,19.2
2026-03-10 01:55:21.000,19.2
2026-03-10 01:55:21.000,21.6
2026-03-10 01:55:23.000,21.6
2026-03-10 01:55:23.000,18
2026-03-10 01:55:25.000,18
2026-03-10 01:55:25.000,21.6
2026-03-10 01:55:27.000,21.6
2026-03-10 01:55:27.000,18
2026-03-10 01:55:29.000,18
2026-03-10 01:55:29.000,16.8
2026-03-10 01:55:33.000,16.8
2026-03-10 01:55:33.000,18
2026-03-10 01:56:09.000,18
2026-03-10 01:56:09.000,19.2
2026-03-10 01:56:17.000,19.2
2026-03-10 01:56:17.000,18
2026-03-10 01:59:21.000,18
2026-03-10 01:59:21.000,16.8
2026-03-10 01:59:25.000,16.8
2026-03-10 01:59:25.000,18
2026-03-10 01:59:55.000,18
2026-03-10 01:59:55.000,16.8
2026-03-10 02:00:13.000,16.8
2026-03-10 02:00:13.000,18
2026-03-10 02:00:35.000,18
2026-03-10 02:00:35.000,16.8
2026-03-10 02:00:39.000,16.8
2026-03-10 02:00:39.000,18
2026-03-10 02:00:41.000,18
2026-03-10 02:00:41.000,16.8
2026-03-10 02:00:45.000,16.8
2026-03-10 02:00:45.000,18
2026-03-10 02:00:49.000,18
2026-03-10 02:00:49.000,16.8
2026-03-10 02:00:51.000,16.8
2026-03-10 02:00:51.000,18
2026-03-10 02:01:01.000,18
2026-03-10 02:01:01.000,16.8
2026-03-10 02:01:03.000,16.8
2026-03-10 02:01:03.000,18
2026-03-10 02:01:13.000,18
2026-03-10 02:01:13.000,19.2
2026-03-10 02:01:15.000,19.2
2026-03-10 02:01:15.000,21.6
2026-03-10 02:01:17.000,21.6
2026-03-10 02:01:17.000,20.4
2026-03-10 02:01:19.000,20.4
2026-03-10 02:01:19.000,19.2
2026-03-10 02:01:23.000,19.2
2026-03-10 02:01:23.000,18
2026-03-10 02:01:25.000,18
2026-03-10 02:01:25.000,16.8
2026-03-10 02:01:39.000,16.8
2026-03-10 02:01:39.000,18
2026-03-10 02:01:45.000,18
2026-03-10 02:01:45.000,22.8
2026-03-10 02:01:47.000,22.8
2026-03-10 02:01:47.000,8.4
2026-03-10 02:01:49.000,8.4
2026-03-10 02:01:49.000,4.8
2026-03-10 02:01:51.000,4.8
2026-03-10 02:01:51.000,6
2026-03-10 02:01:53.000,6
2026-03-10 02:01:53.000,9.6
2026-03-10 02:01:55.000,9.6
2026-03-10 02:01:55.000,10.8
2026-03-10 02:01:57.000,10.8
2026-03-10 02:01:57.000,12
2026-03-10 02:02:01.000,12
2026-03-10 02:02:01.000,13.2
2026-03-10 02:02:05.000,13.2
2026-03-10 02:02:05.000,14.4
2026-03-10 02:02:09.000,14.4
2026-03-10 02:02:09.000,15.6
2026-03-10 02:02:17.000,15.6
2026-03-10 02:02:17.000,16.8
2026-03-10 02:02:19.000,16.8
2026-03-10 02:02:19.000,18
2026-03-10 02:02:27.000,18
2026-03-10 02:02:27.000,16.8
2026-03-10 02:02:51.000,16.8
2026-03-10 02:02:51.000,18
2026-03-10 02:03:03.000,18
2026-03-10 02:03:03.000,16.8
2026-03-10 02:03:25.000,16.8
2026-03-10 02:03:25.000,18
2026-03-10 02:03:27.000,18
2026-03-10 02:03:27.000,16.8
2026-03-10 02:03:55.000,16.8
2026-03-10 02:03:55.000,18
2026-03-10 02:03:59.000,18
2026-03-10 02:03:59.000,16.8
2026-03-10 02:04:03.000,16.8
2026-03-10 02:04:03.000,18
2026-03-10 02:04:05.000,18
2026-03-10 02:04:05.000,16.8
2026-03-10 02:04:31.000,16.8
2026-03-10 02:04:31.000,18
2026-03-10 02:04:45.000,18
2026-03-10 02:04:45.000,16.8
2026-03-10 02:04:47.000,16.8
2026-03-10 02:04:47.000,18
2026-03-10 02:04:49.000,18
2026-03-10 02:04:49.000,16.8
2026-03-10 02:04:53.000,16.8
2026-03-10 02:04:53.000,18
2026-03-10 02:04:57.000,18
2026-03-10 02:04:57.000,20.4
2026-03-10 02:04:59.000,20.4
2026-03-10 02:04:59.000,24
2026-03-10 02:05:03.000,24
2026-03-10 02:05:03.000,25.2
2026-03-10 02:05:07.000,25.2
2026-03-10 02:05:07.000,26.4
2026-03-10 02:05:11.000,26.4
2026-03-10 02:05:11.000,27.6
2026-03-10 02:05:41.000,27.6
2026-03-10 02:05:41.000,26.4
2026-03-10 02:05:45.000,26.4
2026-03-10 02:05:45.000,25.2
2026-03-10 02:05:57.000,25.2
2026-03-10 02:05:57.000,26.4
2026-03-10 02:05:59.000,26.4
2026-03-10 02:05:59.000,25.2
2026-03-10 02:06:01.000,25.2
2026-03-10 02:06:01.000,26.4
2026-03-10 02:06:09.000,26.4
2026-03-10 02:06:09.000,25.2
2026-03-10 02:06:21.000,25.2
2026-03-10 02:06:21.000,26.4
2026-03-10 02:07:07.000,26.4
2026-03-10 02:07:07.000,27.6
2026-03-10 02:07:47.000,27.6
2026-03-10 02:07:47.000,28.8
2026-03-10 02:08:09.000,28.8
2026-03-10 02:08:09.000,30
2026-03-10 02:08:11.000,30
2026-03-10 02:08:11.000,28.8
2026-03-10 02:08:31.000,28.8
2026-03-10 02:08:31.000,30
2026-03-10 02:08:57.000,30
2026-03-10 02:08:57.000,28.8
2026-03-10 02:08:59.000,28.8
2026-03-10 02:08:59.000,30
2026-03-10 02:09:15.000,30
2026-03-10 02:09:15.000,28.8
2026-03-10 02:09:33.000,28.8
2026-03-10 02:09:33.000,30
2026-03-10 02:09:57.000,30
2026-03-10 02:09:57.000,28.8
2026-03-10 02:10:01.000,28.8
2026-03-10 02:10:01.000,30
2026-03-10 02:10:03.000,30
2026-03-10 02:10:03.000,28.8
2026-03-10 02:10:05.000,28.8
2026-03-10 02:10:05.000,30
2026-03-10 02:10:07.000,30
2026-03-10 02:10:07.000,28.8
2026-03-10 02:10:09.000,28.8
2026-03-10 02:10:09.000,30
2026-03-10 02:11:21.000,30
2026-03-10 02:11:21.000,28.8
2026-03-10 02:11:27.000,28.8
2026-03-10 02:11:27.000,27.6
2026-03-10 02:11:39.000,27.6
2026-03-10 02:11:39.000,26.4
2026-03-10 02:11:47.000,26.4
2026-03-10 02:11:47.000,27.6
2026-03-10 02:12:07.000,27.6
2026-03-10 02:12:07.000,28.8
2026-03-10 02:12:21.000,28.8
2026-03-10 02:12:21.000,30
2026-03-10 02:13:11.000,30
2026-03-10 02:13:11.000,31.2
2026-03-10 02:13:19.000,31.2
2026-03-10 02:13:19.000,30
2026-03-10 02:13:21.000,30
2026-03-10 02:13:21.000,31.2
2026-03-10 02:13:41.000,31.2
2026-03-10 02:13:41.000,30
2026-03-10 02:13:53.000,30
2026-03-10 02:13:53.000,31.2
2026-03-10 02:15:33.000,31.2
2026-03-10 02:15:33.000,32.4
2026-03-10 02:15:35.000,32.4
2026-03-10 02:15:35.000,31.2
2026-03-10 02:15:41.000,31.2
2026-03-10 02:15:41.000,32.4
2026-03-10 02:15:57.000,32.4
2026-03-10 02:15:57.000,31.2
2026-03-10 02:15:59.000,31.2
2026-03-10 02:15:59.000,32.4
2026-03-10 02:16:19.000,32.4
2026-03-10 02:16:19.000,31.2
2026-03-10 02:16:47.000,31.2
2026-03-10 02:16:47.000,32.4
2026-03-10 02:16:53.000,32.4
2026-03-10 02:16:53.000,30
2026-03-10 02:16:55.000,30
2026-03-10 02:16:55.000,24
2026-03-10 02:16:59.000,24
2026-03-10 02:16:59.000,21.6
2026-03-10 02:17:15.000,21.6
2026-03-10 02:17:15.000,20.4
2026-03-10 02:17:19.000,20.4
2026-03-10 02:17:19.000,19.2
2026-03-10 02:17:33.000,19.2
2026-03-10 02:17:33.000,18
2026-03-10 02:17:37.000,18
2026-03-10 02:17:37.000,16.8
2026-03-10 02:18:09.000,16.8
2026-03-10 02:18:09.000,18
2026-03-10 02:18:13.000,18
2026-03-10 02:18:13.000,16.8
2026-03-10 02:18:17.000,16.8
2026-03-10 02:18:17.000,18
2026-03-10 02:18:19.000,18
2026-03-10 02:18:19.000,16.8
2026-03-10 02:18:51.000,16.8
2026-03-10 02:18:51.000,18
2026-03-10 02:18:55.000,18
2026-03-10 02:18:55.000,16.8
2026-03-10 02:18:57.000,16.8
2026-03-10 02:18:57.000,18
2026-03-10 02:19:05.000,18
2026-03-10 02:19:05.000,16.8
2026-03-10 02:19:35.000,16.8
2026-03-10 02:19:35.000,18
2026-03-10 02:19:43.000,18
2026-03-10 02:19:43.000,16.8
2026-03-10 02:20:07.000,16.8
2026-03-10 02:20:07.000,18
2026-03-10 02:20:09.000,18
2026-03-10 02:20:09.000,16.8
2026-03-10 02:21:51.000,16.8
2026-03-10 02:21:51.000,18
2026-03-10 02:22:01.000,18
2026-03-10 02:22:01.000,16.8
2026-03-10 02:27:31.000,16.8
2026-03-10 02:27:31.000,18
2026-03-10 02:27:33.000,18
2026-03-10 02:27:33.000,16.8
2026-03-10 02:27:57.000,16.8
2026-03-10 02:27:57.000,18
2026-03-10 02:28:19.000,18
2026-03-10 02:28:19.000,16.8
2026-03-10 02:28:23.000,16.8
2026-03-10 02:28:23.000,18
2026-03-10 02:28:29.000,18
2026-03-10 02:28:29.000,16.8
2026-03-10 02:28:33.000,16.8
2026-03-10 02:28:33.000,18
2026-03-10 02:29:39.000,18
2026-03-10 02:29:39.000,16.8
2026-03-10 02:29:41.000,16.8
2026-03-10 02:29:41.000,18
2026-03-10 02:30:59.000,18
2026-03-10 02:30:59.000,16.8
2026-03-10 02:31:01.000,16.8
2026-03-10 02:31:01.000,18
2026-03-10 02:31:49.000,18
2026-03-10 02:31:49.000,16.8
2026-03-10 02:31:51.000,16.8
2026-03-10 02:31:51.000,18
2026-03-10 02:33:25.000,18
2026-03-10 02:33:25.000,16.8
2026-03-10 02:33:27.000,16.8
2026-03-10 02:33:27.000,18
2026-03-10 02:38:17.000,18
2026-03-10 02:38:17.000,19.2
2026-03-10 02:38:19.000,19.2
2026-03-10 02:38:19.000,18
2026-03-10 02:38:43.000,18
2026-03-10 02:38:43.000,19.2
2026-03-10 02:38:45.000,19.2
2026-03-10 02:38:45.000,18
2026-03-10 02:39:09.000,18
2026-03-10 02:39:09.000,19.2
2026-03-10 02:39:11.000,19.2
2026-03-10 02:39:11.000,18
2026-03-10 02:39:25.000,18
2026-03-10 02:39:25.000,19.2
2026-03-10 02:39:29.000,19.2
2026-03-10 02:39:29.000,18
2026-03-10 02:39:31.000,18
2026-03-10 02:39:31.000,19.2
2026-03-10 02:39:45.000,19.2
2026-03-10 02:39:45.000,18
2026-03-10 02:40:01.000,18
2026-03-10 02:40:01.000,19.2
2026-03-10 02:40:09.000,19.2
2026-03-10 02:40:09.000,20.4
2026-03-10 02:40:11.000,20.4
2026-03-10 02:40:11.000,19.2
2026-03-10 02:40:17.000,19.2
2026-03-10 02:40:17.000,18
2026-03-10 02:40:33.000,18
2026-03-10 02:40:33.000,19.2
2026-03-10 02:41:17.000,19.2
2026-03-10 02:41:17.000,18
2026-03-10 02:41:23.000,18
2026-03-10 02:41:23.000,19.2
2026-03-10 02:41:25.000,19.2
2026-03-10 02:41:25.000,18
2026-03-10 02:41:29.000,18
2026-03-10 02:41:29.000,19.2
2026-03-10 02:42:01.000,19.2
2026-03-10 02:42:01.000,18
2026-03-10 02:42:15.000,18
2026-03-10 02:42:15.000,19.2
2026-03-10 02:42:37.000,19.2
2026-03-10 02:42:37.000,18
2026-03-10 02:42:39.000,18
2026-03-10 02:42:39.000,19.2
2026-03-10 02:42:43.000,19.2
2026-03-10 02:42:43.000,18
2026-03-10 02:43:03.000,18
2026-03-10 02:43:03.000,19.2
2026-03-10 02:43:23.000,19.2
2026-03-10 02:43:23.000,18
2026-03-10 02:43:35.000,18
2026-03-10 02:43:35.000,19.2
2026-03-10 02:43:47.000,19.2
2026-03-10 02:43:47.000,18
2026-03-10 02:43:49.000,18
2026-03-10 02:43:49.000,19.2
2026-03-10 02:43:55.000,19.2
2026-03-10 02:43:55.000,18
2026-03-10 02:43:57.000,18
2026-03-10 02:43:57.000,19.2
2026-03-10 02:44:29.000,19.2
2026-03-10 02:44:29.000,18
2026-03-10 02:44:43.000,18
2026-03-10 02:44:43.000,19.2
2026-03-10 02:45:09.000,19.2
2026-03-10 02:45:09.000,18
2026-03-10 02:45:21.000,18
2026-03-10 02:45:21.000,19.2
2026-03-10 02:45:45.000,19.2
2026-03-10 02:45:45.000,18
2026-03-10 02:45:49.000,18
2026-03-10 02:45:49.000,19.2
2026-03-10 02:46:05.000,19.2
2026-03-10 02:46:05.000,18
2026-03-10 02:46:15.000,18
2026-03-10 02:46:15.000,19.2
2026-03-10 02:46:39.000,19.2
2026-03-10 02:46:39.000,18
2026-03-10 02:46:47.000,18
2026-03-10 02:46:47.000,19.2
2026-03-10 02:46:51.000,19.2
2026-03-10 02:46:51.000,18
2026-03-10 02:46:53.000,18
2026-03-10 02:46:53.000,19.2
2026-03-10 02:47:19.000,19.2
2026-03-10 02:47:19.000,18
2026-03-10 02:47:21.000,18
2026-03-10 02:47:21.000,19.2
2026-03-10 02:47:25.000,19.2
2026-03-10 02:47:25.000,18
2026-03-10 02:47:31.000,18
2026-03-10 02:47:31.000,19.2
2026-03-10 02:47:33.000,19.2
2026-03-10 02:47:33.000,18
2026-03-10 02:47:35.000,18
2026-03-10 02:47:35.000,19.2
2026-03-10 02:47:43.000,19.2
2026-03-10 02:47:43.000,18
2026-03-10 02:47:45.000,18
2026-03-10 02:47:45.000,19.2
2026-03-10 02:47:53.000,19.2
2026-03-10 02:47:53.000,18
2026-03-10 02:47:57.000,18
2026-03-10 02:47:57.000,19.2
2026-03-10 02:48:05.000,19.2
2026-03-10 02:48:05.000,18
2026-03-10 02:48:09.000,18
2026-03-10 02:48:09.000,19.2
2026-03-10 02:48:13.000,19.2
2026-03-10 02:48:13.000,18
2026-03-10 02:48:21.000,18
2026-03-10 02:48:21.000,19.2
2026-03-10 02:48:23.000,19.2
2026-03-10 02:48:23.000,18
2026-03-10 02:48:27.000,18
2026-03-10 02:48:27.000,19.2
2026-03-10 02:48:43.000,19.2
2026-03-10 02:48:43.000,18
2026-03-10 02:48:45.000,18
2026-03-10 02:48:45.000,19.2
2026-03-10 02:48:49.000,19.2
2026-03-10 02:48:49.000,18
2026-03-10 02:48:53.000,18
2026-03-10 02:48:53.000,19.2
2026-03-10 02:48:57.000,19.2
2026-03-10 02:48:57.000,18
2026-03-10 02:48:59.000,18
2026-03-10 02:48:59.000,19.2
2026-03-10 02:49:01.000,19.2
2026-03-10 02:49:01.000,18
2026-03-10 02:49:05.000,18
2026-03-10 02:49:05.000,19.2
2026-03-10 02:49:37.000,19.2
2026-03-10 02:49:37.000,18
2026-03-10 02:49:47.000,18
2026-03-10 02:49:47.000,19.2
2026-03-10 02:49:49.000,19.2
2026-03-10 02:49:49.000,18
2026-03-10 02:49:53.000,18
2026-03-10 02:49:53.000,19.2
2026-03-10 02:50:13.000,19.2
2026-03-10 02:50:13.000,18
2026-03-10 02:50:15.000,18
2026-03-10 02:50:15.000,19.2
2026-03-10 02:50:17.000,19.2
2026-03-10 02:50:17.000,18
2026-03-10 02:50:23.000,18
2026-03-10 02:50:23.000,19.2
2026-03-10 02:50:35.000,19.2
2026-03-10 02:50:35.000,20.4
2026-03-10 02:50:37.000,20.4
2026-03-10 02:50:37.000,22.8
2026-03-10 02:50:39.000,22.8
2026-03-10 02:50:39.000,24
2026-03-10 02:50:43.000,24
2026-03-10 02:50:43.000,25.2
2026-03-10 02:51:23.000,25.2
2026-03-10 02:51:23.000,24
2026-03-10 02:51:25.000,24
2026-03-10 02:51:25.000,25.2
2026-03-10 02:51:29.000,25.2
2026-03-10 02:51:29.000,24
2026-03-10 02:55:13.000,24
2026-03-10 02:55:13.000,22.8
2026-03-10 02:55:15.000,22.8
2026-03-10 02:55:15.000,24
2026-03-10 02:55:35.000,24
2026-03-10 02:55:35.000,22.8
2026-03-10 02:55:49.000,22.8
2026-03-10 02:55:49.000,24
2026-03-10 02:55:57.000,24
2026-03-10 02:55:57.000,22.8
2026-03-10 02:56:05.000,22.8
2026-03-10 02:56:05.000,24
2026-03-10 02:56:09.000,24
2026-03-10 02:56:09.000,22.8
2026-03-10 02:56:13.000,22.8
2026-03-10 02:56:13.000,24
2026-03-10 02:56:15.000,24
2026-03-10 02:56:15.000,22.8
2026-03-10 02:58:05.000,22.8
2026-03-10 02:58:05.000,21.6
2026-03-10 02:58:11.000,21.6
2026-03-10 02:58:11.000,22.8
2026-03-10 02:58:13.000,22.8
2026-03-10 02:58:13.000,21.6
2026-03-10 02:58:15.000,21.6
2026-03-10 02:58:15.000,22.8
2026-03-10 02:58:17.000,22.8
2026-03-10 02:58:17.000,21.6
2026-03-10 02:58:27.000,21.6
2026-03-10 02:58:27.000,22.8
2026-03-10 02:58:29.000,22.8
2026-03-10 02:58:29.000,21.6
2026-03-10 02:58:31.000,21.6
2026-03-10 02:58:31.000,22.8
2026-03-10 02:58:35.000,22.8
2026-03-10 02:58:35.000,21.6
2026-03-10 02:58:55.000,21.6
2026-03-10 02:58:55.000,22.8
2026-03-10 02:58:57.000,22.8
2026-03-10 02:58:57.000,21.6
2026-03-10 02:59:07.000,21.6
2026-03-10 02:59:07.000,22.8
2026-03-10 02:59:09.000,22.8
2026-03-10 02:59:09.000,21.6
2026-03-10 02:59:33.000,21.6
2026-03-10 02:59:33.000,22.8
2026-03-10 02:59:37.000,22.8
2026-03-10 02:59:37.000,21.6
2026-03-10 03:00:07.000,21.6
2026-03-10 03:00:07.000,22.8
2026-03-10 03:00:11.000,22.8
2026-03-10 03:00:11.000,21.6
2026-03-10 03:01:41.000,21.6
2026-03-10 03:01:41.000,22.8
2026-03-10 03:01:43.000,22.8
2026-03-10 03:01:43.000,21.6
2026-03-10 03:02:17.000,21.6
2026-03-10 03:02:17.000,20.4
2026-03-10 03:02:19.000,20.4
2026-03-10 03:02:19.000,21.6
2026-03-10 03:02:21.000,21.6
2026-03-10 03:02:21.000,20.4
2026-03-10 03:02:23.000,20.4
2026-03-10 03:02:23.000,21.6
2026-03-10 03:02:25.000,21.6
2026-03-10 03:02:25.000,20.4
2026-03-10 03:02:35.000,20.4
2026-03-10 03:02:35.000,21.6
2026-03-10 03:02:39.000,21.6
2026-03-10 03:02:39.000,24
2026-03-10 03:02:41.000,24
2026-03-10 03:02:41.000,22.8
2026-03-10 03:02:47.000,22.8
2026-03-10 03:02:47.000,21.6
2026-03-10 03:02:53.000,21.6
2026-03-10 03:02:53.000,20.4
2026-03-10 03:03:05.000,20.4
2026-03-10 03:03:05.000,21.6
2026-03-10 03:03:07.000,21.6
2026-03-10 03:03:07.000,20.4
2026-03-10 03:03:11.000,20.4
2026-03-10 03:03:11.000,21.6
2026-03-10 03:03:29.000,21.6
2026-03-10 03:03:29.000,20.4
2026-03-10 03:03:31.000,20.4
2026-03-10 03:03:31.000,21.6
2026-03-10 03:03:47.000,21.6
2026-03-10 03:03:47.000,20.4
2026-03-10 03:03:51.000,20.4
2026-03-10 03:03:51.000,21.6
2026-03-10 03:04:37.000,21.6
2026-03-10 03:04:37.000,20.4
2026-03-10 03:04:41.000,20.4
2026-03-10 03:04:41.000,21.6
2026-03-10 03:04:45.000,21.6
2026-03-10 03:04:45.000,20.4
2026-03-10 03:04:47.000,20.4
2026-03-10 03:04:47.000,21.6
2026-03-10 03:05:17.000,21.6
2026-03-10 03:05:17.000,22.8
2026-03-10 03:05:19.000,22.8
2026-03-10 03:05:19.000,24
2026-03-10 03:05:23.000,24
2026-03-10 03:05:23.000,21.6
2026-03-10 03:05:25.000,21.6
2026-03-10 03:05:25.000,19.2
2026-03-10 03:05:27.000,19.2
2026-03-10 03:05:27.000,21.6
2026-03-10 03:05:29.000,21.6
2026-03-10 03:05:29.000,20.4
2026-03-10 03:05:31.000,20.4
2026-03-10 03:05:31.000,21.6
2026-03-10 03:05:39.000,21.6
2026-03-10 03:05:39.000,22.8
2026-03-10 03:05:43.000,22.8
2026-03-10 03:05:43.000,24
2026-03-10 03:05:45.000,24
2026-03-10 03:05:45.000,30
2026-03-10 03:05:49.000,30
2026-03-10 03:05:49.000,34.8
2026-03-10 03:05:51.000,34.8
2026-03-10 03:05:51.000,37.2
2026-03-10 03:05:53.000,37.2
2026-03-10 03:05:53.000,38.4
2026-03-10 03:05:55.000,38.4
2026-03-10 03:05:55.000,40.8
2026-03-10 03:05:57.000,40.8
2026-03-10 03:05:57.000,42
2026-03-10 03:05:59.000,42
2026-03-10 03:05:59.000,43.2
2026-03-10 03:06:01.000,43.2
2026-03-10 03:06:01.000,45.6
2026-03-10 03:06:07.000,45.6
2026-03-10 03:06:07.000,46.8
2026-03-10 03:06:09.000,46.8
2026-03-10 03:06:09.000,48
2026-03-10 03:06:11.000,48
2026-03-10 03:06:11.000,49.2
2026-03-10 03:06:13.000,49.2
2026-03-10 03:06:13.000,51.6
2026-03-10 03:06:17.000,51.6
2026-03-10 03:06:17.000,52.8
2026-03-10 03:06:27.000,52.8
2026-03-10 03:06:27.000,51.6
2026-03-10 03:06:37.000,51.6
2026-03-10 03:06:37.000,50.4
2026-03-10 03:06:43.000,50.4
2026-03-10 03:06:43.000,51.6
2026-03-10 03:06:47.000,51.6
2026-03-10 03:06:47.000,50.4
2026-03-10 03:06:55.000,50.4
2026-03-10 03:06:55.000,51.6
2026-03-10 03:06:57.000,51.6
2026-03-10 03:06:57.000,52.8
2026-03-10 03:07:03.000,52.8
2026-03-10 03:07:03.000,54
2026-03-10 03:07:09.000,54
2026-03-10 03:07:09.000,55.2
2026-03-10 03:07:11.000,55.2
2026-03-10 03:07:11.000,54
2026-03-10 03:07:13.000,54
2026-03-10 03:07:13.000,52.8
2026-03-10 03:07:17.000,52.8
2026-03-10 03:07:17.000,48
2026-03-10 03:07:19.000,48
2026-03-10 03:07:19.000,45.6
2026-03-10 03:07:21.000,45.6
2026-03-10 03:07:21.000,38.4
2026-03-10 03:07:23.000,38.4
2026-03-10 03:07:23.000,33.6
2026-03-10 03:07:25.000,33.6
2026-03-10 03:07:25.000,31.2
2026-03-10 03:07:27.000,31.2
2026-03-10 03:07:27.000,26.4
2026-03-10 03:07:29.000,26.4
2026-03-10 03:07:29.000,28.8
2026-03-10 03:07:31.000,28.8
2026-03-10 03:07:31.000,26.4
2026-03-10 03:07:35.000,26.4
2026-03-10 03:07:35.000,28.8
2026-03-10 03:07:37.000,28.8
2026-03-10 03:07:37.000,34.8
2026-03-10 03:07:39.000,34.8
2026-03-10 03:07:39.000,39.6
2026-03-10 03:07:41.000,39.6
2026-03-10 03:07:41.000,42
2026-03-10 03:07:43.000,42
2026-03-10 03:07:43.000,46.8
2026-03-10 03:07:45.000,46.8
2026-03-10 03:07:45.000,48
2026-03-10 03:07:47.000,48
2026-03-10 03:07:47.000,51.6
2026-03-10 03:07:49.000,51.6
2026-03-10 03:07:49.000,49.2
2026-03-10 03:07:51.000,49.2
2026-03-10 03:07:51.000,50.4
2026-03-10 03:07:55.000,50.4
2026-03-10 03:07:55.000,49.2
2026-03-10 03:08:11.000,49.2
2026-03-10 03:08:11.000,50.4
2026-03-10 03:08:17.000,50.4
2026-03-10 03:08:17.000,51.6
2026-03-10 03:08:39.000,51.6
2026-03-10 03:08:39.000,50.4
2026-03-10 03:08:47.000,50.4
2026-03-10 03:08:47.000,49.2
2026-03-10 03:08:49.000,49.2
2026-03-10 03:08:49.000,46.8
2026-03-10 03:08:51.000,46.8
2026-03-10 03:08:51.000,43.2
2026-03-10 03:08:57.000,43.2
2026-03-10 03:08:57.000,44.4
2026-03-10 03:08:59.000,44.4
2026-03-10 03:08:59.000,45.6
2026-03-10 03:09:03.000,45.6
2026-03-10 03:09:03.000,46.8
2026-03-10 03:09:05.000,46.8
2026-03-10 03:09:05.000,48
2026-03-10 03:09:09.000,48
2026-03-10 03:09:09.000,49.2
2026-03-10 03:09:15.000,49.2
2026-03-10 03:09:15.000,46.8
2026-03-10 03:09:17.000,46.8
2026-03-10 03:09:17.000,45.6
2026-03-10 03:09:19.000,45.6
2026-03-10 03:09:19.000,42
2026-03-10 03:09:21.000,42
2026-03-10 03:09:21.000,43.2
2026-03-10 03:09:23.000,43.2
2026-03-10 03:09:23.000,44.4
2026-03-10 03:09:25.000,44.4
2026-03-10 03:09:25.000,46.8
2026-03-10 03:09:27.000,46.8
2026-03-10 03:09:27.000,49.2
2026-03-10 03:09:29.000,49.2
2026-03-10 03:09:29.000,50.4
2026-03-10 03:09:31.000,50.4
2026-03-10 03:09:31.000,52.8
2026-03-10 03:09:35.000,52.8
2026-03-10 03:09:35.000,54
2026-03-10 03:09:41.000,54
2026-03-10 03:09:41.000,55.2
2026-03-10 03:09:45.000,55.2
2026-03-10 03:09:45.000,54
2026-03-10 03:09:47.000,54
2026-03-10 03:09:47.000,55.2
2026-03-10 03:09:53.000,55.2
2026-03-10 03:09:53.000,54
2026-03-10 03:10:05.000,54
2026-03-10 03:10:05.000,55.2
2026-03-10 03:12:03.000,55.2
2026-03-10 03:12:03.000,54
2026-03-10 03:12:17.000,54
2026-03-10 03:12:17.000,52.8
2026-03-10 03:12:19.000,52.8
2026-03-10 03:12:19.000,51.6
2026-03-10 03:12:27.000,51.6
2026-03-10 03:12:27.000,50.4
2026-03-10 03:12:31.000,50.4
2026-03-10 03:12:31.000,49.2
2026-03-10 03:12:41.000,49.2
2026-03-10 03:12:41.000,50.4
2026-03-10 03:12:55.000,50.4
2026-03-10 03:12:55.000,51.6
2026-03-10 03:13:03.000,51.6
2026-03-10 03:13:03.000,52.8
2026-03-10 03:14:13.000,52.8
2026-03-10 03:14:13.000,54
2026-03-10 03:14:51.000,54
2026-03-10 03:14:51.000,55.2
2026-03-10 03:15:19.000,55.2
2026-03-10 03:15:19.000,52.8
2026-03-10 03:15:21.000,52.8
2026-03-10 03:15:21.000,46.8
2026-03-10 03:15:23.000,46.8
2026-03-10 03:15:23.000,36
2026-03-10 03:15:25.000,36
2026-03-10 03:15:25.000,34.8
2026-03-10 03:15:29.000,34.8
2026-03-10 03:15:29.000,36
2026-03-10 03:15:35.000,36
2026-03-10 03:15:35.000,34.8
2026-03-10 03:15:39.000,34.8
2026-03-10 03:15:39.000,36
2026-03-10 03:15:43.000,36
2026-03-10 03:15:43.000,37.2
2026-03-10 03:15:57.000,37.2
2026-03-10 03:15:57.000,36
2026-03-10 03:16:01.000,36
2026-03-10 03:16:01.000,37.2
2026-03-10 03:16:05.000,37.2
2026-03-10 03:16:05.000,40.8
2026-03-10 03:16:07.000,40.8
2026-03-10 03:16:07.000,45.6
2026-03-10 03:16:09.000,45.6
2026-03-10 03:16:09.000,48
2026-03-10 03:16:11.000,48
2026-03-10 03:16:11.000,51.6
2026-03-10 03:16:15.000,51.6
2026-03-10 03:16:15.000,55.2
2026-03-10 03:16:17.000,55.2
2026-03-10 03:16:17.000,54
2026-03-10 03:16:19.000,54
2026-03-10 03:16:19.000,55.2
2026-03-10 03:16:21.000,55.2
2026-03-10 03:16:21.000,54
2026-03-10 03:16:29.000,54
2026-03-10 03:16:29.000,52.8
2026-03-10 03:16:35.000,52.8
2026-03-10 03:16:35.000,51.6
2026-03-10 03:16:39.000,51.6
2026-03-10 03:16:39.000,50.4
2026-03-10 03:16:41.000,50.4
2026-03-10 03:16:41.000,49.2
2026-03-10 03:16:43.000,49.2
2026-03-10 03:16:43.000,48
2026-03-10 03:16:47.000,48
2026-03-10 03:16:47.000,44.4
2026-03-10 03:16:49.000,44.4
2026-03-10 03:16:49.000,42
2026-03-10 03:16:51.000,42
2026-03-10 03:16:51.000,43.2
2026-03-10 03:16:53.000,43.2
2026-03-10 03:16:53.000,42
2026-03-10 03:16:55.000,42
2026-03-10 03:16:55.000,38.4
2026-03-10 03:16:57.000,38.4
2026-03-10 03:16:57.000,36
2026-03-10 03:16:59.000,36
2026-03-10 03:16:59.000,34.8
2026-03-10 03:17:01.000,34.8
2026-03-10 03:17:01.000,36
2026-03-10 03:17:03.000,36
2026-03-10 03:17:03.000,37.2
2026-03-10 03:17:05.000,37.2
2026-03-10 03:17:05.000,38.4
2026-03-10 03:17:11.000,38.4
2026-03-10 03:17:11.000,40.8
2026-03-10 03:17:13.000,40.8
2026-03-10 03:17:13.000,43.2
2026-03-10 03:17:15.000,43.2
2026-03-10 03:17:15.000,48
2026-03-10 03:17:17.000,48
2026-03-10 03:17:17.000,61.2
2026-03-10 03:17:19.000,61.2
2026-03-10 03:17:19.000,56.4
2026-03-10 03:17:21.000,56.4
2026-03-10 03:17:21.000,66
2026-03-10 03:17:23.000,66
2026-03-10 03:17:23.000,61.2
2026-03-10 03:17:25.000,61.2
2026-03-10 03:17:25.000,63.6
2026-03-10 03:17:31.000,63.6
2026-03-10 03:17:31.000,64.8
2026-03-10 03:17:33.000,64.8
2026-03-10 03:17:33.000,66
2026-03-10 03:17:37.000,66
2026-03-10 03:17:37.000,67.2
2026-03-10 03:17:43.000,67.2
2026-03-10 03:17:43.000,68.4
2026-03-10 03:17:49.000,68.4
2026-03-10 03:17:49.000,69.6
2026-03-10 03:18:03.000,69.6
2026-03-10 03:18:03.000,68.4
2026-03-10 03:18:17.000,68.4
2026-03-10 03:18:17.000,69.6
2026-03-10 03:18:39.000,69.6
2026-03-10 03:18:39.000,70.8
2026-03-10 03:19:17.000,70.8
2026-03-10 03:19:17.000,72
2026-03-10 03:19:39.000,72
2026-03-10 03:19:39.000,73.2
2026-03-10 03:19:43.000,73.2
2026-03-10 03:19:43.000,72
2026-03-10 03:20:07.000,72
2026-03-10 03:20:07.000,73.2
2026-03-10 03:20:13.000,73.2
2026-03-10 03:20:13.000,74.4
2026-03-10 03:20:21.000,74.4
2026-03-10 03:20:21.000,75.6
2026-03-10 03:20:55.000,75.6
2026-03-10 03:20:55.000,76.8
2026-03-10 03:21:27.000,76.8
2026-03-10 03:21:27.000,78
2026-03-10 03:21:29.000,78
2026-03-10 03:21:29.000,76.8
2026-03-10 03:21:31.000,76.8
2026-03-10 03:21:31.000,78
2026-03-10 03:22:03.000,78
2026-03-10 03:22:03.000,79.2
2026-03-10 03:22:11.000,79.2
2026-03-10 03:22:11.000,78
2026-03-10 03:22:29.000,78
2026-03-10 03:22:29.000,79.2
2026-03-10 03:22:53.000,79.2
2026-03-10 03:22:53.000,80.4
2026-03-10 03:23:23.000,80.4
2026-03-10 03:23:23.000,81.6
2026-03-10 03:24:17.000,81.6
2026-03-10 03:24:17.000,80.4
2026-03-10 03:24:45.000,80.4
2026-03-10 03:24:45.000,81.6
2026-03-10 03:25:23.000,81.6
2026-03-10 03:25:23.000,80.4
2026-03-10 03:25:25.000,80.4
2026-03-10 03:25:25.000,81.6
2026-03-10 03:25:31.000,81.6
2026-03-10 03:25:31.000,80.4
2026-03-10 03:26:03.000,80.4
2026-03-10 03:26:03.000,81.6
2026-03-10 03:26:05.000,81.6
2026-03-10 03:26:05.000,80.4
2026-03-10 03:26:09.000,80.4
2026-03-10 03:26:09.000,81.6
2026-03-10 03:26:13.000,81.6
2026-03-10 03:26:13.000,80.4
2026-03-10 03:26:35.000,80.4
2026-03-10 03:26:35.000,81.6
2026-03-10 03:29:33.000,81.6
2026-03-10 03:29:33.000,80.4
2026-03-10 03:29:35.000,80.4
2026-03-10 03:29:35.000,69.6
2026-03-10 03:29:37.000,69.6
2026-03-10 03:29:37.000,58.8
2026-03-10 03:29:39.000,58.8
2026-03-10 03:29:39.000,48
2026-03-10 03:29:41.000,48
2026-03-10 03:29:41.000,44.4
2026-03-10 03:29:43.000,44.4
2026-03-10 03:29:43.000,22.8
2026-03-10 03:29:45.000,22.8
2026-03-10 03:29:45.000,24
2026-03-10 03:29:47.000,24
2026-03-10 03:29:47.000,22.8
2026-03-10 03:29:49.000,22.8
2026-03-10 03:29:49.000,21.6
2026-03-10 03:29:53.000,21.6
2026-03-10 03:29:53.000,22.8
2026-03-10 03:29:55.000,22.8
2026-03-10 03:29:55.000,21.6
2026-03-10 03:29:59.000,21.6
2026-03-10 03:29:59.000,22.8
2026-03-10 03:30:03.000,22.8
2026-03-10 03:30:03.000,21.6
2026-03-10 03:30:05.000,21.6
2026-03-10 03:30:05.000,22.8
2026-03-10 03:30:07.000,22.8
2026-03-10 03:30:07.000,21.6
2026-03-10 03:30:19.000,21.6
2026-03-10 03:30:19.000,22.8
2026-03-10 03:30:21.000,22.8
2026-03-10 03:30:21.000,21.6
2026-03-10 03:30:23.000,21.6
2026-03-10 03:30:23.000,22.8
2026-03-10 03:30:25.000,22.8
2026-03-10 03:30:25.000,25.2
2026-03-10 03:30:27.000,25.2
2026-03-10 03:30:27.000,28.8
2026-03-10 03:30:29.000,28.8
2026-03-10 03:30:29.000,30
2026-03-10 03:30:31.000,30
2026-03-10 03:30:31.000,34.8
2026-03-10 03:30:33.000,34.8
2026-03-10 03:30:33.000,36
2026-03-10 03:30:35.000,36
2026-03-10 03:30:35.000,37.2
2026-03-10 03:30:37.000,37.2
2026-03-10 03:30:37.000,38.4
2026-03-10 03:30:39.000,38.4
2026-03-10 03:30:39.000,39.6
2026-03-10 03:30:41.000,39.6
2026-03-10 03:30:41.000,40.8
2026-03-10 03:30:47.000,40.8
2026-03-10 03:30:47.000,43.2
2026-03-10 03:30:51.000,43.2
2026-03-10 03:30:51.000,44.4
2026-03-10 03:30:55.000,44.4
2026-03-10 03:30:55.000,46.8
2026-03-10 03:31:05.000,46.8
2026-03-10 03:31:05.000,48
2026-03-10 03:31:19.000,48
2026-03-10 03:31:19.000,49.2
2026-03-10 03:31:27.000,49.2
2026-03-10 03:31:27.000,50.4
2026-03-10 03:31:39.000,50.4
2026-03-10 03:31:39.000,51.6
2026-03-10 03:31:43.000,51.6
2026-03-10 03:31:43.000,50.4
2026-03-10 03:33:25.000,50.4
2026-03-10 03:33:25.000,51.6
2026-03-10 03:33:33.000,51.6
2026-03-10 03:33:33.000,50.4
2026-03-10 03:33:35.000,50.4
2026-03-10 03:33:35.000,51.6
2026-03-10 03:34:07.000,51.6
2026-03-10 03:34:07.000,50.4
2026-03-10 03:34:27.000,50.4
2026-03-10 03:34:27.000,51.6
2026-03-10 03:34:39.000,51.6
2026-03-10 03:34:39.000,52.8
2026-03-10 03:36:01.000,52.8
2026-03-10 03:36:01.000,54
2026-03-10 03:36:05.000,54
2026-03-10 03:36:05.000,52.8
2026-03-10 03:36:07.000,52.8
2026-03-10 03:36:07.000,54
2026-03-10 03:36:09.000,54
2026-03-10 03:36:09.000,52.8
2026-03-10 03:37:47.000,52.8
2026-03-10 03:37:47.000,54
2026-03-10 03:38:27.000,54
2026-03-10 03:38:27.000,55.2
2026-03-10 03:38:33.000,55.2
2026-03-10 03:38:33.000,54
2026-03-10 03:38:37.000,54
2026-03-10 03:38:37.000,55.2
2026-03-10 03:38:51.000,55.2
2026-03-10 03:38:51.000,56.4
2026-03-10 03:38:59.000,56.4
2026-03-10 03:38:59.000,57.6
2026-03-10 03:39:01.000,57.6
2026-03-10 03:39:01.000,56.4
2026-03-10 03:39:13.000,56.4
2026-03-10 03:39:13.000,55.2
2026-03-10 03:39:25.000,55.2
2026-03-10 03:39:25.000,56.4
2026-03-10 03:39:33.000,56.4
2026-03-10 03:39:33.000,50.4
2026-03-10 03:39:35.000,50.4
2026-03-10 03:39:35.000,43.2
2026-03-10 03:39:37.000,43.2
2026-03-10 03:39:37.000,21.6
2026-03-10 03:39:39.000,21.6
2026-03-10 03:39:39.000,16.8
2026-03-10 03:39:41.000,16.8
2026-03-10 03:39:41.000,22.8
2026-03-10 03:39:43.000,22.8
2026-03-10 03:39:43.000,19.2
2026-03-10 03:39:45.000,19.2
2026-03-10 03:39:45.000,25.2
2026-03-10 03:39:47.000,25.2
2026-03-10 03:39:47.000,26.4
2026-03-10 03:39:59.000,26.4
2026-03-10 03:39:59.000,25.2
2026-03-10 03:40:01.000,25.2
2026-03-10 03:40:01.000,24
2026-03-10 03:40:03.000,24
2026-03-10 03:40:03.000,21.6
2026-03-10 03:40:05.000,21.6
2026-03-10 03:40:05.000,22.8
2026-03-10 03:40:07.000,22.8
2026-03-10 03:40:07.000,20.4
2026-03-10 03:40:11.000,20.4
2026-03-10 03:40:11.000,19.2
2026-03-10 03:40:17.000,19.2
2026-03-10 03:40:17.000,20.4
2026-03-10 03:40:19.000,20.4
2026-03-10 03:40:19.000,21.6
2026-03-10 03:40:27.000,21.6
2026-03-10 03:40:27.000,20.4
2026-03-10 03:40:41.000,20.4
2026-03-10 03:40:41.000,19.2
2026-03-10 03:43:15.000,19.2
2026-03-10 03:43:15.000,20.4
2026-03-10 03:43:19.000,20.4
2026-03-10 03:43:19.000,19.2
2026-03-10 03:44:03.000,19.2
2026-03-10 03:44:03.000,20.4
2026-03-10 03:44:11.000,20.4
2026-03-10 03:44:11.000,19.2
2026-03-10 03:49:31.000,19.2
2026-03-10 03:49:31.000,20.4
2026-03-10 03:49:35.000,20.4
2026-03-10 03:49:35.000,21.6
2026-03-10 03:49:37.000,21.6
2026-03-10 03:49:37.000,22.8
2026-03-10 03:49:51.000,22.8
2026-03-10 03:49:51.000,24
2026-03-10 03:49:55.000,24
2026-03-10 03:49:55.000,25.2
2026-03-10 03:50:01.000,25.2
2026-03-10 03:50:01.000,26.4
2026-03-10 03:50:05.000,26.4
2026-03-10 03:50:05.000,28.8
2026-03-10 03:50:07.000,28.8
2026-03-10 03:50:07.000,27.6
2026-03-10 03:50:09.000,27.6
2026-03-10 03:50:09.000,28.8
2026-03-10 03:50:11.000,28.8
2026-03-10 03:50:11.000,30
2026-03-10 03:50:13.000,30
2026-03-10 03:50:13.000,32.4
2026-03-10 03:50:15.000,32.4
2026-03-10 03:50:15.000,31.2
2026-03-10 03:50:17.000,31.2
2026-03-10 03:50:17.000,33.6
2026-03-10 03:50:19.000,33.6
2026-03-10 03:50:19.000,31.2
2026-03-10 03:50:21.000,31.2
2026-03-10 03:50:21.000,32.4
2026-03-10 03:50:23.000,32.4
2026-03-10 03:50:23.000,31.2
2026-03-10 03:50:31.000,31.2
2026-03-10 03:50:31.000,32.4
2026-03-10 03:50:33.000,32.4
2026-03-10 03:50:33.000,31.2
2026-03-10 03:50:35.000,31.2
2026-03-10 03:50:35.000,32.4
2026-03-10 03:52:05.000,32.4
2026-03-10 03:52:05.000,31.2
2026-03-10 03:52:31.000,31.2
2026-03-10 03:52:31.000,30
2026-03-10 03:52:33.000,30
2026-03-10 03:52:33.000,28.8
2026-03-10 03:52:35.000,28.8
2026-03-10 03:52:35.000,27.6
2026-03-10 03:52:39.000,27.6
2026-03-10 03:52:39.000,26.4
2026-03-10 03:52:51.000,26.4
2026-03-10 03:52:51.000,25.2
2026-03-10 03:56:17.000,25.2
2026-03-10 03:56:17.000,26.4
2026-03-10 03:56:19.000,26.4
2026-03-10 03:56:19.000,28.8
2026-03-10 03:56:21.000,28.8
2026-03-10 03:56:21.000,31.2
2026-03-10 03:56:23.000,31.2
2026-03-10 03:56:23.000,24
2026-03-10 03:56:25.000,24
2026-03-10 03:56:25.000,18
2026-03-10 03:56:27.000,18
2026-03-10 03:56:27.000,20.4
2026-03-10 03:56:29.000,20.4
2026-03-10 03:56:29.000,21.6
2026-03-10 03:56:31.000,21.6
2026-03-10 03:56:31.000,24
2026-03-10 03:56:33.000,24
2026-03-10 03:56:33.000,25.2
2026-03-10 03:56:35.000,25.2
2026-03-10 03:56:35.000,26.4
2026-03-10 03:56:39.000,26.4
2026-03-10 03:56:39.000,27.6
2026-03-10 03:56:41.000,27.6
2026-03-10 03:56:41.000,28.8
2026-03-10 03:56:43.000,28.8
2026-03-10 03:56:43.000,30
2026-03-10 03:56:47.000,30
2026-03-10 03:56:47.000,31.2
2026-03-10 03:56:55.000,31.2
2026-03-10 03:56:55.000,30
2026-03-10 03:57:03.000,30
2026-03-10 03:57:03.000,28.8
2026-03-10 03:57:07.000,28.8
2026-03-10 03:57:07.000,30
2026-03-10 03:57:21.000,30
2026-03-10 03:57:21.000,31.2
2026-03-10 03:57:29.000,31.2
2026-03-10 03:57:29.000,32.4
2026-03-10 03:57:37.000,32.4
2026-03-10 03:57:37.000,31.2
2026-03-10 03:57:59.000,31.2
2026-03-10 03:57:59.000,32.4
2026-03-10 03:58:51.000,32.4
2026-03-10 03:58:51.000,33.6
2026-03-10 03:59:17.000,33.6
2026-03-10 03:59:17.000,32.4
2026-03-10 03:59:19.000,32.4
2026-03-10 03:59:19.000,33.6
2026-03-10 03:59:33.000,33.6
2026-03-10 03:59:33.000,34.8
2026-03-10 03:59:39.000,34.8
2026-03-10 03:59:39.000,36
2026-03-10 03:59:41.000,36
2026-03-10 03:59:41.000,39.6
2026-03-10 03:59:43.000,39.6
2026-03-10 03:59:43.000,37.2
2026-03-10 03:59:45.000,37.2
2026-03-10 03:59:45.000,36
2026-03-10 03:59:47.000,36
2026-03-10 03:59:47.000,37.2
2026-03-10 03:59:49.000,37.2
2026-03-10 03:59:49.000,38.4
2026-03-10 03:59:51.000,38.4
2026-03-10 03:59:51.000,39.6
2026-03-10 03:59:53.000,39.6
2026-03-10 03:59:53.000,32.4
2026-03-10 03:59:55.000,32.4
2026-03-10 03:59:55.000,31.2
2026-03-10 03:59:57.000,31.2
2026-03-10 03:59:57.000,30
2026-03-10 03:59:59.000,30
2026-03-10 03:59:59.000,21.6
2026-03-10 04:00:01.000,21.6
2026-03-10 04:00:01.000,16.8
2026-03-10 04:00:03.000,16.8
2026-03-10 04:00:03.000,21.6
2026-03-10 04:00:05.000,21.6
2026-03-10 04:00:05.000,15.6
2026-03-10 04:00:07.000,15.6
2026-03-10 04:00:07.000,14.4
2026-03-10 04:00:17.000,14.4
2026-03-10 04:00:17.000,13.2
2026-03-10 04:00:23.000,13.2
2026-03-10 04:00:23.000,14.4
2026-03-10 04:00:25.000,14.4
2026-03-10 04:00:25.000,15.6
2026-03-10 04:00:27.000,15.6
2026-03-10 04:00:27.000,16.8
2026-03-10 04:00:31.000,16.8
2026-03-10 04:00:31.000,15.6
2026-03-10 04:00:35.000,15.6
2026-03-10 04:00:35.000,14.4
2026-03-10 04:00:37.000,14.4
2026-03-10 04:00:37.000,13.2
2026-03-10 04:00:45.000,13.2
2026-03-10 04:00:45.000,12
2026-03-10 04:00:55.000,12
2026-03-10 04:00:55.000,13.2
2026-03-10 04:01:07.000,13.2
2026-03-10 04:01:07.000,14.4
2026-03-10 04:01:13.000,14.4
2026-03-10 04:01:13.000,13.2
2026-03-10 04:01:29.000,13.2
2026-03-10 04:01:29.000,12
2026-03-10 04:01:31.000,12
2026-03-10 04:01:31.000,13.2
2026-03-10 04:02:01.000,13.2
2026-03-10 04:02:01.000,14.4
2026-03-10 04:02:03.000,14.4
2026-03-10 04:02:03.000,13.2
2026-03-10 04:02:25.000,13.2
2026-03-10 04:02:25.000,12
2026-03-10 04:02:31.000,12
2026-03-10 04:02:31.000,13.2
2026-03-10 04:03:09.000,13.2
2026-03-10 04:03:09.000,12
2026-03-10 04:03:11.000,12
2026-03-10 04:03:11.000,13.2
2026-03-10 04:03:17.000,13.2
2026-03-10 04:03:17.000,12
2026-03-10 04:03:25.000,12
2026-03-10 04:03:25.000,13.2
2026-03-10 04:03:59.000,13.2
2026-03-10 04:03:59.000,12
2026-03-10 04:04:01.000,12
2026-03-10 04:04:01.000,13.2
2026-03-10 04:04:07.000,13.2
2026-03-10 04:04:07.000,12
2026-03-10 04:04:09.000,12
2026-03-10 04:04:09.000,13.2
2026-03-10 04:04:23.000,13.2
2026-03-10 04:04:23.000,12
2026-03-10 04:04:25.000,12
2026-03-10 04:04:25.000,13.2
2026-03-10 04:05:03.000,13.2
2026-03-10 04:05:03.000,14.4
2026-03-10 04:05:05.000,14.4
2026-03-10 04:05:05.000,20.4
2026-03-10 04:05:07.000,20.4
2026-03-10 04:05:07.000,22.8
2026-03-10 04:05:11.000,22.8
2026-03-10 04:05:11.000,20.4
2026-03-10 04:05:13.000,20.4
2026-03-10 04:05:13.000,22.8
2026-03-10 04:05:19.000,22.8
2026-03-10 04:05:19.000,24
2026-03-10 04:05:21.000,24
2026-03-10 04:05:21.000,22.8
2026-03-10 04:05:23.000,22.8
2026-03-10 04:05:23.000,24
2026-03-10 04:05:35.000,24
2026-03-10 04:05:35.000,25.2
2026-03-10 04:05:39.000,25.2
2026-03-10 04:05:39.000,26.4
2026-03-10 04:05:49.000,26.4
2026-03-10 04:05:49.000,25.2
2026-03-10 04:06:19.000,25.2
2026-03-10 04:06:19.000,26.4
2026-03-10 04:06:31.000,26.4
2026-03-10 04:06:31.000,25.2
2026-03-10 04:06:55.000,25.2
2026-03-10 04:06:55.000,26.4
2026-03-10 04:07:47.000,26.4
2026-03-10 04:07:47.000,27.6
2026-03-10 04:07:49.000,27.6
2026-03-10 04:07:49.000,26.4
2026-03-10 04:09:07.000,26.4
2026-03-10 04:09:07.000,27.6
2026-03-10 04:09:11.000,27.6
2026-03-10 04:09:11.000,26.4
2026-03-10 04:09:13.000,26.4
2026-03-10 04:09:13.000,27.6
2026-03-10 04:09:15.000,27.6
2026-03-10 04:09:15.000,26.4
2026-03-10 04:09:17.000,26.4
2026-03-10 04:09:17.000,22.8
2026-03-10 04:09:19.000,22.8
2026-03-10 04:09:19.000,16.8
2026-03-10 04:09:21.000,16.8
2026-03-10 04:09:21.000,14.4
2026-03-10 04:09:23.000,14.4
2026-03-10 04:09:23.000,15.6
2026-03-10 04:09:31.000,15.6
2026-03-10 04:09:31.000,16.8
2026-03-10 04:09:33.000,16.8
2026-03-10 04:09:33.000,18
2026-03-10 04:09:41.000,18
2026-03-10 04:09:41.000,16.8
2026-03-10 04:09:45.000,16.8
2026-03-10 04:09:45.000,15.6
2026-03-10 04:10:41.000,15.6
2026-03-10 04:10:41.000,14.4
2026-03-10 04:10:49.000,14.4
2026-03-10 04:10:49.000,15.6
2026-03-10 04:11:23.000,15.6
2026-03-10 04:11:23.000,14.4
2026-03-10 04:11:25.000,14.4
2026-03-10 04:11:25.000,15.6
2026-03-10 04:11:27.000,15.6
2026-03-10 04:11:27.000,14.4
2026-03-10 04:11:35.000,14.4
2026-03-10 04:11:35.000,15.6
2026-03-10 04:11:37.000,15.6
2026-03-10 04:11:37.000,14.4
2026-03-10 04:11:41.000,14.4
2026-03-10 04:11:41.000,15.6
2026-03-10 04:12:05.000,15.6
2026-03-10 04:12:05.000,14.4
2026-03-10 04:12:07.000,14.4
2026-03-10 04:12:07.000,15.6
2026-03-10 04:12:33.000,15.6
2026-03-10 04:12:33.000,18
2026-03-10 04:12:39.000,18
2026-03-10 04:12:39.000,14.4
2026-03-10 04:12:41.000,14.4
2026-03-10 04:12:41.000,15.6
2026-03-10 04:12:43.000,15.6
2026-03-10 04:12:43.000,14.4
2026-03-10 04:12:55.000,14.4
2026-03-10 04:12:55.000,15.6
2026-03-10 04:15:55.000,15.6
2026-03-10 04:15:55.000,16.8
2026-03-10 04:15:57.000,16.8
2026-03-10 04:15:57.000,18
2026-03-10 04:15:59.000,18
2026-03-10 04:15:59.000,15.6
2026-03-10 04:16:01.000,15.6
2026-03-10 04:16:01.000,16.8
2026-03-10 04:16:03.000,16.8
2026-03-10 04:16:03.000,15.6
2026-03-10 04:16:07.000,15.6
2026-03-10 04:16:07.000,14.4
2026-03-10 04:16:09.000,14.4
2026-03-10 04:16:09.000,15.6
2026-03-10 04:16:11.000,15.6
2026-03-10 04:16:11.000,30
2026-03-10 04:16:13.000,30
2026-03-10 04:16:13.000,36
2026-03-10 04:16:15.000,36
2026-03-10 04:16:15.000,39.6
2026-03-10 04:16:17.000,39.6
2026-03-10 04:16:17.000,40.8
2026-03-10 04:16:25.000,40.8
2026-03-10 04:16:25.000,39.6
2026-03-10 04:16:31.000,39.6
2026-03-10 04:16:31.000,38.4
2026-03-10 04:16:33.000,38.4
2026-03-10 04:16:33.000,37.2
2026-03-10 04:16:35.000,37.2
2026-03-10 04:16:35.000,36
2026-03-10 04:16:41.000,36
2026-03-10 04:16:41.000,37.2
2026-03-10 04:16:51.000,37.2
2026-03-10 04:16:51.000,38.4
2026-03-10 04:17:01.000,38.4
2026-03-10 04:17:01.000,39.6
2026-03-10 04:17:15.000,39.6
2026-03-10 04:17:15.000,38.4
2026-03-10 04:17:27.000,38.4
2026-03-10 04:17:27.000,39.6
2026-03-10 04:17:43.000,39.6
2026-03-10 04:17:43.000,40.8
2026-03-10 04:17:49.000,40.8
2026-03-10 04:17:49.000,42
2026-03-10 04:17:59.000,42
2026-03-10 04:17:59.000,43.2
2026-03-10 04:18:03.000,43.2
2026-03-10 04:18:03.000,42
2026-03-10 04:18:07.000,42
2026-03-10 04:18:07.000,40.8
2026-03-10 04:18:39.000,40.8
2026-03-10 04:18:39.000,42
2026-03-10 04:18:51.000,42
2026-03-10 04:18:51.000,40.8
2026-03-10 04:18:55.000,40.8
2026-03-10 04:18:55.000,42
2026-03-10 04:19:23.000,42
2026-03-10 04:19:23.000,43.2
2026-03-10 04:19:33.000,43.2
2026-03-10 04:19:33.000,42
2026-03-10 04:19:45.000,42
2026-03-10 04:19:45.000,43.2
2026-03-10 04:19:47.000,43.2
2026-03-10 04:19:47.000,42
2026-03-10 04:20:03.000,42
2026-03-10 04:20:03.000,43.2
2026-03-10 04:20:09.000,43.2
2026-03-10 04:20:09.000,42
2026-03-10 04:20:11.000,42
2026-03-10 04:20:11.000,43.2
2026-03-10 04:20:23.000,43.2
2026-03-10 04:20:23.000,44.4
2026-03-10 04:20:47.000,44.4
2026-03-10 04:20:47.000,43.2
2026-03-10 04:20:51.000,43.2
2026-03-10 04:20:51.000,44.4
2026-03-10 04:21:07.000,44.4
2026-03-10 04:21:07.000,43.2
2026-03-10 04:21:33.000,43.2
2026-03-10 04:21:33.000,44.4
2026-03-10 04:21:39.000,44.4
2026-03-10 04:21:39.000,43.2
2026-03-10 04:21:53.000,43.2
2026-03-10 04:21:53.000,44.4
2026-03-10 04:22:05.000,44.4
2026-03-10 04:22:05.000,43.2
2026-03-10 04:22:09.000,43.2
2026-03-10 04:22:09.000,44.4
2026-03-10 04:22:33.000,44.4
2026-03-10 04:22:33.000,43.2
2026-03-10 04:22:35.000,43.2
2026-03-10 04:22:35.000,36
2026-03-10 04:22:37.000,36
2026-03-10 04:22:37.000,0
2026-03-10 04:22:39.000,0
2026-03-10 04:22:39.000,12
2026-03-10 04:22:43.000,12
2026-03-10 04:22:43.000,14.4
2026-03-10 04:22:45.000,14.4
2026-03-10 04:22:45.000,16.8
2026-03-10 04:22:49.000,16.8
2026-03-10 04:22:49.000,18
2026-03-10 04:22:51.000,18
2026-03-10 04:22:51.000,19.2
2026-03-10 04:23:01.000,19.2
2026-03-10 04:23:01.000,21.6
2026-03-10 04:23:03.000,21.6
2026-03-10 04:23:03.000,25.2
2026-03-10 04:23:05.000,25.2
2026-03-10 04:23:05.000,21.6
2026-03-10 04:23:07.000,21.6
2026-03-10 04:23:07.000,22.8
2026-03-10 04:23:13.000,22.8
2026-03-10 04:23:13.000,24
2026-03-10 04:23:15.000,24
2026-03-10 04:23:15.000,27.6
2026-03-10 04:23:17.000,27.6
2026-03-10 04:23:17.000,30
2026-03-10 04:23:19.000,30
2026-03-10 04:23:19.000,33.6
2026-03-10 04:23:23.000,33.6
2026-03-10 04:23:23.000,37.2
2026-03-10 04:23:25.000,37.2
2026-03-10 04:23:25.000,36
2026-03-10 04:23:27.000,36
2026-03-10 04:23:27.000,37.2
2026-03-10 04:23:33.000,37.2
2026-03-10 04:23:33.000,38.4
2026-03-10 04:23:41.000,38.4
2026-03-10 04:23:41.000,37.2
2026-03-10 04:23:43.000,37.2
2026-03-10 04:23:43.000,38.4
2026-03-10 04:23:45.000,38.4
2026-03-10 04:23:45.000,37.2
2026-03-10 04:24:11.000,37.2
2026-03-10 04:24:11.000,33.6
2026-03-10 04:24:13.000,33.6
2026-03-10 04:24:13.000,28.8
2026-03-10 04:24:15.000,28.8
2026-03-10 04:24:15.000,25.2
2026-03-10 04:24:17.000,25.2
2026-03-10 04:24:17.000,27.6
2026-03-10 04:24:19.000,27.6
2026-03-10 04:24:19.000,21.6
2026-03-10 04:24:21.000,21.6
2026-03-10 04:24:21.000,22.8
2026-03-10 04:24:25.000,22.8
2026-03-10 04:24:25.000,21.6
2026-03-10 04:24:27.000,21.6
2026-03-10 04:24:27.000,19.2
2026-03-10 04:24:29.000,19.2
2026-03-10 04:24:29.000,20.4
2026-03-10 04:24:31.000,20.4
2026-03-10 04:24:31.000,19.2
2026-03-10 04:24:39.000,19.2
2026-03-10 04:24:39.000,21.6
2026-03-10 04:24:41.000,21.6
2026-03-10 04:24:41.000,24
2026-03-10 04:24:43.000,24
2026-03-10 04:24:43.000,26.4
2026-03-10 04:24:45.000,26.4
2026-03-10 04:24:45.000,27.6
2026-03-10 04:24:47.000,27.6
2026-03-10 04:24:47.000,31.2
2026-03-10 04:24:49.000,31.2
2026-03-10 04:24:49.000,30
2026-03-10 04:25:01.000,30
2026-03-10 04:25:01.000,28.8
2026-03-10 04:25:05.000,28.8
2026-03-10 04:25:05.000,30
2026-03-10 04:25:29.000,30
2026-03-10 04:25:29.000,28.8
2026-03-10 04:25:41.000,28.8
2026-03-10 04:25:41.000,30
2026-03-10 04:25:55.000,30
2026-03-10 04:25:55.000,28.8
2026-03-10 04:26:07.000,28.8
2026-03-10 04:26:07.000,27.6
2026-03-10 04:26:09.000,27.6
2026-03-10 04:26:09.000,26.4
2026-03-10 04:26:11.000,26.4
2026-03-10 04:26:11.000,25.2
2026-03-10 04:26:13.000,25.2
2026-03-10 04:26:13.000,24
2026-03-10 04:26:15.000,24
2026-03-10 04:26:15.000,22.8
2026-03-10 04:26:33.000,22.8
2026-03-10 04:26:33.000,21.6
2026-03-10 04:26:37.000,21.6
2026-03-10 04:26:37.000,22.8
2026-03-10 04:26:47.000,22.8
2026-03-10 04:26:47.000,24
2026-03-10 04:26:59.000,24
2026-03-10 04:26:59.000,22.8
2026-03-10 04:27:01.000,22.8
2026-03-10 04:27:01.000,24
2026-03-10 04:27:03.000,24
2026-03-10 04:27:03.000,25.2
2026-03-10 04:27:07.000,25.2
2026-03-10 04:27:07.000,26.4
2026-03-10 04:27:09.000,26.4
2026-03-10 04:27:09.000,27.6
2026-03-10 04:27:15.000,27.6
2026-03-10 04:27:15.000,28.8
2026-03-10 04:27:23.000,28.8
2026-03-10 04:27:23.000,30
2026-03-10 04:27:37.000,30
2026-03-10 04:27:37.000,31.2
2026-03-10 04:27:39.000,31.2
2026-03-10 04:27:39.000,30
2026-03-10 04:27:57.000,30
2026-03-10 04:27:57.000,31.2
2026-03-10 04:28:25.000,31.2
2026-03-10 04:28:25.000,32.4
2026-03-10 04:28:27.000,32.4
2026-03-10 04:28:27.000,34.8
2026-03-10 04:28:31.000,34.8
2026-03-10 04:28:31.000,36
2026-03-10 04:28:33.000,36
2026-03-10 04:28:33.000,40.8
2026-03-10 04:28:35.000,40.8
2026-03-10 04:28:35.000,46.8
2026-03-10 04:28:37.000,46.8
2026-03-10 04:28:37.000,55.2
2026-03-10 04:28:41.000,55.2
2026-03-10 04:28:41.000,54
2026-03-10 04:28:43.000,54
2026-03-10 04:28:43.000,51.6
2026-03-10 04:28:45.000,51.6
2026-03-10 04:28:45.000,52.8
2026-03-10 04:28:49.000,52.8
2026-03-10 04:28:49.000,54
2026-03-10 04:28:51.000,54
2026-03-10 04:28:51.000,55.2
2026-03-10 04:28:53.000,55.2
2026-03-10 04:28:53.000,58.8
2026-03-10 04:28:55.000,58.8
2026-03-10 04:28:55.000,61.2
2026-03-10 04:28:57.000,61.2
2026-03-10 04:28:57.000,63.6
2026-03-10 04:28:59.000,63.6
2026-03-10 04:28:59.000,66
2026-03-10 04:29:01.000,66
2026-03-10 04:29:01.000,67.2
2026-03-10 04:29:03.000,67.2
2026-03-10 04:29:03.000,69.6
2026-03-10 04:29:07.000,69.6
2026-03-10 04:29:07.000,70.8
2026-03-10 04:29:33.000,70.8
2026-03-10 04:29:33.000,69.6
2026-03-10 04:29:35.000,69.6
2026-03-10 04:29:35.000,64.8
2026-03-10 04:29:37.000,64.8
2026-03-10 04:29:37.000,52.8
2026-03-10 04:29:39.000,52.8
2026-03-10 04:29:39.000,54
2026-03-10 04:29:41.000,54
2026-03-10 04:29:41.000,44.4
2026-03-10 04:29:43.000,44.4
2026-03-10 04:29:43.000,48
2026-03-10 04:29:45.000,48
2026-03-10 04:29:45.000,44.4
2026-03-10 04:29:49.000,44.4
2026-03-10 04:29:49.000,43.2
2026-03-10 04:29:53.000,43.2
2026-03-10 04:29:53.000,44.4
2026-03-10 04:29:55.000,44.4
2026-03-10 04:29:55.000,43.2
2026-03-10 04:30:01.000,43.2
2026-03-10 04:30:01.000,44.4
2026-03-10 04:30:03.000,44.4
2026-03-10 04:30:03.000,45.6
2026-03-10 04:30:05.000,45.6
2026-03-10 04:30:05.000,48
2026-03-10 04:30:07.000,48
2026-03-10 04:30:07.000,49.2
2026-03-10 04:30:09.000,49.2
2026-03-10 04:30:09.000,52.8
2026-03-10 04:30:11.000,52.8
2026-03-10 04:30:11.000,54
2026-03-10 04:30:15.000,54
2026-03-10 04:30:15.000,55.2
2026-03-10 04:30:17.000,55.2
2026-03-10 04:30:17.000,56.4
2026-03-10 04:30:19.000,56.4
2026-03-10 04:30:19.000,58.8
2026-03-10 04:30:21.000,58.8
2026-03-10 04:30:21.000,57.6
2026-03-10 04:30:23.000,57.6
2026-03-10 04:30:23.000,51.6
2026-03-10 04:30:25.000,51.6
2026-03-10 04:30:25.000,33.6
2026-03-10 04:30:27.000,33.6
2026-03-10 04:30:27.000,64.8
2026-03-10 04:30:29.000,64.8
2026-03-10 04:30:29.000,31.2
2026-03-10 04:30:31.000,31.2
2026-03-10 04:30:31.000,15.6
2026-03-10 04:30:33.000,15.6
2026-03-10 04:30:33.000,19.2
2026-03-10 04:30:35.000,19.2
2026-03-10 04:30:35.000,12
2026-03-10 04:30:37.000,12
2026-03-10 04:30:37.000,10.8
2026-03-10 04:30:39.000,10.8
2026-03-10 04:30:39.000,13.2
2026-03-10 04:30:41.000,13.2
2026-03-10 04:30:41.000,14.4
2026-03-10 04:30:43.000,14.4
2026-03-10 04:30:43.000,16.8
2026-03-10 04:30:47.000,16.8
2026-03-10 04:30:47.000,18
2026-03-10 04:30:55.000,18
2026-03-10 04:30:55.000,19.2
2026-03-10 04:31:11.000,19.2
2026-03-10 04:31:11.000,20.4
2026-03-10 04:31:13.000,20.4
2026-03-10 04:31:13.000,24
2026-03-10 04:31:15.000,24
2026-03-10 04:31:15.000,26.4
2026-03-10 04:31:17.000,26.4
2026-03-10 04:31:17.000,30
2026-03-10 04:31:19.000,30
2026-03-10 04:31:19.000,31.2
2026-03-10 04:31:21.000,31.2
2026-03-10 04:31:21.000,33.6
2026-03-10 04:31:23.000,33.6
2026-03-10 04:31:23.000,34.8
2026-03-10 04:31:25.000,34.8
2026-03-10 04:31:25.000,37.2
2026-03-10 04:31:27.000,37.2
2026-03-10 04:31:27.000,38.4
2026-03-10 04:31:31.000,38.4
2026-03-10 04:31:31.000,39.6
2026-03-10 04:31:37.000,39.6
2026-03-10 04:31:37.000,40.8
2026-03-10 04:31:43.000,40.8
2026-03-10 04:31:43.000,39.6
2026-03-10 04:31:45.000,39.6
2026-03-10 04:31:45.000,40.8
2026-03-10 04:32:09.000,40.8
2026-03-10 04:32:09.000,39.6
2026-03-10 04:32:17.000,39.6
2026-03-10 04:32:17.000,40.8
2026-03-10 04:32:29.000,40.8
2026-03-10 04:32:29.000,42
2026-03-10 04:32:33.000,42
2026-03-10 04:32:33.000,40.8
2026-03-10 04:32:43.000,40.8
2026-03-10 04:32:43.000,39.6
2026-03-10 04:33:21.000,39.6
2026-03-10 04:33:21.000,38.4
2026-03-10 04:33:39.000,38.4
2026-03-10 04:33:39.000,39.6
2026-03-10 04:33:49.000,39.6
2026-03-10 04:33:49.000,38.4
2026-03-10 04:33:51.000,38.4
2026-03-10 04:33:51.000,39.6
2026-03-10 04:33:59.000,39.6
2026-03-10 04:33:59.000,38.4
2026-03-10 04:34:01.000,38.4
2026-03-10 04:34:01.000,39.6
2026-03-10 04:34:15.000,39.6
2026-03-10 04:34:15.000,38.4
2026-03-10 04:34:29.000,38.4
2026-03-10 04:34:29.000,39.6
2026-03-10 04:34:41.000,39.6
2026-03-10 04:34:41.000,38.4
2026-03-10 04:34:43.000,38.4
2026-03-10 04:34:43.000,39.6
2026-03-10 04:34:47.000,39.6
2026-03-10 04:34:47.000,38.4
2026-03-10 04:34:53.000,38.4
2026-03-10 04:34:53.000,39.6
2026-03-10 04:35:05.000,39.6
2026-03-10 04:35:05.000,40.8
2026-03-10 04:35:37.000,40.8
2026-03-10 04:35:37.000,42
2026-03-10 04:35:41.000,42
2026-03-10 04:35:41.000,43.2
2026-03-10 04:35:49.000,43.2
2026-03-10 04:35:49.000,42
2026-03-10 04:36:03.000,42
2026-03-10 04:36:03.000,43.2
2026-03-10 04:36:05.000,43.2
2026-03-10 04:36:05.000,42
2026-03-10 04:36:23.000,42
2026-03-10 04:36:23.000,40.8
2026-03-10 04:36:25.000,40.8
2026-03-10 04:36:25.000,39.6
2026-03-10 04:36:27.000,39.6
2026-03-10 04:36:27.000,34.8
2026-03-10 04:36:31.000,34.8
2026-03-10 04:36:31.000,30
2026-03-10 04:36:33.000,30
2026-03-10 04:36:33.000,33.6
2026-03-10 04:36:35.000,33.6
2026-03-10 04:36:35.000,31.2
2026-03-10 04:36:37.000,31.2
2026-03-10 04:36:37.000,26.4
2026-03-10 04:36:41.000,26.4
2026-03-10 04:36:41.000,14.4
2026-03-10 04:36:43.000,14.4
2026-03-10 04:36:43.000,15.6
2026-03-10 04:36:45.000,15.6
2026-03-10 04:36:45.000,16.8
2026-03-10 04:36:47.000,16.8
2026-03-10 04:36:47.000,20.4
2026-03-10 04:36:49.000,20.4
2026-03-10 04:36:49.000,21.6
2026-03-10 04:36:53.000,21.6
2026-03-10 04:36:53.000,20.4
2026-03-10 04:36:57.000,20.4
2026-03-10 04:36:57.000,19.2
2026-03-10 04:37:03.000,19.2
2026-03-10 04:37:03.000,20.4
2026-03-10 04:37:07.000,20.4
2026-03-10 04:37:07.000,21.6
2026-03-10 04:37:15.000,21.6
2026-03-10 04:37:15.000,22.8
2026-03-10 04:37:21.000,22.8
2026-03-10 04:37:21.000,24
2026-03-10 04:37:35.000,24
2026-03-10 04:37:35.000,25.2
2026-03-10 04:37:37.000,25.2
2026-03-10 04:37:37.000,24
2026-03-10 04:37:51.000,24
2026-03-10 04:37:51.000,22.8
2026-03-10 04:37:53.000,22.8
2026-03-10 04:37:53.000,24
2026-03-10 04:38:15.000,24
2026-03-10 04:38:15.000,25.2
2026-03-10 04:38:17.000,25.2
2026-03-10 04:38:17.000,26.4
2026-03-10 04:38:19.000,26.4
2026-03-10 04:38:19.000,25.2
2026-03-10 04:38:31.000,25.2
2026-03-10 04:38:31.000,26.4
2026-03-10 04:38:35.000,26.4
2026-03-10 04:38:35.000,25.2
2026-03-10 04:38:39.000,25.2
2026-03-10 04:38:39.000,24
2026-03-10 04:38:57.000,24
2026-03-10 04:38:57.000,25.2
2026-03-10 04:39:15.000,25.2
2026-03-10 04:39:15.000,24
2026-03-10 04:39:19.000,24
2026-03-10 04:39:19.000,25.2
2026-03-10 04:39:23.000,25.2
2026-03-10 04:39:23.000,24
2026-03-10 04:39:29.000,24
2026-03-10 04:39:29.000,25.2
2026-03-10 04:40:03.000,25.2
2026-03-10 04:40:03.000,24
2026-03-10 04:40:17.000,24
2026-03-10 04:40:17.000,25.2
2026-03-10 04:40:19.000,25.2
2026-03-10 04:40:19.000,28.8
2026-03-10 04:40:21.000,28.8
2026-03-10 04:40:21.000,7.2
2026-03-10 04:40:23.000,7.2
2026-03-10 04:40:23.000,26.4
2026-03-10 04:40:25.000,26.4
2026-03-10 04:40:25.000,34.8
2026-03-10 04:40:27.000,34.8
2026-03-10 04:40:27.000,33.6
2026-03-10 04:40:29.000,33.6
2026-03-10 04:40:29.000,42
2026-03-10 04:40:31.000,42
2026-03-10 04:40:31.000,38.4
2026-03-10 04:40:33.000,38.4
2026-03-10 04:40:33.000,40.8
2026-03-10 04:40:35.000,40.8
2026-03-10 04:40:35.000,36
2026-03-10 04:40:37.000,36
2026-03-10 04:40:37.000,31.2
2026-03-10 04:40:39.000,31.2
2026-03-10 04:40:39.000,24
2026-03-10 04:40:41.000,24
2026-03-10 04:40:41.000,19.2
2026-03-10 04:40:43.000,19.2
2026-03-10 04:40:43.000,18
2026-03-10 04:40:45.000,18
2026-03-10 04:40:45.000,15.6
2026-03-10 04:40:47.000,15.6
2026-03-10 04:40:47.000,14.4
2026-03-10 04:40:51.000,14.4
2026-03-10 04:40:51.000,13.2
2026-03-10 04:40:55.000,13.2
2026-03-10 04:40:55.000,10.8
2026-03-10 04:40:57.000,10.8
2026-03-10 04:40:57.000,13.2
2026-03-10 04:41:05.000,13.2
2026-03-10 04:41:05.000,14.4
2026-03-10 04:41:09.000,14.4
2026-03-10 04:41:09.000,15.6
2026-03-10 04:41:15.000,15.6
2026-03-10 04:41:15.000,16.8
2026-03-10 04:41:19.000,16.8
2026-03-10 04:41:19.000,18
2026-03-10 04:41:23.000,18
2026-03-10 04:41:23.000,16.8
2026-03-10 04:41:47.000,16.8
2026-03-10 04:41:47.000,18
2026-03-10 04:42:11.000,18
2026-03-10 04:42:11.000,16.8
2026-03-10 04:42:15.000,16.8
2026-03-10 04:42:15.000,18
2026-03-10 04:42:17.000,18
2026-03-10 04:42:17.000,16.8
2026-03-10 04:42:35.000,16.8
2026-03-10 04:42:35.000,18
2026-03-10 04:42:55.000,18
2026-03-10 04:42:55.000,16.8
2026-03-10 04:43:17.000,16.8
2026-03-10 04:43:17.000,18
2026-03-10 04:43:25.000,18
2026-03-10 04:43:25.000,16.8
2026-03-10 04:43:41.000,16.8
2026-03-10 04:43:41.000,18
2026-03-10 04:43:43.000,18
2026-03-10 04:43:43.000,19.2
2026-03-10 04:43:45.000,19.2
2026-03-10 04:43:45.000,20.4
2026-03-10 04:43:47.000,20.4
2026-03-10 04:43:47.000,24
2026-03-10 04:43:49.000,24
2026-03-10 04:43:49.000,25.2
2026-03-10 04:43:51.000,25.2
2026-03-10 04:43:51.000,27.6
2026-03-10 04:43:53.000,27.6
2026-03-10 04:43:53.000,28.8
2026-03-10 04:43:55.000,28.8
2026-03-10 04:43:55.000,30
2026-03-10 04:43:57.000,30
2026-03-10 04:43:57.000,31.2
2026-03-10 04:44:01.000,31.2
2026-03-10 04:44:01.000,32.4
2026-03-10 04:44:09.000,32.4
2026-03-10 04:44:09.000,33.6
2026-03-10 04:45:49.000,33.6
2026-03-10 04:45:49.000,34.8
2026-03-10 04:45:51.000,34.8
2026-03-10 04:45:51.000,33.6
2026-03-10 04:45:57.000,33.6
2026-03-10 04:45:57.000,32.4
2026-03-10 04:46:01.000,32.4
2026-03-10 04:46:01.000,33.6
2026-03-10 04:46:43.000,33.6
2026-03-10 04:46:43.000,34.8
2026-03-10 04:46:45.000,34.8
2026-03-10 04:46:45.000,33.6
2026-03-10 04:46:53.000,33.6
2026-03-10 04:46:53.000,34.8
2026-03-10 04:46:55.000,34.8
2026-03-10 04:46:55.000,33.6
2026-03-10 04:47:35.000,33.6
2026-03-10 04:47:35.000,34.8
2026-03-10 04:47:53.000,34.8
2026-03-10 04:47:53.000,33.6
2026-03-10 04:48:35.000,33.6
2026-03-10 04:48:35.000,34.8
2026-03-10 04:48:39.000,34.8
2026-03-10 04:48:39.000,33.6
2026-03-10 04:48:45.000,33.6
2026-03-10 04:48:45.000,34.8
2026-03-10 04:48:47.000,34.8
2026-03-10 04:48:47.000,33.6
2026-03-10 04:49:07.000,33.6
2026-03-10 04:49:07.000,34.8
2026-03-10 04:49:09.000,34.8
2026-03-10 04:49:09.000,33.6
2026-03-10 04:49:15.000,33.6
2026-03-10 04:49:15.000,34.8
2026-03-10 04:49:17.000,34.8
2026-03-10 04:49:17.000,33.6
2026-03-10 04:49:19.000,33.6
2026-03-10 04:49:19.000,34.8
2026-03-10 04:49:23.000,34.8
2026-03-10 04:49:23.000,33.6
2026-03-10 04:49:31.000,33.6
2026-03-10 04:49:31.000,34.8
2026-03-10 04:49:35.000,34.8
2026-03-10 04:49:35.000,33.6
2026-03-10 04:49:43.000,33.6
2026-03-10 04:49:43.000,34.8
2026-03-10 04:49:53.000,34.8
2026-03-10 04:49:53.000,33.6
2026-03-10 04:49:57.000,33.6
2026-03-10 04:49:57.000,34.8
2026-03-10 04:50:01.000,34.8
2026-03-10 04:50:01.000,33.6
2026-03-10 04:50:07.000,33.6
2026-03-10 04:50:07.000,34.8
2026-03-10 04:50:43.000,34.8
2026-03-10 04:50:43.000,36
2026-03-10 04:50:45.000,36
2026-03-10 04:50:45.000,34.8
2026-03-10 04:51:55.000,34.8
2026-03-10 04:51:55.000,36
2026-03-10 04:51:57.000,36
2026-03-10 04:51:57.000,34.8
2026-03-10 04:51:59.000,34.8
2026-03-10 04:51:59.000,36
2026-03-10 04:52:17.000,36
2026-03-10 04:52:17.000,34.8
2026-03-10 04:52:45.000,34.8
2026-03-10 04:52:45.000,36
2026-03-10 04:52:49.000,36
2026-03-10 04:52:49.000,34.8
2026-03-10 04:52:51.000,34.8
2026-03-10 04:52:51.000,36
2026-03-10 04:53:21.000,36
2026-03-10 04:53:21.000,34.8
2026-03-10 04:53:27.000,34.8
2026-03-10 04:53:27.000,36
2026-03-10 04:53:35.000,36
2026-03-10 04:53:35.000,37.2
2026-03-10 04:53:37.000,37.2
2026-03-10 04:53:37.000,36
2026-03-10 04:53:41.000,36
2026-03-10 04:53:41.000,34.8
2026-03-10 04:54:01.000,34.8
2026-03-10 04:54:01.000,36
2026-03-10 04:54:11.000,36
2026-03-10 04:54:11.000,37.2
2026-03-10 04:54:19.000,37.2
2026-03-10 04:54:19.000,36
2026-03-10 04:54:31.000,36
2026-03-10 04:54:31.000,34.8
2026-03-10 04:54:41.000,34.8
2026-03-10 04:54:41.000,36
2026-03-10 04:54:57.000,36
2026-03-10 04:54:57.000,34.8
2026-03-10 04:54:59.000,34.8
2026-03-10 04:54:59.000,37.2
2026-03-10 04:55:13.000,37.2
2026-03-10 04:55:13.000,36
2026-03-10 04:55:17.000,36
2026-03-10 04:55:17.000,37.2
2026-03-10 04:55:21.000,37.2
2026-03-10 04:55:21.000,36
2026-03-10 04:55:23.000,36
2026-03-10 04:55:23.000,37.2
2026-03-10 04:55:29.000,37.2
2026-03-10 04:55:29.000,36
2026-03-10 04:56:31.000,36
2026-03-10 04:56:31.000,38.4
2026-03-10 04:56:33.000,38.4
2026-03-10 04:56:33.000,33.6
2026-03-10 04:56:35.000,33.6
2026-03-10 04:56:35.000,25.2
2026-03-10 04:56:37.000,25.2
2026-03-10 04:56:37.000,20.4
2026-03-10 04:56:39.000,20.4
2026-03-10 04:56:39.000,30
2026-03-10 04:56:41.000,30
2026-03-10 04:56:41.000,16.8
2026-03-10 04:56:43.000,16.8
2026-03-10 04:56:43.000,22.8
2026-03-10 04:56:45.000,22.8
2026-03-10 04:56:45.000,21.6
2026-03-10 04:56:47.000,21.6
2026-03-10 04:56:47.000,22.8
2026-03-10 04:56:51.000,22.8
2026-03-10 04:56:51.000,24
2026-03-10 04:56:53.000,24
2026-03-10 04:56:53.000,26.4
2026-03-10 04:56:55.000,26.4
2026-03-10 04:56:55.000,28.8
2026-03-10 04:56:57.000,28.8
2026-03-10 04:56:57.000,36
2026-03-10 04:56:59.000,36
2026-03-10 04:56:59.000,30
2026-03-10 04:57:01.000,30
2026-03-10 04:57:01.000,32.4
2026-03-10 04:57:03.000,32.4
2026-03-10 04:57:03.000,33.6
2026-03-10 04:57:05.000,33.6
2026-03-10 04:57:05.000,36
2026-03-10 04:57:07.000,36
2026-03-10 04:57:07.000,39.6
2026-03-10 04:57:09.000,39.6
2026-03-10 04:57:09.000,44.4
2026-03-10 04:57:11.000,44.4
2026-03-10 04:57:11.000,45.6
2026-03-10 04:57:13.000,45.6
2026-03-10 04:57:13.000,48
2026-03-10 04:57:15.000,48
2026-03-10 04:57:15.000,49.2
2026-03-10 04:57:17.000,49.2
2026-03-10 04:57:17.000,50.4
2026-03-10 04:57:19.000,50.4
2026-03-10 04:57:19.000,51.6
2026-03-10 04:57:23.000,51.6
2026-03-10 04:57:23.000,52.8
2026-03-10 04:57:25.000,52.8
2026-03-10 04:57:25.000,51.6
2026-03-10 04:57:27.000,51.6
2026-03-10 04:57:27.000,50.4
2026-03-10 04:57:29.000,50.4
2026-03-10 04:57:29.000,48
2026-03-10 04:57:31.000,48
2026-03-10 04:57:31.000,38.4
2026-03-10 04:57:33.000,38.4
2026-03-10 04:57:33.000,33.6
2026-03-10 04:57:35.000,33.6
2026-03-10 04:57:35.000,27.6
2026-03-10 04:57:37.000,27.6
2026-03-10 04:57:37.000,26.4
2026-03-10 04:57:39.000,26.4
2026-03-10 04:57:39.000,25.2
2026-03-10 04:57:41.000,25.2
2026-03-10 04:57:41.000,26.4
2026-03-10 04:57:51.000,26.4
2026-03-10 04:57:51.000,25.2
2026-03-10 04:57:53.000,25.2
2026-03-10 04:57:53.000,22.8
2026-03-10 04:57:55.000,22.8
2026-03-10 04:57:55.000,24
2026-03-10 04:57:59.000,24
2026-03-10 04:57:59.000,22.8
2026-03-10 04:58:05.000,22.8
2026-03-10 04:58:05.000,21.6
2026-03-10 04:58:11.000,21.6
2026-03-10 04:58:11.000,20.4
2026-03-10 04:58:15.000,20.4
2026-03-10 04:58:15.000,21.6
2026-03-10 04:58:25.000,21.6
2026-03-10 04:58:25.000,20.4
2026-03-10 04:58:29.000,20.4
2026-03-10 04:58:29.000,19.2
2026-03-10 04:58:39.000,19.2
2026-03-10 04:58:39.000,18
2026-03-10 04:58:49.000,18
2026-03-10 04:58:49.000,19.2
2026-03-10 04:59:01.000,19.2
2026-03-10 04:59:01.000,20.4
2026-03-10 04:59:05.000,20.4
2026-03-10 04:59:05.000,21.6
2026-03-10 04:59:07.000,21.6
2026-03-10 04:59:07.000,16.8
2026-03-10 04:59:09.000,16.8
2026-03-10 04:59:09.000,19.2
2026-03-10 04:59:11.000,19.2
2026-03-10 04:59:11.000,14.4
2026-03-10 04:59:13.000,14.4
2026-03-10 04:59:13.000,16.8
2026-03-10 04:59:17.000,16.8
2026-03-10 04:59:17.000,18
2026-03-10 04:59:21.000,18
2026-03-10 04:59:21.000,19.2
2026-03-10 04:59:23.000,19.2
2026-03-10 04:59:23.000,20.4
2026-03-10 04:59:35.000,20.4
2026-03-10 04:59:35.000,22.8
2026-03-10 04:59:39.000,22.8
2026-03-10 04:59:39.000,21.6
2026-03-10 05:00:03.000,21.6
2026-03-10 05:00:03.000,20.4
2026-03-10 05:00:11.000,20.4
2026-03-10 05:00:11.000,21.6
2026-03-10 05:00:15.000,21.6
2026-03-10 05:00:15.000,20.4
2026-03-10 05:00:31.000,20.4
2026-03-10 05:00:31.000,21.6
2026-03-10 05:00:45.000,21.6
2026-03-10 05:00:45.000,20.4
2026-03-10 05:01:05.000,20.4
2026-03-10 05:01:05.000,21.6
2026-03-10 05:01:21.000,21.6
2026-03-10 05:01:21.000,20.4
2026-03-10 05:01:47.000,20.4
2026-03-10 05:01:47.000,21.6
2026-03-10 05:01:49.000,21.6
2026-03-10 05:01:49.000,20.4
2026-03-10 05:01:51.000,20.4
2026-03-10 05:01:51.000,21.6
2026-03-10 05:01:59.000,21.6
2026-03-10 05:01:59.000,20.4
2026-03-10 05:02:21.000,20.4
2026-03-10 05:02:21.000,21.6
2026-03-10 05:02:23.000,21.6
2026-03-10 05:02:23.000,25.2
2026-03-10 05:02:25.000,25.2
2026-03-10 05:02:25.000,24
2026-03-10 05:02:27.000,24
2026-03-10 05:02:27.000,22.8
2026-03-10 05:02:43.000,22.8
2026-03-10 05:02:43.000,24
2026-03-10 05:02:51.000,24
2026-03-10 05:02:51.000,25.2
2026-03-10 05:02:57.000,25.2
2026-03-10 05:02:57.000,26.4
2026-03-10 05:03:05.000,26.4
2026-03-10 05:03:05.000,25.2
2026-03-10 05:03:11.000,25.2
2026-03-10 05:03:11.000,24
2026-03-10 05:03:25.000,24
2026-03-10 05:03:25.000,25.2
2026-03-10 05:03:35.000,25.2
2026-03-10 05:03:35.000,26.4
2026-03-10 05:03:37.000,26.4
2026-03-10 05:03:37.000,27.6
2026-03-10 05:03:39.000,27.6
2026-03-10 05:03:39.000,26.4
2026-03-10 05:03:47.000,26.4
2026-03-10 05:03:47.000,25.2
2026-03-10 05:03:51.000,25.2
2026-03-10 05:03:51.000,24
2026-03-10 05:04:11.000,24
2026-03-10 05:04:11.000,25.2
2026-03-10 05:04:27.000,25.2
2026-03-10 05:04:27.000,26.4
2026-03-10 05:04:29.000,26.4
2026-03-10 05:04:29.000,25.2
2026-03-10 05:04:31.000,25.2
2026-03-10 05:04:31.000,26.4
2026-03-10 05:04:35.000,26.4
2026-03-10 05:04:35.000,28.8
2026-03-10 05:04:39.000,28.8
2026-03-10 05:04:39.000,26.4
2026-03-10 05:04:41.000,26.4
2026-03-10 05:04:41.000,30
2026-03-10 05:04:43.000,30
2026-03-10 05:04:43.000,28.8
2026-03-10 05:04:47.000,28.8
2026-03-10 05:04:47.000,31.2
2026-03-10 05:04:51.000,31.2
2026-03-10 05:04:51.000,34.8
2026-03-10 05:04:53.000,34.8
2026-03-10 05:04:53.000,37.2
2026-03-10 05:04:55.000,37.2
2026-03-10 05:04:55.000,40.8
2026-03-10 05:04:57.000,40.8
2026-03-10 05:04:57.000,45.6
2026-03-10 05:04:59.000,45.6
2026-03-10 05:04:59.000,46.8
2026-03-10 05:05:01.000,46.8
2026-03-10 05:05:01.000,50.4
2026-03-10 05:05:03.000,50.4
2026-03-10 05:05:03.000,49.2
2026-03-10 05:05:05.000,49.2
2026-03-10 05:05:05.000,54
2026-03-10 05:05:07.000,54
2026-03-10 05:05:07.000,50.4
2026-03-10 05:05:09.000,50.4
2026-03-10 05:05:09.000,51.6
2026-03-10 05:05:11.000,51.6
2026-03-10 05:05:11.000,46.8
2026-03-10 05:05:13.000,46.8
2026-03-10 05:05:13.000,49.2
2026-03-10 05:05:15.000,49.2
2026-03-10 05:05:15.000,48
2026-03-10 05:05:17.000,48
2026-03-10 05:05:17.000,49.2
2026-03-10 05:05:23.000,49.2
2026-03-10 05:05:23.000,50.4
2026-03-10 05:05:31.000,50.4
2026-03-10 05:05:31.000,51.6
2026-03-10 05:05:39.000,51.6
2026-03-10 05:05:39.000,52.8
2026-03-10 05:05:59.000,52.8
2026-03-10 05:05:59.000,54
2026-03-10 05:06:15.000,54
2026-03-10 05:06:15.000,55.2
2026-03-10 05:06:55.000,55.2
2026-03-10 05:06:55.000,56.4
2026-03-10 05:06:57.000,56.4
2026-03-10 05:06:57.000,55.2
2026-03-10 05:08:01.000,55.2
2026-03-10 05:08:01.000,56.4
2026-03-10 05:13:21.000,56.4
2026-03-10 05:13:21.000,54
2026-03-10 05:13:23.000,54
2026-03-10 05:13:23.000,16.8
2026-03-10 05:13:25.000,16.8
2026-03-10 05:13:25.000,21.6
2026-03-10 05:13:27.000,21.6
2026-03-10 05:13:27.000,46.8
2026-03-10 05:13:29.000,46.8
2026-03-10 05:13:29.000,26.4
2026-03-10 05:13:33.000,26.4
2026-03-10 05:13:33.000,28.8
2026-03-10 05:13:37.000,28.8
2026-03-10 05:13:37.000,30
2026-03-10 05:13:43.000,30
2026-03-10 05:13:43.000,31.2
2026-03-10 05:13:49.000,31.2
2026-03-10 05:13:49.000,32.4
2026-03-10 05:13:53.000,32.4
2026-03-10 05:13:53.000,31.2
2026-03-10 05:14:05.000,31.2
2026-03-10 05:14:05.000,30
2026-03-10 05:14:23.000,30
2026-03-10 05:14:23.000,31.2
2026-03-10 05:14:31.000,31.2
2026-03-10 05:14:31.000,32.4
2026-03-10 05:14:35.000,32.4
2026-03-10 05:14:35.000,31.2
2026-03-10 05:14:37.000,31.2
2026-03-10 05:14:37.000,28.8
2026-03-10 05:14:39.000,28.8
2026-03-10 05:14:39.000,27.6
2026-03-10 05:14:43.000,27.6
2026-03-10 05:14:43.000,26.4
2026-03-10 05:14:59.000,26.4
2026-03-10 05:14:59.000,24
2026-03-10 05:15:01.000,24
2026-03-10 05:15:01.000,25.2
2026-03-10 05:15:05.000,25.2
2026-03-10 05:15:05.000,26.4
2026-03-10 05:15:09.000,26.4
2026-03-10 05:15:09.000,27.6
2026-03-10 05:15:15.000,27.6
2026-03-10 05:15:15.000,28.8
2026-03-10 05:15:19.000,28.8
2026-03-10 05:15:19.000,30
2026-03-10 05:15:31.000,30
2026-03-10 05:15:31.000,28.8
2026-03-10 05:15:41.000,28.8
2026-03-10 05:15:41.000,30
2026-03-10 05:15:45.000,30
2026-03-10 05:15:45.000,31.2
2026-03-10 05:15:47.000,31.2
2026-03-10 05:15:47.000,32.4
2026-03-10 05:15:49.000,32.4
2026-03-10 05:15:49.000,33.6
2026-03-10 05:15:53.000,33.6
2026-03-10 05:15:53.000,34.8
2026-03-10 05:15:57.000,34.8
2026-03-10 05:15:57.000,36
2026-03-10 05:16:01.000,36
2026-03-10 05:16:01.000,37.2
2026-03-10 05:16:05.000,37.2
2026-03-10 05:16:05.000,38.4
2026-03-10 05:16:11.000,38.4
2026-03-10 05:16:11.000,39.6
2026-03-10 05:16:15.000,39.6
2026-03-10 05:16:15.000,40.8
2026-03-10 05:16:19.000,40.8
2026-03-10 05:16:19.000,42
2026-03-10 05:16:23.000,42
2026-03-10 05:16:23.000,43.2
2026-03-10 05:16:29.000,43.2
2026-03-10 05:16:29.000,44.4
2026-03-10 05:16:41.000,44.4
2026-03-10 05:16:41.000,45.6
2026-03-10 05:16:59.000,45.6
2026-03-10 05:16:59.000,46.8
2026-03-10 05:17:15.000,46.8
2026-03-10 05:17:15.000,45.6
2026-03-10 05:17:25.000,45.6
2026-03-10 05:17:25.000,46.8
2026-03-10 05:17:41.000,46.8
2026-03-10 05:17:41.000,48
2026-03-10 05:18:23.000,48
2026-03-10 05:18:23.000,49.2
2026-03-10 05:18:39.000,49.2
2026-03-10 05:18:39.000,48
2026-03-10 05:18:59.000,48
2026-03-10 05:18:59.000,49.2
2026-03-10 05:19:45.000,49.2
2026-03-10 05:19:45.000,48
2026-03-10 05:19:47.000,48
2026-03-10 05:19:47.000,45.6
2026-03-10 05:19:49.000,45.6
2026-03-10 05:19:49.000,40.8
2026-03-10 05:19:51.000,40.8
2026-03-10 05:19:51.000,38.4
2026-03-10 05:19:53.000,38.4
2026-03-10 05:19:53.000,34.8
2026-03-10 05:19:55.000,34.8
2026-03-10 05:19:55.000,33.6
2026-03-10 05:19:57.000,33.6
2026-03-10 05:19:57.000,31.2
2026-03-10 05:20:19.000,31.2
2026-03-10 05:20:19.000,32.4
2026-03-10 05:20:29.000,32.4
2026-03-10 05:20:29.000,33.6
2026-03-10 05:20:35.000,33.6
2026-03-10 05:20:35.000,34.8
2026-03-10 05:20:43.000,34.8
2026-03-10 05:20:43.000,36
2026-03-10 05:20:53.000,36
2026-03-10 05:20:53.000,37.2
2026-03-10 05:21:01.000,37.2
2026-03-10 05:21:01.000,38.4
2026-03-10 05:21:07.000,38.4
2026-03-10 05:21:07.000,40.8
2026-03-10 05:21:09.000,40.8
2026-03-10 05:21:09.000,42
2026-03-10 05:21:11.000,42
2026-03-10 05:21:11.000,46.8
2026-03-10 05:21:13.000,46.8
2026-03-10 05:21:13.000,45.6
2026-03-10 05:21:15.000,45.6
2026-03-10 05:21:15.000,49.2
2026-03-10 05:21:19.000,49.2
2026-03-10 05:21:19.000,51.6
2026-03-10 05:21:23.000,51.6
2026-03-10 05:21:23.000,52.8
2026-03-10 05:21:29.000,52.8
2026-03-10 05:21:29.000,54
2026-03-10 05:21:37.000,54
2026-03-10 05:21:37.000,52.8
2026-03-10 05:21:39.000,52.8
2026-03-10 05:21:39.000,50.4
2026-03-10 05:21:41.000,50.4
2026-03-10 05:21:41.000,48
2026-03-10 05:21:45.000,48
2026-03-10 05:21:45.000,49.2
2026-03-10 05:21:47.000,49.2
2026-03-10 05:21:47.000,50.4
2026-03-10 05:21:49.000,50.4
2026-03-10 05:21:49.000,52.8
2026-03-10 05:21:53.000,52.8
2026-03-10 05:21:53.000,54
2026-03-10 05:21:55.000,54
2026-03-10 05:21:55.000,55.2
2026-03-10 05:22:01.000,55.2
2026-03-10 05:22:01.000,56.4
2026-03-10 05:22:07.000,56.4
2026-03-10 05:22:07.000,57.6
2026-03-10 05:22:13.000,57.6
2026-03-10 05:22:13.000,58.8
2026-03-10 05:22:29.000,58.8
2026-03-10 05:22:29.000,60
2026-03-10 05:22:45.000,60
2026-03-10 05:22:45.000,58.8
2026-03-10 05:23:05.000,58.8
2026-03-10 05:23:05.000,60
2026-03-10 05:23:21.000,60
2026-03-10 05:23:21.000,61.2
2026-03-10 05:23:37.000,61.2
2026-03-10 05:23:37.000,60
2026-03-10 05:25:07.000,60
2026-03-10 05:25:07.000,56.4
2026-03-10 05:25:09.000,56.4
2026-03-10 05:25:09.000,52.8
2026-03-10 05:25:11.000,52.8
2026-03-10 05:25:11.000,46.8
2026-03-10 05:25:13.000,46.8
2026-03-10 05:25:13.000,31.2
2026-03-10 05:25:15.000,31.2
2026-03-10 05:25:15.000,32.4
2026-03-10 05:25:17.000,32.4
2026-03-10 05:25:17.000,21.6
2026-03-10 05:25:19.000,21.6
2026-03-10 05:25:19.000,22.8
2026-03-10 05:25:25.000,22.8
2026-03-10 05:25:25.000,24
2026-03-10 05:25:35.000,24
2026-03-10 05:25:35.000,25.2
2026-03-10 05:25:49.000,25.2
2026-03-10 05:25:49.000,32.4
2026-03-10 05:25:51.000,32.4
2026-03-10 05:25:51.000,42
2026-03-10 05:25:53.000,42
2026-03-10 05:25:53.000,56.4
2026-03-10 05:25:55.000,56.4
2026-03-10 05:25:55.000,64.8
2026-03-10 05:25:57.000,64.8
2026-03-10 05:25:57.000,67.2
2026-03-10 05:25:59.000,67.2
2026-03-10 05:25:59.000,69.6
2026-03-10 05:26:07.000,69.6
2026-03-10 05:26:07.000,70.8
2026-03-10 05:26:19.000,70.8
2026-03-10 05:26:19.000,72
2026-03-10 05:26:23.000,72
2026-03-10 05:26:23.000,70.8
2026-03-10 05:26:27.000,70.8
2026-03-10 05:26:27.000,68.4
2026-03-10 05:26:41.000,68.4
2026-03-10 05:26:41.000,69.6
2026-03-10 05:26:51.000,69.6
2026-03-10 05:26:51.000,70.8
2026-03-10 05:27:01.000,70.8
2026-03-10 05:27:01.000,72
2026-03-10 05:27:05.000,72
2026-03-10 05:27:05.000,70.8
2026-03-10 05:27:09.000,70.8
2026-03-10 05:27:09.000,68.4
2026-03-10 05:27:13.000,68.4
2026-03-10 05:27:13.000,66
2026-03-10 05:27:23.000,66
2026-03-10 05:27:23.000,67.2
2026-03-10 05:27:29.000,67.2
2026-03-10 05:27:29.000,68.4
2026-03-10 05:27:37.000,68.4
2026-03-10 05:27:37.000,69.6
2026-03-10 05:27:49.000,69.6
2026-03-10 05:27:49.000,68.4
2026-03-10 05:27:57.000,68.4
2026-03-10 05:27:57.000,67.2
2026-03-10 05:28:11.000,67.2
2026-03-10 05:28:11.000,68.4
2026-03-10 05:28:29.000,68.4
2026-03-10 05:28:29.000,69.6
2026-03-10 05:28:31.000,69.6
2026-03-10 05:28:31.000,68.4
2026-03-10 05:28:43.000,68.4
2026-03-10 05:28:43.000,67.2
2026-03-10 05:28:57.000,67.2
2026-03-10 05:28:57.000,68.4
2026-03-10 05:29:19.000,68.4
2026-03-10 05:29:19.000,67.2
2026-03-10 05:29:23.000,67.2
2026-03-10 05:29:23.000,66
2026-03-10 05:29:33.000,66
2026-03-10 05:29:33.000,67.2
2026-03-10 05:29:35.000,67.2
2026-03-10 05:29:35.000,64.8
2026-03-10 05:29:37.000,64.8
2026-03-10 05:29:37.000,57.6
2026-03-10 05:29:39.000,57.6
2026-03-10 05:29:39.000,43.2
2026-03-10 05:29:41.000,43.2
2026-03-10 05:29:41.000,31.2
2026-03-10 05:29:43.000,31.2
2026-03-10 05:29:43.000,43.2
2026-03-10 05:29:45.000,43.2
2026-03-10 05:29:45.000,18
2026-03-10 05:29:47.000,18
2026-03-10 05:29:47.000,25.2
2026-03-10 05:29:51.000,25.2
2026-03-10 05:29:51.000,28.8
2026-03-10 05:29:57.000,28.8
2026-03-10 05:29:57.000,30
2026-03-10 05:30:01.000,30
2026-03-10 05:30:01.000,31.2
2026-03-10 05:30:05.000,31.2
2026-03-10 05:30:05.000,33.6
2026-03-10 05:30:07.000,33.6
2026-03-10 05:30:07.000,32.4
2026-03-10 05:30:09.000,32.4
2026-03-10 05:30:09.000,33.6
2026-03-10 05:30:13.000,33.6
2026-03-10 05:30:13.000,32.4
2026-03-10 05:30:21.000,32.4
2026-03-10 05:30:21.000,31.2
2026-03-10 05:30:43.000,31.2
2026-03-10 05:30:43.000,32.4
2026-03-10 05:31:03.000,32.4
2026-03-10 05:31:03.000,31.2
2026-03-10 05:31:11.000,31.2
2026-03-10 05:31:11.000,32.4
2026-03-10 05:31:13.000,32.4
2026-03-10 05:31:13.000,31.2
2026-03-10 05:31:29.000,31.2
2026-03-10 05:31:29.000,32.4
2026-03-10 05:32:27.000,32.4
2026-03-10 05:32:27.000,33.6
2026-03-10 05:32:29.000,33.6
2026-03-10 05:32:29.000,42
2026-03-10 05:32:31.000,42
2026-03-10 05:32:31.000,27.6
2026-03-10 05:32:33.000,27.6
2026-03-10 05:32:33.000,0
2026-03-10 05:32:35.000,0
2026-03-10 05:32:35.000,3.6
2026-03-10 05:32:37.000,3.6
2026-03-10 05:32:37.000,9.6
2026-03-10 05:32:39.000,9.6
2026-03-10 05:32:39.000,12
2026-03-10 05:32:41.000,12
2026-03-10 05:32:41.000,16.8
2026-03-10 05:32:43.000,16.8
2026-03-10 05:32:43.000,19.2
2026-03-10 05:32:45.000,19.2
2026-03-10 05:32:45.000,20.4
2026-03-10 05:32:47.000,20.4
2026-03-10 05:32:47.000,22.8
2026-03-10 05:32:49.000,22.8
2026-03-10 05:32:49.000,24
2026-03-10 05:32:57.000,24
2026-03-10 05:32:57.000,25.2
2026-03-10 05:32:59.000,25.2
2026-03-10 05:32:59.000,26.4
2026-03-10 05:33:07.000,26.4
2026-03-10 05:33:07.000,25.2
2026-03-10 05:33:09.000,25.2
2026-03-10 05:33:09.000,24
2026-03-10 05:33:11.000,24
2026-03-10 05:33:11.000,22.8
2026-03-10 05:33:35.000,22.8
2026-03-10 05:33:35.000,24
2026-03-10 05:33:49.000,24
2026-03-10 05:33:49.000,22.8
2026-03-10 05:33:55.000,22.8
2026-03-10 05:33:55.000,21.6
2026-03-10 05:34:09.000,21.6
2026-03-10 05:34:09.000,22.8
2026-03-10 05:34:13.000,22.8
2026-03-10 05:34:13.000,24
2026-03-10 05:34:19.000,24
2026-03-10 05:34:19.000,25.2
2026-03-10 05:34:25.000,25.2
2026-03-10 05:34:25.000,24
2026-03-10 05:34:31.000,24
2026-03-10 05:34:31.000,22.8
2026-03-10 05:34:57.000,22.8
2026-03-10 05:34:57.000,24
2026-03-10 05:35:01.000,24
2026-03-10 05:35:01.000,25.2
2026-03-10 05:35:05.000,25.2
2026-03-10 05:35:05.000,24
2026-03-10 05:35:11.000,24
2026-03-10 05:35:11.000,22.8
2026-03-10 05:35:17.000,22.8
2026-03-10 05:35:17.000,21.6
2026-03-10 05:35:33.000,21.6
2026-03-10 05:35:33.000,22.8
2026-03-10 05:35:41.000,22.8
2026-03-10 05:35:41.000,24
2026-03-10 05:35:47.000,24
2026-03-10 05:35:47.000,25.2
2026-03-10 05:35:51.000,25.2
2026-03-10 05:35:51.000,22.8
2026-03-10 05:35:59.000,22.8
2026-03-10 05:35:59.000,21.6
2026-03-10 05:36:13.000,21.6
2026-03-10 05:36:13.000,22.8
2026-03-10 05:36:25.000,22.8
2026-03-10 05:36:25.000,24
2026-03-10 05:36:33.000,24
2026-03-10 05:36:33.000,22.8
2026-03-10 05:36:37.000,22.8
2026-03-10 05:36:37.000,21.6
2026-03-10 05:36:59.000,21.6
2026-03-10 05:36:59.000,22.8
2026-03-10 05:37:09.000,22.8
2026-03-10 05:37:09.000,24
2026-03-10 05:37:15.000,24
2026-03-10 05:37:15.000,22.8
2026-03-10 05:37:21.000,22.8
2026-03-10 05:37:21.000,21.6
2026-03-10 05:37:49.000,21.6
2026-03-10 05:37:49.000,22.8
2026-03-10 05:37:51.000,22.8
2026-03-10 05:37:51.000,24
2026-03-10 05:37:57.000,24
2026-03-10 05:37:57.000,21.6
2026-03-10 05:38:01.000,21.6
2026-03-10 05:38:01.000,20.4
2026-03-10 05:38:03.000,20.4
2026-03-10 05:38:03.000,21.6
2026-03-10 05:38:05.000,21.6
2026-03-10 05:38:05.000,20.4
2026-03-10 05:38:21.000,20.4
2026-03-10 05:38:21.000,21.6
2026-03-10 05:38:29.000,21.6
2026-03-10 05:38:29.000,22.8
2026-03-10 05:38:31.000,22.8
2026-03-10 05:38:31.000,24
2026-03-10 05:38:33.000,24
2026-03-10 05:38:33.000,22.8
2026-03-10 05:38:41.000,22.8
2026-03-10 05:38:41.000,21.6
2026-03-10 05:38:45.000,21.6
2026-03-10 05:38:45.000,20.4
2026-03-10 05:39:03.000,20.4
2026-03-10 05:39:03.000,21.6
2026-03-10 05:39:07.000,21.6
2026-03-10 05:39:07.000,22.8
2026-03-10 05:39:13.000,22.8
2026-03-10 05:39:13.000,24
2026-03-10 05:39:15.000,24
2026-03-10 05:39:15.000,22.8
2026-03-10 05:39:19.000,22.8
2026-03-10 05:39:19.000,21.6
2026-03-10 05:39:25.000,21.6
2026-03-10 05:39:25.000,20.4
2026-03-10 05:39:43.000,20.4
2026-03-10 05:39:43.000,21.6
2026-03-10 05:39:51.000,21.6
2026-03-10 05:39:51.000,22.8
2026-03-10 05:40:01.000,22.8
2026-03-10 05:40:01.000,21.6
2026-03-10 05:40:05.000,21.6
2026-03-10 05:40:05.000,20.4
2026-03-10 05:40:27.000,20.4
2026-03-10 05:40:27.000,21.6
2026-03-10 05:40:31.000,21.6
2026-03-10 05:40:31.000,26.4
2026-03-10 05:40:33.000,26.4
2026-03-10 05:40:33.000,33.6
2026-03-10 05:40:35.000,33.6
2026-03-10 05:40:35.000,36
2026-03-10 05:40:37.000,36
2026-03-10 05:40:37.000,32.4
2026-03-10 05:40:43.000,32.4
2026-03-10 05:40:43.000,28.8
2026-03-10 05:40:47.000,28.8
2026-03-10 05:40:47.000,30
2026-03-10 05:40:51.000,30
2026-03-10 05:40:51.000,31.2
2026-03-10 05:40:55.000,31.2
2026-03-10 05:40:55.000,32.4
2026-03-10 05:40:57.000,32.4
2026-03-10 05:40:57.000,33.6
2026-03-10 05:40:59.000,33.6
2026-03-10 05:40:59.000,31.2
2026-03-10 05:41:01.000,31.2
2026-03-10 05:41:01.000,20.4
2026-03-10 05:41:03.000,20.4
2026-03-10 05:41:03.000,15.6
2026-03-10 05:41:05.000,15.6
2026-03-10 05:41:05.000,21.6
2026-03-10 05:41:07.000,21.6
2026-03-10 05:41:07.000,13.2
2026-03-10 05:41:11.000,13.2
2026-03-10 05:41:11.000,16.8
2026-03-10 05:41:13.000,16.8
2026-03-10 05:41:13.000,18
2026-03-10 05:41:15.000,18
2026-03-10 05:41:15.000,13.2
2026-03-10 05:41:17.000,13.2
2026-03-10 05:41:17.000,15.6
2026-03-10 05:41:19.000,15.6
2026-03-10 05:41:19.000,13.2
2026-03-10 05:41:21.000,13.2
2026-03-10 05:41:21.000,14.4
2026-03-10 05:41:23.000,14.4
2026-03-10 05:41:23.000,13.2
2026-03-10 05:41:31.000,13.2
2026-03-10 05:41:31.000,14.4
2026-03-10 05:41:33.000,14.4
2026-03-10 05:41:33.000,13.2
2026-03-10 05:41:35.000,13.2
2026-03-10 05:41:35.000,14.4
2026-03-10 05:41:45.000,14.4
2026-03-10 05:41:45.000,15.6
2026-03-10 05:41:47.000,15.6
2026-03-10 05:41:47.000,16.8
2026-03-10 05:41:49.000,16.8
2026-03-10 05:41:49.000,14.4
2026-03-10 05:41:51.000,14.4
2026-03-10 05:41:51.000,16.8
2026-03-10 05:41:53.000,16.8
2026-03-10 05:41:53.000,15.6
2026-03-10 05:41:57.000,15.6
2026-03-10 05:41:57.000,14.4
2026-03-10 05:42:05.000,14.4
2026-03-10 05:42:05.000,13.2
2026-03-10 05:42:17.000,13.2
2026-03-10 05:42:17.000,14.4
2026-03-10 05:42:27.000,14.4
2026-03-10 05:42:27.000,15.6
2026-03-10 05:42:31.000,15.6
2026-03-10 05:42:31.000,16.8
2026-03-10 05:42:35.000,16.8
2026-03-10 05:42:35.000,15.6
2026-03-10 05:42:43.000,15.6
2026-03-10 05:42:43.000,14.4
2026-03-10 05:42:45.000,14.4
2026-03-10 05:42:45.000,13.2
2026-03-10 05:43:05.000,13.2
2026-03-10 05:43:05.000,14.4
2026-03-10 05:43:11.000,14.4
2026-03-10 05:43:11.000,15.6
2026-03-10 05:43:13.000,15.6
2026-03-10 05:43:13.000,16.8
2026-03-10 05:43:21.000,16.8
2026-03-10 05:43:21.000,15.6
2026-03-10 05:43:33.000,15.6
2026-03-10 05:43:33.000,14.4
2026-03-10 05:43:37.000,14.4
2026-03-10 05:43:37.000,13.2
2026-03-10 05:43:49.000,13.2
2026-03-10 05:43:49.000,14.4
2026-03-10 05:43:57.000,14.4
2026-03-10 05:43:57.000,15.6
2026-03-10 05:44:03.000,15.6
2026-03-10 05:44:03.000,16.8
2026-03-10 05:44:07.000,16.8
2026-03-10 05:44:07.000,15.6
2026-03-10 05:44:11.000,15.6
2026-03-10 05:44:11.000,14.4
2026-03-10 05:44:19.000,14.4
2026-03-10 05:44:19.000,13.2
2026-03-10 05:44:21.000,13.2
2026-03-10 05:44:21.000,14.4
2026-03-10 05:44:37.000,14.4
2026-03-10 05:44:37.000,15.6
2026-03-10 05:44:51.000,15.6
2026-03-10 05:44:51.000,14.4
2026-03-10 05:45:21.000,14.4
2026-03-10 05:45:21.000,15.6
2026-03-10 05:45:35.000,15.6
2026-03-10 05:45:35.000,14.4
2026-03-10 05:45:45.000,14.4
2026-03-10 05:45:45.000,13.2
2026-03-10 05:45:49.000,13.2
2026-03-10 05:45:49.000,14.4
2026-03-10 05:45:55.000,14.4
2026-03-10 05:45:55.000,15.6
2026-03-10 05:46:01.000,15.6
2026-03-10 05:46:01.000,16.8
2026-03-10 05:46:09.000,16.8
2026-03-10 05:46:09.000,18
2026-03-10 05:46:13.000,18
2026-03-10 05:46:13.000,25.2
2026-03-10 05:46:15.000,25.2
2026-03-10 05:46:15.000,27.6
2026-03-10 05:46:17.000,27.6
2026-03-10 05:46:17.000,13.2
2026-03-10 05:46:19.000,13.2
2026-03-10 05:46:19.000,18
2026-03-10 05:46:21.000,18
2026-03-10 05:46:21.000,15.6
2026-03-10 05:46:23.000,15.6
2026-03-10 05:46:23.000,18
2026-03-10 05:46:27.000,18
2026-03-10 05:46:27.000,22.8
2026-03-10 05:46:29.000,22.8
2026-03-10 05:46:29.000,21.6
2026-03-10 05:46:39.000,21.6
2026-03-10 05:46:39.000,22.8
2026-03-10 05:46:41.000,22.8
2026-03-10 05:46:41.000,24
2026-03-10 05:46:43.000,24
2026-03-10 05:46:43.000,22.8
2026-03-10 05:46:45.000,22.8
2026-03-10 05:46:45.000,24
2026-03-10 05:46:49.000,24
2026-03-10 05:46:49.000,25.2
2026-03-10 05:46:53.000,25.2
2026-03-10 05:46:53.000,26.4
2026-03-10 05:46:59.000,26.4
2026-03-10 05:46:59.000,25.2
2026-03-10 05:47:03.000,25.2
2026-03-10 05:47:03.000,24
2026-03-10 05:47:09.000,24
2026-03-10 05:47:09.000,22.8
2026-03-10 05:47:11.000,22.8
2026-03-10 05:47:11.000,24
2026-03-10 05:47:21.000,24
2026-03-10 05:47:21.000,25.2
2026-03-10 05:47:31.000,25.2
2026-03-10 05:47:31.000,26.4
2026-03-10 05:47:33.000,26.4
2026-03-10 05:47:33.000,25.2
2026-03-10 05:48:01.000,25.2
2026-03-10 05:48:01.000,26.4
2026-03-10 05:48:03.000,26.4
2026-03-10 05:48:03.000,25.2
2026-03-10 05:48:05.000,25.2
2026-03-10 05:48:05.000,26.4
2026-03-10 05:48:15.000,26.4
2026-03-10 05:48:15.000,25.2
2026-03-10 05:48:21.000,25.2
2026-03-10 05:48:21.000,24
2026-03-10 05:48:29.000,24
2026-03-10 05:48:29.000,25.2
2026-03-10 05:48:31.000,25.2
2026-03-10 05:48:31.000,24
2026-03-10 05:48:33.000,24
2026-03-10 05:48:33.000,25.2
2026-03-10 05:48:41.000,25.2
2026-03-10 05:48:41.000,26.4
2026-03-10 05:48:43.000,26.4
2026-03-10 05:48:43.000,25.2
2026-03-10 05:48:45.000,25.2
2026-03-10 05:48:45.000,26.4
2026-03-10 05:48:53.000,26.4
2026-03-10 05:48:53.000,27.6
2026-03-10 05:48:57.000,27.6
2026-03-10 05:48:57.000,26.4
2026-03-10 05:49:03.000,26.4
2026-03-10 05:49:03.000,25.2
2026-03-10 05:49:07.000,25.2
2026-03-10 05:49:07.000,24
2026-03-10 05:49:09.000,24
2026-03-10 05:49:09.000,25.2
2026-03-10 05:49:27.000,25.2
2026-03-10 05:49:27.000,26.4
2026-03-10 05:49:29.000,26.4
2026-03-10 05:49:29.000,27.6
2026-03-10 05:49:35.000,27.6
2026-03-10 05:49:35.000,26.4
2026-03-10 05:49:45.000,26.4
2026-03-10 05:49:45.000,25.2
2026-03-10 05:49:49.000,25.2
2026-03-10 05:49:49.000,24
2026-03-10 05:49:51.000,24
2026-03-10 05:49:51.000,25.2
2026-03-10 05:50:07.000,25.2
2026-03-10 05:50:07.000,26.4
2026-03-10 05:50:13.000,26.4
2026-03-10 05:50:13.000,27.6
2026-03-10 05:50:15.000,27.6
2026-03-10 05:50:15.000,26.4
2026-03-10 05:50:21.000,26.4
2026-03-10 05:50:21.000,25.2
2026-03-10 05:50:51.000,25.2
2026-03-10 05:50:51.000,26.4
2026-03-10 05:50:55.000,26.4
2026-03-10 05:50:55.000,27.6
2026-03-10 05:50:59.000,27.6
2026-03-10 05:50:59.000,26.4
2026-03-10 05:51:05.000,26.4
2026-03-10 05:51:05.000,25.2
2026-03-10 05:51:31.000,25.2
2026-03-10 05:51:31.000,26.4
2026-03-10 05:51:35.000,26.4
2026-03-10 05:51:35.000,27.6
2026-03-10 05:51:45.000,27.6
2026-03-10 05:51:45.000,26.4
2026-03-10 05:51:47.000,26.4
2026-03-10 05:51:47.000,25.2
2026-03-10 05:51:49.000,25.2
2026-03-10 05:51:49.000,24
2026-03-10 05:51:51.000,24
2026-03-10 05:51:51.000,21.6
2026-03-10 05:52:11.000,21.6
2026-03-10 05:52:11.000,22.8
2026-03-10 05:52:19.000,22.8
2026-03-10 05:52:19.000,21.6
2026-03-10 05:52:23.000,21.6
2026-03-10 05:52:23.000,20.4
2026-03-10 05:52:29.000,20.4
2026-03-10 05:52:29.000,19.2
2026-03-10 05:52:31.000,19.2
2026-03-10 05:52:31.000,20.4
2026-03-10 05:52:43.000,20.4
2026-03-10 05:52:43.000,21.6
2026-03-10 05:53:05.000,21.6
2026-03-10 05:53:05.000,20.4
2026-03-10 05:53:27.000,20.4
2026-03-10 05:53:27.000,21.6
2026-03-10 05:53:37.000,21.6
2026-03-10 05:53:37.000,22.8
2026-03-10 05:53:41.000,22.8
2026-03-10 05:53:41.000,21.6
2026-03-10 05:53:51.000,21.6
2026-03-10 05:53:51.000,20.4
2026-03-10 05:54:05.000,20.4
2026-03-10 05:54:05.000,21.6
2026-03-10 05:54:21.000,21.6
2026-03-10 05:54:21.000,22.8
2026-03-10 05:54:25.000,22.8
2026-03-10 05:54:25.000,21.6
2026-03-10 05:54:35.000,21.6
2026-03-10 05:54:35.000,20.4
2026-03-10 05:54:51.000,20.4
2026-03-10 05:54:51.000,21.6
2026-03-10 05:56:17.000,21.6
2026-03-10 05:56:17.000,20.4
2026-03-10 05:56:19.000,20.4
2026-03-10 05:56:19.000,21.6
2026-03-10 05:56:33.000,21.6
2026-03-10 05:56:33.000,22.8
2026-03-10 05:56:35.000,22.8
2026-03-10 05:56:35.000,24
2026-03-10 05:56:37.000,24
2026-03-10 05:56:37.000,26.4
2026-03-10 05:56:39.000,26.4
2026-03-10 05:56:39.000,27.6
2026-03-10 05:56:41.000,27.6
2026-03-10 05:56:41.000,32.4
2026-03-10 05:56:45.000,32.4
2026-03-10 05:56:45.000,36
2026-03-10 05:56:49.000,36
2026-03-10 05:56:49.000,37.2
2026-03-10 05:56:57.000,37.2
2026-03-10 05:56:57.000,38.4
2026-03-10 05:57:13.000,38.4
2026-03-10 05:57:13.000,39.6
2026-03-10 05:57:23.000,39.6
2026-03-10 05:57:23.000,38.4
2026-03-10 05:57:25.000,38.4
2026-03-10 05:57:25.000,37.2
2026-03-10 05:57:27.000,37.2
2026-03-10 05:57:27.000,32.4
2026-03-10 05:57:29.000,32.4
2026-03-10 05:57:29.000,31.2
2026-03-10 05:57:31.000,31.2
2026-03-10 05:57:31.000,24
2026-03-10 05:57:33.000,24
2026-03-10 05:57:33.000,26.4
2026-03-10 05:57:35.000,26.4
2026-03-10 05:57:35.000,22.8
2026-03-10 05:57:37.000,22.8
2026-03-10 05:57:37.000,24
2026-03-10 05:57:39.000,24
2026-03-10 05:57:39.000,25.2
2026-03-10 05:57:41.000,25.2
2026-03-10 05:57:41.000,26.4
2026-03-10 05:57:43.000,26.4
2026-03-10 05:57:43.000,27.6
2026-03-10 05:57:45.000,27.6
2026-03-10 05:57:45.000,28.8
2026-03-10 05:57:53.000,28.8
2026-03-10 05:57:53.000,30
2026-03-10 05:57:55.000,30
2026-03-10 05:57:55.000,31.2
2026-03-10 05:57:59.000,31.2
2026-03-10 05:57:59.000,32.4
2026-03-10 05:58:05.000,32.4
2026-03-10 05:58:05.000,33.6
2026-03-10 05:58:17.000,33.6
2026-03-10 05:58:17.000,31.2
2026-03-10 05:58:19.000,31.2
2026-03-10 05:58:19.000,32.4
2026-03-10 05:58:27.000,32.4
2026-03-10 05:58:27.000,33.6
2026-03-10 05:58:31.000,33.6
2026-03-10 05:58:31.000,34.8
2026-03-10 05:58:35.000,34.8
2026-03-10 05:58:35.000,36
2026-03-10 05:58:39.000,36
2026-03-10 05:58:39.000,37.2
2026-03-10 05:58:49.000,37.2
2026-03-10 05:58:49.000,38.4
2026-03-10 05:58:57.000,38.4
2026-03-10 05:58:57.000,39.6
2026-03-10 05:59:05.000,39.6
2026-03-10 05:59:05.000,40.8
2026-03-10 05:59:09.000,40.8
2026-03-10 05:59:09.000,39.6
2026-03-10 05:59:17.000,39.6
2026-03-10 05:59:17.000,38.4
2026-03-10 05:59:19.000,38.4
2026-03-10 05:59:19.000,39.6
2026-03-10 05:59:33.000,39.6
2026-03-10 05:59:33.000,38.4
2026-03-10 05:59:37.000,38.4
2026-03-10 05:59:37.000,36
2026-03-10 05:59:39.000,36
2026-03-10 05:59:39.000,34.8
2026-03-10 05:59:49.000,34.8
2026-03-10 05:59:49.000,33.6
2026-03-10 05:59:51.000,33.6
2026-03-10 05:59:51.000,32.4
2026-03-10 05:59:53.000,32.4
2026-03-10 05:59:53.000,31.2
2026-03-10 05:59:55.000,31.2
2026-03-10 05:59:55.000,32.4
2026-03-10 05:59:57.000,32.4
2026-03-10 05:59:57.000,34.8
2026-03-10 05:59:59.000,34.8
2026-03-10 05:59:59.000,49.2
2026-03-10 06:00:01.000,49.2
2026-03-10 06:00:01.000,28.8
2026-03-10 06:00:03.000,28.8
2026-03-10 06:00:03.000,22.8
2026-03-10 06:00:05.000,22.8
2026-03-10 06:00:05.000,31.2
2026-03-10 06:00:07.000,31.2
2026-03-10 06:00:07.000,28.8
2026-03-10 06:00:09.000,28.8
2026-03-10 06:00:09.000,31.2
2026-03-10 06:00:11.000,31.2
2026-03-10 06:00:11.000,30
2026-03-10 06:00:13.000,30
2026-03-10 06:00:13.000,24
2026-03-10 06:00:15.000,24
2026-03-10 06:00:15.000,27.6
2026-03-10 06:00:17.000,27.6
2026-03-10 06:00:17.000,19.2
2026-03-10 06:00:19.000,19.2
2026-03-10 06:00:19.000,21.6
2026-03-10 06:00:21.000,21.6
2026-03-10 06:00:21.000,24
2026-03-10 06:00:23.000,24
2026-03-10 06:00:23.000,22.8
2026-03-10 06:00:29.000,22.8
2026-03-10 06:00:29.000,24
2026-03-10 06:00:31.000,24
2026-03-10 06:00:31.000,26.4
2026-03-10 06:00:45.000,26.4
2026-03-10 06:00:45.000,27.6
2026-03-10 06:00:49.000,27.6
2026-03-10 06:00:49.000,28.8
2026-03-10 06:00:51.000,28.8
2026-03-10 06:00:51.000,31.2
2026-03-10 06:00:55.000,31.2
2026-03-10 06:00:55.000,32.4
2026-03-10 06:00:57.000,32.4
2026-03-10 06:00:57.000,31.2
2026-03-10 06:00:59.000,31.2
2026-03-10 06:00:59.000,32.4
2026-03-10 06:01:13.000,32.4
2026-03-10 06:01:13.000,33.6
2026-03-10 06:01:55.000,33.6
2026-03-10 06:01:55.000,34.8
2026-03-10 06:02:07.000,34.8
2026-03-10 06:02:07.000,36
2026-03-10 06:02:19.000,36
2026-03-10 06:02:19.000,34.8
2026-03-10 06:02:21.000,34.8
2026-03-10 06:02:21.000,33.6
2026-03-10 06:02:23.000,33.6
2026-03-10 06:02:23.000,28.8
2026-03-10 06:02:27.000,28.8
2026-03-10 06:02:27.000,27.6
2026-03-10 06:02:35.000,27.6
2026-03-10 06:02:35.000,28.8
2026-03-10 06:02:43.000,28.8
2026-03-10 06:02:43.000,30
2026-03-10 06:02:49.000,30
2026-03-10 06:02:49.000,31.2
2026-03-10 06:02:55.000,31.2
2026-03-10 06:02:55.000,32.4
2026-03-10 06:03:07.000,32.4
2026-03-10 06:03:07.000,33.6
2026-03-10 06:03:17.000,33.6
2026-03-10 06:03:17.000,34.8
2026-03-10 06:03:31.000,34.8
2026-03-10 06:03:31.000,33.6
2026-03-10 06:03:53.000,33.6
2026-03-10 06:03:53.000,34.8
2026-03-10 06:03:59.000,34.8
2026-03-10 06:03:59.000,37.2
2026-03-10 06:04:05.000,37.2
2026-03-10 06:04:05.000,38.4
2026-03-10 06:04:15.000,38.4
2026-03-10 06:04:15.000,39.6
2026-03-10 06:04:17.000,39.6
2026-03-10 06:04:17.000,38.4
2026-03-10 06:04:19.000,38.4
2026-03-10 06:04:19.000,36
2026-03-10 06:04:21.000,36
2026-03-10 06:04:21.000,37.2
2026-03-10 06:04:23.000,37.2
2026-03-10 06:04:23.000,33.6
2026-03-10 06:04:25.000,33.6
2026-03-10 06:04:25.000,34.8
2026-03-10 06:04:27.000,34.8
2026-03-10 06:04:27.000,32.4
2026-03-10 06:04:37.000,32.4
2026-03-10 06:04:37.000,33.6
2026-03-10 06:04:41.000,33.6
2026-03-10 06:04:41.000,36
2026-03-10 06:04:45.000,36
2026-03-10 06:04:45.000,37.2
2026-03-10 06:04:47.000,37.2
2026-03-10 06:04:47.000,38.4
2026-03-10 06:04:57.000,38.4
2026-03-10 06:04:57.000,39.6
2026-03-10 06:04:59.000,39.6
2026-03-10 06:04:59.000,38.4
2026-03-10 06:05:21.000,38.4
2026-03-10 06:05:21.000,39.6
2026-03-10 06:06:09.000,39.6
2026-03-10 06:06:09.000,38.4
2026-03-10 06:06:23.000,38.4
2026-03-10 06:06:23.000,39.6
2026-03-10 06:06:39.000,39.6
2026-03-10 06:06:39.000,40.8
2026-03-10 06:06:43.000,40.8
2026-03-10 06:06:43.000,42
2026-03-10 06:06:45.000,42
2026-03-10 06:06:45.000,40.8
2026-03-10 06:06:47.000,40.8
2026-03-10 06:06:47.000,37.2
2026-03-10 06:06:49.000,37.2
2026-03-10 06:06:49.000,27.6
2026-03-10 06:06:51.000,27.6
2026-03-10 06:06:51.000,34.8
2026-03-10 06:06:53.000,34.8
2026-03-10 06:06:53.000,30
2026-03-10 06:06:55.000,30
2026-03-10 06:06:55.000,32.4
2026-03-10 06:06:57.000,32.4
2026-03-10 06:06:57.000,31.2
2026-03-10 06:07:01.000,31.2
2026-03-10 06:07:01.000,32.4
2026-03-10 06:07:03.000,32.4
2026-03-10 06:07:03.000,31.2
2026-03-10 06:07:07.000,31.2
2026-03-10 06:07:07.000,32.4
2026-03-10 06:07:09.000,32.4
2026-03-10 06:07:09.000,31.2
2026-03-10 06:07:47.000,31.2
2026-03-10 06:07:47.000,32.4
2026-03-10 06:07:51.000,32.4
2026-03-10 06:07:51.000,31.2
2026-03-10 06:08:05.000,31.2
2026-03-10 06:08:05.000,32.4
2026-03-10 06:08:09.000,32.4
2026-03-10 06:08:09.000,33.6
2026-03-10 06:08:11.000,33.6
2026-03-10 06:08:11.000,34.8
2026-03-10 06:08:29.000,34.8
2026-03-10 06:08:29.000,36
2026-03-10 06:08:31.000,36
2026-03-10 06:08:31.000,34.8
2026-03-10 06:08:33.000,34.8
2026-03-10 06:08:33.000,36
2026-03-10 06:08:37.000,36
2026-03-10 06:08:37.000,34.8
2026-03-10 06:08:41.000,34.8
2026-03-10 06:08:41.000,36
2026-03-10 06:08:51.000,36
2026-03-10 06:08:51.000,37.2
2026-03-10 06:09:05.000,37.2
2026-03-10 06:09:05.000,38.4
2026-03-10 06:09:11.000,38.4
2026-03-10 06:09:11.000,39.6
2026-03-10 06:09:15.000,39.6
2026-03-10 06:09:15.000,40.8
2026-03-10 06:09:19.000,40.8
2026-03-10 06:09:19.000,42
2026-03-10 06:09:23.000,42
2026-03-10 06:09:23.000,43.2
2026-03-10 06:09:29.000,43.2
2026-03-10 06:09:29.000,44.4
2026-03-10 06:09:55.000,44.4
2026-03-10 06:09:55.000,45.6
2026-03-10 06:10:09.000,45.6
2026-03-10 06:10:09.000,46.8
2026-03-10 06:10:25.000,46.8
2026-03-10 06:10:25.000,45.6
2026-03-10 06:10:33.000,45.6
2026-03-10 06:10:33.000,46.8
2026-03-10 06:10:35.000,46.8
2026-03-10 06:10:35.000,45.6
2026-03-10 06:10:41.000,45.6
2026-03-10 06:10:41.000,46.8
2026-03-10 06:11:11.000,46.8
2026-03-10 06:11:11.000,45.6
2026-03-10 06:11:15.000,45.6
2026-03-10 06:11:15.000,46.8
2026-03-10 06:11:17.000,46.8
2026-03-10 06:11:17.000,45.6
2026-03-10 06:11:39.000,45.6
2026-03-10 06:11:39.000,46.8
2026-03-10 06:12:09.000,46.8
2026-03-10 06:12:09.000,45.6
2026-03-10 06:12:11.000,45.6
2026-03-10 06:12:11.000,40.8
2026-03-10 06:12:13.000,40.8
2026-03-10 06:12:13.000,31.2
2026-03-10 06:12:15.000,31.2
2026-03-10 06:12:15.000,39.6
2026-03-10 06:12:17.000,39.6
2026-03-10 06:12:17.000,37.2
2026-03-10 06:12:19.000,37.2
2026-03-10 06:12:19.000,40.8
2026-03-10 06:12:23.000,40.8
2026-03-10 06:12:23.000,43.2
2026-03-10 06:12:27.000,43.2
2026-03-10 06:12:27.000,45.6
2026-03-10 06:12:31.000,45.6
2026-03-10 06:12:31.000,46.8
2026-03-10 06:12:35.000,46.8
2026-03-10 06:12:35.000,48
2026-03-10 06:12:45.000,48
2026-03-10 06:12:45.000,49.2
2026-03-10 06:13:23.000,49.2
2026-03-10 06:13:23.000,50.4
2026-03-10 06:13:25.000,50.4
2026-03-10 06:13:25.000,49.2
2026-03-10 06:13:27.000,49.2
2026-03-10 06:13:27.000,50.4
2026-03-10 06:13:45.000,50.4
2026-03-10 06:13:45.000,49.2
2026-03-10 06:13:47.000,49.2
2026-03-10 06:13:47.000,50.4
2026-03-10 06:13:51.000,50.4
2026-03-10 06:13:51.000,49.2
2026-03-10 06:14:41.000,49.2
2026-03-10 06:14:41.000,50.4
2026-03-10 06:14:47.000,50.4
2026-03-10 06:14:47.000,49.2
2026-03-10 06:14:49.000,49.2
2026-03-10 06:14:49.000,45.6
2026-03-10 06:14:51.000,45.6
2026-03-10 06:14:51.000,33.6
2026-03-10 06:14:53.000,33.6
2026-03-10 06:14:53.000,37.2
2026-03-10 06:14:55.000,37.2
2026-03-10 06:14:55.000,25.2
2026-03-10 06:14:57.000,25.2
2026-03-10 06:14:57.000,30
2026-03-10 06:14:59.000,30
2026-03-10 06:14:59.000,26.4
2026-03-10 06:15:01.000,26.4
2026-03-10 06:15:01.000,27.6
2026-03-10 06:15:05.000,27.6
2026-03-10 06:15:05.000,28.8
2026-03-10 06:15:15.000,28.8
2026-03-10 06:15:15.000,30
2026-03-10 06:15:29.000,30
2026-03-10 06:15:29.000,31.2
2026-03-10 06:15:31.000,31.2
2026-03-10 06:15:31.000,32.4
2026-03-10 06:15:33.000,32.4
2026-03-10 06:15:33.000,33.6
2026-03-10 06:15:35.000,33.6
2026-03-10 06:15:35.000,30
2026-03-10 06:15:37.000,30
2026-03-10 06:15:37.000,26.4
2026-03-10 06:15:39.000,26.4
2026-03-10 06:15:39.000,19.2
2026-03-10 06:15:41.000,19.2
2026-03-10 06:15:41.000,31.2
2026-03-10 06:15:43.000,31.2
2026-03-10 06:15:43.000,26.4
2026-03-10 06:15:45.000,26.4
2026-03-10 06:15:45.000,30
2026-03-10 06:15:47.000,30
2026-03-10 06:15:47.000,28.8
2026-03-10 06:15:49.000,28.8
2026-03-10 06:15:49.000,31.2
2026-03-10 06:16:07.000,31.2
2026-03-10 06:16:07.000,30
2026-03-10 06:16:25.000,30
2026-03-10 06:16:25.000,28.8
2026-03-10 06:16:55.000,28.8
2026-03-10 06:16:55.000,27.6
2026-03-10 06:16:59.000,27.6
2026-03-10 06:16:59.000,28.8
2026-03-10 06:17:05.000,28.8
2026-03-10 06:17:05.000,27.6
2026-03-10 06:17:13.000,27.6
2026-03-10 06:17:13.000,28.8
2026-03-10 06:17:21.000,28.8
2026-03-10 06:17:21.000,31.2
2026-03-10 06:17:23.000,31.2
2026-03-10 06:17:23.000,33.6
2026-03-10 06:17:25.000,33.6
2026-03-10 06:17:25.000,32.4
2026-03-10 06:17:29.000,32.4
2026-03-10 06:17:29.000,33.6
2026-03-10 06:17:31.000,33.6
2026-03-10 06:17:31.000,36
2026-03-10 06:17:33.000,36
2026-03-10 06:17:33.000,37.2
2026-03-10 06:17:37.000,37.2
2026-03-10 06:17:37.000,38.4
2026-03-10 06:17:43.000,38.4
2026-03-10 06:17:43.000,39.6
2026-03-10 06:17:47.000,39.6
2026-03-10 06:17:47.000,40.8
2026-03-10 06:18:05.000,40.8
2026-03-10 06:18:05.000,39.6
2026-03-10 06:18:21.000,39.6
2026-03-10 06:18:21.000,40.8
2026-03-10 06:18:29.000,40.8
2026-03-10 06:18:29.000,42
2026-03-10 06:18:31.000,42
2026-03-10 06:18:31.000,40.8
2026-03-10 06:18:45.000,40.8
2026-03-10 06:18:45.000,39.6
2026-03-10 06:18:51.000,39.6
2026-03-10 06:18:51.000,40.8
2026-03-10 06:18:53.000,40.8
2026-03-10 06:18:53.000,39.6
2026-03-10 06:18:55.000,39.6
2026-03-10 06:18:55.000,40.8
2026-03-10 06:19:31.000,40.8
2026-03-10 06:19:31.000,43.2
2026-03-10 06:19:33.000,43.2
2026-03-10 06:19:33.000,44.4
2026-03-10 06:19:37.000,44.4
2026-03-10 06:19:37.000,45.6
2026-03-10 06:19:39.000,45.6
2026-03-10 06:19:39.000,46.8
2026-03-10 06:19:43.000,46.8
2026-03-10 06:19:43.000,48
2026-03-10 06:19:47.000,48
2026-03-10 06:19:47.000,49.2
2026-03-10 06:19:55.000,49.2
2026-03-10 06:19:55.000,50.4
2026-03-10 06:19:59.000,50.4
2026-03-10 06:19:59.000,51.6
2026-03-10 06:20:13.000,51.6
2026-03-10 06:20:13.000,54
2026-03-10 06:20:15.000,54
2026-03-10 06:20:15.000,57.6
2026-03-10 06:20:17.000,57.6
2026-03-10 06:20:17.000,56.4
2026-03-10 06:20:19.000,56.4
2026-03-10 06:20:19.000,57.6
2026-03-10 06:20:23.000,57.6
2026-03-10 06:20:23.000,58.8
2026-03-10 06:20:29.000,58.8
2026-03-10 06:20:29.000,60
2026-03-10 06:20:37.000,60
2026-03-10 06:20:37.000,61.2
2026-03-10 06:20:39.000,61.2
2026-03-10 06:20:39.000,60
2026-03-10 06:20:47.000,60
2026-03-10 06:20:47.000,58.8
2026-03-10 06:21:33.000,58.8
2026-03-10 06:21:33.000,60
2026-03-10 06:21:35.000,60
2026-03-10 06:21:35.000,58.8
2026-03-10 06:21:37.000,58.8
2026-03-10 06:21:37.000,57.6
2026-03-10 06:21:39.000,57.6
2026-03-10 06:21:39.000,55.2
2026-03-10 06:21:41.000,55.2
2026-03-10 06:21:41.000,51.6
2026-03-10 06:21:43.000,51.6
2026-03-10 06:21:43.000,50.4
2026-03-10 06:21:45.000,50.4
2026-03-10 06:21:45.000,48
2026-03-10 06:21:55.000,48
