Timestamp_ET,LeakRate_Lpm
2026-03-14 22:32:15.000,14.4
2026-03-14 22:32:17.000,14.4
2026-03-14 22:32:17.000,0
2026-03-14 22:32:19.000,0
2026-03-14 22:32:19.000,3.6
2026-03-14 22:32:21.000,3.6
2026-03-14 22:32:21.000,0
2026-03-14 22:32:23.000,0
2026-03-14 22:32:23.000,3.6
2026-03-14 22:32:25.000,3.6
2026-03-14 22:32:25.000,2.4
2026-03-14 22:32:27.000,2.4
2026-03-14 22:32:27.000,7.2
2026-03-14 22:32:29.000,7.2
2026-03-14 22:32:29.000,8.4
2026-03-14 22:32:31.000,8.4
2026-03-14 22:32:31.000,2.4
2026-03-14 22:32:33.000,2.4
2026-03-14 22:32:33.000,6
2026-03-14 22:32:35.000,6
2026-03-14 22:32:35.000,7.2
2026-03-14 22:32:37.000,7.2
2026-03-14 22:32:37.000,4.8
2026-03-14 22:32:39.000,4.8
2026-03-14 22:32:39.000,6
2026-03-14 22:32:41.000,6
2026-03-14 22:32:41.000,3.6
2026-03-14 22:32:43.000,3.6
2026-03-14 22:32:43.000,6
2026-03-14 22:32:49.000,6
2026-03-14 22:32:49.000,4.8
2026-03-14 22:32:51.000,4.8
2026-03-14 22:32:51.000,6
2026-03-14 22:32:53.000,6
2026-03-14 22:32:53.000,7.2
2026-03-14 22:33:13.000,7.2
2026-03-14 22:33:13.000,6
2026-03-14 22:33:15.000,6
2026-03-14 22:33:15.000,7.2
2026-03-14 22:33:27.000,7.2
2026-03-14 22:33:27.000,6
2026-03-14 22:33:29.000,6
2026-03-14 22:33:29.000,7.2
2026-03-14 22:33:33.000,7.2
2026-03-14 22:33:33.000,6
2026-03-14 22:33:37.000,6
2026-03-14 22:33:37.000,7.2
2026-03-14 22:33:41.000,7.2
2026-03-14 22:33:41.000,6
2026-03-14 22:33:49.000,6
2026-03-14 22:33:49.000,7.2
2026-03-14 22:33:55.000,7.2
2026-03-14 22:33:55.000,6
2026-03-14 22:34:01.000,6
2026-03-14 22:34:01.000,7.2
2026-03-14 22:34:03.000,7.2
2026-03-14 22:34:03.000,8.4
2026-03-14 22:34:05.000,8.4
2026-03-14 22:34:05.000,7.2
2026-03-14 22:34:15.000,7.2
2026-03-14 22:34:15.000,6
2026-03-14 22:34:17.000,6
2026-03-14 22:34:17.000,7.2
2026-03-14 22:34:19.000,7.2
2026-03-14 22:34:19.000,6
2026-03-14 22:36:07.000,6
2026-03-14 22:36:07.000,7.2
2026-03-14 22:36:11.000,7.2
2026-03-14 22:36:11.000,6
2026-03-14 22:36:51.000,6
2026-03-14 22:36:51.000,7.2
2026-03-14 22:36:53.000,7.2
2026-03-14 22:36:53.000,6
2026-03-14 22:37:31.000,6
2026-03-14 22:37:31.000,7.2
2026-03-14 22:37:35.000,7.2
2026-03-14 22:37:35.000,6
2026-03-14 22:37:53.000,6
2026-03-14 22:37:53.000,7.2
2026-03-14 22:38:03.000,7.2
2026-03-14 22:38:03.000,6
2026-03-14 22:38:15.000,6
2026-03-14 22:38:15.000,7.2
2026-03-14 22:38:23.000,7.2
2026-03-14 22:38:23.000,6
2026-03-14 22:38:51.000,6
2026-03-14 22:38:51.000,7.2
2026-03-14 22:38:59.000,7.2
2026-03-14 22:38:59.000,8.4
2026-03-14 22:39:01.000,8.4
2026-03-14 22:39:01.000,6
2026-03-14 22:39:29.000,6
2026-03-14 22:39:29.000,7.2
2026-03-14 22:39:33.000,7.2
2026-03-14 22:39:33.000,6
2026-03-14 22:39:45.000,6
2026-03-14 22:39:45.000,7.2
2026-03-14 22:39:51.000,7.2
2026-03-14 22:39:51.000,6
2026-03-14 22:39:55.000,6
2026-03-14 22:39:55.000,7.2
2026-03-14 22:39:57.000,7.2
2026-03-14 22:39:57.000,6
2026-03-14 22:40:01.000,6
2026-03-14 22:40:01.000,7.2
2026-03-14 22:40:05.000,7.2
2026-03-14 22:40:05.000,8.4
2026-03-14 22:40:09.000,8.4
2026-03-14 22:40:09.000,7.2
2026-03-14 22:40:11.000,7.2
2026-03-14 22:40:11.000,6
2026-03-14 22:40:17.000,6
2026-03-14 22:40:17.000,7.2
2026-03-14 22:40:19.000,7.2
2026-03-14 22:40:19.000,10.8
2026-03-14 22:40:21.000,10.8
2026-03-14 22:40:21.000,9.6
2026-03-14 22:40:29.000,9.6
2026-03-14 22:40:29.000,8.4
2026-03-14 22:40:37.000,8.4
2026-03-14 22:40:37.000,9.6
2026-03-14 22:40:39.000,9.6
2026-03-14 22:40:39.000,8.4
2026-03-14 22:40:47.000,8.4
2026-03-14 22:40:47.000,9.6
2026-03-14 22:40:57.000,9.6
2026-03-14 22:40:57.000,13.2
2026-03-14 22:40:59.000,13.2
2026-03-14 22:40:59.000,0
2026-03-14 22:41:01.000,0
2026-03-14 22:41:01.000,2.4
2026-03-14 22:41:03.000,2.4
2026-03-14 22:41:03.000,0
2026-03-14 22:41:09.000,0
2026-03-14 22:41:09.000,1.2
2026-03-14 22:41:13.000,1.2
2026-03-14 22:41:13.000,2.4
2026-03-14 22:41:15.000,2.4
2026-03-14 22:41:15.000,4.8
2026-03-14 22:41:19.000,4.8
2026-03-14 22:41:19.000,12
2026-03-14 22:41:21.000,12
2026-03-14 22:41:21.000,6
2026-03-14 22:41:23.000,6
2026-03-14 22:41:23.000,10.8
2026-03-14 22:41:25.000,10.8
2026-03-14 22:41:25.000,6
2026-03-14 22:41:29.000,6
2026-03-14 22:41:29.000,7.2
2026-03-14 22:41:33.000,7.2
2026-03-14 22:41:33.000,6
2026-03-14 22:41:37.000,6
2026-03-14 22:41:37.000,7.2
2026-03-14 22:41:39.000,7.2
2026-03-14 22:41:39.000,8.4
2026-03-14 22:41:41.000,8.4
2026-03-14 22:41:41.000,9.6
2026-03-14 22:41:47.000,9.6
2026-03-14 22:41:47.000,8.4
2026-03-14 22:41:51.000,8.4
2026-03-14 22:41:51.000,7.2
2026-03-14 22:42:11.000,7.2
2026-03-14 22:42:11.000,8.4
2026-03-14 22:42:15.000,8.4
2026-03-14 22:42:15.000,9.6
2026-03-14 22:42:17.000,9.6
2026-03-14 22:42:17.000,8.4
2026-03-14 22:42:19.000,8.4
2026-03-14 22:42:19.000,9.6
2026-03-14 22:42:27.000,9.6
2026-03-14 22:42:27.000,8.4
2026-03-14 22:42:29.000,8.4
2026-03-14 22:42:29.000,9.6
2026-03-14 22:42:31.000,9.6
2026-03-14 22:42:31.000,7.2
2026-03-14 22:42:39.000,7.2
2026-03-14 22:42:39.000,6
2026-03-14 22:42:55.000,6
2026-03-14 22:42:55.000,7.2
2026-03-14 22:42:57.000,7.2
2026-03-14 22:42:57.000,6
2026-03-14 22:43:01.000,6
2026-03-14 22:43:01.000,7.2
2026-03-14 22:43:21.000,7.2
2026-03-14 22:43:21.000,9.6
2026-03-14 22:43:23.000,9.6
2026-03-14 22:43:23.000,7.2
2026-03-14 22:43:25.000,7.2
2026-03-14 22:43:25.000,6
2026-03-14 22:43:33.000,6
2026-03-14 22:43:33.000,7.2
2026-03-14 22:43:41.000,7.2
2026-03-14 22:43:41.000,8.4
2026-03-14 22:44:37.000,8.4
2026-03-14 22:44:37.000,9.6
2026-03-14 22:44:43.000,9.6
2026-03-14 22:44:43.000,8.4
2026-03-14 22:45:07.000,8.4
2026-03-14 22:45:07.000,9.6
2026-03-14 22:45:13.000,9.6
2026-03-14 22:45:13.000,8.4
2026-03-14 22:45:15.000,8.4
2026-03-14 22:45:15.000,9.6
2026-03-14 22:45:17.000,9.6
2026-03-14 22:45:17.000,8.4
2026-03-14 22:45:47.000,8.4
2026-03-14 22:45:47.000,9.6
2026-03-14 22:46:01.000,9.6
2026-03-14 22:46:01.000,8.4
2026-03-14 22:46:05.000,8.4
2026-03-14 22:46:05.000,9.6
2026-03-14 22:46:07.000,9.6
2026-03-14 22:46:07.000,8.4
2026-03-14 22:46:25.000,8.4
2026-03-14 22:46:25.000,9.6
2026-03-14 22:46:37.000,9.6
2026-03-14 22:46:37.000,8.4
2026-03-14 22:46:59.000,8.4
2026-03-14 22:46:59.000,9.6
2026-03-14 22:47:09.000,9.6
2026-03-14 22:47:09.000,8.4
2026-03-14 22:47:45.000,8.4
2026-03-14 22:47:45.000,9.6
2026-03-14 22:47:55.000,9.6
2026-03-14 22:47:55.000,8.4
2026-03-14 22:47:59.000,8.4
2026-03-14 22:47:59.000,9.6
2026-03-14 22:48:01.000,9.6
2026-03-14 22:48:01.000,8.4
2026-03-14 22:48:03.000,8.4
2026-03-14 22:48:03.000,9.6
2026-03-14 22:48:25.000,9.6
2026-03-14 22:48:25.000,8.4
2026-03-14 22:48:43.000,8.4
2026-03-14 22:48:43.000,9.6
2026-03-14 22:49:07.000,9.6
2026-03-14 22:49:07.000,8.4
2026-03-14 22:49:11.000,8.4
2026-03-14 22:49:11.000,9.6
2026-03-14 22:49:55.000,9.6
2026-03-14 22:49:55.000,10.8
2026-03-14 22:50:05.000,10.8
2026-03-14 22:50:05.000,9.6
2026-03-14 22:50:09.000,9.6
2026-03-14 22:50:09.000,8.4
2026-03-14 22:50:13.000,8.4
2026-03-14 22:50:13.000,9.6
2026-03-14 22:50:17.000,9.6
2026-03-14 22:50:17.000,10.8
2026-03-14 22:50:23.000,10.8
2026-03-14 22:50:23.000,12
2026-03-14 22:50:35.000,12
2026-03-14 22:50:35.000,10.8
2026-03-14 22:51:45.000,10.8
2026-03-14 22:51:45.000,12
2026-03-14 22:51:49.000,12
2026-03-14 22:51:49.000,13.2
2026-03-14 22:51:51.000,13.2
2026-03-14 22:51:51.000,12
2026-03-14 22:51:53.000,12
2026-03-14 22:51:53.000,10.8
2026-03-14 22:51:55.000,10.8
2026-03-14 22:51:55.000,13.2
2026-03-14 22:51:57.000,13.2
2026-03-14 22:51:57.000,14.4
2026-03-14 22:52:01.000,14.4
2026-03-14 22:52:01.000,15.6
2026-03-14 22:52:03.000,15.6
2026-03-14 22:52:03.000,12
2026-03-14 22:52:05.000,12
2026-03-14 22:52:05.000,9.6
2026-03-14 22:52:07.000,9.6
2026-03-14 22:52:07.000,6
2026-03-14 22:52:09.000,6
2026-03-14 22:52:09.000,7.2
2026-03-14 22:52:19.000,7.2
2026-03-14 22:52:19.000,8.4
2026-03-14 22:52:21.000,8.4
2026-03-14 22:52:21.000,13.2
2026-03-14 22:52:23.000,13.2
2026-03-14 22:52:23.000,10.8
2026-03-14 22:52:27.000,10.8
2026-03-14 22:52:27.000,8.4
2026-03-14 22:52:31.000,8.4
2026-03-14 22:52:31.000,7.2
2026-03-14 22:52:41.000,7.2
2026-03-14 22:52:41.000,8.4
2026-03-14 22:52:51.000,8.4
2026-03-14 22:52:51.000,9.6
2026-03-14 22:52:55.000,9.6
2026-03-14 22:52:55.000,8.4
2026-03-14 22:53:35.000,8.4
2026-03-14 22:53:35.000,9.6
2026-03-14 22:53:57.000,9.6
2026-03-14 22:53:57.000,10.8
2026-03-14 22:54:01.000,10.8
2026-03-14 22:54:01.000,12
2026-03-14 22:54:03.000,12
2026-03-14 22:54:03.000,13.2
2026-03-14 22:54:05.000,13.2
2026-03-14 22:54:05.000,14.4
2026-03-14 22:54:07.000,14.4
2026-03-14 22:54:07.000,16.8
2026-03-14 22:54:11.000,16.8
2026-03-14 22:54:11.000,18
2026-03-14 22:54:13.000,18
2026-03-14 22:54:13.000,15.6
2026-03-14 22:54:15.000,15.6
2026-03-14 22:54:15.000,14.4
2026-03-14 22:54:17.000,14.4
2026-03-14 22:54:17.000,10.8
2026-03-14 22:54:21.000,10.8
2026-03-14 22:54:21.000,8.4
2026-03-14 22:54:37.000,8.4
2026-03-14 22:54:37.000,9.6
2026-03-14 22:54:39.000,9.6
2026-03-14 22:54:39.000,10.8
2026-03-14 22:54:45.000,10.8
2026-03-14 22:54:45.000,9.6
2026-03-14 22:54:49.000,9.6
2026-03-14 22:54:49.000,8.4
2026-03-14 22:54:53.000,8.4
2026-03-14 22:54:53.000,7.2
2026-03-14 22:55:05.000,7.2
2026-03-14 22:55:05.000,8.4
2026-03-14 22:55:23.000,8.4
2026-03-14 22:55:23.000,7.2
2026-03-14 22:55:39.000,7.2
2026-03-14 22:55:39.000,8.4
2026-03-14 22:55:57.000,8.4
2026-03-14 22:55:57.000,7.2
2026-03-14 22:55:59.000,7.2
2026-03-14 22:55:59.000,8.4
2026-03-14 22:56:01.000,8.4
2026-03-14 22:56:01.000,7.2
2026-03-14 22:56:25.000,7.2
2026-03-14 22:56:25.000,8.4
2026-03-14 22:56:37.000,8.4
2026-03-14 22:56:37.000,7.2
2026-03-14 22:57:09.000,7.2
2026-03-14 22:57:09.000,8.4
2026-03-14 22:57:15.000,8.4
2026-03-14 22:57:15.000,7.2
2026-03-14 22:57:33.000,7.2
2026-03-14 22:57:33.000,8.4
2026-03-14 22:57:37.000,8.4
2026-03-14 22:57:37.000,7.2
2026-03-14 22:57:39.000,7.2
2026-03-14 22:57:39.000,8.4
2026-03-14 22:57:41.000,8.4
2026-03-14 22:57:41.000,7.2
2026-03-14 22:58:07.000,7.2
2026-03-14 22:58:07.000,8.4
2026-03-14 22:58:11.000,8.4
2026-03-14 22:58:11.000,7.2
2026-03-14 22:58:27.000,7.2
2026-03-14 22:58:27.000,8.4
2026-03-14 22:58:31.000,8.4
2026-03-14 22:58:31.000,7.2
2026-03-14 23:01:39.000,7.2
2026-03-14 23:01:39.000,8.4
2026-03-14 23:01:41.000,8.4
2026-03-14 23:01:41.000,7.2
2026-03-14 23:03:11.000,7.2
2026-03-14 23:03:11.000,8.4
2026-03-14 23:03:13.000,8.4
2026-03-14 23:03:13.000,7.2
2026-03-14 23:04:39.000,7.2
2026-03-14 23:04:39.000,8.4
2026-03-14 23:04:41.000,8.4
2026-03-14 23:04:41.000,7.2
2026-03-14 23:06:51.000,7.2
2026-03-14 23:06:51.000,8.4
2026-03-14 23:06:53.000,8.4
2026-03-14 23:06:53.000,7.2
2026-03-14 23:06:55.000,7.2
2026-03-14 23:06:55.000,8.4
2026-03-14 23:06:59.000,8.4
2026-03-14 23:06:59.000,7.2
2026-03-14 23:07:31.000,7.2
2026-03-14 23:07:31.000,8.4
2026-03-14 23:07:33.000,8.4
2026-03-14 23:07:33.000,7.2
2026-03-14 23:07:49.000,7.2
2026-03-14 23:07:49.000,8.4
2026-03-14 23:07:51.000,8.4
2026-03-14 23:07:51.000,7.2
2026-03-14 23:09:19.000,7.2
2026-03-14 23:09:19.000,8.4
2026-03-14 23:09:21.000,8.4
2026-03-14 23:09:21.000,7.2
2026-03-14 23:09:23.000,7.2
2026-03-14 23:09:23.000,8.4
2026-03-14 23:09:25.000,8.4
2026-03-14 23:09:25.000,7.2
2026-03-14 23:09:29.000,7.2
2026-03-14 23:09:29.000,8.4
2026-03-14 23:09:31.000,8.4
2026-03-14 23:09:31.000,7.2
2026-03-14 23:10:05.000,7.2
2026-03-14 23:10:05.000,8.4
2026-03-14 23:10:19.000,8.4
2026-03-14 23:10:19.000,7.2
2026-03-14 23:11:01.000,7.2
2026-03-14 23:11:01.000,8.4
2026-03-14 23:11:05.000,8.4
2026-03-14 23:11:05.000,7.2
2026-03-14 23:11:11.000,7.2
2026-03-14 23:11:11.000,8.4
2026-03-14 23:11:17.000,8.4
2026-03-14 23:11:17.000,7.2
2026-03-14 23:11:39.000,7.2
2026-03-14 23:11:39.000,8.4
2026-03-14 23:11:41.000,8.4
2026-03-14 23:11:41.000,7.2
2026-03-14 23:11:45.000,7.2
2026-03-14 23:11:45.000,8.4
2026-03-14 23:11:49.000,8.4
2026-03-14 23:11:49.000,7.2
2026-03-14 23:11:51.000,7.2
2026-03-14 23:11:51.000,8.4
2026-03-14 23:11:53.000,8.4
2026-03-14 23:11:53.000,7.2
2026-03-14 23:14:27.000,7.2
2026-03-14 23:14:27.000,8.4
2026-03-14 23:14:31.000,8.4
2026-03-14 23:14:31.000,7.2
2026-03-14 23:14:33.000,7.2
2026-03-14 23:14:33.000,8.4
2026-03-14 23:14:35.000,8.4
2026-03-14 23:14:35.000,7.2
2026-03-14 23:14:53.000,7.2
2026-03-14 23:14:53.000,8.4
2026-03-14 23:14:57.000,8.4
2026-03-14 23:14:57.000,7.2
2026-03-14 23:15:21.000,7.2
2026-03-14 23:15:21.000,8.4
2026-03-14 23:15:39.000,8.4
2026-03-14 23:15:39.000,7.2
2026-03-14 23:16:05.000,7.2
2026-03-14 23:16:05.000,8.4
2026-03-14 23:16:07.000,8.4
2026-03-14 23:16:07.000,7.2
2026-03-14 23:16:27.000,7.2
2026-03-14 23:16:27.000,8.4
2026-03-14 23:16:35.000,8.4
2026-03-14 23:16:35.000,7.2
2026-03-14 23:16:59.000,7.2
2026-03-14 23:16:59.000,8.4
2026-03-14 23:17:03.000,8.4
2026-03-14 23:17:03.000,7.2
2026-03-14 23:17:05.000,7.2
2026-03-14 23:17:05.000,8.4
2026-03-14 23:17:07.000,8.4
2026-03-14 23:17:07.000,7.2
2026-03-14 23:17:09.000,7.2
2026-03-14 23:17:09.000,8.4
2026-03-14 23:17:13.000,8.4
2026-03-14 23:17:13.000,7.2
2026-03-14 23:17:15.000,7.2
2026-03-14 23:17:15.000,8.4
2026-03-14 23:17:17.000,8.4
2026-03-14 23:17:17.000,7.2
2026-03-14 23:18:07.000,7.2
2026-03-14 23:18:07.000,8.4
2026-03-14 23:18:11.000,8.4
2026-03-14 23:18:11.000,7.2
2026-03-14 23:18:31.000,7.2
2026-03-14 23:18:31.000,8.4
2026-03-14 23:18:33.000,8.4
2026-03-14 23:18:33.000,7.2
2026-03-14 23:18:37.000,7.2
2026-03-14 23:18:37.000,8.4
2026-03-14 23:18:39.000,8.4
2026-03-14 23:18:39.000,7.2
2026-03-14 23:18:41.000,7.2
2026-03-14 23:18:41.000,8.4
2026-03-14 23:18:45.000,8.4
2026-03-14 23:18:45.000,7.2
2026-03-14 23:18:47.000,7.2
2026-03-14 23:18:47.000,8.4
2026-03-14 23:18:51.000,8.4
2026-03-14 23:18:51.000,7.2
2026-03-14 23:18:53.000,7.2
2026-03-14 23:18:53.000,8.4
2026-03-14 23:18:57.000,8.4
2026-03-14 23:18:57.000,7.2
2026-03-14 23:19:31.000,7.2
2026-03-14 23:19:31.000,8.4
2026-03-14 23:19:37.000,8.4
2026-03-14 23:19:37.000,7.2
2026-03-14 23:19:51.000,7.2
2026-03-14 23:19:51.000,8.4
2026-03-14 23:19:53.000,8.4
2026-03-14 23:19:53.000,7.2
2026-03-14 23:20:19.000,7.2
2026-03-14 23:20:19.000,8.4
2026-03-14 23:20:25.000,8.4
2026-03-14 23:20:25.000,7.2
2026-03-14 23:21:19.000,7.2
2026-03-14 23:21:19.000,8.4
2026-03-14 23:21:21.000,8.4
2026-03-14 23:21:21.000,7.2
2026-03-14 23:22:37.000,7.2
2026-03-14 23:22:37.000,8.4
2026-03-14 23:22:41.000,8.4
2026-03-14 23:22:41.000,7.2
2026-03-14 23:23:03.000,7.2
2026-03-14 23:23:03.000,8.4
2026-03-14 23:23:07.000,8.4
2026-03-14 23:23:07.000,10.8
2026-03-14 23:23:11.000,10.8
2026-03-14 23:23:11.000,9.6
2026-03-14 23:23:17.000,9.6
2026-03-14 23:23:17.000,7.2
2026-03-14 23:23:19.000,7.2
2026-03-14 23:23:19.000,6
2026-03-14 23:23:21.000,6
2026-03-14 23:23:21.000,7.2
2026-03-14 23:23:49.000,7.2
2026-03-14 23:23:49.000,8.4
2026-03-14 23:23:55.000,8.4
2026-03-14 23:23:55.000,7.2
2026-03-14 23:24:01.000,7.2
2026-03-14 23:24:01.000,8.4
2026-03-14 23:24:13.000,8.4
2026-03-14 23:24:13.000,9.6
2026-03-14 23:24:27.000,9.6
2026-03-14 23:24:27.000,8.4
2026-03-14 23:25:01.000,8.4
2026-03-14 23:25:01.000,9.6
2026-03-14 23:25:19.000,9.6
2026-03-14 23:25:19.000,8.4
2026-03-14 23:25:23.000,8.4
2026-03-14 23:25:23.000,9.6
2026-03-14 23:25:31.000,9.6
2026-03-14 23:25:31.000,10.8
2026-03-14 23:25:35.000,10.8
2026-03-14 23:25:35.000,9.6
2026-03-14 23:25:39.000,9.6
2026-03-14 23:25:39.000,8.4
2026-03-14 23:25:41.000,8.4
2026-03-14 23:25:41.000,7.2
2026-03-14 23:25:45.000,7.2
2026-03-14 23:25:45.000,6
2026-03-14 23:25:49.000,6
2026-03-14 23:25:49.000,4.8
2026-03-14 23:25:51.000,4.8
2026-03-14 23:25:51.000,6
2026-03-14 23:25:53.000,6
2026-03-14 23:25:53.000,7.2
2026-03-14 23:25:55.000,7.2
2026-03-14 23:25:55.000,4.8
2026-03-14 23:25:57.000,4.8
2026-03-14 23:25:57.000,3.6
2026-03-14 23:26:05.000,3.6
2026-03-14 23:26:05.000,4.8
2026-03-14 23:26:11.000,4.8
2026-03-14 23:26:11.000,6
2026-03-14 23:26:13.000,6
2026-03-14 23:26:13.000,7.2
2026-03-14 23:26:17.000,7.2
2026-03-14 23:26:17.000,6
2026-03-14 23:26:53.000,6
2026-03-14 23:26:53.000,7.2
2026-03-14 23:26:55.000,7.2
2026-03-14 23:26:55.000,6
2026-03-14 23:27:37.000,6
2026-03-14 23:27:37.000,7.2
2026-03-14 23:27:39.000,7.2
2026-03-14 23:27:39.000,6
2026-03-14 23:28:05.000,6
2026-03-14 23:28:05.000,7.2
2026-03-14 23:28:15.000,7.2
2026-03-14 23:28:15.000,8.4
2026-03-14 23:28:27.000,8.4
2026-03-14 23:28:27.000,9.6
2026-03-14 23:28:39.000,9.6
2026-03-14 23:28:39.000,10.8
2026-03-14 23:28:47.000,10.8
2026-03-14 23:28:47.000,12
2026-03-14 23:28:53.000,12
2026-03-14 23:28:53.000,10.8
2026-03-14 23:28:55.000,10.8
2026-03-14 23:28:55.000,9.6
2026-03-14 23:28:57.000,9.6
2026-03-14 23:28:57.000,8.4
2026-03-14 23:28:59.000,8.4
2026-03-14 23:28:59.000,6
2026-03-14 23:29:03.000,6
2026-03-14 23:29:03.000,4.8
2026-03-14 23:29:05.000,4.8
2026-03-14 23:29:05.000,6
2026-03-14 23:29:07.000,6
2026-03-14 23:29:07.000,4.8
2026-03-14 23:29:11.000,4.8
2026-03-14 23:29:11.000,6
2026-03-14 23:29:13.000,6
2026-03-14 23:29:13.000,7.2
2026-03-14 23:29:21.000,7.2
2026-03-14 23:29:21.000,6
2026-03-14 23:29:23.000,6
2026-03-14 23:29:23.000,4.8
2026-03-14 23:29:25.000,4.8
2026-03-14 23:29:25.000,6
2026-03-14 23:29:33.000,6
2026-03-14 23:29:33.000,8.4
2026-03-14 23:29:35.000,8.4
2026-03-14 23:29:35.000,10.8
2026-03-14 23:29:37.000,10.8
2026-03-14 23:29:37.000,15.6
2026-03-14 23:29:41.000,15.6
2026-03-14 23:29:41.000,20.4
2026-03-14 23:29:45.000,20.4
2026-03-14 23:29:45.000,22.8
2026-03-14 23:29:47.000,22.8
2026-03-14 23:29:47.000,21.6
2026-03-14 23:29:49.000,21.6
2026-03-14 23:29:49.000,22.8
2026-03-14 23:29:53.000,22.8
2026-03-14 23:29:53.000,24
2026-03-14 23:30:03.000,24
2026-03-14 23:30:03.000,22.8
2026-03-14 23:30:07.000,22.8
2026-03-14 23:30:07.000,21.6
2026-03-14 23:30:13.000,21.6
2026-03-14 23:30:13.000,20.4
2026-03-14 23:30:17.000,20.4
2026-03-14 23:30:17.000,19.2
2026-03-14 23:30:25.000,19.2
2026-03-14 23:30:25.000,18
2026-03-14 23:30:29.000,18
2026-03-14 23:30:29.000,16.8
2026-03-14 23:30:31.000,16.8
2026-03-14 23:30:31.000,15.6
2026-03-14 23:30:33.000,15.6
2026-03-14 23:30:33.000,14.4
2026-03-14 23:30:35.000,14.4
2026-03-14 23:30:35.000,13.2
2026-03-14 23:30:39.000,13.2
2026-03-14 23:30:39.000,12
2026-03-14 23:31:05.000,12
2026-03-14 23:31:05.000,10.8
2026-03-14 23:31:21.000,10.8
2026-03-14 23:31:21.000,12
2026-03-14 23:31:31.000,12
2026-03-14 23:31:31.000,13.2
2026-03-14 23:31:33.000,13.2
2026-03-14 23:31:33.000,12
2026-03-14 23:32:03.000,12
2026-03-14 23:32:03.000,13.2
2026-03-14 23:32:21.000,13.2
2026-03-14 23:32:21.000,12
2026-03-14 23:32:27.000,12
2026-03-14 23:32:27.000,10.8
2026-03-14 23:32:51.000,10.8
2026-03-14 23:32:51.000,12
2026-03-14 23:33:29.000,12
2026-03-14 23:33:29.000,13.2
2026-03-14 23:33:49.000,13.2
2026-03-14 23:33:49.000,12
2026-03-14 23:33:51.000,12
2026-03-14 23:33:51.000,10.8
2026-03-14 23:33:53.000,10.8
2026-03-14 23:33:53.000,9.6
2026-03-14 23:33:55.000,9.6
2026-03-14 23:33:55.000,7.2
2026-03-14 23:33:57.000,7.2
2026-03-14 23:33:57.000,8.4
2026-03-14 23:33:59.000,8.4
2026-03-14 23:33:59.000,7.2
2026-03-14 23:34:43.000,7.2
2026-03-14 23:34:43.000,6
2026-03-14 23:34:45.000,6
2026-03-14 23:34:45.000,7.2
2026-03-14 23:34:51.000,7.2
2026-03-14 23:34:51.000,6
2026-03-14 23:34:53.000,6
2026-03-14 23:34:53.000,7.2
2026-03-14 23:34:57.000,7.2
2026-03-14 23:34:57.000,6
2026-03-14 23:34:59.000,6
2026-03-14 23:34:59.000,7.2
2026-03-14 23:35:13.000,7.2
2026-03-14 23:35:13.000,6
2026-03-14 23:35:17.000,6
2026-03-14 23:35:17.000,7.2
2026-03-14 23:35:51.000,7.2
2026-03-14 23:35:51.000,6
2026-03-14 23:35:55.000,6
2026-03-14 23:35:55.000,7.2
2026-03-14 23:36:05.000,7.2
2026-03-14 23:36:05.000,6
2026-03-14 23:36:07.000,6
2026-03-14 23:36:07.000,7.2
2026-03-14 23:36:19.000,7.2
2026-03-14 23:36:19.000,6
2026-03-14 23:36:21.000,6
2026-03-14 23:36:21.000,7.2
2026-03-14 23:36:53.000,7.2
2026-03-14 23:36:53.000,6
2026-03-14 23:37:07.000,6
2026-03-14 23:37:07.000,7.2
2026-03-14 23:37:37.000,7.2
2026-03-14 23:37:37.000,6
2026-03-14 23:37:45.000,6
2026-03-14 23:37:45.000,7.2
2026-03-14 23:37:49.000,7.2
2026-03-14 23:37:49.000,6
2026-03-14 23:37:51.000,6
2026-03-14 23:37:51.000,7.2
2026-03-14 23:38:43.000,7.2
2026-03-14 23:38:43.000,6
2026-03-14 23:38:45.000,6
2026-03-14 23:38:45.000,7.2
2026-03-14 23:39:03.000,7.2
2026-03-14 23:39:03.000,6
2026-03-14 23:39:05.000,6
2026-03-14 23:39:05.000,7.2
2026-03-14 23:39:25.000,7.2
2026-03-14 23:39:25.000,6
2026-03-14 23:39:33.000,6
2026-03-14 23:39:33.000,7.2
2026-03-14 23:40:41.000,7.2
2026-03-14 23:40:41.000,6
2026-03-14 23:40:43.000,6
2026-03-14 23:40:43.000,7.2
2026-03-14 23:41:03.000,7.2
2026-03-14 23:41:03.000,6
2026-03-14 23:41:05.000,6
2026-03-14 23:41:05.000,7.2
2026-03-14 23:41:45.000,7.2
2026-03-14 23:41:45.000,6
2026-03-14 23:41:47.000,6
2026-03-14 23:41:47.000,7.2
2026-03-14 23:41:51.000,7.2
2026-03-14 23:41:51.000,6
2026-03-14 23:41:55.000,6
2026-03-14 23:41:55.000,7.2
2026-03-14 23:42:19.000,7.2
2026-03-14 23:42:19.000,6
2026-03-14 23:42:29.000,6
2026-03-14 23:42:29.000,7.2
2026-03-14 23:42:55.000,7.2
2026-03-14 23:42:55.000,6
2026-03-14 23:43:13.000,6
2026-03-14 23:43:13.000,7.2
2026-03-14 23:43:31.000,7.2
2026-03-14 23:43:31.000,6
2026-03-14 23:43:33.000,6
2026-03-14 23:43:33.000,7.2
2026-03-14 23:43:43.000,7.2
2026-03-14 23:43:43.000,6
2026-03-14 23:43:45.000,6
2026-03-14 23:43:45.000,7.2
2026-03-14 23:43:47.000,7.2
2026-03-14 23:43:47.000,6
2026-03-14 23:43:51.000,6
2026-03-14 23:43:51.000,7.2
2026-03-14 23:44:25.000,7.2
2026-03-14 23:44:25.000,8.4
2026-03-14 23:44:45.000,8.4
2026-03-14 23:44:45.000,9.6
2026-03-14 23:44:53.000,9.6
2026-03-14 23:44:53.000,10.8
2026-03-14 23:45:01.000,10.8
2026-03-14 23:45:01.000,9.6
2026-03-14 23:45:33.000,9.6
2026-03-14 23:45:33.000,10.8
2026-03-14 23:45:39.000,10.8
2026-03-14 23:45:39.000,9.6
2026-03-14 23:45:43.000,9.6
2026-03-14 23:45:43.000,8.4
2026-03-14 23:45:49.000,8.4
2026-03-14 23:45:49.000,7.2
2026-03-14 23:46:01.000,7.2
2026-03-14 23:46:01.000,8.4
2026-03-14 23:46:19.000,8.4
2026-03-14 23:46:19.000,7.2
2026-03-14 23:46:29.000,7.2
2026-03-14 23:46:29.000,8.4
2026-03-14 23:47:01.000,8.4
2026-03-14 23:47:01.000,9.6
2026-03-14 23:47:03.000,9.6
2026-03-14 23:47:03.000,12
2026-03-14 23:47:07.000,12
2026-03-14 23:47:07.000,13.2
2026-03-14 23:47:11.000,13.2
2026-03-14 23:47:11.000,14.4
2026-03-14 23:47:13.000,14.4
2026-03-14 23:47:13.000,15.6
2026-03-14 23:47:15.000,15.6
2026-03-14 23:47:15.000,14.4
2026-03-14 23:47:19.000,14.4
2026-03-14 23:47:19.000,15.6
2026-03-14 23:47:29.000,15.6
2026-03-14 23:47:29.000,16.8
2026-03-14 23:47:59.000,16.8
2026-03-14 23:47:59.000,18
2026-03-14 23:48:03.000,18
2026-03-14 23:48:03.000,16.8
2026-03-14 23:48:05.000,16.8
2026-03-14 23:48:05.000,18
2026-03-14 23:48:11.000,18
2026-03-14 23:48:11.000,16.8
2026-03-14 23:48:13.000,16.8
2026-03-14 23:48:13.000,15.6
2026-03-14 23:48:15.000,15.6
2026-03-14 23:48:15.000,13.2
2026-03-14 23:48:19.000,13.2
2026-03-14 23:48:19.000,12
2026-03-14 23:48:23.000,12
2026-03-14 23:48:23.000,10.8
2026-03-14 23:48:25.000,10.8
2026-03-14 23:48:25.000,12
2026-03-14 23:48:33.000,12
2026-03-14 23:48:33.000,13.2
2026-03-14 23:48:35.000,13.2
2026-03-14 23:48:35.000,15.6
2026-03-14 23:48:37.000,15.6
2026-03-14 23:48:37.000,19.2
2026-03-14 23:48:39.000,19.2
2026-03-14 23:48:39.000,18
2026-03-14 23:48:41.000,18
2026-03-14 23:48:41.000,21.6
2026-03-14 23:48:43.000,21.6
2026-03-14 23:48:43.000,20.4
2026-03-14 23:48:45.000,20.4
2026-03-14 23:48:45.000,21.6
2026-03-14 23:48:49.000,21.6
2026-03-14 23:48:49.000,22.8
2026-03-14 23:49:09.000,22.8
2026-03-14 23:49:09.000,24
2026-03-14 23:49:21.000,24
2026-03-14 23:49:21.000,21.6
2026-03-14 23:49:23.000,21.6
2026-03-14 23:49:23.000,19.2
2026-03-14 23:49:25.000,19.2
2026-03-14 23:49:25.000,13.2
2026-03-14 23:49:27.000,13.2
2026-03-14 23:49:27.000,12
2026-03-14 23:49:31.000,12
2026-03-14 23:49:31.000,8.4
2026-03-14 23:49:33.000,8.4
2026-03-14 23:49:33.000,9.6
2026-03-14 23:49:35.000,9.6
2026-03-14 23:49:35.000,8.4
2026-03-14 23:49:53.000,8.4
2026-03-14 23:49:53.000,9.6
2026-03-14 23:49:59.000,9.6
2026-03-14 23:49:59.000,8.4
2026-03-14 23:51:39.000,8.4
2026-03-14 23:51:39.000,9.6
2026-03-14 23:53:11.000,9.6
2026-03-14 23:53:11.000,10.8
2026-03-14 23:53:13.000,10.8
2026-03-14 23:53:13.000,9.6
2026-03-14 23:53:23.000,9.6
2026-03-14 23:53:23.000,10.8
2026-03-14 23:53:29.000,10.8
2026-03-14 23:53:29.000,9.6
2026-03-14 23:53:31.000,9.6
2026-03-14 23:53:31.000,8.4
2026-03-14 23:53:33.000,8.4
2026-03-14 23:53:33.000,9.6
2026-03-14 23:53:41.000,9.6
2026-03-14 23:53:41.000,8.4
2026-03-14 23:53:53.000,8.4
2026-03-14 23:53:53.000,10.8
2026-03-14 23:53:55.000,10.8
2026-03-14 23:53:55.000,12
2026-03-14 23:53:57.000,12
2026-03-14 23:53:57.000,13.2
2026-03-14 23:53:59.000,13.2
2026-03-14 23:53:59.000,14.4
2026-03-14 23:54:01.000,14.4
2026-03-14 23:54:01.000,10.8
2026-03-14 23:54:03.000,10.8
2026-03-14 23:54:03.000,9.6
2026-03-14 23:54:05.000,9.6
2026-03-14 23:54:05.000,8.4
2026-03-14 23:54:21.000,8.4
2026-03-14 23:54:21.000,9.6
2026-03-14 23:54:27.000,9.6
2026-03-14 23:54:27.000,10.8
2026-03-14 23:54:37.000,10.8
2026-03-14 23:54:37.000,9.6
2026-03-14 23:54:41.000,9.6
2026-03-14 23:54:41.000,10.8
2026-03-14 23:54:51.000,10.8
2026-03-14 23:54:51.000,9.6
2026-03-14 23:55:09.000,9.6
2026-03-14 23:55:09.000,10.8
2026-03-14 23:55:27.000,10.8
2026-03-14 23:55:27.000,9.6
2026-03-14 23:55:51.000,9.6
2026-03-14 23:55:51.000,10.8
2026-03-14 23:56:19.000,10.8
2026-03-14 23:56:19.000,12
2026-03-14 23:56:21.000,12
2026-03-14 23:56:21.000,10.8
2026-03-14 23:56:25.000,10.8
2026-03-14 23:56:25.000,9.6
2026-03-14 23:56:27.000,9.6
2026-03-14 23:56:27.000,8.4
2026-03-14 23:56:47.000,8.4
2026-03-14 23:56:47.000,9.6
2026-03-14 23:56:59.000,9.6
2026-03-14 23:56:59.000,10.8
2026-03-14 23:57:03.000,10.8
2026-03-14 23:57:03.000,12
2026-03-14 23:57:05.000,12
2026-03-14 23:57:05.000,13.2
2026-03-14 23:57:07.000,13.2
2026-03-14 23:57:07.000,14.4
2026-03-14 23:57:11.000,14.4
2026-03-14 23:57:11.000,15.6
2026-03-14 23:57:13.000,15.6
2026-03-14 23:57:13.000,16.8
2026-03-14 23:57:15.000,16.8
2026-03-14 23:57:15.000,18
2026-03-14 23:57:21.000,18
2026-03-14 23:57:21.000,19.2
2026-03-14 23:57:25.000,19.2
2026-03-14 23:57:25.000,20.4
2026-03-14 23:57:31.000,20.4
2026-03-14 23:57:31.000,21.6
2026-03-14 23:57:55.000,21.6
2026-03-14 23:57:55.000,22.8
2026-03-14 23:58:25.000,22.8
2026-03-14 23:58:25.000,24
2026-03-14 23:58:45.000,24
2026-03-14 23:58:45.000,25.2
2026-03-14 23:59:03.000,25.2
2026-03-14 23:59:03.000,24
2026-03-14 23:59:05.000,24
2026-03-14 23:59:05.000,25.2
2026-03-15 00:00:03.000,25.2
2026-03-15 00:00:03.000,26.4
2026-03-15 00:00:31.000,26.4
2026-03-15 00:00:31.000,25.2
2026-03-15 00:00:33.000,25.2
2026-03-15 00:00:33.000,26.4
2026-03-15 00:01:41.000,26.4
2026-03-15 00:01:41.000,27.6
2026-03-15 00:04:57.000,27.6
2026-03-15 00:04:57.000,28.8
2026-03-15 00:05:13.000,28.8
2026-03-15 00:05:13.000,27.6
2026-03-15 00:05:29.000,27.6
2026-03-15 00:05:29.000,28.8
2026-03-15 00:05:53.000,28.8
2026-03-15 00:05:53.000,27.6
2026-03-15 00:06:09.000,27.6
2026-03-15 00:06:09.000,28.8
2026-03-15 00:06:11.000,28.8
2026-03-15 00:06:11.000,27.6
2026-03-15 00:07:05.000,27.6
2026-03-15 00:07:05.000,26.4
2026-03-15 00:07:27.000,26.4
2026-03-15 00:07:27.000,27.6
2026-03-15 00:07:35.000,27.6
2026-03-15 00:07:35.000,26.4
2026-03-15 00:07:55.000,26.4
2026-03-15 00:07:55.000,27.6
2026-03-15 00:08:13.000,27.6
2026-03-15 00:08:13.000,26.4
2026-03-15 00:08:35.000,26.4
2026-03-15 00:08:35.000,27.6
2026-03-15 00:09:01.000,27.6
2026-03-15 00:09:01.000,28.8
2026-03-15 00:09:21.000,28.8
2026-03-15 00:09:21.000,27.6
2026-03-15 00:09:23.000,27.6
2026-03-15 00:09:23.000,28.8
2026-03-15 00:10:01.000,28.8
2026-03-15 00:10:01.000,27.6
2026-03-15 00:10:03.000,27.6
2026-03-15 00:10:03.000,24
2026-03-15 00:10:05.000,24
2026-03-15 00:10:05.000,21.6
2026-03-15 00:10:07.000,21.6
2026-03-15 00:10:07.000,15.6
2026-03-15 00:10:09.000,15.6
2026-03-15 00:10:09.000,14.4
2026-03-15 00:10:11.000,14.4
2026-03-15 00:10:11.000,13.2
2026-03-15 00:10:13.000,13.2
2026-03-15 00:10:13.000,12
2026-03-15 00:10:15.000,12
2026-03-15 00:10:15.000,16.8
2026-03-15 00:10:17.000,16.8
2026-03-15 00:10:17.000,9.6
2026-03-15 00:10:19.000,9.6
2026-03-15 00:10:19.000,7.2
2026-03-15 00:10:21.000,7.2
2026-03-15 00:10:21.000,1.2
2026-03-15 00:10:23.000,1.2
2026-03-15 00:10:23.000,0
2026-03-15 00:10:25.000,0
2026-03-15 00:10:25.000,2.4
2026-03-15 00:10:27.000,2.4
2026-03-15 00:10:27.000,1.2
2026-03-15 00:10:33.000,1.2
2026-03-15 00:10:33.000,3.6
2026-03-15 00:10:35.000,3.6
2026-03-15 00:10:35.000,4.8
2026-03-15 00:10:39.000,4.8
2026-03-15 00:10:39.000,6
2026-03-15 00:10:41.000,6
2026-03-15 00:10:41.000,4.8
2026-03-15 00:10:49.000,4.8
2026-03-15 00:10:49.000,6
2026-03-15 00:10:59.000,6
2026-03-15 00:10:59.000,7.2
2026-03-15 00:11:05.000,7.2
2026-03-15 00:11:05.000,8.4
2026-03-15 00:11:13.000,8.4
2026-03-15 00:11:13.000,9.6
2026-03-15 00:11:37.000,9.6
2026-03-15 00:11:37.000,10.8
2026-03-15 00:11:41.000,10.8
2026-03-15 00:11:41.000,9.6
2026-03-15 00:11:49.000,9.6
2026-03-15 00:11:49.000,10.8
2026-03-15 00:12:01.000,10.8
2026-03-15 00:12:01.000,12
2026-03-15 00:12:07.000,12
2026-03-15 00:12:07.000,10.8
2026-03-15 00:12:09.000,10.8
2026-03-15 00:12:09.000,12
2026-03-15 00:12:59.000,12
2026-03-15 00:12:59.000,13.2
2026-03-15 00:13:03.000,13.2
2026-03-15 00:13:03.000,12
2026-03-15 00:13:29.000,12
2026-03-15 00:13:29.000,13.2
2026-03-15 00:13:33.000,13.2
2026-03-15 00:13:33.000,12
2026-03-15 00:13:35.000,12
2026-03-15 00:13:35.000,13.2
2026-03-15 00:14:43.000,13.2
2026-03-15 00:14:43.000,14.4
2026-03-15 00:14:45.000,14.4
2026-03-15 00:14:45.000,13.2
2026-03-15 00:15:11.000,13.2
2026-03-15 00:15:11.000,14.4
2026-03-15 00:15:21.000,14.4
2026-03-15 00:15:21.000,16.8
2026-03-15 00:15:23.000,16.8
2026-03-15 00:15:23.000,18
2026-03-15 00:15:25.000,18
2026-03-15 00:15:25.000,16.8
2026-03-15 00:15:27.000,16.8
2026-03-15 00:15:27.000,15.6
2026-03-15 00:15:29.000,15.6
2026-03-15 00:15:29.000,12
2026-03-15 00:15:31.000,12
2026-03-15 00:15:31.000,7.2
2026-03-15 00:15:35.000,7.2
2026-03-15 00:15:35.000,8.4
2026-03-15 00:15:37.000,8.4
2026-03-15 00:15:37.000,7.2
2026-03-15 00:15:39.000,7.2
2026-03-15 00:15:39.000,6
2026-03-15 00:15:45.000,6
2026-03-15 00:15:45.000,7.2
2026-03-15 00:15:47.000,7.2
2026-03-15 00:15:47.000,6
2026-03-15 00:15:49.000,6
2026-03-15 00:15:49.000,7.2
2026-03-15 00:15:59.000,7.2
2026-03-15 00:15:59.000,8.4
2026-03-15 00:16:03.000,8.4
2026-03-15 00:16:03.000,7.2
2026-03-15 00:17:03.000,7.2
2026-03-15 00:17:03.000,6
2026-03-15 00:17:15.000,6
2026-03-15 00:17:15.000,7.2
2026-03-15 00:17:21.000,7.2
2026-03-15 00:17:21.000,6
2026-03-15 00:17:47.000,6
2026-03-15 00:17:47.000,7.2
2026-03-15 00:17:53.000,7.2
2026-03-15 00:17:53.000,6
2026-03-15 00:18:13.000,6
2026-03-15 00:18:13.000,7.2
2026-03-15 00:18:17.000,7.2
2026-03-15 00:18:17.000,8.4
2026-03-15 00:18:23.000,8.4
2026-03-15 00:18:23.000,7.2
2026-03-15 00:18:25.000,7.2
2026-03-15 00:18:25.000,6
2026-03-15 00:18:27.000,6
2026-03-15 00:18:27.000,7.2
2026-03-15 00:18:29.000,7.2
2026-03-15 00:18:29.000,6
2026-03-15 00:18:31.000,6
2026-03-15 00:18:31.000,7.2
2026-03-15 00:18:39.000,7.2
2026-03-15 00:18:39.000,8.4
2026-03-15 00:18:49.000,8.4
2026-03-15 00:18:49.000,9.6
2026-03-15 00:19:03.000,9.6
2026-03-15 00:19:03.000,8.4
2026-03-15 00:19:27.000,8.4
2026-03-15 00:19:27.000,9.6
2026-03-15 00:19:29.000,9.6
2026-03-15 00:19:29.000,10.8
2026-03-15 00:19:31.000,10.8
2026-03-15 00:19:31.000,9.6
2026-03-15 00:19:33.000,9.6
2026-03-15 00:19:33.000,10.8
2026-03-15 00:19:41.000,10.8
2026-03-15 00:19:41.000,9.6
2026-03-15 00:19:59.000,9.6
2026-03-15 00:19:59.000,10.8
2026-03-15 00:20:07.000,10.8
2026-03-15 00:20:07.000,9.6
2026-03-15 00:20:11.000,9.6
2026-03-15 00:20:11.000,8.4
2026-03-15 00:20:13.000,8.4
2026-03-15 00:20:13.000,9.6
2026-03-15 00:20:19.000,9.6
2026-03-15 00:20:19.000,8.4
2026-03-15 00:20:21.000,8.4
2026-03-15 00:20:21.000,9.6
2026-03-15 00:20:23.000,9.6
2026-03-15 00:20:23.000,8.4
2026-03-15 00:20:27.000,8.4
2026-03-15 00:20:27.000,9.6
2026-03-15 00:20:33.000,9.6
2026-03-15 00:20:33.000,10.8
2026-03-15 00:20:37.000,10.8
2026-03-15 00:20:37.000,13.2
2026-03-15 00:20:39.000,13.2
2026-03-15 00:20:39.000,10.8
2026-03-15 00:21:19.000,10.8
2026-03-15 00:21:19.000,12
2026-03-15 00:21:33.000,12
2026-03-15 00:21:33.000,10.8
2026-03-15 00:22:07.000,10.8
2026-03-15 00:22:07.000,12
2026-03-15 00:22:25.000,12
2026-03-15 00:22:25.000,10.8
2026-03-15 00:22:59.000,10.8
2026-03-15 00:22:59.000,12
2026-03-15 00:23:15.000,12
2026-03-15 00:23:15.000,10.8
2026-03-15 00:23:51.000,10.8
2026-03-15 00:23:51.000,12
2026-03-15 00:24:07.000,12
2026-03-15 00:24:07.000,10.8
2026-03-15 00:24:37.000,10.8
2026-03-15 00:24:37.000,12
2026-03-15 00:24:41.000,12
2026-03-15 00:24:41.000,10.8
2026-03-15 00:24:43.000,10.8
2026-03-15 00:24:43.000,12
2026-03-15 00:24:47.000,12
2026-03-15 00:24:47.000,10.8
2026-03-15 00:24:57.000,10.8
2026-03-15 00:24:57.000,12
2026-03-15 00:25:05.000,12
2026-03-15 00:25:05.000,10.8
2026-03-15 00:25:07.000,10.8
2026-03-15 00:25:07.000,9.6
2026-03-15 00:25:17.000,9.6
2026-03-15 00:25:17.000,10.8
2026-03-15 00:25:29.000,10.8
2026-03-15 00:25:29.000,12
2026-03-15 00:25:33.000,12
2026-03-15 00:25:33.000,16.8
2026-03-15 00:25:35.000,16.8
2026-03-15 00:25:35.000,0
2026-03-15 00:25:37.000,0
2026-03-15 00:25:37.000,2.4
2026-03-15 00:25:39.000,2.4
2026-03-15 00:25:39.000,4.8
2026-03-15 00:25:41.000,4.8
2026-03-15 00:25:41.000,6
2026-03-15 00:25:43.000,6
2026-03-15 00:25:43.000,7.2
2026-03-15 00:25:47.000,7.2
2026-03-15 00:25:47.000,8.4
2026-03-15 00:25:59.000,8.4
2026-03-15 00:25:59.000,9.6
2026-03-15 00:26:01.000,9.6
2026-03-15 00:26:01.000,10.8
2026-03-15 00:26:07.000,10.8
2026-03-15 00:26:07.000,12
2026-03-15 00:26:13.000,12
2026-03-15 00:26:13.000,10.8
2026-03-15 00:26:25.000,10.8
2026-03-15 00:26:25.000,9.6
2026-03-15 00:26:37.000,9.6
2026-03-15 00:26:37.000,10.8
2026-03-15 00:26:41.000,10.8
2026-03-15 00:26:41.000,12
2026-03-15 00:26:45.000,12
2026-03-15 00:26:45.000,10.8
2026-03-15 00:26:51.000,10.8
2026-03-15 00:26:51.000,12
2026-03-15 00:26:53.000,12
2026-03-15 00:26:53.000,13.2
2026-03-15 00:26:55.000,13.2
2026-03-15 00:26:55.000,14.4
2026-03-15 00:26:57.000,14.4
2026-03-15 00:26:57.000,16.8
2026-03-15 00:26:59.000,16.8
2026-03-15 00:26:59.000,14.4
2026-03-15 00:27:01.000,14.4
2026-03-15 00:27:01.000,13.2
2026-03-15 00:27:03.000,13.2
2026-03-15 00:27:03.000,12
2026-03-15 00:27:07.000,12
2026-03-15 00:27:07.000,10.8
2026-03-15 00:27:15.000,10.8
2026-03-15 00:27:15.000,12
2026-03-15 00:27:27.000,12
2026-03-15 00:27:27.000,13.2
2026-03-15 00:27:31.000,13.2
2026-03-15 00:27:31.000,12
2026-03-15 00:27:37.000,12
2026-03-15 00:27:37.000,10.8
2026-03-15 00:28:01.000,10.8
2026-03-15 00:28:01.000,12
2026-03-15 00:28:21.000,12
2026-03-15 00:28:21.000,10.8
2026-03-15 00:28:43.000,10.8
2026-03-15 00:28:43.000,12
2026-03-15 00:29:07.000,12
2026-03-15 00:29:07.000,10.8
2026-03-15 00:29:41.000,10.8
2026-03-15 00:29:41.000,12
2026-03-15 00:29:57.000,12
2026-03-15 00:29:57.000,10.8
2026-03-15 00:29:59.000,10.8
2026-03-15 00:29:59.000,12
2026-03-15 00:30:03.000,12
2026-03-15 00:30:03.000,10.8
2026-03-15 00:30:43.000,10.8
2026-03-15 00:30:43.000,12
2026-03-15 00:30:51.000,12
2026-03-15 00:30:51.000,10.8
2026-03-15 00:30:53.000,10.8
2026-03-15 00:30:53.000,12
2026-03-15 00:31:05.000,12
2026-03-15 00:31:05.000,10.8
2026-03-15 00:31:41.000,10.8
2026-03-15 00:31:41.000,12
2026-03-15 00:32:01.000,12
2026-03-15 00:32:01.000,10.8
2026-03-15 00:32:07.000,10.8
2026-03-15 00:32:07.000,12
2026-03-15 00:32:11.000,12
2026-03-15 00:32:11.000,10.8
2026-03-15 00:32:47.000,10.8
2026-03-15 00:32:47.000,12
2026-03-15 00:32:51.000,12
2026-03-15 00:32:51.000,10.8
2026-03-15 00:32:53.000,10.8
2026-03-15 00:32:53.000,12
2026-03-15 00:33:05.000,12
2026-03-15 00:33:05.000,10.8
2026-03-15 00:33:07.000,10.8
2026-03-15 00:33:07.000,12
2026-03-15 00:33:09.000,12
2026-03-15 00:33:09.000,10.8
2026-03-15 00:33:13.000,10.8
2026-03-15 00:33:13.000,12
2026-03-15 00:33:15.000,12
2026-03-15 00:33:15.000,10.8
2026-03-15 00:33:19.000,10.8
2026-03-15 00:33:19.000,12
2026-03-15 00:33:21.000,12
2026-03-15 00:33:21.000,10.8
2026-03-15 00:33:27.000,10.8
2026-03-15 00:33:27.000,12
2026-03-15 00:33:33.000,12
2026-03-15 00:33:33.000,10.8
2026-03-15 00:33:49.000,10.8
2026-03-15 00:33:49.000,12
2026-03-15 00:34:05.000,12
2026-03-15 00:34:05.000,10.8
2026-03-15 00:34:25.000,10.8
2026-03-15 00:34:25.000,12
2026-03-15 00:34:29.000,12
2026-03-15 00:34:29.000,10.8
2026-03-15 00:34:33.000,10.8
2026-03-15 00:34:33.000,12
2026-03-15 00:34:35.000,12
2026-03-15 00:34:35.000,10.8
2026-03-15 00:34:37.000,10.8
2026-03-15 00:34:37.000,12
2026-03-15 00:34:39.000,12
2026-03-15 00:34:39.000,10.8
2026-03-15 00:34:49.000,10.8
2026-03-15 00:34:49.000,12
2026-03-15 00:35:01.000,12
2026-03-15 00:35:01.000,10.8
2026-03-15 00:35:03.000,10.8
2026-03-15 00:35:03.000,12
2026-03-15 00:35:07.000,12
2026-03-15 00:35:07.000,10.8
2026-03-15 00:35:09.000,10.8
2026-03-15 00:35:09.000,12
2026-03-15 00:35:17.000,12
2026-03-15 00:35:17.000,10.8
2026-03-15 00:35:25.000,10.8
2026-03-15 00:35:25.000,12
2026-03-15 00:35:29.000,12
2026-03-15 00:35:29.000,10.8
2026-03-15 00:35:33.000,10.8
2026-03-15 00:35:33.000,12
2026-03-15 00:35:37.000,12
2026-03-15 00:35:37.000,10.8
2026-03-15 00:35:39.000,10.8
2026-03-15 00:35:39.000,12
2026-03-15 00:35:47.000,12
2026-03-15 00:35:47.000,10.8
2026-03-15 00:36:05.000,10.8
2026-03-15 00:36:05.000,12
2026-03-15 00:36:37.000,12
2026-03-15 00:36:37.000,10.8
2026-03-15 00:36:39.000,10.8
2026-03-15 00:36:39.000,12
2026-03-15 00:36:41.000,12
2026-03-15 00:36:41.000,10.8
2026-03-15 00:36:53.000,10.8
2026-03-15 00:36:53.000,12
2026-03-15 00:36:55.000,12
2026-03-15 00:36:55.000,10.8
2026-03-15 00:36:59.000,10.8
2026-03-15 00:36:59.000,12
2026-03-15 00:37:09.000,12
2026-03-15 00:37:09.000,10.8
2026-03-15 00:37:25.000,10.8
2026-03-15 00:37:25.000,12
2026-03-15 00:37:39.000,12
2026-03-15 00:37:39.000,10.8
2026-03-15 00:37:43.000,10.8
2026-03-15 00:37:43.000,12
2026-03-15 00:37:47.000,12
2026-03-15 00:37:47.000,10.8
2026-03-15 00:37:57.000,10.8
2026-03-15 00:37:57.000,12
2026-03-15 00:37:59.000,12
2026-03-15 00:37:59.000,10.8
2026-03-15 00:38:01.000,10.8
2026-03-15 00:38:01.000,12
2026-03-15 00:38:03.000,12
2026-03-15 00:38:03.000,10.8
2026-03-15 00:38:07.000,10.8
2026-03-15 00:38:07.000,12
2026-03-15 00:38:19.000,12
2026-03-15 00:38:19.000,10.8
2026-03-15 00:38:23.000,10.8
2026-03-15 00:38:23.000,12
2026-03-15 00:38:27.000,12
2026-03-15 00:38:27.000,10.8
2026-03-15 00:38:31.000,10.8
2026-03-15 00:38:31.000,12
2026-03-15 00:38:33.000,12
2026-03-15 00:38:33.000,10.8
2026-03-15 00:38:37.000,10.8
2026-03-15 00:38:37.000,12
2026-03-15 00:38:41.000,12
2026-03-15 00:38:41.000,10.8
2026-03-15 00:38:47.000,10.8
2026-03-15 00:38:47.000,12
2026-03-15 00:38:51.000,12
2026-03-15 00:38:51.000,10.8
2026-03-15 00:38:55.000,10.8
2026-03-15 00:38:55.000,12
2026-03-15 00:39:03.000,12
2026-03-15 00:39:03.000,10.8
2026-03-15 00:39:05.000,10.8
2026-03-15 00:39:05.000,12
2026-03-15 00:39:15.000,12
2026-03-15 00:39:15.000,10.8
2026-03-15 00:39:25.000,10.8
2026-03-15 00:39:25.000,12
2026-03-15 00:39:33.000,12
2026-03-15 00:39:33.000,10.8
2026-03-15 00:39:35.000,10.8
2026-03-15 00:39:35.000,12
2026-03-15 00:39:53.000,12
2026-03-15 00:39:53.000,10.8
2026-03-15 00:39:55.000,10.8
2026-03-15 00:39:55.000,12
2026-03-15 00:39:59.000,12
2026-03-15 00:39:59.000,10.8
2026-03-15 00:40:07.000,10.8
2026-03-15 00:40:07.000,12
2026-03-15 00:40:11.000,12
2026-03-15 00:40:11.000,10.8
2026-03-15 00:40:13.000,10.8
2026-03-15 00:40:13.000,12
2026-03-15 00:40:21.000,12
2026-03-15 00:40:21.000,10.8
2026-03-15 00:40:23.000,10.8
2026-03-15 00:40:23.000,12
2026-03-15 00:40:39.000,12
2026-03-15 00:40:39.000,10.8
2026-03-15 00:40:41.000,10.8
2026-03-15 00:40:41.000,12
2026-03-15 00:40:43.000,12
2026-03-15 00:40:43.000,10.8
2026-03-15 00:40:55.000,10.8
2026-03-15 00:40:55.000,12
2026-03-15 00:41:11.000,12
2026-03-15 00:41:11.000,10.8
2026-03-15 00:41:13.000,10.8
2026-03-15 00:41:13.000,12
2026-03-15 00:41:15.000,12
2026-03-15 00:41:15.000,10.8
2026-03-15 00:41:17.000,10.8
2026-03-15 00:41:17.000,12
2026-03-15 00:41:21.000,12
2026-03-15 00:41:21.000,10.8
2026-03-15 00:41:33.000,10.8
2026-03-15 00:41:33.000,12
2026-03-15 00:41:35.000,12
2026-03-15 00:41:35.000,10.8
2026-03-15 00:41:37.000,10.8
2026-03-15 00:41:37.000,12
2026-03-15 00:41:41.000,12
2026-03-15 00:41:41.000,10.8
2026-03-15 00:41:45.000,10.8
2026-03-15 00:41:45.000,12
2026-03-15 00:41:59.000,12
2026-03-15 00:41:59.000,10.8
2026-03-15 00:42:09.000,10.8
2026-03-15 00:42:09.000,12
2026-03-15 00:42:37.000,12
2026-03-15 00:42:37.000,10.8
2026-03-15 00:42:53.000,10.8
2026-03-15 00:42:53.000,12
2026-03-15 00:43:23.000,12
2026-03-15 00:43:23.000,10.8
2026-03-15 00:43:33.000,10.8
2026-03-15 00:43:33.000,12
2026-03-15 00:43:37.000,12
2026-03-15 00:43:37.000,10.8
2026-03-15 00:43:39.000,10.8
2026-03-15 00:43:39.000,12
2026-03-15 00:43:41.000,12
2026-03-15 00:43:41.000,10.8
2026-03-15 00:43:59.000,10.8
2026-03-15 00:43:59.000,12
2026-03-15 00:44:27.000,12
2026-03-15 00:44:27.000,10.8
2026-03-15 00:44:29.000,10.8
2026-03-15 00:44:29.000,12
2026-03-15 00:44:31.000,12
2026-03-15 00:44:31.000,10.8
2026-03-15 00:44:41.000,10.8
2026-03-15 00:44:41.000,12
2026-03-15 00:44:47.000,12
2026-03-15 00:44:47.000,13.2
2026-03-15 00:44:49.000,13.2
2026-03-15 00:44:49.000,14.4
2026-03-15 00:44:51.000,14.4
2026-03-15 00:44:51.000,12
2026-03-15 00:44:53.000,12
2026-03-15 00:44:53.000,13.2
2026-03-15 00:44:55.000,13.2
2026-03-15 00:44:55.000,10.8
2026-03-15 00:44:57.000,10.8
2026-03-15 00:44:57.000,9.6
2026-03-15 00:45:01.000,9.6
2026-03-15 00:45:01.000,8.4
2026-03-15 00:45:03.000,8.4
2026-03-15 00:45:03.000,7.2
2026-03-15 00:45:11.000,7.2
2026-03-15 00:45:11.000,8.4
2026-03-15 00:45:13.000,8.4
2026-03-15 00:45:13.000,10.8
2026-03-15 00:45:15.000,10.8
2026-03-15 00:45:15.000,9.6
2026-03-15 00:45:23.000,9.6
2026-03-15 00:45:23.000,8.4
2026-03-15 00:45:47.000,8.4
2026-03-15 00:45:47.000,9.6
2026-03-15 00:45:59.000,9.6
2026-03-15 00:45:59.000,8.4
2026-03-15 00:47:13.000,8.4
2026-03-15 00:47:13.000,9.6
2026-03-15 00:47:15.000,9.6
2026-03-15 00:47:15.000,8.4
2026-03-15 00:47:29.000,8.4
2026-03-15 00:47:29.000,9.6
2026-03-15 00:47:33.000,9.6
2026-03-15 00:47:33.000,8.4
2026-03-15 00:47:47.000,8.4
2026-03-15 00:47:47.000,9.6
2026-03-15 00:47:51.000,9.6
2026-03-15 00:47:51.000,8.4
2026-03-15 00:48:15.000,8.4
2026-03-15 00:48:15.000,9.6
2026-03-15 00:48:29.000,9.6
2026-03-15 00:48:29.000,8.4
2026-03-15 00:48:55.000,8.4
2026-03-15 00:48:55.000,9.6
2026-03-15 00:48:57.000,9.6
2026-03-15 00:48:57.000,8.4
2026-03-15 00:49:01.000,8.4
2026-03-15 00:49:01.000,9.6
2026-03-15 00:49:19.000,9.6
2026-03-15 00:49:19.000,8.4
2026-03-15 00:49:43.000,8.4
2026-03-15 00:49:43.000,9.6
2026-03-15 00:49:53.000,9.6
2026-03-15 00:49:53.000,8.4
2026-03-15 00:49:55.000,8.4
2026-03-15 00:49:55.000,9.6
2026-03-15 00:50:07.000,9.6
2026-03-15 00:50:07.000,8.4
2026-03-15 00:50:49.000,8.4
2026-03-15 00:50:49.000,9.6
2026-03-15 00:50:53.000,9.6
2026-03-15 00:50:53.000,8.4
2026-03-15 00:50:59.000,8.4
2026-03-15 00:50:59.000,9.6
2026-03-15 00:51:01.000,9.6
2026-03-15 00:51:01.000,8.4
2026-03-15 00:51:05.000,8.4
2026-03-15 00:51:05.000,9.6
2026-03-15 00:51:07.000,9.6
2026-03-15 00:51:07.000,8.4
2026-03-15 00:51:29.000,8.4
2026-03-15 00:51:29.000,9.6
2026-03-15 00:51:37.000,9.6
2026-03-15 00:51:37.000,8.4
2026-03-15 00:51:39.000,8.4
2026-03-15 00:51:39.000,9.6
2026-03-15 00:51:49.000,9.6
2026-03-15 00:51:49.000,8.4
2026-03-15 00:51:59.000,8.4
2026-03-15 00:51:59.000,9.6
2026-03-15 00:52:01.000,9.6
2026-03-15 00:52:01.000,8.4
2026-03-15 00:52:03.000,8.4
2026-03-15 00:52:03.000,9.6
2026-03-15 00:52:07.000,9.6
2026-03-15 00:52:07.000,8.4
2026-03-15 00:52:15.000,8.4
2026-03-15 00:52:15.000,9.6
2026-03-15 00:52:17.000,9.6
2026-03-15 00:52:17.000,8.4
2026-03-15 00:52:21.000,8.4
2026-03-15 00:52:21.000,9.6
2026-03-15 00:52:27.000,9.6
2026-03-15 00:52:27.000,8.4
2026-03-15 00:52:47.000,8.4
2026-03-15 00:52:47.000,9.6
2026-03-15 00:52:49.000,9.6
2026-03-15 00:52:49.000,8.4
2026-03-15 00:52:53.000,8.4
2026-03-15 00:52:53.000,9.6
2026-03-15 00:52:57.000,9.6
2026-03-15 00:52:57.000,8.4
2026-03-15 00:52:59.000,8.4
2026-03-15 00:52:59.000,9.6
2026-03-15 00:53:03.000,9.6
2026-03-15 00:53:03.000,8.4
2026-03-15 00:53:15.000,8.4
2026-03-15 00:53:15.000,9.6
2026-03-15 00:53:17.000,9.6
2026-03-15 00:53:17.000,8.4
2026-03-15 00:53:19.000,8.4
2026-03-15 00:53:19.000,9.6
2026-03-15 00:53:23.000,9.6
2026-03-15 00:53:23.000,8.4
2026-03-15 00:53:39.000,8.4
2026-03-15 00:53:39.000,9.6
2026-03-15 00:53:47.000,9.6
2026-03-15 00:53:47.000,8.4
2026-03-15 00:53:49.000,8.4
2026-03-15 00:53:49.000,9.6
2026-03-15 00:53:55.000,9.6
2026-03-15 00:53:55.000,8.4
2026-03-15 00:53:59.000,8.4
2026-03-15 00:53:59.000,9.6
2026-03-15 00:54:05.000,9.6
2026-03-15 00:54:05.000,8.4
2026-03-15 00:54:35.000,8.4
2026-03-15 00:54:35.000,9.6
2026-03-15 00:54:47.000,9.6
2026-03-15 00:54:47.000,8.4
2026-03-15 00:55:01.000,8.4
2026-03-15 00:55:01.000,9.6
2026-03-15 00:55:11.000,9.6
2026-03-15 00:55:11.000,8.4
2026-03-15 00:55:33.000,8.4
2026-03-15 00:55:33.000,9.6
2026-03-15 00:55:53.000,9.6
2026-03-15 00:55:53.000,8.4
2026-03-15 00:56:47.000,8.4
2026-03-15 00:56:47.000,9.6
2026-03-15 00:57:07.000,9.6
2026-03-15 00:57:07.000,10.8
2026-03-15 00:57:17.000,10.8
2026-03-15 00:57:17.000,9.6
2026-03-15 00:57:19.000,9.6
2026-03-15 00:57:19.000,10.8
2026-03-15 00:57:43.000,10.8
2026-03-15 00:57:43.000,12
2026-03-15 00:57:49.000,12
2026-03-15 00:57:49.000,10.8
2026-03-15 00:58:31.000,10.8
2026-03-15 00:58:31.000,9.6
2026-03-15 00:58:33.000,9.6
2026-03-15 00:58:33.000,12
2026-03-15 00:58:37.000,12
2026-03-15 00:58:37.000,14.4
2026-03-15 00:58:39.000,14.4
2026-03-15 00:58:39.000,18
2026-03-15 00:58:41.000,18
2026-03-15 00:58:41.000,20.4
2026-03-15 00:58:43.000,20.4
2026-03-15 00:58:43.000,18
2026-03-15 00:58:45.000,18
2026-03-15 00:58:45.000,16.8
2026-03-15 00:58:47.000,16.8
2026-03-15 00:58:47.000,15.6
2026-03-15 00:58:49.000,15.6
2026-03-15 00:58:49.000,14.4
2026-03-15 00:58:51.000,14.4
2026-03-15 00:58:51.000,13.2
2026-03-15 00:58:57.000,13.2
2026-03-15 00:58:57.000,12
2026-03-15 00:59:07.000,12
2026-03-15 00:59:07.000,10.8
2026-03-15 00:59:09.000,10.8
2026-03-15 00:59:09.000,9.6
2026-03-15 00:59:13.000,9.6
2026-03-15 00:59:13.000,8.4
2026-03-15 00:59:25.000,8.4
2026-03-15 00:59:25.000,9.6
2026-03-15 00:59:59.000,9.6
2026-03-15 00:59:59.000,8.4
2026-03-15 01:00:01.000,8.4
2026-03-15 01:00:01.000,9.6
2026-03-15 01:00:05.000,9.6
2026-03-15 01:00:05.000,8.4
2026-03-15 01:00:09.000,8.4
2026-03-15 01:00:09.000,9.6
2026-03-15 01:00:23.000,9.6
2026-03-15 01:00:23.000,10.8
2026-03-15 01:00:27.000,10.8
2026-03-15 01:00:27.000,9.6
2026-03-15 01:00:47.000,9.6
2026-03-15 01:00:47.000,8.4
2026-03-15 01:00:53.000,8.4
2026-03-15 01:00:53.000,9.6
2026-03-15 01:01:17.000,9.6
2026-03-15 01:01:17.000,10.8
2026-03-15 01:01:19.000,10.8
2026-03-15 01:01:19.000,9.6
2026-03-15 01:01:29.000,9.6
2026-03-15 01:01:29.000,8.4
2026-03-15 01:01:31.000,8.4
2026-03-15 01:01:31.000,9.6
2026-03-15 01:01:37.000,9.6
2026-03-15 01:01:37.000,8.4
2026-03-15 01:01:39.000,8.4
2026-03-15 01:01:39.000,9.6
2026-03-15 01:01:59.000,9.6
2026-03-15 01:01:59.000,10.8
2026-03-15 01:02:05.000,10.8
2026-03-15 01:02:05.000,9.6
2026-03-15 01:02:09.000,9.6
2026-03-15 01:02:09.000,8.4
2026-03-15 01:02:15.000,8.4
2026-03-15 01:02:15.000,9.6
2026-03-15 01:02:17.000,9.6
2026-03-15 01:02:17.000,10.8
2026-03-15 01:02:21.000,10.8
2026-03-15 01:02:21.000,13.2
2026-03-15 01:02:23.000,13.2
2026-03-15 01:02:23.000,14.4
2026-03-15 01:02:27.000,14.4
2026-03-15 01:02:27.000,15.6
2026-03-15 01:02:35.000,15.6
2026-03-15 01:02:35.000,16.8
2026-03-15 01:02:39.000,16.8
2026-03-15 01:02:39.000,18
2026-03-15 01:02:43.000,18
2026-03-15 01:02:43.000,19.2
2026-03-15 01:02:51.000,19.2
2026-03-15 01:02:51.000,20.4
2026-03-15 01:03:07.000,20.4
2026-03-15 01:03:07.000,21.6
2026-03-15 01:03:15.000,21.6
2026-03-15 01:03:15.000,16.8
2026-03-15 01:03:17.000,16.8
2026-03-15 01:03:17.000,18
2026-03-15 01:03:19.000,18
2026-03-15 01:03:19.000,14.4
2026-03-15 01:03:21.000,14.4
2026-03-15 01:03:21.000,12
2026-03-15 01:04:01.000,12
2026-03-15 01:04:01.000,10.8
2026-03-15 01:04:05.000,10.8
2026-03-15 01:04:05.000,12
2026-03-15 01:04:31.000,12
2026-03-15 01:04:31.000,13.2
2026-03-15 01:04:35.000,13.2
2026-03-15 01:04:35.000,12
2026-03-15 01:04:39.000,12
2026-03-15 01:04:39.000,10.8
2026-03-15 01:04:57.000,10.8
2026-03-15 01:04:57.000,12
2026-03-15 01:05:29.000,12
2026-03-15 01:05:29.000,10.8
2026-03-15 01:05:33.000,10.8
2026-03-15 01:05:33.000,12
2026-03-15 01:05:47.000,12
2026-03-15 01:05:47.000,13.2
2026-03-15 01:05:51.000,13.2
2026-03-15 01:05:51.000,12
2026-03-15 01:05:53.000,12
2026-03-15 01:05:53.000,10.8
2026-03-15 01:06:01.000,10.8
2026-03-15 01:06:01.000,9.6
2026-03-15 01:06:23.000,9.6
2026-03-15 01:06:23.000,10.8
2026-03-15 01:06:25.000,10.8
2026-03-15 01:06:25.000,9.6
2026-03-15 01:06:39.000,9.6
2026-03-15 01:06:39.000,10.8
2026-03-15 01:06:43.000,10.8
2026-03-15 01:06:43.000,9.6
2026-03-15 01:07:05.000,9.6
2026-03-15 01:07:05.000,10.8
2026-03-15 01:07:11.000,10.8
2026-03-15 01:07:11.000,9.6
2026-03-15 01:07:17.000,9.6
2026-03-15 01:07:17.000,10.8
2026-03-15 01:07:19.000,10.8
2026-03-15 01:07:19.000,9.6
2026-03-15 01:07:23.000,9.6
2026-03-15 01:07:23.000,10.8
2026-03-15 01:07:25.000,10.8
2026-03-15 01:07:25.000,9.6
2026-03-15 01:07:39.000,9.6
2026-03-15 01:07:39.000,10.8
2026-03-15 01:07:53.000,10.8
2026-03-15 01:07:53.000,9.6
2026-03-15 01:08:11.000,9.6
2026-03-15 01:08:11.000,8.4
2026-03-15 01:08:15.000,8.4
2026-03-15 01:08:15.000,9.6
2026-03-15 01:08:25.000,9.6
2026-03-15 01:08:25.000,10.8
2026-03-15 01:08:29.000,10.8
2026-03-15 01:08:29.000,12
2026-03-15 01:08:33.000,12
2026-03-15 01:08:33.000,13.2
2026-03-15 01:08:37.000,13.2
2026-03-15 01:08:37.000,12
2026-03-15 01:09:03.000,12
2026-03-15 01:09:03.000,13.2
2026-03-15 01:09:09.000,13.2
2026-03-15 01:09:09.000,14.4
2026-03-15 01:09:21.000,14.4
2026-03-15 01:09:21.000,13.2
2026-03-15 01:09:23.000,13.2
2026-03-15 01:09:23.000,14.4
2026-03-15 01:09:37.000,14.4
2026-03-15 01:09:37.000,15.6
2026-03-15 01:09:49.000,15.6
2026-03-15 01:09:49.000,16.8
2026-03-15 01:10:05.000,16.8
2026-03-15 01:10:05.000,18
2026-03-15 01:10:31.000,18
2026-03-15 01:10:31.000,19.2
2026-03-15 01:10:47.000,19.2
2026-03-15 01:10:47.000,18
2026-03-15 01:10:51.000,18
2026-03-15 01:10:51.000,16.8
2026-03-15 01:10:53.000,16.8
2026-03-15 01:10:53.000,14.4
2026-03-15 01:10:57.000,14.4
2026-03-15 01:10:57.000,13.2
2026-03-15 01:11:03.000,13.2
2026-03-15 01:11:03.000,10.8
2026-03-15 01:11:05.000,10.8
2026-03-15 01:11:05.000,13.2
2026-03-15 01:11:09.000,13.2
2026-03-15 01:11:09.000,12
2026-03-15 01:11:13.000,12
2026-03-15 01:11:13.000,13.2
2026-03-15 01:11:15.000,13.2
2026-03-15 01:11:15.000,12
2026-03-15 01:11:17.000,12
2026-03-15 01:11:17.000,13.2
2026-03-15 01:11:21.000,13.2
2026-03-15 01:11:21.000,14.4
2026-03-15 01:11:25.000,14.4
2026-03-15 01:11:25.000,15.6
2026-03-15 01:11:27.000,15.6
2026-03-15 01:11:27.000,16.8
2026-03-15 01:11:31.000,16.8
2026-03-15 01:11:31.000,18
2026-03-15 01:11:33.000,18
2026-03-15 01:11:33.000,19.2
2026-03-15 01:11:37.000,19.2
2026-03-15 01:11:37.000,20.4
2026-03-15 01:11:39.000,20.4
2026-03-15 01:11:39.000,21.6
2026-03-15 01:11:49.000,21.6
2026-03-15 01:11:49.000,20.4
2026-03-15 01:11:51.000,20.4
2026-03-15 01:11:51.000,21.6
2026-03-15 01:11:59.000,21.6
2026-03-15 01:11:59.000,22.8
2026-03-15 01:12:23.000,22.8
2026-03-15 01:12:23.000,21.6
2026-03-15 01:12:25.000,21.6
2026-03-15 01:12:25.000,19.2
2026-03-15 01:12:27.000,19.2
2026-03-15 01:12:27.000,18
2026-03-15 01:12:29.000,18
2026-03-15 01:12:29.000,14.4
2026-03-15 01:12:31.000,14.4
2026-03-15 01:12:31.000,12
2026-03-15 01:12:35.000,12
2026-03-15 01:12:35.000,13.2
2026-03-15 01:12:37.000,13.2
2026-03-15 01:12:37.000,10.8
2026-03-15 01:12:47.000,10.8
2026-03-15 01:12:47.000,12
2026-03-15 01:12:57.000,12
2026-03-15 01:12:57.000,10.8
2026-03-15 01:12:59.000,10.8
2026-03-15 01:12:59.000,9.6
2026-03-15 01:13:01.000,9.6
2026-03-15 01:13:01.000,10.8
2026-03-15 01:13:03.000,10.8
2026-03-15 01:13:03.000,12
2026-03-15 01:13:05.000,12
2026-03-15 01:13:05.000,13.2
2026-03-15 01:13:09.000,13.2
2026-03-15 01:13:09.000,14.4
2026-03-15 01:13:13.000,14.4
2026-03-15 01:13:13.000,15.6
2026-03-15 01:13:29.000,15.6
2026-03-15 01:13:29.000,14.4
2026-03-15 01:13:31.000,14.4
2026-03-15 01:13:31.000,15.6
2026-03-15 01:13:33.000,15.6
2026-03-15 01:13:33.000,14.4
2026-03-15 01:13:37.000,14.4
2026-03-15 01:13:37.000,15.6
2026-03-15 01:13:41.000,15.6
2026-03-15 01:13:41.000,14.4
2026-03-15 01:13:45.000,14.4
2026-03-15 01:13:45.000,13.2
2026-03-15 01:13:51.000,13.2
2026-03-15 01:13:51.000,14.4
2026-03-15 01:13:55.000,14.4
2026-03-15 01:13:55.000,13.2
2026-03-15 01:13:59.000,13.2
2026-03-15 01:13:59.000,12
2026-03-15 01:14:19.000,12
2026-03-15 01:14:19.000,10.8
2026-03-15 01:14:25.000,10.8
2026-03-15 01:14:25.000,12
2026-03-15 01:14:31.000,12
2026-03-15 01:14:31.000,10.8
2026-03-15 01:14:35.000,10.8
2026-03-15 01:14:35.000,12
2026-03-15 01:14:37.000,12
2026-03-15 01:14:37.000,13.2
2026-03-15 01:14:39.000,13.2
2026-03-15 01:14:39.000,12
2026-03-15 01:14:43.000,12
2026-03-15 01:14:43.000,13.2
2026-03-15 01:14:47.000,13.2
2026-03-15 01:14:47.000,12
2026-03-15 01:15:09.000,12
2026-03-15 01:15:09.000,10.8
2026-03-15 01:15:15.000,10.8
2026-03-15 01:15:15.000,12
2026-03-15 01:15:23.000,12
2026-03-15 01:15:23.000,13.2
2026-03-15 01:15:29.000,13.2
2026-03-15 01:15:29.000,14.4
2026-03-15 01:15:35.000,14.4
2026-03-15 01:15:35.000,13.2
2026-03-15 01:15:43.000,13.2
2026-03-15 01:15:43.000,14.4
2026-03-15 01:15:49.000,14.4
2026-03-15 01:15:49.000,13.2
2026-03-15 01:15:55.000,13.2
2026-03-15 01:15:55.000,14.4
2026-03-15 01:15:59.000,14.4
2026-03-15 01:15:59.000,15.6
2026-03-15 01:16:01.000,15.6
2026-03-15 01:16:01.000,16.8
2026-03-15 01:16:09.000,16.8
2026-03-15 01:16:09.000,18
2026-03-15 01:16:21.000,18
2026-03-15 01:16:21.000,19.2
2026-03-15 01:16:49.000,19.2
2026-03-15 01:16:49.000,20.4
2026-03-15 01:16:55.000,20.4
2026-03-15 01:16:55.000,19.2
2026-03-15 01:16:57.000,19.2
2026-03-15 01:16:57.000,18
2026-03-15 01:16:59.000,18
2026-03-15 01:16:59.000,15.6
2026-03-15 01:17:03.000,15.6
2026-03-15 01:17:03.000,13.2
2026-03-15 01:17:05.000,13.2
2026-03-15 01:17:05.000,12
2026-03-15 01:17:17.000,12
2026-03-15 01:17:17.000,10.8
2026-03-15 01:17:19.000,10.8
2026-03-15 01:17:19.000,12
2026-03-15 01:17:29.000,12
2026-03-15 01:17:29.000,13.2
2026-03-15 01:17:31.000,13.2
2026-03-15 01:17:31.000,20.4
2026-03-15 01:17:33.000,20.4
2026-03-15 01:17:33.000,12
2026-03-15 01:17:35.000,12
2026-03-15 01:17:35.000,7.2
2026-03-15 01:17:37.000,7.2
2026-03-15 01:17:37.000,10.8
2026-03-15 01:17:39.000,10.8
2026-03-15 01:17:39.000,8.4
2026-03-15 01:17:41.000,8.4
2026-03-15 01:17:41.000,9.6
2026-03-15 01:17:43.000,9.6
2026-03-15 01:17:43.000,8.4
2026-03-15 01:17:51.000,8.4
2026-03-15 01:17:51.000,7.2
2026-03-15 01:18:03.000,7.2
2026-03-15 01:18:03.000,8.4
2026-03-15 01:18:19.000,8.4
2026-03-15 01:18:19.000,7.2
2026-03-15 01:19:11.000,7.2
2026-03-15 01:19:11.000,6
2026-03-15 01:19:19.000,6
2026-03-15 01:19:19.000,7.2
2026-03-15 01:19:45.000,7.2
2026-03-15 01:19:45.000,8.4
2026-03-15 01:19:51.000,8.4
2026-03-15 01:19:51.000,9.6
2026-03-15 01:19:55.000,9.6
2026-03-15 01:19:55.000,10.8
2026-03-15 01:20:03.000,10.8
2026-03-15 01:20:03.000,12
2026-03-15 01:20:17.000,12
2026-03-15 01:20:17.000,13.2
2026-03-15 01:20:19.000,13.2
2026-03-15 01:20:19.000,12
2026-03-15 01:20:21.000,12
2026-03-15 01:20:21.000,13.2
2026-03-15 01:20:35.000,13.2
2026-03-15 01:20:35.000,14.4
2026-03-15 01:20:43.000,14.4
2026-03-15 01:20:43.000,13.2
2026-03-15 01:20:51.000,13.2
2026-03-15 01:20:51.000,12
2026-03-15 01:21:03.000,12
2026-03-15 01:21:03.000,13.2
2026-03-15 01:21:45.000,13.2
2026-03-15 01:21:45.000,12
2026-03-15 01:21:47.000,12
2026-03-15 01:21:47.000,13.2
2026-03-15 01:21:49.000,13.2
2026-03-15 01:21:49.000,12
2026-03-15 01:21:53.000,12
2026-03-15 01:21:53.000,13.2
2026-03-15 01:22:05.000,13.2
2026-03-15 01:22:05.000,12
2026-03-15 01:22:07.000,12
2026-03-15 01:22:07.000,13.2
2026-03-15 01:22:43.000,13.2
2026-03-15 01:22:43.000,12
2026-03-15 01:22:45.000,12
2026-03-15 01:22:45.000,13.2
2026-03-15 01:22:49.000,13.2
2026-03-15 01:22:49.000,12
2026-03-15 01:22:53.000,12
2026-03-15 01:22:53.000,13.2
2026-03-15 01:23:15.000,13.2
2026-03-15 01:23:15.000,12
2026-03-15 01:23:17.000,12
2026-03-15 01:23:17.000,14.4
2026-03-15 01:23:19.000,14.4
2026-03-15 01:23:19.000,13.2
2026-03-15 01:23:23.000,13.2
2026-03-15 01:23:23.000,12
2026-03-15 01:23:27.000,12
2026-03-15 01:23:27.000,13.2
2026-03-15 01:23:31.000,13.2
2026-03-15 01:23:31.000,14.4
2026-03-15 01:23:33.000,14.4
2026-03-15 01:23:33.000,16.8
2026-03-15 01:23:35.000,16.8
2026-03-15 01:23:35.000,19.2
2026-03-15 01:23:37.000,19.2
2026-03-15 01:23:37.000,21.6
2026-03-15 01:23:39.000,21.6
2026-03-15 01:23:39.000,24
2026-03-15 01:23:41.000,24
2026-03-15 01:23:41.000,27.6
2026-03-15 01:23:43.000,27.6
2026-03-15 01:23:43.000,30
2026-03-15 01:23:45.000,30
2026-03-15 01:23:45.000,32.4
2026-03-15 01:23:49.000,32.4
2026-03-15 01:23:49.000,33.6
2026-03-15 01:23:51.000,33.6
2026-03-15 01:23:51.000,32.4
2026-03-15 01:23:53.000,32.4
2026-03-15 01:23:53.000,33.6
2026-03-15 01:23:55.000,33.6
2026-03-15 01:23:55.000,32.4
2026-03-15 01:23:57.000,32.4
2026-03-15 01:23:57.000,26.4
2026-03-15 01:24:01.000,26.4
2026-03-15 01:24:01.000,19.2
2026-03-15 01:24:03.000,19.2
2026-03-15 01:24:03.000,20.4
2026-03-15 01:24:07.000,20.4
2026-03-15 01:24:07.000,22.8
2026-03-15 01:24:09.000,22.8
2026-03-15 01:24:09.000,25.2
2026-03-15 01:24:11.000,25.2
2026-03-15 01:24:11.000,30
2026-03-15 01:24:13.000,30
2026-03-15 01:24:13.000,32.4
2026-03-15 01:24:15.000,32.4
2026-03-15 01:24:15.000,34.8
2026-03-15 01:24:17.000,34.8
2026-03-15 01:24:17.000,37.2
2026-03-15 01:24:21.000,37.2
2026-03-15 01:24:21.000,38.4
2026-03-15 01:24:27.000,38.4
2026-03-15 01:24:27.000,39.6
2026-03-15 01:24:49.000,39.6
2026-03-15 01:24:49.000,38.4
2026-03-15 01:24:51.000,38.4
2026-03-15 01:24:51.000,37.2
2026-03-15 01:24:53.000,37.2
2026-03-15 01:24:53.000,32.4
2026-03-15 01:24:57.000,32.4
2026-03-15 01:24:57.000,28.8
2026-03-15 01:24:59.000,28.8
2026-03-15 01:24:59.000,31.2
2026-03-15 01:25:03.000,31.2
2026-03-15 01:25:03.000,33.6
2026-03-15 01:25:05.000,33.6
2026-03-15 01:25:05.000,34.8
2026-03-15 01:25:07.000,34.8
2026-03-15 01:25:07.000,37.2
2026-03-15 01:25:09.000,37.2
2026-03-15 01:25:09.000,38.4
2026-03-15 01:25:11.000,38.4
2026-03-15 01:25:11.000,40.8
2026-03-15 01:25:15.000,40.8
2026-03-15 01:25:15.000,43.2
2026-03-15 01:25:21.000,43.2
2026-03-15 01:25:21.000,44.4
2026-03-15 01:25:23.000,44.4
2026-03-15 01:25:23.000,43.2
2026-03-15 01:25:33.000,43.2
2026-03-15 01:25:33.000,42
2026-03-15 01:25:43.000,42
2026-03-15 01:25:43.000,40.8
2026-03-15 01:25:49.000,40.8
2026-03-15 01:25:49.000,39.6
2026-03-15 01:25:51.000,39.6
2026-03-15 01:25:51.000,38.4
2026-03-15 01:25:53.000,38.4
2026-03-15 01:25:53.000,34.8
2026-03-15 01:25:55.000,34.8
2026-03-15 01:25:55.000,26.4
2026-03-15 01:25:57.000,26.4
2026-03-15 01:25:57.000,24
2026-03-15 01:25:59.000,24
2026-03-15 01:25:59.000,16.8
2026-03-15 01:26:01.000,16.8
2026-03-15 01:26:01.000,18
2026-03-15 01:26:03.000,18
2026-03-15 01:26:03.000,15.6
2026-03-15 01:26:05.000,15.6
2026-03-15 01:26:05.000,16.8
2026-03-15 01:26:07.000,16.8
2026-03-15 01:26:07.000,19.2
2026-03-15 01:26:11.000,19.2
2026-03-15 01:26:11.000,20.4
2026-03-15 01:26:15.000,20.4
2026-03-15 01:26:15.000,21.6
2026-03-15 01:26:17.000,21.6
2026-03-15 01:26:17.000,22.8
2026-03-15 01:26:19.000,22.8
2026-03-15 01:26:19.000,21.6
2026-03-15 01:26:21.000,21.6
2026-03-15 01:26:21.000,22.8
2026-03-15 01:26:23.000,22.8
2026-03-15 01:26:23.000,21.6
2026-03-15 01:26:25.000,21.6
2026-03-15 01:26:25.000,22.8
2026-03-15 01:26:35.000,22.8
2026-03-15 01:26:35.000,21.6
2026-03-15 01:26:39.000,21.6
2026-03-15 01:26:39.000,22.8
2026-03-15 01:26:45.000,22.8
2026-03-15 01:26:45.000,21.6
2026-03-15 01:26:51.000,21.6
2026-03-15 01:26:51.000,20.4
2026-03-15 01:26:57.000,20.4
2026-03-15 01:26:57.000,19.2
2026-03-15 01:27:03.000,19.2
2026-03-15 01:27:03.000,18
2026-03-15 01:27:17.000,18
2026-03-15 01:27:17.000,19.2
2026-03-15 01:27:25.000,19.2
2026-03-15 01:27:25.000,20.4
2026-03-15 01:27:35.000,20.4
2026-03-15 01:27:35.000,21.6
2026-03-15 01:27:45.000,21.6
2026-03-15 01:27:45.000,22.8
2026-03-15 01:27:55.000,22.8
2026-03-15 01:27:55.000,21.6
2026-03-15 01:28:09.000,21.6
2026-03-15 01:28:09.000,22.8
2026-03-15 01:28:29.000,22.8
2026-03-15 01:28:29.000,21.6
2026-03-15 01:28:31.000,21.6
2026-03-15 01:28:31.000,22.8
2026-03-15 01:28:55.000,22.8
2026-03-15 01:28:55.000,21.6
2026-03-15 01:29:09.000,21.6
2026-03-15 01:29:09.000,20.4
2026-03-15 01:29:45.000,20.4
2026-03-15 01:29:45.000,19.2
2026-03-15 01:29:47.000,19.2
2026-03-15 01:29:47.000,20.4
2026-03-15 01:29:57.000,20.4
2026-03-15 01:29:57.000,21.6
2026-03-15 01:30:05.000,21.6
2026-03-15 01:30:05.000,20.4
2026-03-15 01:30:13.000,20.4
2026-03-15 01:30:13.000,21.6
2026-03-15 01:31:23.000,21.6
2026-03-15 01:31:23.000,20.4
2026-03-15 01:31:29.000,20.4
2026-03-15 01:31:29.000,19.2
2026-03-15 01:31:35.000,19.2
2026-03-15 01:31:35.000,16.8
2026-03-15 01:31:37.000,16.8
2026-03-15 01:31:37.000,10.8
2026-03-15 01:31:39.000,10.8
2026-03-15 01:31:39.000,9.6
2026-03-15 01:31:41.000,9.6
2026-03-15 01:31:41.000,13.2
2026-03-15 01:31:43.000,13.2
2026-03-15 01:31:43.000,12
2026-03-15 01:31:45.000,12
2026-03-15 01:31:45.000,13.2
2026-03-15 01:31:47.000,13.2
2026-03-15 01:31:47.000,12
2026-03-15 01:31:49.000,12
2026-03-15 01:31:49.000,13.2
2026-03-15 01:32:03.000,13.2
2026-03-15 01:32:03.000,12
2026-03-15 01:32:19.000,12
2026-03-15 01:32:19.000,13.2
2026-03-15 01:32:39.000,13.2
2026-03-15 01:32:39.000,12
2026-03-15 01:32:55.000,12
2026-03-15 01:32:55.000,13.2
2026-03-15 01:33:17.000,13.2
2026-03-15 01:33:17.000,12
2026-03-15 01:33:19.000,12
2026-03-15 01:33:19.000,13.2
2026-03-15 01:33:37.000,13.2
2026-03-15 01:33:37.000,14.4
2026-03-15 01:33:43.000,14.4
2026-03-15 01:33:43.000,13.2
2026-03-15 01:33:49.000,13.2
2026-03-15 01:33:49.000,14.4
2026-03-15 01:33:53.000,14.4
2026-03-15 01:33:53.000,18
2026-03-15 01:33:55.000,18
2026-03-15 01:33:55.000,19.2
2026-03-15 01:33:57.000,19.2
2026-03-15 01:33:57.000,20.4
2026-03-15 01:33:59.000,20.4
2026-03-15 01:33:59.000,21.6
2026-03-15 01:34:03.000,21.6
2026-03-15 01:34:03.000,22.8
2026-03-15 01:34:05.000,22.8
2026-03-15 01:34:05.000,24
2026-03-15 01:34:07.000,24
2026-03-15 01:34:07.000,25.2
2026-03-15 01:34:11.000,25.2
2026-03-15 01:34:11.000,27.6
2026-03-15 01:34:13.000,27.6
2026-03-15 01:34:13.000,26.4
2026-03-15 01:34:17.000,26.4
2026-03-15 01:34:17.000,24
2026-03-15 01:34:19.000,24
2026-03-15 01:34:19.000,19.2
2026-03-15 01:34:21.000,19.2
2026-03-15 01:34:21.000,9.6
2026-03-15 01:34:23.000,9.6
2026-03-15 01:34:23.000,14.4
2026-03-15 01:34:25.000,14.4
2026-03-15 01:34:25.000,10.8
2026-03-15 01:34:27.000,10.8
2026-03-15 01:34:27.000,12
2026-03-15 01:34:39.000,12
2026-03-15 01:34:39.000,13.2
2026-03-15 01:34:41.000,13.2
2026-03-15 01:34:41.000,14.4
2026-03-15 01:34:43.000,14.4
2026-03-15 01:34:43.000,15.6
2026-03-15 01:34:45.000,15.6
2026-03-15 01:34:45.000,16.8
2026-03-15 01:34:47.000,16.8
2026-03-15 01:34:47.000,18
2026-03-15 01:34:55.000,18
2026-03-15 01:34:55.000,16.8
2026-03-15 01:34:59.000,16.8
2026-03-15 01:34:59.000,15.6
2026-03-15 01:35:13.000,15.6
2026-03-15 01:35:13.000,16.8
2026-03-15 01:35:21.000,16.8
2026-03-15 01:35:21.000,15.6
2026-03-15 01:35:31.000,15.6
2026-03-15 01:35:31.000,14.4
2026-03-15 01:35:33.000,14.4
2026-03-15 01:35:33.000,15.6
2026-03-15 01:35:37.000,15.6
2026-03-15 01:35:37.000,19.2
2026-03-15 01:35:39.000,19.2
2026-03-15 01:35:39.000,21.6
2026-03-15 01:35:41.000,21.6
2026-03-15 01:35:41.000,24
2026-03-15 01:35:43.000,24
2026-03-15 01:35:43.000,25.2
2026-03-15 01:35:45.000,25.2
2026-03-15 01:35:45.000,28.8
2026-03-15 01:35:47.000,28.8
2026-03-15 01:35:47.000,27.6
2026-03-15 01:35:49.000,27.6
2026-03-15 01:35:49.000,26.4
2026-03-15 01:35:51.000,26.4
2026-03-15 01:35:51.000,24
2026-03-15 01:35:53.000,24
2026-03-15 01:35:53.000,16.8
2026-03-15 01:35:55.000,16.8
2026-03-15 01:35:55.000,15.6
2026-03-15 01:35:57.000,15.6
2026-03-15 01:35:57.000,13.2
2026-03-15 01:35:59.000,13.2
2026-03-15 01:35:59.000,14.4
2026-03-15 01:36:01.000,14.4
2026-03-15 01:36:01.000,13.2
2026-03-15 01:36:07.000,13.2
2026-03-15 01:36:07.000,14.4
2026-03-15 01:36:17.000,14.4
2026-03-15 01:36:17.000,15.6
2026-03-15 01:36:19.000,15.6
2026-03-15 01:36:19.000,14.4
2026-03-15 01:36:31.000,14.4
2026-03-15 01:36:31.000,15.6
2026-03-15 01:36:41.000,15.6
2026-03-15 01:36:41.000,16.8
2026-03-15 01:36:43.000,16.8
2026-03-15 01:36:43.000,19.2
2026-03-15 01:36:45.000,19.2
2026-03-15 01:36:45.000,18
2026-03-15 01:36:47.000,18
2026-03-15 01:36:47.000,19.2
2026-03-15 01:36:49.000,19.2
2026-03-15 01:36:49.000,18
2026-03-15 01:36:53.000,18
2026-03-15 01:36:53.000,16.8
2026-03-15 01:36:59.000,16.8
2026-03-15 01:36:59.000,18
2026-03-15 01:37:03.000,18
2026-03-15 01:37:03.000,15.6
2026-03-15 01:37:07.000,15.6
2026-03-15 01:37:07.000,14.4
2026-03-15 01:37:11.000,14.4
2026-03-15 01:37:11.000,15.6
2026-03-15 01:37:23.000,15.6
2026-03-15 01:37:23.000,14.4
2026-03-15 01:37:31.000,14.4
2026-03-15 01:37:31.000,15.6
2026-03-15 01:37:33.000,15.6
2026-03-15 01:37:33.000,16.8
2026-03-15 01:37:41.000,16.8
2026-03-15 01:37:41.000,18
2026-03-15 01:37:45.000,18
2026-03-15 01:37:45.000,16.8
2026-03-15 01:37:47.000,16.8
2026-03-15 01:37:47.000,19.2
2026-03-15 01:37:53.000,19.2
2026-03-15 01:37:53.000,20.4
2026-03-15 01:37:57.000,20.4
2026-03-15 01:37:57.000,21.6
2026-03-15 01:38:01.000,21.6
2026-03-15 01:38:01.000,22.8
2026-03-15 01:38:05.000,22.8
2026-03-15 01:38:05.000,24
2026-03-15 01:38:07.000,24
2026-03-15 01:38:07.000,26.4
2026-03-15 01:38:09.000,26.4
2026-03-15 01:38:09.000,27.6
2026-03-15 01:38:11.000,27.6
2026-03-15 01:38:11.000,32.4
2026-03-15 01:38:13.000,32.4
2026-03-15 01:38:13.000,31.2
2026-03-15 01:38:15.000,31.2
2026-03-15 01:38:15.000,34.8
2026-03-15 01:38:17.000,34.8
2026-03-15 01:38:17.000,33.6
2026-03-15 01:38:19.000,33.6
2026-03-15 01:38:19.000,34.8
2026-03-15 01:38:21.000,34.8
2026-03-15 01:38:21.000,33.6
2026-03-15 01:38:35.000,33.6
2026-03-15 01:38:35.000,34.8
2026-03-15 01:38:43.000,34.8
2026-03-15 01:38:43.000,36
2026-03-15 01:38:49.000,36
2026-03-15 01:38:49.000,37.2
2026-03-15 01:39:01.000,37.2
2026-03-15 01:39:01.000,31.2
2026-03-15 01:39:03.000,31.2
2026-03-15 01:39:03.000,26.4
2026-03-15 01:39:05.000,26.4
2026-03-15 01:39:05.000,15.6
2026-03-15 01:39:07.000,15.6
2026-03-15 01:39:07.000,19.2
2026-03-15 01:39:09.000,19.2
2026-03-15 01:39:09.000,13.2
2026-03-15 01:39:11.000,13.2
2026-03-15 01:39:11.000,14.4
2026-03-15 01:39:31.000,14.4
2026-03-15 01:39:31.000,15.6
2026-03-15 01:39:35.000,15.6
2026-03-15 01:39:35.000,16.8
2026-03-15 01:39:41.000,16.8
2026-03-15 01:39:41.000,15.6
2026-03-15 01:39:47.000,15.6
2026-03-15 01:39:47.000,14.4
2026-03-15 01:40:15.000,14.4
2026-03-15 01:40:15.000,15.6
2026-03-15 01:40:29.000,15.6
2026-03-15 01:40:29.000,14.4
2026-03-15 01:41:03.000,14.4
2026-03-15 01:41:03.000,15.6
2026-03-15 01:41:05.000,15.6
2026-03-15 01:41:05.000,16.8
2026-03-15 01:41:07.000,16.8
2026-03-15 01:41:07.000,15.6
2026-03-15 01:41:11.000,15.6
2026-03-15 01:41:11.000,16.8
2026-03-15 01:41:13.000,16.8
2026-03-15 01:41:13.000,19.2
2026-03-15 01:41:15.000,19.2
2026-03-15 01:41:15.000,20.4
2026-03-15 01:41:17.000,20.4
2026-03-15 01:41:17.000,21.6
2026-03-15 01:41:19.000,21.6
2026-03-15 01:41:19.000,22.8
2026-03-15 01:41:21.000,22.8
2026-03-15 01:41:21.000,24
2026-03-15 01:41:23.000,24
2026-03-15 01:41:23.000,25.2
2026-03-15 01:41:25.000,25.2
2026-03-15 01:41:25.000,26.4
2026-03-15 01:41:29.000,26.4
2026-03-15 01:41:29.000,27.6
2026-03-15 01:41:31.000,27.6
2026-03-15 01:41:31.000,28.8
2026-03-15 01:41:33.000,28.8
2026-03-15 01:41:33.000,31.2
2026-03-15 01:41:35.000,31.2
2026-03-15 01:41:35.000,34.8
2026-03-15 01:41:39.000,34.8
2026-03-15 01:41:39.000,37.2
2026-03-15 01:41:45.000,37.2
2026-03-15 01:41:45.000,38.4
2026-03-15 01:41:47.000,38.4
2026-03-15 01:41:47.000,37.2
2026-03-15 01:41:49.000,37.2
2026-03-15 01:41:49.000,36
2026-03-15 01:41:51.000,36
2026-03-15 01:41:51.000,31.2
2026-03-15 01:41:53.000,31.2
2026-03-15 01:41:53.000,21.6
2026-03-15 01:41:55.000,21.6
2026-03-15 01:41:55.000,19.2
2026-03-15 01:41:57.000,19.2
2026-03-15 01:41:57.000,16.8
2026-03-15 01:42:01.000,16.8
2026-03-15 01:42:01.000,15.6
2026-03-15 01:42:15.000,15.6
2026-03-15 01:42:15.000,16.8
2026-03-15 01:42:21.000,16.8
2026-03-15 01:42:21.000,18
2026-03-15 01:42:29.000,18
2026-03-15 01:42:29.000,16.8
2026-03-15 01:42:37.000,16.8
2026-03-15 01:42:37.000,15.6
2026-03-15 01:42:55.000,15.6
2026-03-15 01:42:55.000,16.8
2026-03-15 01:42:59.000,16.8
2026-03-15 01:42:59.000,18
2026-03-15 01:43:05.000,18
2026-03-15 01:43:05.000,16.8
2026-03-15 01:43:13.000,16.8
2026-03-15 01:43:13.000,15.6
2026-03-15 01:43:29.000,15.6
2026-03-15 01:43:29.000,16.8
2026-03-15 01:43:47.000,16.8
2026-03-15 01:43:47.000,15.6
2026-03-15 01:43:55.000,15.6
2026-03-15 01:43:55.000,16.8
2026-03-15 01:43:59.000,16.8
2026-03-15 01:43:59.000,15.6
2026-03-15 01:44:27.000,15.6
2026-03-15 01:44:27.000,16.8
2026-03-15 01:44:47.000,16.8
2026-03-15 01:44:47.000,18
2026-03-15 01:44:49.000,18
2026-03-15 01:44:49.000,15.6
2026-03-15 01:44:53.000,15.6
2026-03-15 01:44:53.000,14.4
2026-03-15 01:45:09.000,14.4
2026-03-15 01:45:09.000,15.6
2026-03-15 01:45:25.000,15.6
2026-03-15 01:45:25.000,18
2026-03-15 01:45:27.000,18
2026-03-15 01:45:27.000,22.8
2026-03-15 01:45:29.000,22.8
2026-03-15 01:45:29.000,21.6
2026-03-15 01:45:31.000,21.6
2026-03-15 01:45:31.000,25.2
2026-03-15 01:45:35.000,25.2
2026-03-15 01:45:35.000,26.4
2026-03-15 01:45:37.000,26.4
2026-03-15 01:45:37.000,27.6
2026-03-15 01:45:43.000,27.6
2026-03-15 01:45:43.000,28.8
2026-03-15 01:45:49.000,28.8
2026-03-15 01:45:49.000,30
2026-03-15 01:45:51.000,30
2026-03-15 01:45:51.000,31.2
2026-03-15 01:45:53.000,31.2
2026-03-15 01:45:53.000,32.4
2026-03-15 01:45:55.000,32.4
2026-03-15 01:45:55.000,33.6
2026-03-15 01:45:57.000,33.6
2026-03-15 01:45:57.000,34.8
2026-03-15 01:46:03.000,34.8
2026-03-15 01:46:03.000,36
2026-03-15 01:46:09.000,36
2026-03-15 01:46:09.000,37.2
2026-03-15 01:46:21.000,37.2
2026-03-15 01:46:21.000,38.4
2026-03-15 01:49:15.000,38.4
2026-03-15 01:49:15.000,39.6
2026-03-15 01:49:19.000,39.6
2026-03-15 01:49:19.000,38.4
2026-03-15 01:49:41.000,38.4
2026-03-15 01:49:41.000,39.6
2026-03-15 01:49:59.000,39.6
2026-03-15 01:49:59.000,38.4
2026-03-15 01:50:25.000,38.4
2026-03-15 01:50:25.000,39.6
2026-03-15 01:50:49.000,39.6
2026-03-15 01:50:49.000,38.4
2026-03-15 01:50:59.000,38.4
2026-03-15 01:50:59.000,43.2
2026-03-15 01:51:01.000,43.2
2026-03-15 01:51:01.000,12
2026-03-15 01:51:03.000,12
2026-03-15 01:51:03.000,15.6
2026-03-15 01:51:07.000,15.6
2026-03-15 01:51:07.000,18
2026-03-15 01:51:11.000,18
2026-03-15 01:51:11.000,16.8
2026-03-15 01:51:13.000,16.8
2026-03-15 01:51:13.000,15.6
2026-03-15 01:51:17.000,15.6
2026-03-15 01:51:17.000,16.8
2026-03-15 01:51:23.000,16.8
2026-03-15 01:51:23.000,18
2026-03-15 01:51:29.000,18
2026-03-15 01:51:29.000,19.2
2026-03-15 01:51:31.000,19.2
2026-03-15 01:51:31.000,20.4
2026-03-15 01:51:37.000,20.4
2026-03-15 01:51:37.000,19.2
2026-03-15 01:51:41.000,19.2
2026-03-15 01:51:41.000,18
2026-03-15 01:51:45.000,18
2026-03-15 01:51:45.000,16.8
2026-03-15 01:51:51.000,16.8
2026-03-15 01:51:51.000,18
2026-03-15 01:52:05.000,18
2026-03-15 01:52:05.000,19.2
2026-03-15 01:52:09.000,19.2
2026-03-15 01:52:09.000,20.4
2026-03-15 01:52:17.000,20.4
2026-03-15 01:52:17.000,19.2
2026-03-15 01:52:21.000,19.2
2026-03-15 01:52:21.000,18
2026-03-15 01:52:33.000,18
2026-03-15 01:52:33.000,19.2
2026-03-15 01:52:41.000,19.2
2026-03-15 01:52:41.000,20.4
2026-03-15 01:52:49.000,20.4
2026-03-15 01:52:49.000,21.6
2026-03-15 01:52:57.000,21.6
2026-03-15 01:52:57.000,20.4
2026-03-15 01:52:59.000,20.4
2026-03-15 01:52:59.000,21.6
2026-03-15 01:53:17.000,21.6
2026-03-15 01:53:17.000,22.8
2026-03-15 01:53:21.000,22.8
2026-03-15 01:53:21.000,24
2026-03-15 01:53:25.000,24
2026-03-15 01:53:25.000,25.2
2026-03-15 01:53:47.000,25.2
2026-03-15 01:53:47.000,26.4
2026-03-15 01:53:53.000,26.4
2026-03-15 01:53:53.000,27.6
2026-03-15 01:53:57.000,27.6
2026-03-15 01:53:57.000,28.8
2026-03-15 01:54:03.000,28.8
2026-03-15 01:54:03.000,30
2026-03-15 01:54:29.000,30
2026-03-15 01:54:29.000,31.2
2026-03-15 01:54:37.000,31.2
2026-03-15 01:54:37.000,32.4
2026-03-15 01:55:15.000,32.4
2026-03-15 01:55:15.000,33.6
2026-03-15 01:55:25.000,33.6
2026-03-15 01:55:25.000,34.8
2026-03-15 01:55:29.000,34.8
2026-03-15 01:55:29.000,33.6
2026-03-15 01:55:31.000,33.6
2026-03-15 01:55:31.000,34.8
2026-03-15 01:55:33.000,34.8
2026-03-15 01:55:33.000,33.6
2026-03-15 01:55:49.000,33.6
2026-03-15 01:55:49.000,34.8
2026-03-15 01:56:25.000,34.8
2026-03-15 01:56:25.000,36
2026-03-15 01:56:37.000,36
2026-03-15 01:56:37.000,37.2
2026-03-15 01:56:47.000,37.2
2026-03-15 01:56:47.000,38.4
2026-03-15 01:57:15.000,38.4
2026-03-15 01:57:15.000,39.6
2026-03-15 01:57:41.000,39.6
2026-03-15 01:57:41.000,40.8
2026-03-15 01:57:53.000,40.8
2026-03-15 01:57:53.000,42
2026-03-15 01:57:57.000,42
2026-03-15 01:57:57.000,44.4
2026-03-15 01:58:01.000,44.4
2026-03-15 01:58:01.000,45.6
2026-03-15 01:58:05.000,45.6
2026-03-15 01:58:05.000,46.8
2026-03-15 01:59:29.000,46.8
2026-03-15 01:59:29.000,45.6
2026-03-15 01:59:37.000,45.6
2026-03-15 01:59:37.000,46.8
2026-03-15 01:59:41.000,46.8
2026-03-15 01:59:41.000,45.6
2026-03-15 02:00:01.000,45.6
2026-03-15 02:00:01.000,44.4
2026-03-15 02:00:03.000,44.4
2026-03-15 02:00:03.000,42
2026-03-15 02:00:07.000,42
2026-03-15 02:00:07.000,40.8
2026-03-15 02:00:41.000,40.8
2026-03-15 02:00:41.000,39.6
2026-03-15 02:00:43.000,39.6
2026-03-15 02:00:43.000,40.8
2026-03-15 02:01:01.000,40.8
2026-03-15 02:01:01.000,39.6
2026-03-15 02:01:05.000,39.6
2026-03-15 02:01:05.000,40.8
2026-03-15 02:02:07.000,40.8
2026-03-15 02:02:07.000,42
2026-03-15 02:02:55.000,42
2026-03-15 02:02:55.000,40.8
2026-03-15 02:03:07.000,40.8
2026-03-15 02:03:07.000,42
2026-03-15 02:05:59.000,42
2026-03-15 02:05:59.000,43.2
2026-03-15 02:06:01.000,43.2
2026-03-15 02:06:01.000,42
2026-03-15 02:06:41.000,42
2026-03-15 02:06:41.000,43.2
2026-03-15 02:06:51.000,43.2
2026-03-15 02:06:51.000,42
2026-03-15 02:06:55.000,42
2026-03-15 02:06:55.000,43.2
2026-03-15 02:06:59.000,43.2
2026-03-15 02:06:59.000,42
2026-03-15 02:07:01.000,42
2026-03-15 02:07:01.000,43.2
2026-03-15 02:07:03.000,43.2
2026-03-15 02:07:03.000,42
2026-03-15 02:07:05.000,42
2026-03-15 02:07:05.000,43.2
2026-03-15 02:07:09.000,43.2
2026-03-15 02:07:09.000,42
2026-03-15 02:07:17.000,42
2026-03-15 02:07:17.000,43.2
2026-03-15 02:07:55.000,43.2
2026-03-15 02:07:55.000,42
2026-03-15 02:08:05.000,42
2026-03-15 02:08:05.000,43.2
2026-03-15 02:10:09.000,43.2
2026-03-15 02:10:09.000,42
2026-03-15 02:10:13.000,42
2026-03-15 02:10:13.000,40.8
2026-03-15 02:10:17.000,40.8
2026-03-15 02:10:17.000,39.6
2026-03-15 02:10:21.000,39.6
2026-03-15 02:10:21.000,38.4
2026-03-15 02:11:09.000,38.4
2026-03-15 02:11:09.000,39.6
2026-03-15 02:13:41.000,39.6
2026-03-15 02:13:41.000,40.8
2026-03-15 02:13:43.000,40.8
2026-03-15 02:13:43.000,39.6
2026-03-15 02:13:57.000,39.6
2026-03-15 02:13:57.000,40.8
2026-03-15 02:14:13.000,40.8
2026-03-15 02:14:13.000,39.6
2026-03-15 02:14:15.000,39.6
2026-03-15 02:14:15.000,40.8
2026-03-15 02:14:17.000,40.8
2026-03-15 02:14:17.000,39.6
2026-03-15 02:14:23.000,39.6
2026-03-15 02:14:23.000,40.8
2026-03-15 02:14:45.000,40.8
2026-03-15 02:14:45.000,39.6
2026-03-15 02:14:47.000,39.6
2026-03-15 02:14:47.000,40.8
2026-03-15 02:14:49.000,40.8
2026-03-15 02:14:49.000,39.6
2026-03-15 02:14:57.000,39.6
2026-03-15 02:14:57.000,40.8
2026-03-15 02:15:13.000,40.8
2026-03-15 02:15:13.000,42
2026-03-15 02:15:25.000,42
2026-03-15 02:15:25.000,40.8
2026-03-15 02:15:45.000,40.8
2026-03-15 02:15:45.000,42
2026-03-15 02:16:37.000,42
2026-03-15 02:16:37.000,40.8
2026-03-15 02:16:39.000,40.8
2026-03-15 02:16:39.000,42
2026-03-15 02:17:13.000,42
2026-03-15 02:17:13.000,40.8
2026-03-15 02:17:15.000,40.8
2026-03-15 02:17:15.000,42
2026-03-15 02:18:03.000,42
2026-03-15 02:18:03.000,40.8
2026-03-15 02:18:05.000,40.8
2026-03-15 02:18:05.000,42
2026-03-15 02:19:03.000,42
2026-03-15 02:19:03.000,40.8
2026-03-15 02:19:05.000,40.8
2026-03-15 02:19:05.000,42
2026-03-15 02:19:09.000,42
2026-03-15 02:19:09.000,40.8
2026-03-15 02:19:15.000,40.8
2026-03-15 02:19:15.000,42
2026-03-15 02:19:21.000,42
2026-03-15 02:19:21.000,40.8
2026-03-15 02:19:23.000,40.8
2026-03-15 02:19:23.000,42
2026-03-15 02:21:55.000,42
2026-03-15 02:21:55.000,40.8
2026-03-15 02:21:57.000,40.8
2026-03-15 02:21:57.000,34.8
2026-03-15 02:21:59.000,34.8
2026-03-15 02:21:59.000,24
2026-03-15 02:22:01.000,24
2026-03-15 02:22:01.000,10.8
2026-03-15 02:22:03.000,10.8
2026-03-15 02:22:03.000,20.4
2026-03-15 02:22:05.000,20.4
2026-03-15 02:22:05.000,16.8
2026-03-15 02:22:07.000,16.8
2026-03-15 02:22:07.000,12
2026-03-15 02:22:09.000,12
2026-03-15 02:22:09.000,15.6
2026-03-15 02:22:11.000,15.6
2026-03-15 02:22:11.000,14.4
2026-03-15 02:22:33.000,14.4
2026-03-15 02:22:33.000,15.6
2026-03-15 02:22:43.000,15.6
2026-03-15 02:22:43.000,14.4
2026-03-15 02:23:13.000,14.4
2026-03-15 02:23:13.000,15.6
2026-03-15 02:23:25.000,15.6
2026-03-15 02:23:25.000,14.4
2026-03-15 02:23:45.000,14.4
2026-03-15 02:23:45.000,15.6
2026-03-15 02:23:49.000,15.6
2026-03-15 02:23:49.000,14.4
2026-03-15 02:24:17.000,14.4
2026-03-15 02:24:17.000,15.6
2026-03-15 02:24:19.000,15.6
2026-03-15 02:24:19.000,14.4
2026-03-15 02:24:21.000,14.4
2026-03-15 02:24:21.000,15.6
2026-03-15 02:24:23.000,15.6
2026-03-15 02:24:23.000,14.4
2026-03-15 02:24:25.000,14.4
2026-03-15 02:24:25.000,15.6
2026-03-15 02:24:29.000,15.6
2026-03-15 02:24:29.000,14.4
2026-03-15 02:25:05.000,14.4
2026-03-15 02:25:05.000,15.6
2026-03-15 02:25:11.000,15.6
2026-03-15 02:25:11.000,14.4
2026-03-15 02:26:55.000,14.4
2026-03-15 02:26:55.000,15.6
2026-03-15 02:26:59.000,15.6
2026-03-15 02:26:59.000,16.8
2026-03-15 02:27:03.000,16.8
2026-03-15 02:27:03.000,15.6
2026-03-15 02:27:05.000,15.6
2026-03-15 02:27:05.000,21.6
2026-03-15 02:27:07.000,21.6
2026-03-15 02:27:07.000,12
2026-03-15 02:27:15.000,12
2026-03-15 02:27:15.000,13.2
2026-03-15 02:27:17.000,13.2
2026-03-15 02:27:17.000,12
2026-03-15 02:27:19.000,12
2026-03-15 02:27:19.000,10.8
2026-03-15 02:27:21.000,10.8
2026-03-15 02:27:21.000,12
2026-03-15 02:27:27.000,12
2026-03-15 02:27:27.000,13.2
2026-03-15 02:27:31.000,13.2
2026-03-15 02:27:31.000,14.4
2026-03-15 02:27:35.000,14.4
2026-03-15 02:27:35.000,15.6
2026-03-15 02:27:43.000,15.6
2026-03-15 02:27:43.000,14.4
2026-03-15 02:27:45.000,14.4
2026-03-15 02:27:45.000,13.2
2026-03-15 02:28:15.000,13.2
2026-03-15 02:28:15.000,14.4
2026-03-15 02:28:27.000,14.4
2026-03-15 02:28:27.000,13.2
2026-03-15 02:28:41.000,13.2
2026-03-15 02:28:41.000,12
2026-03-15 02:28:45.000,12
2026-03-15 02:28:45.000,13.2
2026-03-15 02:28:55.000,13.2
2026-03-15 02:28:55.000,18
2026-03-15 02:28:57.000,18
2026-03-15 02:28:57.000,16.8
2026-03-15 02:28:59.000,16.8
2026-03-15 02:28:59.000,15.6
2026-03-15 02:29:01.000,15.6
2026-03-15 02:29:01.000,14.4
2026-03-15 02:29:03.000,14.4
2026-03-15 02:29:03.000,13.2
2026-03-15 02:29:21.000,13.2
2026-03-15 02:29:21.000,14.4
2026-03-15 02:29:27.000,14.4
2026-03-15 02:29:27.000,16.8
2026-03-15 02:29:29.000,16.8
2026-03-15 02:29:29.000,15.6
2026-03-15 02:29:35.000,15.6
2026-03-15 02:29:35.000,14.4
2026-03-15 02:29:39.000,14.4
2026-03-15 02:29:39.000,13.2
2026-03-15 02:30:01.000,13.2
2026-03-15 02:30:01.000,14.4
2026-03-15 02:30:05.000,14.4
2026-03-15 02:30:05.000,15.6
2026-03-15 02:30:11.000,15.6
2026-03-15 02:30:11.000,14.4
2026-03-15 02:30:17.000,14.4
2026-03-15 02:30:17.000,13.2
2026-03-15 02:30:33.000,13.2
2026-03-15 02:30:33.000,14.4
2026-03-15 02:30:57.000,14.4
2026-03-15 02:30:57.000,13.2
2026-03-15 02:31:13.000,13.2
2026-03-15 02:31:13.000,14.4
2026-03-15 02:31:29.000,14.4
2026-03-15 02:31:29.000,13.2
2026-03-15 02:31:33.000,13.2
2026-03-15 02:31:33.000,14.4
2026-03-15 02:31:37.000,14.4
2026-03-15 02:31:37.000,13.2
2026-03-15 02:31:39.000,13.2
2026-03-15 02:31:39.000,14.4
2026-03-15 02:31:41.000,14.4
2026-03-15 02:31:41.000,13.2
2026-03-15 02:31:45.000,13.2
2026-03-15 02:31:45.000,14.4
2026-03-15 02:31:47.000,14.4
2026-03-15 02:31:47.000,13.2
2026-03-15 02:31:49.000,13.2
2026-03-15 02:31:49.000,14.4
2026-03-15 02:32:03.000,14.4
2026-03-15 02:32:03.000,15.6
2026-03-15 02:32:09.000,15.6
2026-03-15 02:32:09.000,14.4
2026-03-15 02:32:11.000,14.4
2026-03-15 02:32:11.000,13.2
2026-03-15 02:32:33.000,13.2
2026-03-15 02:32:33.000,14.4
2026-03-15 02:32:47.000,14.4
2026-03-15 02:32:47.000,13.2
2026-03-15 02:32:51.000,13.2
2026-03-15 02:32:51.000,12
2026-03-15 02:33:11.000,12
2026-03-15 02:33:11.000,13.2
2026-03-15 02:33:17.000,13.2
2026-03-15 02:33:17.000,14.4
2026-03-15 02:33:25.000,14.4
2026-03-15 02:33:25.000,13.2
2026-03-15 02:33:37.000,13.2
2026-03-15 02:33:37.000,12
2026-03-15 02:33:49.000,12
2026-03-15 02:33:49.000,13.2
2026-03-15 02:34:01.000,13.2
2026-03-15 02:34:01.000,14.4
2026-03-15 02:34:05.000,14.4
2026-03-15 02:34:05.000,13.2
2026-03-15 02:34:07.000,13.2
2026-03-15 02:34:07.000,14.4
2026-03-15 02:34:09.000,14.4
2026-03-15 02:34:09.000,13.2
2026-03-15 02:34:17.000,13.2
2026-03-15 02:34:17.000,12
2026-03-15 02:34:35.000,12
2026-03-15 02:34:35.000,13.2
2026-03-15 02:34:43.000,13.2
2026-03-15 02:34:43.000,14.4
2026-03-15 02:34:49.000,14.4
2026-03-15 02:34:49.000,13.2
2026-03-15 02:34:55.000,13.2
2026-03-15 02:34:55.000,12
2026-03-15 02:35:11.000,12
2026-03-15 02:35:11.000,13.2
2026-03-15 02:35:19.000,13.2
2026-03-15 02:35:19.000,14.4
2026-03-15 02:35:29.000,14.4
2026-03-15 02:35:29.000,13.2
2026-03-15 02:35:37.000,13.2
2026-03-15 02:35:37.000,14.4
2026-03-15 02:35:41.000,14.4
2026-03-15 02:35:41.000,15.6
2026-03-15 02:35:43.000,15.6
2026-03-15 02:35:43.000,14.4
2026-03-15 02:35:49.000,14.4
2026-03-15 02:35:49.000,13.2
2026-03-15 02:35:57.000,13.2
2026-03-15 02:35:57.000,12
2026-03-15 02:36:05.000,12
2026-03-15 02:36:05.000,13.2
2026-03-15 02:36:07.000,13.2
2026-03-15 02:36:07.000,14.4
2026-03-15 02:36:17.000,14.4
2026-03-15 02:36:17.000,13.2
2026-03-15 02:36:23.000,13.2
2026-03-15 02:36:23.000,12
2026-03-15 02:36:39.000,12
2026-03-15 02:36:39.000,13.2
2026-03-15 02:36:45.000,13.2
2026-03-15 02:36:45.000,14.4
2026-03-15 02:36:53.000,14.4
2026-03-15 02:36:53.000,13.2
2026-03-15 02:36:59.000,13.2
2026-03-15 02:36:59.000,12
2026-03-15 02:37:21.000,12
2026-03-15 02:37:21.000,13.2
2026-03-15 02:37:27.000,13.2
2026-03-15 02:37:27.000,14.4
2026-03-15 02:37:33.000,14.4
2026-03-15 02:37:33.000,13.2
2026-03-15 02:37:45.000,13.2
2026-03-15 02:37:45.000,12
2026-03-15 02:38:01.000,12
2026-03-15 02:38:01.000,13.2
2026-03-15 02:38:25.000,13.2
2026-03-15 02:38:25.000,12
2026-03-15 02:38:35.000,12
2026-03-15 02:38:35.000,13.2
2026-03-15 02:38:43.000,13.2
2026-03-15 02:38:43.000,12
2026-03-15 02:38:51.000,12
2026-03-15 02:38:51.000,13.2
2026-03-15 02:38:53.000,13.2
2026-03-15 02:38:53.000,12
2026-03-15 02:38:55.000,12
2026-03-15 02:38:55.000,13.2
2026-03-15 02:39:21.000,13.2
2026-03-15 02:39:21.000,12
2026-03-15 02:39:43.000,12
2026-03-15 02:39:43.000,13.2
2026-03-15 02:40:03.000,13.2
2026-03-15 02:40:03.000,12
2026-03-15 02:40:19.000,12
2026-03-15 02:40:19.000,13.2
2026-03-15 02:40:21.000,13.2
2026-03-15 02:40:21.000,12
2026-03-15 02:40:23.000,12
2026-03-15 02:40:23.000,13.2
2026-03-15 02:40:41.000,13.2
2026-03-15 02:40:41.000,12
2026-03-15 02:41:05.000,12
2026-03-15 02:41:05.000,13.2
2026-03-15 02:41:23.000,13.2
2026-03-15 02:41:23.000,12
2026-03-15 02:41:43.000,12
2026-03-15 02:41:43.000,13.2
2026-03-15 02:42:05.000,13.2
2026-03-15 02:42:05.000,12
2026-03-15 02:42:23.000,12
2026-03-15 02:42:23.000,13.2
2026-03-15 02:42:41.000,13.2
2026-03-15 02:42:41.000,12
2026-03-15 02:43:07.000,12
2026-03-15 02:43:07.000,13.2
2026-03-15 02:43:31.000,13.2
2026-03-15 02:43:31.000,12
2026-03-15 02:43:59.000,12
2026-03-15 02:43:59.000,13.2
2026-03-15 02:44:09.000,13.2
2026-03-15 02:44:09.000,12
2026-03-15 02:44:17.000,12
2026-03-15 02:44:17.000,13.2
2026-03-15 02:44:25.000,13.2
2026-03-15 02:44:25.000,12
2026-03-15 02:45:01.000,12
2026-03-15 02:45:01.000,13.2
2026-03-15 02:45:07.000,13.2
2026-03-15 02:45:07.000,12
2026-03-15 02:45:27.000,12
2026-03-15 02:45:27.000,13.2
2026-03-15 02:45:29.000,13.2
2026-03-15 02:45:29.000,14.4
2026-03-15 02:45:33.000,14.4
2026-03-15 02:45:33.000,16.8
2026-03-15 02:45:41.000,16.8
2026-03-15 02:45:41.000,15.6
2026-03-15 02:45:47.000,15.6
2026-03-15 02:45:47.000,16.8
2026-03-15 02:45:51.000,16.8
2026-03-15 02:45:51.000,18
2026-03-15 02:45:53.000,18
2026-03-15 02:45:53.000,19.2
2026-03-15 02:45:57.000,19.2
2026-03-15 02:45:57.000,22.8
2026-03-15 02:45:59.000,22.8
2026-03-15 02:45:59.000,18
2026-03-15 02:46:01.000,18
2026-03-15 02:46:01.000,20.4
2026-03-15 02:46:03.000,20.4
2026-03-15 02:46:03.000,16.8
2026-03-15 02:46:05.000,16.8
2026-03-15 02:46:05.000,18
2026-03-15 02:46:07.000,18
2026-03-15 02:46:07.000,16.8
2026-03-15 02:46:09.000,16.8
2026-03-15 02:46:09.000,18
2026-03-15 02:46:11.000,18
2026-03-15 02:46:11.000,16.8
2026-03-15 02:46:25.000,16.8
2026-03-15 02:46:25.000,18
2026-03-15 02:46:33.000,18
2026-03-15 02:46:33.000,19.2
2026-03-15 02:46:41.000,19.2
2026-03-15 02:46:41.000,18
2026-03-15 02:46:53.000,18
2026-03-15 02:46:53.000,16.8
2026-03-15 02:46:55.000,16.8
2026-03-15 02:46:55.000,18
2026-03-15 02:47:17.000,18
2026-03-15 02:47:17.000,19.2
2026-03-15 02:47:19.000,19.2
2026-03-15 02:47:19.000,18
2026-03-15 02:51:01.000,18
2026-03-15 02:51:01.000,16.8
2026-03-15 02:51:13.000,16.8
2026-03-15 02:51:13.000,18
2026-03-15 02:51:15.000,18
2026-03-15 02:51:15.000,16.8
2026-03-15 02:51:17.000,16.8
2026-03-15 02:51:17.000,18
2026-03-15 02:51:21.000,18
2026-03-15 02:51:21.000,16.8
2026-03-15 02:51:23.000,16.8
2026-03-15 02:51:23.000,18
2026-03-15 02:51:27.000,18
2026-03-15 02:51:27.000,16.8
2026-03-15 02:51:47.000,16.8
2026-03-15 02:51:47.000,18
2026-03-15 02:52:01.000,18
2026-03-15 02:52:01.000,16.8
2026-03-15 02:52:19.000,16.8
2026-03-15 02:52:19.000,18
2026-03-15 02:52:23.000,18
2026-03-15 02:52:23.000,19.2
2026-03-15 02:52:25.000,19.2
2026-03-15 02:52:25.000,18
2026-03-15 02:52:27.000,18
2026-03-15 02:52:27.000,19.2
2026-03-15 02:52:33.000,19.2
2026-03-15 02:52:33.000,20.4
2026-03-15 02:52:41.000,20.4
2026-03-15 02:52:41.000,21.6
2026-03-15 02:53:07.000,21.6
2026-03-15 02:53:07.000,22.8
2026-03-15 02:53:09.000,22.8
2026-03-15 02:53:09.000,21.6
2026-03-15 02:53:11.000,21.6
2026-03-15 02:53:11.000,20.4
2026-03-15 02:53:13.000,20.4
2026-03-15 02:53:13.000,19.2
2026-03-15 02:53:17.000,19.2
2026-03-15 02:53:17.000,18
2026-03-15 02:53:21.000,18
2026-03-15 02:53:21.000,16.8
2026-03-15 02:53:37.000,16.8
2026-03-15 02:53:37.000,18
2026-03-15 02:53:45.000,18
2026-03-15 02:53:45.000,19.2
2026-03-15 02:53:51.000,19.2
2026-03-15 02:53:51.000,18
2026-03-15 02:53:55.000,18
2026-03-15 02:53:55.000,16.8
2026-03-15 02:54:19.000,16.8
2026-03-15 02:54:19.000,18
2026-03-15 02:54:21.000,18
2026-03-15 02:54:21.000,19.2
2026-03-15 02:54:23.000,19.2
2026-03-15 02:54:23.000,18
2026-03-15 02:54:33.000,18
2026-03-15 02:54:33.000,16.8
2026-03-15 02:54:47.000,16.8
2026-03-15 02:54:47.000,15.6
2026-03-15 02:54:49.000,15.6
2026-03-15 02:54:49.000,16.8
2026-03-15 02:54:57.000,16.8
2026-03-15 02:54:57.000,18
2026-03-15 02:55:01.000,18
2026-03-15 02:55:01.000,16.8
2026-03-15 02:55:03.000,16.8
2026-03-15 02:55:03.000,18
2026-03-15 02:55:11.000,18
2026-03-15 02:55:11.000,16.8
2026-03-15 02:55:19.000,16.8
2026-03-15 02:55:19.000,15.6
2026-03-15 02:55:29.000,15.6
2026-03-15 02:55:29.000,16.8
2026-03-15 02:55:31.000,16.8
2026-03-15 02:55:31.000,15.6
2026-03-15 02:55:33.000,15.6
2026-03-15 02:55:33.000,16.8
2026-03-15 02:55:43.000,16.8
2026-03-15 02:55:43.000,15.6
2026-03-15 02:55:45.000,15.6
2026-03-15 02:55:45.000,16.8
2026-03-15 02:55:55.000,16.8
2026-03-15 02:55:55.000,18
2026-03-15 02:56:03.000,18
2026-03-15 02:56:03.000,16.8
2026-03-15 02:56:13.000,16.8
2026-03-15 02:56:13.000,15.6
2026-03-15 02:56:23.000,15.6
2026-03-15 02:56:23.000,16.8
2026-03-15 02:56:49.000,16.8
2026-03-15 02:56:49.000,18
2026-03-15 02:56:51.000,18
2026-03-15 02:56:51.000,16.8
2026-03-15 02:57:07.000,16.8
2026-03-15 02:57:07.000,18
2026-03-15 02:57:15.000,18
2026-03-15 02:57:15.000,19.2
2026-03-15 02:57:43.000,19.2
2026-03-15 02:57:43.000,20.4
2026-03-15 02:58:43.000,20.4
2026-03-15 02:58:43.000,21.6
2026-03-15 02:58:49.000,21.6
2026-03-15 02:58:49.000,19.2
2026-03-15 02:58:51.000,19.2
2026-03-15 02:58:51.000,18
2026-03-15 02:59:07.000,18
2026-03-15 02:59:07.000,19.2
2026-03-15 02:59:19.000,19.2
2026-03-15 02:59:19.000,20.4
2026-03-15 02:59:21.000,20.4
2026-03-15 02:59:21.000,19.2
2026-03-15 02:59:31.000,19.2
2026-03-15 02:59:31.000,18
2026-03-15 02:59:33.000,18
2026-03-15 02:59:33.000,19.2
2026-03-15 02:59:35.000,19.2
2026-03-15 02:59:35.000,20.4
2026-03-15 02:59:39.000,20.4
2026-03-15 02:59:39.000,22.8
2026-03-15 02:59:41.000,22.8
2026-03-15 02:59:41.000,25.2
2026-03-15 02:59:43.000,25.2
2026-03-15 02:59:43.000,24
2026-03-15 02:59:45.000,24
2026-03-15 02:59:45.000,26.4
2026-03-15 02:59:47.000,26.4
2026-03-15 02:59:47.000,25.2
2026-03-15 02:59:53.000,25.2
2026-03-15 02:59:53.000,26.4
2026-03-15 02:59:57.000,26.4
2026-03-15 02:59:57.000,27.6
2026-03-15 02:59:59.000,27.6
2026-03-15 02:59:59.000,28.8
2026-03-15 03:00:01.000,28.8
2026-03-15 03:00:01.000,30
2026-03-15 03:00:05.000,30
2026-03-15 03:00:05.000,31.2
2026-03-15 03:00:09.000,31.2
2026-03-15 03:00:09.000,32.4
2026-03-15 03:00:19.000,32.4
2026-03-15 03:00:19.000,33.6
2026-03-15 03:00:21.000,33.6
2026-03-15 03:00:21.000,32.4
2026-03-15 03:00:23.000,32.4
2026-03-15 03:00:23.000,33.6
2026-03-15 03:00:25.000,33.6
2026-03-15 03:00:25.000,32.4
2026-03-15 03:00:27.000,32.4
2026-03-15 03:00:27.000,28.8
2026-03-15 03:00:29.000,28.8
2026-03-15 03:00:29.000,26.4
2026-03-15 03:00:31.000,26.4
2026-03-15 03:00:31.000,24
2026-03-15 03:00:33.000,24
2026-03-15 03:00:33.000,21.6
2026-03-15 03:00:35.000,21.6
2026-03-15 03:00:35.000,22.8
2026-03-15 03:00:37.000,22.8
2026-03-15 03:00:37.000,21.6
2026-03-15 03:00:45.000,21.6
2026-03-15 03:00:45.000,22.8
2026-03-15 03:00:49.000,22.8
2026-03-15 03:00:49.000,24
2026-03-15 03:00:51.000,24
2026-03-15 03:00:51.000,25.2
2026-03-15 03:00:55.000,25.2
2026-03-15 03:00:55.000,26.4
2026-03-15 03:00:57.000,26.4
2026-03-15 03:00:57.000,27.6
2026-03-15 03:01:01.000,27.6
2026-03-15 03:01:01.000,28.8
2026-03-15 03:01:05.000,28.8
2026-03-15 03:01:05.000,30
2026-03-15 03:01:33.000,30
2026-03-15 03:01:33.000,31.2
2026-03-15 03:01:51.000,31.2
2026-03-15 03:01:51.000,32.4
2026-03-15 03:01:59.000,32.4
2026-03-15 03:01:59.000,33.6
2026-03-15 03:02:01.000,33.6
2026-03-15 03:02:01.000,32.4
2026-03-15 03:02:03.000,32.4
2026-03-15 03:02:03.000,30
2026-03-15 03:02:05.000,30
2026-03-15 03:02:05.000,31.2
2026-03-15 03:02:07.000,31.2
2026-03-15 03:02:07.000,28.8
2026-03-15 03:02:09.000,28.8
2026-03-15 03:02:09.000,30
2026-03-15 03:02:13.000,30
2026-03-15 03:02:13.000,31.2
2026-03-15 03:02:15.000,31.2
2026-03-15 03:02:15.000,32.4
2026-03-15 03:02:19.000,32.4
2026-03-15 03:02:19.000,33.6
2026-03-15 03:02:21.000,33.6
2026-03-15 03:02:21.000,34.8
2026-03-15 03:02:25.000,34.8
2026-03-15 03:02:25.000,32.4
2026-03-15 03:02:27.000,32.4
2026-03-15 03:02:27.000,25.2
2026-03-15 03:02:29.000,25.2
2026-03-15 03:02:29.000,21.6
2026-03-15 03:02:31.000,21.6
2026-03-15 03:02:31.000,19.2
2026-03-15 03:02:33.000,19.2
2026-03-15 03:02:33.000,18
2026-03-15 03:02:35.000,18
2026-03-15 03:02:35.000,19.2
2026-03-15 03:02:39.000,19.2
2026-03-15 03:02:39.000,20.4
2026-03-15 03:02:41.000,20.4
2026-03-15 03:02:41.000,21.6
2026-03-15 03:02:45.000,21.6
2026-03-15 03:02:45.000,22.8
2026-03-15 03:02:47.000,22.8
2026-03-15 03:02:47.000,24
2026-03-15 03:02:49.000,24
2026-03-15 03:02:49.000,25.2
2026-03-15 03:02:51.000,25.2
2026-03-15 03:02:51.000,26.4
2026-03-15 03:02:53.000,26.4
2026-03-15 03:02:53.000,27.6
2026-03-15 03:02:55.000,27.6
2026-03-15 03:02:55.000,28.8
2026-03-15 03:02:59.000,28.8
2026-03-15 03:02:59.000,30
2026-03-15 03:03:03.000,30
2026-03-15 03:03:03.000,31.2
2026-03-15 03:03:05.000,31.2
2026-03-15 03:03:05.000,30
2026-03-15 03:03:09.000,30
2026-03-15 03:03:09.000,31.2
2026-03-15 03:03:15.000,31.2
2026-03-15 03:03:15.000,28.8
2026-03-15 03:03:17.000,28.8
2026-03-15 03:03:17.000,27.6
2026-03-15 03:03:19.000,27.6
2026-03-15 03:03:19.000,30
2026-03-15 03:03:23.000,30
2026-03-15 03:03:23.000,31.2
2026-03-15 03:03:25.000,31.2
2026-03-15 03:03:25.000,30
2026-03-15 03:03:27.000,30
2026-03-15 03:03:27.000,27.6
2026-03-15 03:03:29.000,27.6
2026-03-15 03:03:29.000,19.2
2026-03-15 03:03:31.000,19.2
2026-03-15 03:03:31.000,20.4
2026-03-15 03:03:33.000,20.4
2026-03-15 03:03:33.000,16.8
2026-03-15 03:03:35.000,16.8
2026-03-15 03:03:35.000,19.2
2026-03-15 03:03:39.000,19.2
2026-03-15 03:03:39.000,20.4
2026-03-15 03:03:41.000,20.4
2026-03-15 03:03:41.000,19.2
2026-03-15 03:03:43.000,19.2
2026-03-15 03:03:43.000,18
2026-03-15 03:03:45.000,18
2026-03-15 03:03:45.000,14.4
2026-03-15 03:03:47.000,14.4
2026-03-15 03:03:47.000,9.6
2026-03-15 03:03:51.000,9.6
2026-03-15 03:03:51.000,8.4
2026-03-15 03:03:59.000,8.4
2026-03-15 03:03:59.000,9.6
2026-03-15 03:04:03.000,9.6
2026-03-15 03:04:03.000,10.8
2026-03-15 03:04:11.000,10.8
2026-03-15 03:04:11.000,12
2026-03-15 03:04:13.000,12
2026-03-15 03:04:13.000,16.8
2026-03-15 03:04:15.000,16.8
2026-03-15 03:04:15.000,18
2026-03-15 03:04:17.000,18
2026-03-15 03:04:17.000,21.6
2026-03-15 03:04:19.000,21.6
2026-03-15 03:04:19.000,22.8
2026-03-15 03:04:21.000,22.8
2026-03-15 03:04:21.000,24
2026-03-15 03:04:23.000,24
2026-03-15 03:04:23.000,25.2
2026-03-15 03:04:27.000,25.2
2026-03-15 03:04:27.000,26.4
2026-03-15 03:04:37.000,26.4
2026-03-15 03:04:37.000,27.6
2026-03-15 03:05:37.000,27.6
2026-03-15 03:05:37.000,28.8
2026-03-15 03:05:39.000,28.8
2026-03-15 03:05:39.000,27.6
2026-03-15 03:05:41.000,27.6
2026-03-15 03:05:41.000,28.8
2026-03-15 03:05:45.000,28.8
2026-03-15 03:05:45.000,27.6
2026-03-15 03:05:47.000,27.6
2026-03-15 03:05:47.000,28.8
2026-03-15 03:05:49.000,28.8
2026-03-15 03:05:49.000,27.6
2026-03-15 03:06:09.000,27.6
2026-03-15 03:06:09.000,26.4
2026-03-15 03:06:11.000,26.4
2026-03-15 03:06:11.000,25.2
2026-03-15 03:06:13.000,25.2
2026-03-15 03:06:13.000,24
2026-03-15 03:06:15.000,24
2026-03-15 03:06:15.000,22.8
2026-03-15 03:06:19.000,22.8
2026-03-15 03:06:19.000,21.6
2026-03-15 03:06:29.000,21.6
2026-03-15 03:06:29.000,22.8
2026-03-15 03:06:33.000,22.8
2026-03-15 03:06:33.000,24
2026-03-15 03:06:37.000,24
2026-03-15 03:06:37.000,25.2
2026-03-15 03:06:59.000,25.2
2026-03-15 03:06:59.000,24
2026-03-15 03:07:05.000,24
2026-03-15 03:07:05.000,22.8
2026-03-15 03:07:39.000,22.8
2026-03-15 03:07:39.000,24
2026-03-15 03:07:43.000,24
2026-03-15 03:07:43.000,22.8
2026-03-15 03:07:45.000,22.8
2026-03-15 03:07:45.000,20.4
2026-03-15 03:07:47.000,20.4
2026-03-15 03:07:47.000,19.2
2026-03-15 03:07:49.000,19.2
2026-03-15 03:07:49.000,18
2026-03-15 03:07:51.000,18
2026-03-15 03:07:51.000,16.8
2026-03-15 03:07:53.000,16.8
2026-03-15 03:07:53.000,15.6
2026-03-15 03:08:01.000,15.6
2026-03-15 03:08:01.000,16.8
2026-03-15 03:08:05.000,16.8
2026-03-15 03:08:05.000,15.6
2026-03-15 03:08:09.000,15.6
2026-03-15 03:08:09.000,13.2
2026-03-15 03:08:11.000,13.2
2026-03-15 03:08:11.000,14.4
2026-03-15 03:08:17.000,14.4
2026-03-15 03:08:17.000,13.2
2026-03-15 03:08:23.000,13.2
2026-03-15 03:08:23.000,14.4
2026-03-15 03:08:41.000,14.4
2026-03-15 03:08:41.000,15.6
2026-03-15 03:08:43.000,15.6
2026-03-15 03:08:43.000,16.8
2026-03-15 03:08:47.000,16.8
2026-03-15 03:08:47.000,19.2
2026-03-15 03:08:49.000,19.2
2026-03-15 03:08:49.000,20.4
2026-03-15 03:08:53.000,20.4
2026-03-15 03:08:53.000,22.8
2026-03-15 03:08:55.000,22.8
2026-03-15 03:08:55.000,24
2026-03-15 03:08:59.000,24
2026-03-15 03:08:59.000,25.2
2026-03-15 03:09:03.000,25.2
2026-03-15 03:09:03.000,26.4
2026-03-15 03:09:07.000,26.4
2026-03-15 03:09:07.000,27.6
2026-03-15 03:09:11.000,27.6
2026-03-15 03:09:11.000,28.8
2026-03-15 03:09:21.000,28.8
2026-03-15 03:09:21.000,30
2026-03-15 03:09:25.000,30
2026-03-15 03:09:25.000,27.6
2026-03-15 03:09:27.000,27.6
2026-03-15 03:09:27.000,22.8
2026-03-15 03:09:29.000,22.8
2026-03-15 03:09:29.000,24
2026-03-15 03:09:31.000,24
2026-03-15 03:09:31.000,21.6
2026-03-15 03:09:33.000,21.6
2026-03-15 03:09:33.000,24
2026-03-15 03:09:37.000,24
2026-03-15 03:09:37.000,26.4
2026-03-15 03:09:39.000,26.4
2026-03-15 03:09:39.000,27.6
2026-03-15 03:09:41.000,27.6
2026-03-15 03:09:41.000,28.8
2026-03-15 03:09:43.000,28.8
2026-03-15 03:09:43.000,31.2
2026-03-15 03:09:45.000,31.2
2026-03-15 03:09:45.000,36
2026-03-15 03:09:47.000,36
2026-03-15 03:09:47.000,40.8
2026-03-15 03:09:49.000,40.8
2026-03-15 03:09:49.000,45.6
2026-03-15 03:09:51.000,45.6
2026-03-15 03:09:51.000,46.8
2026-03-15 03:09:53.000,46.8
2026-03-15 03:09:53.000,48
2026-03-15 03:09:57.000,48
2026-03-15 03:09:57.000,45.6
2026-03-15 03:09:59.000,45.6
2026-03-15 03:09:59.000,44.4
2026-03-15 03:10:01.000,44.4
2026-03-15 03:10:01.000,28.8
2026-03-15 03:10:03.000,28.8
2026-03-15 03:10:03.000,2.4
2026-03-15 03:10:05.000,2.4
2026-03-15 03:10:05.000,7.2
2026-03-15 03:10:07.000,7.2
2026-03-15 03:10:07.000,9.6
2026-03-15 03:10:09.000,9.6
2026-03-15 03:10:09.000,10.8
2026-03-15 03:10:23.000,10.8
2026-03-15 03:10:23.000,12
2026-03-15 03:10:29.000,12
2026-03-15 03:10:29.000,13.2
2026-03-15 03:10:43.000,13.2
2026-03-15 03:10:43.000,12
2026-03-15 03:10:59.000,12
2026-03-15 03:10:59.000,10.8
2026-03-15 03:11:03.000,10.8
2026-03-15 03:11:03.000,12
2026-03-15 03:11:25.000,12
2026-03-15 03:11:25.000,13.2
2026-03-15 03:11:31.000,13.2
2026-03-15 03:11:31.000,12
2026-03-15 03:11:49.000,12
2026-03-15 03:11:49.000,13.2
2026-03-15 03:11:59.000,13.2
2026-03-15 03:11:59.000,12
2026-03-15 03:12:15.000,12
2026-03-15 03:12:15.000,10.8
2026-03-15 03:12:21.000,10.8
2026-03-15 03:12:21.000,12
2026-03-15 03:12:29.000,12
2026-03-15 03:12:29.000,13.2
2026-03-15 03:12:31.000,13.2
2026-03-15 03:12:31.000,15.6
2026-03-15 03:12:33.000,15.6
2026-03-15 03:12:33.000,14.4
2026-03-15 03:12:37.000,14.4
2026-03-15 03:12:37.000,13.2
2026-03-15 03:12:39.000,13.2
2026-03-15 03:12:39.000,12
2026-03-15 03:12:45.000,12
2026-03-15 03:12:45.000,10.8
2026-03-15 03:12:47.000,10.8
2026-03-15 03:12:47.000,12
2026-03-15 03:12:49.000,12
2026-03-15 03:12:49.000,13.2
2026-03-15 03:12:53.000,13.2
2026-03-15 03:12:53.000,12
2026-03-15 03:13:03.000,12
2026-03-15 03:13:03.000,13.2
2026-03-15 03:13:09.000,13.2
2026-03-15 03:13:09.000,16.8
2026-03-15 03:13:11.000,16.8
2026-03-15 03:13:11.000,22.8
2026-03-15 03:13:13.000,22.8
2026-03-15 03:13:13.000,18
2026-03-15 03:13:15.000,18
2026-03-15 03:13:15.000,16.8
2026-03-15 03:13:17.000,16.8
2026-03-15 03:13:17.000,15.6
2026-03-15 03:13:21.000,15.6
2026-03-15 03:13:21.000,13.2
2026-03-15 03:13:23.000,13.2
2026-03-15 03:13:23.000,14.4
2026-03-15 03:13:27.000,14.4
2026-03-15 03:13:27.000,15.6
2026-03-15 03:13:35.000,15.6
2026-03-15 03:13:35.000,14.4
2026-03-15 03:13:45.000,14.4
2026-03-15 03:13:45.000,13.2
2026-03-15 03:13:53.000,13.2
2026-03-15 03:13:53.000,12
2026-03-15 03:14:03.000,12
2026-03-15 03:14:03.000,10.8
2026-03-15 03:14:11.000,10.8
2026-03-15 03:14:11.000,12
2026-03-15 03:14:15.000,12
2026-03-15 03:14:15.000,13.2
2026-03-15 03:14:19.000,13.2
2026-03-15 03:14:19.000,15.6
2026-03-15 03:14:21.000,15.6
2026-03-15 03:14:21.000,14.4
2026-03-15 03:14:25.000,14.4
2026-03-15 03:14:25.000,13.2
2026-03-15 03:14:29.000,13.2
2026-03-15 03:14:29.000,12
2026-03-15 03:14:39.000,12
2026-03-15 03:14:39.000,10.8
2026-03-15 03:14:53.000,10.8
2026-03-15 03:14:53.000,12
2026-03-15 03:15:01.000,12
2026-03-15 03:15:01.000,13.2
2026-03-15 03:15:03.000,13.2
2026-03-15 03:15:03.000,14.4
2026-03-15 03:15:11.000,14.4
2026-03-15 03:15:11.000,13.2
2026-03-15 03:15:17.000,13.2
2026-03-15 03:15:17.000,12
2026-03-15 03:15:19.000,12
2026-03-15 03:15:19.000,10.8
2026-03-15 03:15:21.000,10.8
2026-03-15 03:15:21.000,12
2026-03-15 03:15:25.000,12
2026-03-15 03:15:25.000,14.4
2026-03-15 03:15:27.000,14.4
2026-03-15 03:15:27.000,9.6
2026-03-15 03:15:29.000,9.6
2026-03-15 03:15:29.000,10.8
2026-03-15 03:15:33.000,10.8
2026-03-15 03:15:33.000,14.4
2026-03-15 03:15:35.000,14.4
2026-03-15 03:15:35.000,13.2
2026-03-15 03:15:37.000,13.2
2026-03-15 03:15:37.000,12
2026-03-15 03:15:39.000,12
2026-03-15 03:15:39.000,10.8
2026-03-15 03:15:43.000,10.8
2026-03-15 03:15:43.000,12
2026-03-15 03:15:45.000,12
2026-03-15 03:15:45.000,10.8
2026-03-15 03:15:51.000,10.8
2026-03-15 03:15:51.000,13.2
2026-03-15 03:15:53.000,13.2
2026-03-15 03:15:53.000,12
2026-03-15 03:15:55.000,12
2026-03-15 03:15:55.000,13.2
2026-03-15 03:15:57.000,13.2
2026-03-15 03:15:57.000,14.4
2026-03-15 03:15:59.000,14.4
2026-03-15 03:15:59.000,13.2
2026-03-15 03:16:07.000,13.2
2026-03-15 03:16:07.000,12
2026-03-15 03:16:27.000,12
2026-03-15 03:16:27.000,13.2
2026-03-15 03:16:33.000,13.2
2026-03-15 03:16:33.000,14.4
2026-03-15 03:16:39.000,14.4
2026-03-15 03:16:39.000,13.2
2026-03-15 03:16:45.000,13.2
2026-03-15 03:16:45.000,12
2026-03-15 03:17:03.000,12
2026-03-15 03:17:03.000,13.2
2026-03-15 03:17:23.000,13.2
2026-03-15 03:17:23.000,12
2026-03-15 03:17:41.000,12
2026-03-15 03:17:41.000,13.2
2026-03-15 03:17:51.000,13.2
2026-03-15 03:17:51.000,12
2026-03-15 03:18:17.000,12
2026-03-15 03:18:17.000,13.2
2026-03-15 03:18:33.000,13.2
2026-03-15 03:18:33.000,12
2026-03-15 03:18:41.000,12
2026-03-15 03:18:41.000,13.2
2026-03-15 03:18:47.000,13.2
2026-03-15 03:18:47.000,12
2026-03-15 03:18:57.000,12
2026-03-15 03:18:57.000,10.8
2026-03-15 03:18:59.000,10.8
2026-03-15 03:18:59.000,12
2026-03-15 03:19:05.000,12
2026-03-15 03:19:05.000,10.8
2026-03-15 03:19:07.000,10.8
2026-03-15 03:19:07.000,12
2026-03-15 03:19:13.000,12
2026-03-15 03:19:13.000,13.2
2026-03-15 03:19:15.000,13.2
2026-03-15 03:19:15.000,16.8
2026-03-15 03:19:17.000,16.8
2026-03-15 03:19:17.000,13.2
2026-03-15 03:19:21.000,13.2
2026-03-15 03:19:21.000,12
2026-03-15 03:19:23.000,12
2026-03-15 03:19:23.000,10.8
2026-03-15 03:19:29.000,10.8
2026-03-15 03:19:29.000,9.6
2026-03-15 03:19:35.000,9.6
2026-03-15 03:19:35.000,10.8
2026-03-15 03:19:47.000,10.8
2026-03-15 03:19:47.000,12
2026-03-15 03:20:03.000,12
2026-03-15 03:20:03.000,10.8
2026-03-15 03:20:07.000,10.8
2026-03-15 03:20:07.000,12
2026-03-15 03:20:09.000,12
2026-03-15 03:20:09.000,10.8
2026-03-15 03:20:13.000,10.8
2026-03-15 03:20:13.000,12
2026-03-15 03:20:15.000,12
2026-03-15 03:20:15.000,10.8
2026-03-15 03:20:35.000,10.8
2026-03-15 03:20:35.000,12
2026-03-15 03:20:37.000,12
2026-03-15 03:20:37.000,13.2
2026-03-15 03:20:47.000,13.2
2026-03-15 03:20:47.000,12
2026-03-15 03:20:51.000,12
2026-03-15 03:20:51.000,10.8
2026-03-15 03:21:15.000,10.8
2026-03-15 03:21:15.000,12
2026-03-15 03:21:29.000,12
2026-03-15 03:21:29.000,10.8
2026-03-15 03:21:55.000,10.8
2026-03-15 03:21:55.000,12
2026-03-15 03:22:07.000,12
2026-03-15 03:22:07.000,10.8
2026-03-15 03:22:37.000,10.8
2026-03-15 03:22:37.000,12
2026-03-15 03:22:49.000,12
2026-03-15 03:22:49.000,13.2
2026-03-15 03:22:51.000,13.2
2026-03-15 03:22:51.000,12
2026-03-15 03:22:53.000,12
2026-03-15 03:22:53.000,10.8
2026-03-15 03:23:17.000,10.8
2026-03-15 03:23:17.000,12
2026-03-15 03:23:19.000,12
2026-03-15 03:23:19.000,13.2
2026-03-15 03:23:25.000,13.2
2026-03-15 03:23:25.000,12
2026-03-15 03:23:31.000,12
2026-03-15 03:23:31.000,10.8
2026-03-15 03:23:57.000,10.8
2026-03-15 03:23:57.000,12
2026-03-15 03:24:11.000,12
2026-03-15 03:24:11.000,10.8
2026-03-15 03:24:43.000,10.8
2026-03-15 03:24:43.000,12
2026-03-15 03:24:51.000,12
2026-03-15 03:24:51.000,10.8
2026-03-15 03:24:53.000,10.8
2026-03-15 03:24:53.000,12
2026-03-15 03:24:57.000,12
2026-03-15 03:24:57.000,13.2
2026-03-15 03:24:59.000,13.2
2026-03-15 03:24:59.000,12
2026-03-15 03:25:03.000,12
2026-03-15 03:25:03.000,10.8
2026-03-15 03:25:29.000,10.8
2026-03-15 03:25:29.000,12
2026-03-15 03:25:41.000,12
2026-03-15 03:25:41.000,10.8
2026-03-15 03:25:43.000,10.8
2026-03-15 03:25:43.000,9.6
2026-03-15 03:25:51.000,9.6
2026-03-15 03:25:51.000,10.8
2026-03-15 03:26:03.000,10.8
2026-03-15 03:26:03.000,12
2026-03-15 03:26:05.000,12
2026-03-15 03:26:05.000,13.2
2026-03-15 03:26:07.000,13.2
2026-03-15 03:26:07.000,14.4
2026-03-15 03:26:11.000,14.4
2026-03-15 03:26:11.000,13.2
2026-03-15 03:26:15.000,13.2
2026-03-15 03:26:15.000,12
2026-03-15 03:26:19.000,12
2026-03-15 03:26:19.000,10.8
2026-03-15 03:26:21.000,10.8
2026-03-15 03:26:21.000,9.6
2026-03-15 03:26:39.000,9.6
2026-03-15 03:26:39.000,10.8
2026-03-15 03:26:45.000,10.8
2026-03-15 03:26:45.000,12
2026-03-15 03:26:51.000,12
2026-03-15 03:26:51.000,13.2
2026-03-15 03:26:53.000,13.2
2026-03-15 03:26:53.000,12
2026-03-15 03:26:59.000,12
2026-03-15 03:26:59.000,10.8
2026-03-15 03:27:23.000,10.8
2026-03-15 03:27:23.000,12
2026-03-15 03:27:35.000,12
2026-03-15 03:27:35.000,10.8
2026-03-15 03:28:03.000,10.8
2026-03-15 03:28:03.000,12
2026-03-15 03:28:09.000,12
2026-03-15 03:28:09.000,10.8
2026-03-15 03:28:43.000,10.8
2026-03-15 03:28:43.000,12
2026-03-15 03:28:47.000,12
2026-03-15 03:28:47.000,10.8
2026-03-15 03:29:17.000,10.8
2026-03-15 03:29:17.000,12
2026-03-15 03:29:27.000,12
2026-03-15 03:29:27.000,10.8
2026-03-15 03:29:35.000,10.8
2026-03-15 03:29:35.000,9.6
2026-03-15 03:29:39.000,9.6
2026-03-15 03:29:39.000,10.8
2026-03-15 03:29:51.000,10.8
2026-03-15 03:29:51.000,12
2026-03-15 03:29:57.000,12
2026-03-15 03:29:57.000,14.4
2026-03-15 03:29:59.000,14.4
2026-03-15 03:29:59.000,13.2
2026-03-15 03:30:01.000,13.2
2026-03-15 03:30:01.000,10.8
2026-03-15 03:30:05.000,10.8
2026-03-15 03:30:05.000,9.6
2026-03-15 03:30:27.000,9.6
2026-03-15 03:30:27.000,10.8
2026-03-15 03:30:31.000,10.8
2026-03-15 03:30:31.000,12
2026-03-15 03:30:37.000,12
2026-03-15 03:30:37.000,10.8
2026-03-15 03:30:47.000,10.8
2026-03-15 03:30:47.000,9.6
2026-03-15 03:31:07.000,9.6
2026-03-15 03:31:07.000,10.8
2026-03-15 03:31:11.000,10.8
2026-03-15 03:31:11.000,12
2026-03-15 03:31:17.000,12
2026-03-15 03:31:17.000,10.8
2026-03-15 03:31:23.000,10.8
2026-03-15 03:31:23.000,9.6
2026-03-15 03:31:43.000,9.6
2026-03-15 03:31:43.000,10.8
2026-03-15 03:32:01.000,10.8
2026-03-15 03:32:01.000,9.6
2026-03-15 03:32:23.000,9.6
2026-03-15 03:32:23.000,10.8
2026-03-15 03:32:39.000,10.8
2026-03-15 03:32:39.000,9.6
2026-03-15 03:33:07.000,9.6
2026-03-15 03:33:07.000,10.8
2026-03-15 03:33:33.000,10.8
2026-03-15 03:33:33.000,9.6
2026-03-15 03:33:47.000,9.6
2026-03-15 03:33:47.000,10.8
2026-03-15 03:33:49.000,10.8
2026-03-15 03:33:49.000,12
2026-03-15 03:33:53.000,12
2026-03-15 03:33:53.000,10.8
2026-03-15 03:33:55.000,10.8
2026-03-15 03:33:55.000,9.6
2026-03-15 03:34:09.000,9.6
2026-03-15 03:34:09.000,10.8
2026-03-15 03:34:29.000,10.8
2026-03-15 03:34:29.000,9.6
2026-03-15 03:34:39.000,9.6
2026-03-15 03:34:39.000,10.8
2026-03-15 03:34:41.000,10.8
2026-03-15 03:34:41.000,13.2
2026-03-15 03:34:43.000,13.2
2026-03-15 03:34:43.000,12
2026-03-15 03:34:47.000,12
2026-03-15 03:34:47.000,10.8
2026-03-15 03:34:57.000,10.8
2026-03-15 03:34:57.000,12
2026-03-15 03:34:59.000,12
2026-03-15 03:34:59.000,13.2
2026-03-15 03:35:01.000,13.2
2026-03-15 03:35:01.000,10.8
2026-03-15 03:35:03.000,10.8
2026-03-15 03:35:03.000,15.6
2026-03-15 03:35:05.000,15.6
2026-03-15 03:35:05.000,13.2
2026-03-15 03:35:07.000,13.2
2026-03-15 03:35:07.000,12
2026-03-15 03:35:11.000,12
2026-03-15 03:35:11.000,10.8
2026-03-15 03:35:27.000,10.8
2026-03-15 03:35:27.000,12
2026-03-15 03:35:29.000,12
2026-03-15 03:35:29.000,14.4
2026-03-15 03:35:31.000,14.4
2026-03-15 03:35:31.000,0
2026-03-15 03:35:33.000,0
2026-03-15 03:35:33.000,15.6
2026-03-15 03:35:35.000,15.6
2026-03-15 03:35:35.000,7.2
2026-03-15 03:35:37.000,7.2
2026-03-15 03:35:37.000,10.8
2026-03-15 03:35:39.000,10.8
2026-03-15 03:35:39.000,8.4
2026-03-15 03:35:41.000,8.4
2026-03-15 03:35:41.000,9.6
2026-03-15 03:35:53.000,9.6
2026-03-15 03:35:53.000,10.8
2026-03-15 03:35:59.000,10.8
2026-03-15 03:35:59.000,12
2026-03-15 03:36:03.000,12
2026-03-15 03:36:03.000,13.2
2026-03-15 03:36:15.000,13.2
2026-03-15 03:36:15.000,12
2026-03-15 03:36:19.000,12
2026-03-15 03:36:19.000,10.8
2026-03-15 03:36:37.000,10.8
2026-03-15 03:36:37.000,12
2026-03-15 03:36:45.000,12
2026-03-15 03:36:45.000,13.2
2026-03-15 03:36:49.000,13.2
2026-03-15 03:36:49.000,12
2026-03-15 03:37:05.000,12
2026-03-15 03:37:05.000,10.8
2026-03-15 03:37:19.000,10.8
2026-03-15 03:37:19.000,12
2026-03-15 03:37:25.000,12
2026-03-15 03:37:25.000,13.2
2026-03-15 03:37:35.000,13.2
2026-03-15 03:37:35.000,12
2026-03-15 03:37:43.000,12
2026-03-15 03:37:43.000,10.8
2026-03-15 03:37:55.000,10.8
2026-03-15 03:37:55.000,12
2026-03-15 03:38:05.000,12
2026-03-15 03:38:05.000,13.2
2026-03-15 03:38:11.000,13.2
2026-03-15 03:38:11.000,12
2026-03-15 03:38:25.000,12
2026-03-15 03:38:25.000,10.8
2026-03-15 03:38:35.000,10.8
2026-03-15 03:38:35.000,12
2026-03-15 03:39:01.000,12
2026-03-15 03:39:01.000,10.8
2026-03-15 03:39:17.000,10.8
2026-03-15 03:39:17.000,12
2026-03-15 03:39:25.000,12
2026-03-15 03:39:25.000,13.2
2026-03-15 03:39:35.000,13.2
2026-03-15 03:39:35.000,12
2026-03-15 03:39:41.000,12
2026-03-15 03:39:41.000,10.8
2026-03-15 03:40:01.000,10.8
2026-03-15 03:40:01.000,12
2026-03-15 03:40:09.000,12
2026-03-15 03:40:09.000,13.2
2026-03-15 03:40:15.000,13.2
2026-03-15 03:40:15.000,12
2026-03-15 03:40:27.000,12
2026-03-15 03:40:27.000,10.8
2026-03-15 03:40:29.000,10.8
2026-03-15 03:40:29.000,12
2026-03-15 03:40:37.000,12
2026-03-15 03:40:37.000,13.2
2026-03-15 03:40:41.000,13.2
2026-03-15 03:40:41.000,14.4
2026-03-15 03:40:45.000,14.4
2026-03-15 03:40:45.000,15.6
2026-03-15 03:40:47.000,15.6
2026-03-15 03:40:47.000,16.8
2026-03-15 03:40:49.000,16.8
2026-03-15 03:40:49.000,18
2026-03-15 03:40:51.000,18
2026-03-15 03:40:51.000,14.4
2026-03-15 03:40:55.000,14.4
2026-03-15 03:40:55.000,13.2
2026-03-15 03:40:59.000,13.2
2026-03-15 03:40:59.000,12
2026-03-15 03:41:07.000,12
2026-03-15 03:41:07.000,10.8
2026-03-15 03:41:11.000,10.8
2026-03-15 03:41:11.000,12
2026-03-15 03:41:13.000,12
2026-03-15 03:41:13.000,13.2
2026-03-15 03:41:19.000,13.2
2026-03-15 03:41:19.000,14.4
2026-03-15 03:41:21.000,14.4
2026-03-15 03:41:21.000,18
2026-03-15 03:41:23.000,18
2026-03-15 03:41:23.000,25.2
2026-03-15 03:41:25.000,25.2
2026-03-15 03:41:25.000,19.2
2026-03-15 03:41:27.000,19.2
2026-03-15 03:41:27.000,28.8
2026-03-15 03:41:29.000,28.8
2026-03-15 03:41:29.000,26.4
2026-03-15 03:41:31.000,26.4
2026-03-15 03:41:31.000,21.6
2026-03-15 03:41:33.000,21.6
2026-03-15 03:41:33.000,18
2026-03-15 03:41:35.000,18
2026-03-15 03:41:35.000,13.2
2026-03-15 03:41:37.000,13.2
2026-03-15 03:41:37.000,10.8
2026-03-15 03:41:47.000,10.8
2026-03-15 03:41:47.000,9.6
2026-03-15 03:41:49.000,9.6
2026-03-15 03:41:49.000,10.8
2026-03-15 03:41:53.000,10.8
2026-03-15 03:41:53.000,12
2026-03-15 03:41:55.000,12
2026-03-15 03:41:55.000,13.2
2026-03-15 03:42:01.000,13.2
2026-03-15 03:42:01.000,12
2026-03-15 03:42:05.000,12
2026-03-15 03:42:05.000,10.8
2026-03-15 03:42:13.000,10.8
2026-03-15 03:42:13.000,9.6
2026-03-15 03:42:21.000,9.6
2026-03-15 03:42:21.000,10.8
2026-03-15 03:42:35.000,10.8
2026-03-15 03:42:35.000,12
2026-03-15 03:42:41.000,12
2026-03-15 03:42:41.000,10.8
2026-03-15 03:43:15.000,10.8
2026-03-15 03:43:15.000,12
2026-03-15 03:43:25.000,12
2026-03-15 03:43:25.000,10.8
2026-03-15 03:43:31.000,10.8
2026-03-15 03:43:31.000,9.6
2026-03-15 03:43:33.000,9.6
2026-03-15 03:43:33.000,10.8
2026-03-15 03:44:01.000,10.8
2026-03-15 03:44:01.000,12
2026-03-15 03:44:15.000,12
2026-03-15 03:44:15.000,10.8
2026-03-15 03:44:45.000,10.8
2026-03-15 03:44:45.000,12
2026-03-15 03:44:53.000,12
2026-03-15 03:44:53.000,10.8
2026-03-15 03:45:27.000,10.8
2026-03-15 03:45:27.000,12
2026-03-15 03:45:29.000,12
2026-03-15 03:45:29.000,13.2
2026-03-15 03:45:33.000,13.2
2026-03-15 03:45:33.000,12
2026-03-15 03:45:37.000,12
2026-03-15 03:45:37.000,10.8
2026-03-15 03:45:41.000,10.8
2026-03-15 03:45:41.000,9.6
2026-03-15 03:45:45.000,9.6
2026-03-15 03:45:45.000,12
2026-03-15 03:45:47.000,12
2026-03-15 03:45:47.000,13.2
2026-03-15 03:45:49.000,13.2
2026-03-15 03:45:49.000,9.6
2026-03-15 03:45:51.000,9.6
2026-03-15 03:45:51.000,0
2026-03-15 03:45:55.000,0
2026-03-15 03:45:55.000,1.2
2026-03-15 03:45:57.000,1.2
2026-03-15 03:45:57.000,3.6
2026-03-15 03:45:59.000,3.6
2026-03-15 03:45:59.000,4.8
2026-03-15 03:46:03.000,4.8
2026-03-15 03:46:03.000,7.2
2026-03-15 03:46:09.000,7.2
2026-03-15 03:46:09.000,8.4
2026-03-15 03:46:17.000,8.4
2026-03-15 03:46:17.000,10.8
2026-03-15 03:46:19.000,10.8
2026-03-15 03:46:19.000,9.6
2026-03-15 03:46:21.000,9.6
2026-03-15 03:46:21.000,14.4
2026-03-15 03:46:23.000,14.4
2026-03-15 03:46:23.000,12
2026-03-15 03:46:29.000,12
2026-03-15 03:46:29.000,10.8
2026-03-15 03:46:33.000,10.8
2026-03-15 03:46:33.000,9.6
2026-03-15 03:46:37.000,9.6
2026-03-15 03:46:37.000,8.4
2026-03-15 03:46:47.000,8.4
2026-03-15 03:46:47.000,9.6
2026-03-15 03:46:57.000,9.6
2026-03-15 03:46:57.000,10.8
2026-03-15 03:46:59.000,10.8
2026-03-15 03:46:59.000,12
2026-03-15 03:47:07.000,12
2026-03-15 03:47:07.000,10.8
2026-03-15 03:47:13.000,10.8
2026-03-15 03:47:13.000,9.6
2026-03-15 03:47:37.000,9.6
2026-03-15 03:47:37.000,10.8
2026-03-15 03:47:41.000,10.8
2026-03-15 03:47:41.000,12
2026-03-15 03:47:49.000,12
2026-03-15 03:47:49.000,10.8
2026-03-15 03:47:55.000,10.8
2026-03-15 03:47:55.000,9.6
2026-03-15 03:48:19.000,9.6
2026-03-15 03:48:19.000,10.8
2026-03-15 03:48:25.000,10.8
2026-03-15 03:48:25.000,13.2
2026-03-15 03:48:27.000,13.2
2026-03-15 03:48:27.000,12
2026-03-15 03:48:29.000,12
2026-03-15 03:48:29.000,10.8
2026-03-15 03:48:37.000,10.8
2026-03-15 03:48:37.000,9.6
2026-03-15 03:49:03.000,9.6
2026-03-15 03:49:03.000,10.8
2026-03-15 03:49:07.000,10.8
2026-03-15 03:49:07.000,12
2026-03-15 03:49:15.000,12
2026-03-15 03:49:15.000,10.8
2026-03-15 03:49:19.000,10.8
2026-03-15 03:49:19.000,9.6
2026-03-15 03:49:43.000,9.6
2026-03-15 03:49:43.000,10.8
2026-03-15 03:49:45.000,10.8
2026-03-15 03:49:45.000,12
2026-03-15 03:49:53.000,12
2026-03-15 03:49:53.000,10.8
2026-03-15 03:49:57.000,10.8
2026-03-15 03:49:57.000,9.6
2026-03-15 03:50:21.000,9.6
2026-03-15 03:50:21.000,10.8
2026-03-15 03:50:29.000,10.8
2026-03-15 03:50:29.000,12
2026-03-15 03:50:31.000,12
2026-03-15 03:50:31.000,10.8
2026-03-15 03:50:59.000,10.8
2026-03-15 03:50:59.000,12
2026-03-15 03:51:05.000,12
2026-03-15 03:51:05.000,13.2
2026-03-15 03:51:17.000,13.2
2026-03-15 03:51:17.000,12
2026-03-15 03:51:51.000,12
2026-03-15 03:51:51.000,13.2
2026-03-15 03:52:05.000,13.2
2026-03-15 03:52:05.000,12
2026-03-15 03:52:37.000,12
2026-03-15 03:52:37.000,13.2
2026-03-15 03:52:51.000,13.2
2026-03-15 03:52:51.000,12
2026-03-15 03:52:55.000,12
2026-03-15 03:52:55.000,15.6
2026-03-15 03:52:57.000,15.6
2026-03-15 03:52:57.000,13.2
2026-03-15 03:52:59.000,13.2
2026-03-15 03:52:59.000,10.8
2026-03-15 03:53:03.000,10.8
2026-03-15 03:53:03.000,9.6
2026-03-15 03:53:11.000,9.6
2026-03-15 03:53:11.000,10.8
2026-03-15 03:53:19.000,10.8
2026-03-15 03:53:19.000,12
2026-03-15 03:53:23.000,12
2026-03-15 03:53:23.000,13.2
2026-03-15 03:53:27.000,13.2
2026-03-15 03:53:27.000,12
2026-03-15 03:53:29.000,12
2026-03-15 03:53:29.000,10.8
2026-03-15 03:53:33.000,10.8
2026-03-15 03:53:33.000,9.6
2026-03-15 03:53:43.000,9.6
2026-03-15 03:53:43.000,10.8
2026-03-15 03:53:51.000,10.8
2026-03-15 03:53:51.000,12
2026-03-15 03:53:55.000,12
2026-03-15 03:53:55.000,13.2
2026-03-15 03:53:57.000,13.2
2026-03-15 03:53:57.000,12
2026-03-15 03:54:03.000,12
2026-03-15 03:54:03.000,10.8
2026-03-15 03:54:09.000,10.8
2026-03-15 03:54:09.000,9.6
2026-03-15 03:54:25.000,9.6
2026-03-15 03:54:25.000,10.8
2026-03-15 03:54:27.000,10.8
2026-03-15 03:54:27.000,12
2026-03-15 03:54:31.000,12
2026-03-15 03:54:31.000,13.2
2026-03-15 03:54:33.000,13.2
2026-03-15 03:54:33.000,12
2026-03-15 03:54:37.000,12
2026-03-15 03:54:37.000,10.8
2026-03-15 03:54:41.000,10.8
2026-03-15 03:54:41.000,9.6
2026-03-15 03:54:55.000,9.6
2026-03-15 03:54:55.000,10.8
2026-03-15 03:55:03.000,10.8
2026-03-15 03:55:03.000,12
2026-03-15 03:55:13.000,12
2026-03-15 03:55:13.000,10.8
2026-03-15 03:55:23.000,10.8
2026-03-15 03:55:23.000,9.6
2026-03-15 03:55:37.000,9.6
2026-03-15 03:55:37.000,10.8
2026-03-15 03:55:45.000,10.8
2026-03-15 03:55:45.000,12
2026-03-15 03:55:53.000,12
2026-03-15 03:55:53.000,10.8
2026-03-15 03:56:01.000,10.8
2026-03-15 03:56:01.000,9.6
2026-03-15 03:56:13.000,9.6
2026-03-15 03:56:13.000,10.8
2026-03-15 03:56:27.000,10.8
2026-03-15 03:56:27.000,12
2026-03-15 03:56:35.000,12
2026-03-15 03:56:35.000,10.8
2026-03-15 03:56:43.000,10.8
2026-03-15 03:56:43.000,9.6
2026-03-15 03:56:57.000,9.6
2026-03-15 03:56:57.000,10.8
2026-03-15 03:57:05.000,10.8
2026-03-15 03:57:05.000,12
2026-03-15 03:57:15.000,12
2026-03-15 03:57:15.000,10.8
2026-03-15 03:57:21.000,10.8
2026-03-15 03:57:21.000,9.6
2026-03-15 03:57:41.000,9.6
2026-03-15 03:57:41.000,10.8
2026-03-15 03:57:45.000,10.8
2026-03-15 03:57:45.000,12
2026-03-15 03:57:57.000,12
2026-03-15 03:57:57.000,10.8
2026-03-15 03:58:01.000,10.8
2026-03-15 03:58:01.000,9.6
2026-03-15 03:58:27.000,9.6
2026-03-15 03:58:27.000,10.8
2026-03-15 03:58:31.000,10.8
2026-03-15 03:58:31.000,12
2026-03-15 03:58:33.000,12
2026-03-15 03:58:33.000,13.2
2026-03-15 03:58:37.000,13.2
2026-03-15 03:58:37.000,12
2026-03-15 03:58:41.000,12
2026-03-15 03:58:41.000,10.8
2026-03-15 03:58:47.000,10.8
2026-03-15 03:58:47.000,9.6
2026-03-15 03:59:05.000,9.6
2026-03-15 03:59:05.000,10.8
2026-03-15 03:59:29.000,10.8
2026-03-15 03:59:29.000,9.6
2026-03-15 03:59:47.000,9.6
2026-03-15 03:59:47.000,10.8
2026-03-15 04:00:11.000,10.8
2026-03-15 04:00:11.000,9.6
2026-03-15 04:00:31.000,9.6
2026-03-15 04:00:31.000,10.8
2026-03-15 04:00:37.000,10.8
2026-03-15 04:00:37.000,12
2026-03-15 04:00:45.000,12
2026-03-15 04:00:45.000,10.8
2026-03-15 04:00:51.000,10.8
2026-03-15 04:00:51.000,9.6
2026-03-15 04:01:11.000,9.6
2026-03-15 04:01:11.000,10.8
2026-03-15 04:01:19.000,10.8
2026-03-15 04:01:19.000,12
2026-03-15 04:01:25.000,12
2026-03-15 04:01:25.000,10.8
2026-03-15 04:01:31.000,10.8
2026-03-15 04:01:31.000,9.6
2026-03-15 04:01:47.000,9.6
2026-03-15 04:01:47.000,10.8
2026-03-15 04:01:51.000,10.8
2026-03-15 04:01:51.000,9.6
2026-03-15 04:01:53.000,9.6
2026-03-15 04:01:53.000,10.8
2026-03-15 04:02:17.000,10.8
2026-03-15 04:02:17.000,9.6
2026-03-15 04:02:35.000,9.6
2026-03-15 04:02:35.000,10.8
2026-03-15 04:03:05.000,10.8
2026-03-15 04:03:05.000,9.6
2026-03-15 04:03:19.000,9.6
2026-03-15 04:03:19.000,10.8
2026-03-15 04:03:41.000,10.8
2026-03-15 04:03:41.000,9.6
2026-03-15 04:03:45.000,9.6
2026-03-15 04:03:45.000,10.8
2026-03-15 04:03:51.000,10.8
2026-03-15 04:03:51.000,9.6
2026-03-15 04:04:03.000,9.6
2026-03-15 04:04:03.000,10.8
2026-03-15 04:04:35.000,10.8
2026-03-15 04:04:35.000,9.6
2026-03-15 04:04:45.000,9.6
2026-03-15 04:04:45.000,10.8
2026-03-15 04:05:19.000,10.8
2026-03-15 04:05:19.000,9.6
2026-03-15 04:05:35.000,9.6
2026-03-15 04:05:35.000,10.8
2026-03-15 04:05:39.000,10.8
2026-03-15 04:05:39.000,9.6
2026-03-15 04:05:41.000,9.6
2026-03-15 04:05:41.000,10.8
2026-03-15 04:06:05.000,10.8
2026-03-15 04:06:05.000,9.6
2026-03-15 04:06:21.000,9.6
2026-03-15 04:06:21.000,10.8
2026-03-15 04:06:57.000,10.8
2026-03-15 04:06:57.000,9.6
2026-03-15 04:07:01.000,9.6
2026-03-15 04:07:01.000,10.8
2026-03-15 04:07:37.000,10.8
2026-03-15 04:07:37.000,9.6
2026-03-15 04:07:41.000,9.6
2026-03-15 04:07:41.000,10.8
2026-03-15 04:07:43.000,10.8
2026-03-15 04:07:43.000,9.6
2026-03-15 04:07:47.000,9.6
2026-03-15 04:07:47.000,10.8
2026-03-15 04:08:15.000,10.8
2026-03-15 04:08:15.000,9.6
2026-03-15 04:08:17.000,9.6
2026-03-15 04:08:17.000,10.8
2026-03-15 04:09:15.000,10.8
2026-03-15 04:09:15.000,9.6
2026-03-15 04:09:19.000,9.6
2026-03-15 04:09:19.000,10.8
2026-03-15 04:10:03.000,10.8
2026-03-15 04:10:03.000,9.6
2026-03-15 04:10:05.000,9.6
2026-03-15 04:10:05.000,10.8
2026-03-15 04:10:09.000,10.8
2026-03-15 04:10:09.000,9.6
2026-03-15 04:10:13.000,9.6
2026-03-15 04:10:13.000,10.8
2026-03-15 04:10:15.000,10.8
2026-03-15 04:10:15.000,9.6
2026-03-15 04:10:19.000,9.6
2026-03-15 04:10:19.000,10.8
2026-03-15 04:10:47.000,10.8
2026-03-15 04:10:47.000,9.6
2026-03-15 04:10:49.000,9.6
2026-03-15 04:10:49.000,10.8
2026-03-15 04:10:51.000,10.8
2026-03-15 04:10:51.000,9.6
2026-03-15 04:10:55.000,9.6
2026-03-15 04:10:55.000,10.8
2026-03-15 04:11:01.000,10.8
2026-03-15 04:11:01.000,9.6
2026-03-15 04:11:03.000,9.6
2026-03-15 04:11:03.000,10.8
2026-03-15 04:11:45.000,10.8
2026-03-15 04:11:45.000,9.6
2026-03-15 04:11:47.000,9.6
2026-03-15 04:11:47.000,10.8
2026-03-15 04:12:07.000,10.8
2026-03-15 04:12:07.000,9.6
2026-03-15 04:12:09.000,9.6
2026-03-15 04:12:09.000,10.8
2026-03-15 04:12:11.000,10.8
2026-03-15 04:12:11.000,9.6
2026-03-15 04:12:13.000,9.6
2026-03-15 04:12:13.000,10.8
2026-03-15 04:12:17.000,10.8
2026-03-15 04:12:17.000,9.6
2026-03-15 04:12:25.000,9.6
2026-03-15 04:12:25.000,10.8
2026-03-15 04:12:33.000,10.8
2026-03-15 04:12:33.000,9.6
2026-03-15 04:12:35.000,9.6
2026-03-15 04:12:35.000,10.8
2026-03-15 04:12:51.000,10.8
2026-03-15 04:12:51.000,9.6
2026-03-15 04:12:53.000,9.6
2026-03-15 04:12:53.000,10.8
2026-03-15 04:13:09.000,10.8
2026-03-15 04:13:09.000,12
2026-03-15 04:13:11.000,12
2026-03-15 04:13:11.000,14.4
2026-03-15 04:13:13.000,14.4
2026-03-15 04:13:13.000,6
2026-03-15 04:13:15.000,6
2026-03-15 04:13:15.000,8.4
2026-03-15 04:13:17.000,8.4
2026-03-15 04:13:17.000,4.8
2026-03-15 04:13:19.000,4.8
2026-03-15 04:13:19.000,8.4
2026-03-15 04:13:21.000,8.4
2026-03-15 04:13:21.000,10.8
2026-03-15 04:13:23.000,10.8
2026-03-15 04:13:23.000,12
2026-03-15 04:13:25.000,12
2026-03-15 04:13:25.000,14.4
2026-03-15 04:13:27.000,14.4
2026-03-15 04:13:27.000,13.2
2026-03-15 04:13:33.000,13.2
2026-03-15 04:13:33.000,14.4
2026-03-15 04:13:37.000,14.4
2026-03-15 04:13:37.000,15.6
2026-03-15 04:13:41.000,15.6
2026-03-15 04:13:41.000,16.8
2026-03-15 04:13:45.000,16.8
2026-03-15 04:13:45.000,18
2026-03-15 04:13:47.000,18
2026-03-15 04:13:47.000,19.2
2026-03-15 04:13:57.000,19.2
2026-03-15 04:13:57.000,20.4
2026-03-15 04:14:03.000,20.4
2026-03-15 04:14:03.000,21.6
2026-03-15 04:14:07.000,21.6
2026-03-15 04:14:07.000,22.8
2026-03-15 04:14:37.000,22.8
2026-03-15 04:14:37.000,24
2026-03-15 04:14:47.000,24
2026-03-15 04:14:47.000,25.2
2026-03-15 04:15:03.000,25.2
2026-03-15 04:15:03.000,24
2026-03-15 04:15:05.000,24
2026-03-15 04:15:05.000,21.6
2026-03-15 04:15:07.000,21.6
2026-03-15 04:15:07.000,16.8
2026-03-15 04:15:11.000,16.8
2026-03-15 04:15:11.000,18
2026-03-15 04:15:13.000,18
2026-03-15 04:15:13.000,14.4
2026-03-15 04:15:15.000,14.4
2026-03-15 04:15:15.000,16.8
2026-03-15 04:15:17.000,16.8
2026-03-15 04:15:17.000,13.2
2026-03-15 04:15:21.000,13.2
2026-03-15 04:15:21.000,9.6
2026-03-15 04:15:23.000,9.6
2026-03-15 04:15:23.000,12
2026-03-15 04:15:25.000,12
2026-03-15 04:15:25.000,9.6
2026-03-15 04:15:37.000,9.6
2026-03-15 04:15:37.000,10.8
2026-03-15 04:15:43.000,10.8
2026-03-15 04:15:43.000,12
2026-03-15 04:15:57.000,12
2026-03-15 04:15:57.000,13.2
2026-03-15 04:16:01.000,13.2
2026-03-15 04:16:01.000,14.4
2026-03-15 04:16:05.000,14.4
2026-03-15 04:16:05.000,13.2
2026-03-15 04:16:17.000,13.2
2026-03-15 04:16:17.000,12
2026-03-15 04:16:19.000,12
2026-03-15 04:16:19.000,10.8
2026-03-15 04:16:31.000,10.8
2026-03-15 04:16:31.000,12
2026-03-15 04:16:33.000,12
2026-03-15 04:16:33.000,14.4
2026-03-15 04:16:37.000,14.4
2026-03-15 04:16:37.000,16.8
2026-03-15 04:16:41.000,16.8
2026-03-15 04:16:41.000,18
2026-03-15 04:16:43.000,18
2026-03-15 04:16:43.000,16.8
2026-03-15 04:16:47.000,16.8
2026-03-15 04:16:47.000,15.6
2026-03-15 04:16:49.000,15.6
2026-03-15 04:16:49.000,14.4
2026-03-15 04:16:51.000,14.4
2026-03-15 04:16:51.000,13.2
2026-03-15 04:16:53.000,13.2
2026-03-15 04:16:53.000,10.8
2026-03-15 04:16:57.000,10.8
2026-03-15 04:16:57.000,9.6
2026-03-15 04:17:01.000,9.6
2026-03-15 04:17:01.000,10.8
2026-03-15 04:17:07.000,10.8
2026-03-15 04:17:07.000,12
2026-03-15 04:17:13.000,12
2026-03-15 04:17:13.000,13.2
2026-03-15 04:17:17.000,13.2
2026-03-15 04:17:17.000,14.4
2026-03-15 04:17:23.000,14.4
2026-03-15 04:17:23.000,13.2
2026-03-15 04:18:11.000,13.2
2026-03-15 04:18:11.000,14.4
2026-03-15 04:18:23.000,14.4
2026-03-15 04:18:23.000,15.6
2026-03-15 04:18:27.000,15.6
2026-03-15 04:18:27.000,14.4
2026-03-15 04:18:33.000,14.4
2026-03-15 04:18:33.000,15.6
2026-03-15 04:18:39.000,15.6
2026-03-15 04:18:39.000,16.8
2026-03-15 04:18:41.000,16.8
2026-03-15 04:18:41.000,18
2026-03-15 04:18:43.000,18
2026-03-15 04:18:43.000,20.4
2026-03-15 04:18:49.000,20.4
2026-03-15 04:18:49.000,21.6
2026-03-15 04:18:51.000,21.6
2026-03-15 04:18:51.000,20.4
2026-03-15 04:18:53.000,20.4
2026-03-15 04:18:53.000,19.2
2026-03-15 04:18:55.000,19.2
2026-03-15 04:18:55.000,18
2026-03-15 04:18:59.000,18
2026-03-15 04:18:59.000,16.8
2026-03-15 04:19:05.000,16.8
2026-03-15 04:19:05.000,15.6
2026-03-15 04:19:09.000,15.6
2026-03-15 04:19:09.000,16.8
2026-03-15 04:19:15.000,16.8
2026-03-15 04:19:15.000,15.6
2026-03-15 04:19:17.000,15.6
2026-03-15 04:19:17.000,14.4
2026-03-15 04:19:19.000,14.4
2026-03-15 04:19:19.000,13.2
2026-03-15 04:19:23.000,13.2
2026-03-15 04:19:23.000,10.8
2026-03-15 04:19:55.000,10.8
2026-03-15 04:19:55.000,12
2026-03-15 04:19:57.000,12
2026-03-15 04:19:57.000,10.8
2026-03-15 04:20:11.000,10.8
2026-03-15 04:20:11.000,9.6
2026-03-15 04:20:27.000,9.6
2026-03-15 04:20:27.000,10.8
2026-03-15 04:20:43.000,10.8
2026-03-15 04:20:43.000,12
2026-03-15 04:20:45.000,12
2026-03-15 04:20:45.000,10.8
2026-03-15 04:21:01.000,10.8
2026-03-15 04:21:01.000,9.6
2026-03-15 04:21:17.000,9.6
2026-03-15 04:21:17.000,10.8
2026-03-15 04:21:33.000,10.8
2026-03-15 04:21:33.000,9.6
2026-03-15 04:21:43.000,9.6
2026-03-15 04:21:43.000,10.8
2026-03-15 04:22:23.000,10.8
2026-03-15 04:22:23.000,9.6
2026-03-15 04:22:25.000,9.6
2026-03-15 04:22:25.000,10.8
2026-03-15 04:23:13.000,10.8
2026-03-15 04:23:13.000,12
2026-03-15 04:23:29.000,12
2026-03-15 04:23:29.000,13.2
2026-03-15 04:23:45.000,13.2
2026-03-15 04:23:45.000,16.8
2026-03-15 04:23:47.000,16.8
2026-03-15 04:23:47.000,18
2026-03-15 04:23:49.000,18
2026-03-15 04:23:49.000,10.8
2026-03-15 04:23:53.000,10.8
2026-03-15 04:23:53.000,8.4
2026-03-15 04:23:55.000,8.4
2026-03-15 04:23:55.000,13.2
2026-03-15 04:23:57.000,13.2
2026-03-15 04:23:57.000,12
2026-03-15 04:23:59.000,12
2026-03-15 04:23:59.000,13.2
2026-03-15 04:24:03.000,13.2
2026-03-15 04:24:03.000,15.6
2026-03-15 04:24:05.000,15.6
2026-03-15 04:24:05.000,14.4
2026-03-15 04:24:07.000,14.4
2026-03-15 04:24:07.000,13.2
2026-03-15 04:24:25.000,13.2
2026-03-15 04:24:25.000,14.4
2026-03-15 04:24:29.000,14.4
2026-03-15 04:24:29.000,15.6
2026-03-15 04:24:31.000,15.6
2026-03-15 04:24:31.000,18
2026-03-15 04:24:33.000,18
2026-03-15 04:24:33.000,19.2
2026-03-15 04:24:35.000,19.2
2026-03-15 04:24:35.000,21.6
2026-03-15 04:24:37.000,21.6
2026-03-15 04:24:37.000,24
2026-03-15 04:24:39.000,24
2026-03-15 04:24:39.000,27.6
2026-03-15 04:24:41.000,27.6
2026-03-15 04:24:41.000,30
2026-03-15 04:24:43.000,30
2026-03-15 04:24:43.000,31.2
2026-03-15 04:24:45.000,31.2
2026-03-15 04:24:45.000,33.6
2026-03-15 04:24:47.000,33.6
2026-03-15 04:24:47.000,34.8
2026-03-15 04:24:49.000,34.8
2026-03-15 04:24:49.000,36
2026-03-15 04:25:01.000,36
2026-03-15 04:25:01.000,37.2
2026-03-15 04:25:03.000,37.2
2026-03-15 04:25:03.000,36
2026-03-15 04:25:11.000,36
2026-03-15 04:25:11.000,37.2
2026-03-15 04:25:15.000,37.2
2026-03-15 04:25:15.000,36
2026-03-15 04:25:17.000,36
2026-03-15 04:25:17.000,34.8
2026-03-15 04:25:25.000,34.8
2026-03-15 04:25:25.000,30
2026-03-15 04:25:27.000,30
2026-03-15 04:25:27.000,25.2
2026-03-15 04:25:29.000,25.2
2026-03-15 04:25:29.000,13.2
2026-03-15 04:25:31.000,13.2
2026-03-15 04:25:31.000,15.6
2026-03-15 04:25:33.000,15.6
2026-03-15 04:25:33.000,10.8
2026-03-15 04:25:41.000,10.8
2026-03-15 04:25:41.000,12
2026-03-15 04:25:43.000,12
2026-03-15 04:25:43.000,14.4
2026-03-15 04:25:45.000,14.4
2026-03-15 04:25:45.000,20.4
2026-03-15 04:25:47.000,20.4
2026-03-15 04:25:47.000,25.2
2026-03-15 04:25:51.000,25.2
2026-03-15 04:25:51.000,30
2026-03-15 04:25:53.000,30
2026-03-15 04:25:53.000,28.8
2026-03-15 04:25:55.000,28.8
2026-03-15 04:25:55.000,30
2026-03-15 04:25:57.000,30
2026-03-15 04:25:57.000,28.8
2026-03-15 04:25:59.000,28.8
2026-03-15 04:25:59.000,27.6
2026-03-15 04:26:13.000,27.6
2026-03-15 04:26:13.000,28.8
2026-03-15 04:26:17.000,28.8
2026-03-15 04:26:17.000,30
2026-03-15 04:26:21.000,30
2026-03-15 04:26:21.000,28.8
2026-03-15 04:26:49.000,28.8
2026-03-15 04:26:49.000,27.6
2026-03-15 04:26:53.000,27.6
2026-03-15 04:26:53.000,26.4
2026-03-15 04:26:55.000,26.4
2026-03-15 04:26:55.000,25.2
2026-03-15 04:26:57.000,25.2
2026-03-15 04:26:57.000,21.6
2026-03-15 04:26:59.000,21.6
2026-03-15 04:26:59.000,19.2
2026-03-15 04:27:01.000,19.2
2026-03-15 04:27:01.000,13.2
2026-03-15 04:27:05.000,13.2
2026-03-15 04:27:05.000,12
2026-03-15 04:27:07.000,12
2026-03-15 04:27:07.000,14.4
2026-03-15 04:27:09.000,14.4
2026-03-15 04:27:09.000,13.2
2026-03-15 04:27:13.000,13.2
2026-03-15 04:27:13.000,12
2026-03-15 04:27:29.000,12
2026-03-15 04:27:29.000,13.2
2026-03-15 04:27:33.000,13.2
2026-03-15 04:27:33.000,14.4
2026-03-15 04:27:35.000,14.4
2026-03-15 04:27:35.000,18
2026-03-15 04:27:37.000,18
2026-03-15 04:27:37.000,16.8
2026-03-15 04:27:39.000,16.8
2026-03-15 04:27:39.000,18
2026-03-15 04:27:43.000,18
2026-03-15 04:27:43.000,19.2
2026-03-15 04:27:47.000,19.2
2026-03-15 04:27:47.000,20.4
2026-03-15 04:27:51.000,20.4
2026-03-15 04:27:51.000,21.6
2026-03-15 04:27:55.000,21.6
2026-03-15 04:27:55.000,22.8
2026-03-15 04:27:57.000,22.8
2026-03-15 04:27:57.000,24
2026-03-15 04:28:05.000,24
2026-03-15 04:28:05.000,25.2
2026-03-15 04:28:15.000,25.2
2026-03-15 04:28:15.000,26.4
2026-03-15 04:28:19.000,26.4
2026-03-15 04:28:19.000,25.2
2026-03-15 04:28:21.000,25.2
2026-03-15 04:28:21.000,26.4
2026-03-15 04:28:25.000,26.4
2026-03-15 04:28:25.000,25.2
2026-03-15 04:28:27.000,25.2
2026-03-15 04:28:27.000,26.4
2026-03-15 04:28:43.000,26.4
2026-03-15 04:28:43.000,27.6
2026-03-15 04:28:49.000,27.6
2026-03-15 04:28:49.000,26.4
2026-03-15 04:29:05.000,26.4
2026-03-15 04:29:05.000,27.6
2026-03-15 04:29:25.000,27.6
2026-03-15 04:29:25.000,26.4
2026-03-15 04:29:33.000,26.4
2026-03-15 04:29:33.000,25.2
2026-03-15 04:29:35.000,25.2
2026-03-15 04:29:35.000,24
2026-03-15 04:29:39.000,24
2026-03-15 04:29:39.000,22.8
2026-03-15 04:29:41.000,22.8
2026-03-15 04:29:41.000,21.6
2026-03-15 04:29:43.000,21.6
2026-03-15 04:29:43.000,18
2026-03-15 04:29:47.000,18
2026-03-15 04:29:47.000,14.4
2026-03-15 04:29:51.000,14.4
2026-03-15 04:29:51.000,13.2
2026-03-15 04:30:07.000,13.2
2026-03-15 04:30:07.000,14.4
2026-03-15 04:30:09.000,14.4
2026-03-15 04:30:09.000,15.6
2026-03-15 04:30:11.000,15.6
2026-03-15 04:30:11.000,16.8
2026-03-15 04:30:13.000,16.8
2026-03-15 04:30:13.000,18
2026-03-15 04:30:15.000,18
2026-03-15 04:30:15.000,19.2
2026-03-15 04:30:19.000,19.2
2026-03-15 04:30:19.000,20.4
2026-03-15 04:30:27.000,20.4
2026-03-15 04:30:27.000,21.6
2026-03-15 04:30:29.000,21.6
2026-03-15 04:30:29.000,20.4
2026-03-15 04:30:31.000,20.4
2026-03-15 04:30:31.000,21.6
2026-03-15 04:30:39.000,21.6
2026-03-15 04:30:39.000,22.8
2026-03-15 04:30:41.000,22.8
2026-03-15 04:30:41.000,21.6
2026-03-15 04:31:17.000,21.6
2026-03-15 04:31:17.000,22.8
2026-03-15 04:31:19.000,22.8
2026-03-15 04:31:19.000,21.6
2026-03-15 04:31:29.000,21.6
2026-03-15 04:31:29.000,22.8
2026-03-15 04:31:31.000,22.8
2026-03-15 04:31:31.000,24
2026-03-15 04:31:33.000,24
2026-03-15 04:31:33.000,25.2
2026-03-15 04:31:37.000,25.2
2026-03-15 04:31:37.000,27.6
2026-03-15 04:31:39.000,27.6
2026-03-15 04:31:39.000,26.4
2026-03-15 04:31:41.000,26.4
2026-03-15 04:31:41.000,27.6
2026-03-15 04:31:51.000,27.6
2026-03-15 04:31:51.000,26.4
2026-03-15 04:31:53.000,26.4
2026-03-15 04:31:53.000,27.6
2026-03-15 04:32:09.000,27.6
2026-03-15 04:32:09.000,26.4
2026-03-15 04:32:17.000,26.4
2026-03-15 04:32:17.000,25.2
2026-03-15 04:32:19.000,25.2
2026-03-15 04:32:19.000,24
2026-03-15 04:32:21.000,24
2026-03-15 04:32:21.000,18
2026-03-15 04:32:23.000,18
2026-03-15 04:32:23.000,22.8
2026-03-15 04:32:25.000,22.8
2026-03-15 04:32:25.000,24
2026-03-15 04:32:27.000,24
2026-03-15 04:32:27.000,22.8
2026-03-15 04:32:29.000,22.8
2026-03-15 04:32:29.000,16.8
2026-03-15 04:32:31.000,16.8
2026-03-15 04:32:31.000,15.6
2026-03-15 04:32:33.000,15.6
2026-03-15 04:32:33.000,8.4
2026-03-15 04:32:35.000,8.4
2026-03-15 04:32:35.000,15.6
2026-03-15 04:32:37.000,15.6
2026-03-15 04:32:37.000,13.2
2026-03-15 04:32:39.000,13.2
2026-03-15 04:32:39.000,14.4
2026-03-15 04:32:41.000,14.4
2026-03-15 04:32:41.000,13.2
2026-03-15 04:32:43.000,13.2
2026-03-15 04:32:43.000,14.4
2026-03-15 04:32:47.000,14.4
2026-03-15 04:32:47.000,19.2
2026-03-15 04:32:49.000,19.2
2026-03-15 04:32:49.000,20.4
2026-03-15 04:32:51.000,20.4
2026-03-15 04:32:51.000,30
2026-03-15 04:32:53.000,30
2026-03-15 04:32:53.000,28.8
2026-03-15 04:32:55.000,28.8
2026-03-15 04:32:55.000,32.4
2026-03-15 04:33:03.000,32.4
2026-03-15 04:33:03.000,31.2
2026-03-15 04:33:05.000,31.2
2026-03-15 04:33:05.000,30
2026-03-15 04:33:07.000,30
2026-03-15 04:33:07.000,32.4
2026-03-15 04:33:09.000,32.4
2026-03-15 04:33:09.000,34.8
2026-03-15 04:33:11.000,34.8
2026-03-15 04:33:11.000,36
2026-03-15 04:33:15.000,36
2026-03-15 04:33:15.000,37.2
2026-03-15 04:33:17.000,37.2
2026-03-15 04:33:17.000,38.4
2026-03-15 04:33:27.000,38.4
2026-03-15 04:33:27.000,36
2026-03-15 04:33:29.000,36
2026-03-15 04:33:29.000,34.8
2026-03-15 04:33:31.000,34.8
2026-03-15 04:33:31.000,36
2026-03-15 04:33:33.000,36
2026-03-15 04:33:33.000,33.6
2026-03-15 04:33:35.000,33.6
2026-03-15 04:33:35.000,34.8
2026-03-15 04:33:37.000,34.8
2026-03-15 04:33:37.000,33.6
2026-03-15 04:33:39.000,33.6
2026-03-15 04:33:39.000,34.8
2026-03-15 04:33:43.000,34.8
2026-03-15 04:33:43.000,36
2026-03-15 04:33:51.000,36
2026-03-15 04:33:51.000,37.2
2026-03-15 04:34:01.000,37.2
2026-03-15 04:34:01.000,38.4
2026-03-15 04:34:03.000,38.4
2026-03-15 04:34:03.000,39.6
2026-03-15 04:34:07.000,39.6
2026-03-15 04:34:07.000,40.8
2026-03-15 04:34:09.000,40.8
2026-03-15 04:34:09.000,39.6
2026-03-15 04:34:15.000,39.6
2026-03-15 04:34:15.000,30
2026-03-15 04:34:17.000,30
2026-03-15 04:34:17.000,2.4
2026-03-15 04:34:19.000,2.4
2026-03-15 04:34:19.000,18
2026-03-15 04:34:21.000,18
2026-03-15 04:34:21.000,9.6
2026-03-15 04:34:23.000,9.6
2026-03-15 04:34:23.000,10.8
2026-03-15 04:34:27.000,10.8
2026-03-15 04:34:27.000,9.6
2026-03-15 04:34:29.000,9.6
2026-03-15 04:34:29.000,10.8
2026-03-15 04:34:35.000,10.8
2026-03-15 04:34:35.000,12
2026-03-15 04:35:03.000,12
2026-03-15 04:35:03.000,13.2
2026-03-15 04:35:09.000,13.2
2026-03-15 04:35:09.000,14.4
2026-03-15 04:35:13.000,14.4
2026-03-15 04:35:13.000,15.6
2026-03-15 04:35:15.000,15.6
2026-03-15 04:35:15.000,13.2
2026-03-15 04:35:19.000,13.2
2026-03-15 04:35:19.000,12
2026-03-15 04:35:21.000,12
2026-03-15 04:35:21.000,13.2
2026-03-15 04:35:23.000,13.2
2026-03-15 04:35:23.000,14.4
2026-03-15 04:35:25.000,14.4
2026-03-15 04:35:25.000,16.8
2026-03-15 04:35:27.000,16.8
2026-03-15 04:35:27.000,20.4
2026-03-15 04:35:29.000,20.4
2026-03-15 04:35:29.000,22.8
2026-03-15 04:35:31.000,22.8
2026-03-15 04:35:31.000,25.2
2026-03-15 04:35:33.000,25.2
2026-03-15 04:35:33.000,26.4
2026-03-15 04:35:35.000,26.4
2026-03-15 04:35:35.000,27.6
2026-03-15 04:35:37.000,27.6
2026-03-15 04:35:37.000,28.8
2026-03-15 04:35:39.000,28.8
2026-03-15 04:35:39.000,30
2026-03-15 04:35:45.000,30
2026-03-15 04:35:45.000,31.2
2026-03-15 04:35:47.000,31.2
2026-03-15 04:35:47.000,32.4
2026-03-15 04:35:49.000,32.4
2026-03-15 04:35:49.000,33.6
2026-03-15 04:35:57.000,33.6
2026-03-15 04:35:57.000,32.4
2026-03-15 04:35:59.000,32.4
2026-03-15 04:35:59.000,31.2
2026-03-15 04:36:01.000,31.2
2026-03-15 04:36:01.000,26.4
2026-03-15 04:36:03.000,26.4
2026-03-15 04:36:03.000,27.6
2026-03-15 04:36:11.000,27.6
2026-03-15 04:36:11.000,28.8
2026-03-15 04:36:13.000,28.8
2026-03-15 04:36:13.000,30
2026-03-15 04:36:15.000,30
2026-03-15 04:36:15.000,31.2
2026-03-15 04:36:17.000,31.2
2026-03-15 04:36:17.000,32.4
2026-03-15 04:36:19.000,32.4
2026-03-15 04:36:19.000,33.6
2026-03-15 04:36:27.000,33.6
2026-03-15 04:36:27.000,36
2026-03-15 04:36:35.000,36
2026-03-15 04:36:35.000,34.8
2026-03-15 04:36:37.000,34.8
2026-03-15 04:36:37.000,33.6
2026-03-15 04:36:43.000,33.6
2026-03-15 04:36:43.000,32.4
2026-03-15 04:37:11.000,32.4
2026-03-15 04:37:11.000,31.2
2026-03-15 04:37:15.000,31.2
2026-03-15 04:37:15.000,28.8
2026-03-15 04:37:19.000,28.8
2026-03-15 04:37:19.000,27.6
2026-03-15 04:37:23.000,27.6
2026-03-15 04:37:23.000,26.4
2026-03-15 04:37:27.000,26.4
2026-03-15 04:37:27.000,25.2
2026-03-15 04:37:29.000,25.2
2026-03-15 04:37:29.000,20.4
2026-03-15 04:37:31.000,20.4
2026-03-15 04:37:31.000,21.6
2026-03-15 04:37:33.000,21.6
2026-03-15 04:37:33.000,19.2
2026-03-15 04:37:35.000,19.2
2026-03-15 04:37:35.000,16.8
2026-03-15 04:37:37.000,16.8
2026-03-15 04:37:37.000,13.2
2026-03-15 04:37:39.000,13.2
2026-03-15 04:37:39.000,16.8
2026-03-15 04:37:41.000,16.8
2026-03-15 04:37:41.000,12
2026-03-15 04:37:43.000,12
2026-03-15 04:37:43.000,13.2
2026-03-15 04:37:45.000,13.2
2026-03-15 04:37:45.000,12
2026-03-15 04:37:55.000,12
2026-03-15 04:37:55.000,13.2
2026-03-15 04:38:05.000,13.2
2026-03-15 04:38:05.000,14.4
2026-03-15 04:38:07.000,14.4
2026-03-15 04:38:07.000,15.6
2026-03-15 04:38:09.000,15.6
2026-03-15 04:38:09.000,14.4
2026-03-15 04:38:11.000,14.4
2026-03-15 04:38:11.000,15.6
2026-03-15 04:38:15.000,15.6
2026-03-15 04:38:15.000,14.4
2026-03-15 04:38:19.000,14.4
2026-03-15 04:38:19.000,15.6
2026-03-15 04:38:21.000,15.6
2026-03-15 04:38:21.000,14.4
2026-03-15 04:38:25.000,14.4
2026-03-15 04:38:25.000,15.6
2026-03-15 04:38:27.000,15.6
2026-03-15 04:38:27.000,14.4
2026-03-15 04:38:29.000,14.4
2026-03-15 04:38:29.000,15.6
2026-03-15 04:38:39.000,15.6
2026-03-15 04:38:39.000,18
2026-03-15 04:38:41.000,18
2026-03-15 04:38:41.000,19.2
2026-03-15 04:38:43.000,19.2
2026-03-15 04:38:43.000,20.4
2026-03-15 04:38:57.000,20.4
2026-03-15 04:38:57.000,21.6
2026-03-15 04:38:59.000,21.6
2026-03-15 04:38:59.000,20.4
2026-03-15 04:39:01.000,20.4
2026-03-15 04:39:01.000,21.6
2026-03-15 04:39:03.000,21.6
2026-03-15 04:39:03.000,20.4
2026-03-15 04:39:09.000,20.4
2026-03-15 04:39:09.000,21.6
2026-03-15 04:39:13.000,21.6
2026-03-15 04:39:13.000,22.8
2026-03-15 04:39:23.000,22.8
2026-03-15 04:39:23.000,24
2026-03-15 04:39:27.000,24
2026-03-15 04:39:27.000,22.8
2026-03-15 04:39:29.000,22.8
2026-03-15 04:39:29.000,19.2
2026-03-15 04:39:31.000,19.2
2026-03-15 04:39:31.000,20.4
2026-03-15 04:39:35.000,20.4
2026-03-15 04:39:35.000,22.8
2026-03-15 04:39:39.000,22.8
2026-03-15 04:39:39.000,20.4
2026-03-15 04:39:41.000,20.4
2026-03-15 04:39:41.000,21.6
2026-03-15 04:39:43.000,21.6
2026-03-15 04:39:43.000,22.8
2026-03-15 04:39:45.000,22.8
2026-03-15 04:39:45.000,24
2026-03-15 04:39:47.000,24
2026-03-15 04:39:47.000,25.2
2026-03-15 04:39:51.000,25.2
2026-03-15 04:39:51.000,27.6
2026-03-15 04:39:53.000,27.6
2026-03-15 04:39:53.000,28.8
2026-03-15 04:39:59.000,28.8
2026-03-15 04:39:59.000,27.6
2026-03-15 04:40:01.000,27.6
2026-03-15 04:40:01.000,28.8
2026-03-15 04:40:17.000,28.8
2026-03-15 04:40:17.000,27.6
2026-03-15 04:40:19.000,27.6
2026-03-15 04:40:19.000,22.8
2026-03-15 04:40:21.000,22.8
2026-03-15 04:40:21.000,20.4
2026-03-15 04:40:23.000,20.4
2026-03-15 04:40:23.000,16.8
2026-03-15 04:40:25.000,16.8
2026-03-15 04:40:25.000,15.6
2026-03-15 04:40:27.000,15.6
2026-03-15 04:40:27.000,20.4
2026-03-15 04:40:29.000,20.4
2026-03-15 04:40:29.000,22.8
2026-03-15 04:40:39.000,22.8
2026-03-15 04:40:39.000,24
2026-03-15 04:40:41.000,24
2026-03-15 04:40:41.000,25.2
2026-03-15 04:40:51.000,25.2
2026-03-15 04:40:51.000,26.4
2026-03-15 04:40:55.000,26.4
2026-03-15 04:40:55.000,27.6
2026-03-15 04:40:59.000,27.6
2026-03-15 04:40:59.000,28.8
2026-03-15 04:41:03.000,28.8
2026-03-15 04:41:03.000,27.6
2026-03-15 04:41:07.000,27.6
2026-03-15 04:41:07.000,26.4
2026-03-15 04:41:09.000,26.4
2026-03-15 04:41:09.000,24
2026-03-15 04:41:13.000,24
2026-03-15 04:41:13.000,22.8
2026-03-15 04:41:23.000,22.8
2026-03-15 04:41:23.000,24
2026-03-15 04:41:25.000,24
2026-03-15 04:41:25.000,25.2
2026-03-15 04:41:29.000,25.2
2026-03-15 04:41:29.000,27.6
2026-03-15 04:41:31.000,27.6
2026-03-15 04:41:31.000,28.8
2026-03-15 04:41:33.000,28.8
2026-03-15 04:41:33.000,30
2026-03-15 04:41:35.000,30
2026-03-15 04:41:35.000,32.4
2026-03-15 04:41:37.000,32.4
2026-03-15 04:41:37.000,33.6
2026-03-15 04:41:47.000,33.6
2026-03-15 04:41:47.000,34.8
2026-03-15 04:42:05.000,34.8
2026-03-15 04:42:05.000,36
2026-03-15 04:42:17.000,36
2026-03-15 04:42:17.000,34.8
2026-03-15 04:42:21.000,34.8
2026-03-15 04:42:21.000,32.4
2026-03-15 04:42:23.000,32.4
2026-03-15 04:42:23.000,27.6
2026-03-15 04:42:25.000,27.6
2026-03-15 04:42:25.000,25.2
2026-03-15 04:42:27.000,25.2
2026-03-15 04:42:27.000,20.4
2026-03-15 04:42:29.000,20.4
2026-03-15 04:42:29.000,21.6
2026-03-15 04:42:31.000,21.6
2026-03-15 04:42:31.000,15.6
2026-03-15 04:42:33.000,15.6
2026-03-15 04:42:33.000,14.4
2026-03-15 04:42:35.000,14.4
2026-03-15 04:42:35.000,15.6
2026-03-15 04:42:37.000,15.6
2026-03-15 04:42:37.000,13.2
2026-03-15 04:42:39.000,13.2
2026-03-15 04:42:39.000,12
2026-03-15 04:42:47.000,12
2026-03-15 04:42:47.000,13.2
2026-03-15 04:42:53.000,13.2
2026-03-15 04:42:53.000,12
2026-03-15 04:42:55.000,12
2026-03-15 04:42:55.000,10.8
2026-03-15 04:43:11.000,10.8
2026-03-15 04:43:11.000,12
2026-03-15 04:43:21.000,12
2026-03-15 04:43:21.000,10.8
2026-03-15 04:43:31.000,10.8
2026-03-15 04:43:31.000,9.6
2026-03-15 04:43:49.000,9.6
2026-03-15 04:43:49.000,10.8
2026-03-15 04:43:57.000,10.8
2026-03-15 04:43:57.000,12
2026-03-15 04:43:59.000,12
2026-03-15 04:43:59.000,10.8
2026-03-15 04:44:01.000,10.8
2026-03-15 04:44:01.000,12
2026-03-15 04:44:03.000,12
2026-03-15 04:44:03.000,10.8
2026-03-15 04:44:05.000,10.8
2026-03-15 04:44:05.000,9.6
2026-03-15 04:44:09.000,9.6
2026-03-15 04:44:09.000,10.8
2026-03-15 04:44:11.000,10.8
2026-03-15 04:44:11.000,9.6
2026-03-15 04:44:13.000,9.6
2026-03-15 04:44:13.000,10.8
2026-03-15 04:44:21.000,10.8
2026-03-15 04:44:21.000,9.6
2026-03-15 04:44:35.000,9.6
2026-03-15 04:44:35.000,10.8
2026-03-15 04:44:59.000,10.8
2026-03-15 04:44:59.000,9.6
2026-03-15 04:45:29.000,9.6
2026-03-15 04:45:29.000,10.8
2026-03-15 04:45:33.000,10.8
2026-03-15 04:45:33.000,9.6
2026-03-15 04:45:35.000,9.6
2026-03-15 04:45:35.000,10.8
2026-03-15 04:45:39.000,10.8
2026-03-15 04:45:39.000,9.6
2026-03-15 04:45:41.000,9.6
2026-03-15 04:45:41.000,10.8
2026-03-15 04:45:43.000,10.8
2026-03-15 04:45:43.000,9.6
2026-03-15 04:46:19.000,9.6
2026-03-15 04:46:19.000,10.8
2026-03-15 04:46:23.000,10.8
2026-03-15 04:46:23.000,9.6
2026-03-15 04:47:25.000,9.6
2026-03-15 04:47:25.000,10.8
2026-03-15 04:47:31.000,10.8
2026-03-15 04:47:31.000,9.6
2026-03-15 04:47:37.000,9.6
2026-03-15 04:47:37.000,10.8
2026-03-15 04:47:39.000,10.8
2026-03-15 04:47:39.000,14.4
2026-03-15 04:47:41.000,14.4
2026-03-15 04:47:41.000,13.2
2026-03-15 04:47:43.000,13.2
2026-03-15 04:47:43.000,9.6
2026-03-15 04:47:45.000,9.6
2026-03-15 04:47:45.000,8.4
2026-03-15 04:47:47.000,8.4
2026-03-15 04:47:47.000,7.2
2026-03-15 04:47:49.000,7.2
2026-03-15 04:47:49.000,9.6
2026-03-15 04:47:51.000,9.6
2026-03-15 04:47:51.000,10.8
2026-03-15 04:48:19.000,10.8
2026-03-15 04:48:19.000,12
2026-03-15 04:48:25.000,12
2026-03-15 04:48:25.000,10.8
2026-03-15 04:48:59.000,10.8
2026-03-15 04:48:59.000,12
2026-03-15 04:49:07.000,12
2026-03-15 04:49:07.000,13.2
2026-03-15 04:49:19.000,13.2
2026-03-15 04:49:19.000,14.4
2026-03-15 04:49:29.000,14.4
2026-03-15 04:49:29.000,15.6
2026-03-15 04:49:35.000,15.6
2026-03-15 04:49:35.000,16.8
2026-03-15 04:49:37.000,16.8
2026-03-15 04:49:37.000,19.2
2026-03-15 04:49:41.000,19.2
2026-03-15 04:49:41.000,21.6
2026-03-15 04:49:43.000,21.6
2026-03-15 04:49:43.000,20.4
2026-03-15 04:49:45.000,20.4
2026-03-15 04:49:45.000,19.2
2026-03-15 04:49:47.000,19.2
2026-03-15 04:49:47.000,18
2026-03-15 04:49:51.000,18
2026-03-15 04:49:51.000,16.8
2026-03-15 04:49:53.000,16.8
2026-03-15 04:49:53.000,15.6
2026-03-15 04:50:09.000,15.6
2026-03-15 04:50:09.000,16.8
2026-03-15 04:50:15.000,16.8
2026-03-15 04:50:15.000,15.6
2026-03-15 04:50:17.000,15.6
2026-03-15 04:50:17.000,16.8
2026-03-15 04:50:23.000,16.8
2026-03-15 04:50:23.000,18
2026-03-15 04:50:31.000,18
2026-03-15 04:50:31.000,19.2
2026-03-15 04:50:33.000,19.2
2026-03-15 04:50:33.000,18
2026-03-15 04:50:35.000,18
2026-03-15 04:50:35.000,19.2
2026-03-15 04:50:41.000,19.2
2026-03-15 04:50:41.000,18
2026-03-15 04:50:47.000,18
2026-03-15 04:50:47.000,16.8
2026-03-15 04:50:55.000,16.8
2026-03-15 04:50:55.000,18
2026-03-15 04:51:01.000,18
2026-03-15 04:51:01.000,16.8
2026-03-15 04:51:09.000,16.8
2026-03-15 04:51:09.000,15.6
2026-03-15 04:51:17.000,15.6
2026-03-15 04:51:17.000,16.8
2026-03-15 04:51:37.000,16.8
2026-03-15 04:51:37.000,18
2026-03-15 04:51:39.000,18
2026-03-15 04:51:39.000,19.2
2026-03-15 04:51:41.000,19.2
2026-03-15 04:51:41.000,20.4
2026-03-15 04:51:43.000,20.4
2026-03-15 04:51:43.000,22.8
2026-03-15 04:51:49.000,22.8
2026-03-15 04:51:49.000,24
2026-03-15 04:51:51.000,24
2026-03-15 04:51:51.000,26.4
2026-03-15 04:51:55.000,26.4
2026-03-15 04:51:55.000,27.6
2026-03-15 04:52:03.000,27.6
2026-03-15 04:52:03.000,26.4
2026-03-15 04:52:09.000,26.4
2026-03-15 04:52:09.000,27.6
2026-03-15 04:52:17.000,27.6
2026-03-15 04:52:17.000,26.4
2026-03-15 04:52:21.000,26.4
2026-03-15 04:52:21.000,25.2
2026-03-15 04:52:23.000,25.2
2026-03-15 04:52:23.000,22.8
2026-03-15 04:52:25.000,22.8
2026-03-15 04:52:25.000,20.4
2026-03-15 04:52:31.000,20.4
2026-03-15 04:52:31.000,21.6
2026-03-15 04:52:37.000,21.6
2026-03-15 04:52:37.000,20.4
2026-03-15 04:52:41.000,20.4
2026-03-15 04:52:41.000,19.2
2026-03-15 04:52:49.000,19.2
2026-03-15 04:52:49.000,18
2026-03-15 04:52:55.000,18
2026-03-15 04:52:55.000,16.8
2026-03-15 04:53:01.000,16.8
2026-03-15 04:53:01.000,19.2
2026-03-15 04:53:03.000,19.2
2026-03-15 04:53:03.000,24
2026-03-15 04:53:05.000,24
2026-03-15 04:53:05.000,27.6
2026-03-15 04:53:07.000,27.6
2026-03-15 04:53:07.000,31.2
2026-03-15 04:53:09.000,31.2
2026-03-15 04:53:09.000,33.6
2026-03-15 04:53:11.000,33.6
2026-03-15 04:53:11.000,37.2
2026-03-15 04:53:13.000,37.2
2026-03-15 04:53:13.000,34.8
2026-03-15 04:53:15.000,34.8
2026-03-15 04:53:15.000,36
2026-03-15 04:53:17.000,36
2026-03-15 04:53:17.000,34.8
2026-03-15 04:53:21.000,34.8
2026-03-15 04:53:21.000,33.6
2026-03-15 04:53:23.000,33.6
2026-03-15 04:53:23.000,32.4
2026-03-15 04:53:37.000,32.4
2026-03-15 04:53:37.000,33.6
2026-03-15 04:53:41.000,33.6
2026-03-15 04:53:41.000,34.8
2026-03-15 04:53:43.000,34.8
2026-03-15 04:53:43.000,36
2026-03-15 04:53:45.000,36
2026-03-15 04:53:45.000,38.4
2026-03-15 04:53:47.000,38.4
2026-03-15 04:53:47.000,33.6
2026-03-15 04:53:49.000,33.6
2026-03-15 04:53:49.000,30
2026-03-15 04:53:51.000,30
2026-03-15 04:53:51.000,22.8
2026-03-15 04:53:55.000,22.8
2026-03-15 04:53:55.000,20.4
2026-03-15 04:53:57.000,20.4
2026-03-15 04:53:57.000,21.6
2026-03-15 04:53:59.000,21.6
2026-03-15 04:53:59.000,20.4
2026-03-15 04:54:19.000,20.4
2026-03-15 04:54:19.000,19.2
2026-03-15 04:54:23.000,19.2
2026-03-15 04:54:23.000,16.8
2026-03-15 04:54:25.000,16.8
2026-03-15 04:54:25.000,15.6
2026-03-15 04:54:27.000,15.6
2026-03-15 04:54:27.000,16.8
2026-03-15 04:54:31.000,16.8
2026-03-15 04:54:31.000,15.6
2026-03-15 04:54:33.000,15.6
2026-03-15 04:54:33.000,14.4
2026-03-15 04:54:35.000,14.4
2026-03-15 04:54:35.000,13.2
2026-03-15 04:54:39.000,13.2
2026-03-15 04:54:39.000,12
2026-03-15 04:55:03.000,12
2026-03-15 04:55:03.000,13.2
2026-03-15 04:55:09.000,13.2
2026-03-15 04:55:09.000,12
2026-03-15 04:55:43.000,12
2026-03-15 04:55:43.000,13.2
2026-03-15 04:55:49.000,13.2
2026-03-15 04:55:49.000,14.4
2026-03-15 04:55:57.000,14.4
2026-03-15 04:55:57.000,15.6
2026-03-15 04:56:07.000,15.6
2026-03-15 04:56:07.000,16.8
2026-03-15 04:56:09.000,16.8
2026-03-15 04:56:09.000,15.6
2026-03-15 04:56:11.000,15.6
2026-03-15 04:56:11.000,16.8
2026-03-15 04:56:17.000,16.8
2026-03-15 04:56:17.000,15.6
2026-03-15 04:56:21.000,15.6
2026-03-15 04:56:21.000,16.8
2026-03-15 04:56:23.000,16.8
2026-03-15 04:56:23.000,18
2026-03-15 04:56:25.000,18
2026-03-15 04:56:25.000,21.6
2026-03-15 04:56:27.000,21.6
2026-03-15 04:56:27.000,20.4
2026-03-15 04:56:29.000,20.4
2026-03-15 04:56:29.000,21.6
2026-03-15 04:56:31.000,21.6
2026-03-15 04:56:31.000,20.4
2026-03-15 04:56:33.000,20.4
2026-03-15 04:56:33.000,21.6
2026-03-15 04:56:35.000,21.6
2026-03-15 04:56:35.000,22.8
2026-03-15 04:56:39.000,22.8
2026-03-15 04:56:39.000,24
2026-03-15 04:56:41.000,24
2026-03-15 04:56:41.000,25.2
2026-03-15 04:56:45.000,25.2
2026-03-15 04:56:45.000,26.4
2026-03-15 04:56:49.000,26.4
2026-03-15 04:56:49.000,27.6
2026-03-15 04:56:51.000,27.6
2026-03-15 04:56:51.000,28.8
2026-03-15 04:56:57.000,28.8
2026-03-15 04:56:57.000,27.6
2026-03-15 04:56:59.000,27.6
2026-03-15 04:56:59.000,26.4
2026-03-15 04:57:09.000,26.4
2026-03-15 04:57:09.000,25.2
2026-03-15 04:57:29.000,25.2
2026-03-15 04:57:29.000,26.4
2026-03-15 04:57:35.000,26.4
2026-03-15 04:57:35.000,25.2
2026-03-15 04:57:37.000,25.2
2026-03-15 04:57:37.000,22.8
2026-03-15 04:57:39.000,22.8
2026-03-15 04:57:39.000,19.2
2026-03-15 04:57:43.000,19.2
2026-03-15 04:57:43.000,15.6
2026-03-15 04:57:49.000,15.6
2026-03-15 04:57:49.000,14.4
2026-03-15 04:57:51.000,14.4
2026-03-15 04:57:51.000,13.2
2026-03-15 04:57:57.000,13.2
2026-03-15 04:57:57.000,12
2026-03-15 04:58:03.000,12
2026-03-15 04:58:03.000,13.2
2026-03-15 04:58:25.000,13.2
2026-03-15 04:58:25.000,14.4
2026-03-15 04:58:27.000,14.4
2026-03-15 04:58:27.000,16.8
2026-03-15 04:58:29.000,16.8
2026-03-15 04:58:29.000,19.2
2026-03-15 04:58:31.000,19.2
2026-03-15 04:58:31.000,22.8
2026-03-15 04:58:35.000,22.8
2026-03-15 04:58:35.000,25.2
2026-03-15 04:58:37.000,25.2
2026-03-15 04:58:37.000,26.4
2026-03-15 04:58:43.000,26.4
2026-03-15 04:58:43.000,27.6
2026-03-15 04:58:49.000,27.6
2026-03-15 04:58:49.000,26.4
2026-03-15 04:58:51.000,26.4
2026-03-15 04:58:51.000,25.2
2026-03-15 04:58:55.000,25.2
2026-03-15 04:58:55.000,22.8
2026-03-15 04:58:57.000,22.8
2026-03-15 04:58:57.000,24
2026-03-15 04:58:59.000,24
2026-03-15 04:58:59.000,27.6
2026-03-15 04:59:01.000,27.6
2026-03-15 04:59:01.000,39.6
2026-03-15 04:59:03.000,39.6
2026-03-15 04:59:03.000,36
2026-03-15 04:59:05.000,36
2026-03-15 04:59:05.000,40.8
2026-03-15 04:59:15.000,40.8
2026-03-15 04:59:15.000,39.6
2026-03-15 04:59:25.000,39.6
2026-03-15 04:59:25.000,36
2026-03-15 04:59:27.000,36
2026-03-15 04:59:27.000,30
2026-03-15 04:59:29.000,30
2026-03-15 04:59:29.000,25.2
2026-03-15 04:59:31.000,25.2
2026-03-15 04:59:31.000,26.4
2026-03-15 04:59:35.000,26.4
2026-03-15 04:59:35.000,28.8
2026-03-15 04:59:39.000,28.8
2026-03-15 04:59:39.000,27.6
2026-03-15 04:59:57.000,27.6
2026-03-15 04:59:57.000,26.4
2026-03-15 04:59:59.000,26.4
2026-03-15 04:59:59.000,25.2
2026-03-15 05:00:01.000,25.2
2026-03-15 05:00:01.000,22.8
2026-03-15 05:00:03.000,22.8
2026-03-15 05:00:03.000,21.6
2026-03-15 05:00:05.000,21.6
2026-03-15 05:00:05.000,20.4
2026-03-15 05:00:07.000,20.4
2026-03-15 05:00:07.000,21.6
2026-03-15 05:00:09.000,21.6
2026-03-15 05:00:09.000,22.8
2026-03-15 05:00:19.000,22.8
2026-03-15 05:00:19.000,21.6
2026-03-15 05:00:21.000,21.6
2026-03-15 05:00:21.000,20.4
2026-03-15 05:00:23.000,20.4
2026-03-15 05:00:23.000,16.8
2026-03-15 05:00:25.000,16.8
2026-03-15 05:00:25.000,19.2
2026-03-15 05:00:27.000,19.2
2026-03-15 05:00:27.000,16.8
2026-03-15 05:00:29.000,16.8
2026-03-15 05:00:29.000,15.6
2026-03-15 05:00:37.000,15.6
2026-03-15 05:00:37.000,19.2
2026-03-15 05:00:39.000,19.2
2026-03-15 05:00:39.000,22.8
2026-03-15 05:00:41.000,22.8
2026-03-15 05:00:41.000,24
2026-03-15 05:00:43.000,24
2026-03-15 05:00:43.000,27.6
2026-03-15 05:00:45.000,27.6
2026-03-15 05:00:45.000,26.4
2026-03-15 05:00:47.000,26.4
2026-03-15 05:00:47.000,28.8
2026-03-15 05:00:49.000,28.8
2026-03-15 05:00:49.000,27.6
2026-03-15 05:00:51.000,27.6
2026-03-15 05:00:51.000,28.8
2026-03-15 05:01:01.000,28.8
2026-03-15 05:01:01.000,30
2026-03-15 05:01:13.000,30
2026-03-15 05:01:13.000,31.2
2026-03-15 05:01:33.000,31.2
2026-03-15 05:01:33.000,30
2026-03-15 05:01:35.000,30
2026-03-15 05:01:35.000,27.6
2026-03-15 05:01:37.000,27.6
2026-03-15 05:01:37.000,24
2026-03-15 05:01:41.000,24
2026-03-15 05:01:41.000,22.8
2026-03-15 05:01:43.000,22.8
2026-03-15 05:01:43.000,24
2026-03-15 05:01:45.000,24
2026-03-15 05:01:45.000,21.6
2026-03-15 05:01:57.000,21.6
2026-03-15 05:01:57.000,20.4
2026-03-15 05:02:07.000,20.4
2026-03-15 05:02:07.000,21.6
2026-03-15 05:02:11.000,21.6
2026-03-15 05:02:11.000,20.4
2026-03-15 05:02:13.000,20.4
2026-03-15 05:02:13.000,19.2
2026-03-15 05:02:27.000,19.2
2026-03-15 05:02:27.000,20.4
2026-03-15 05:02:33.000,20.4
2026-03-15 05:02:33.000,21.6
2026-03-15 05:02:39.000,21.6
2026-03-15 05:02:39.000,20.4
2026-03-15 05:03:55.000,20.4
2026-03-15 05:03:55.000,19.2
2026-03-15 05:03:59.000,19.2
2026-03-15 05:03:59.000,20.4
2026-03-15 05:04:05.000,20.4
2026-03-15 05:04:05.000,19.2
2026-03-15 05:04:07.000,19.2
2026-03-15 05:04:07.000,15.6
2026-03-15 05:04:09.000,15.6
2026-03-15 05:04:09.000,16.8
2026-03-15 05:04:11.000,16.8
2026-03-15 05:04:11.000,14.4
2026-03-15 05:04:13.000,14.4
2026-03-15 05:04:13.000,15.6
2026-03-15 05:04:15.000,15.6
2026-03-15 05:04:15.000,14.4
2026-03-15 05:04:19.000,14.4
2026-03-15 05:04:19.000,13.2
2026-03-15 05:04:21.000,13.2
2026-03-15 05:04:21.000,14.4
2026-03-15 05:04:31.000,14.4
2026-03-15 05:04:31.000,15.6
2026-03-15 05:04:33.000,15.6
2026-03-15 05:04:33.000,14.4
2026-03-15 05:04:49.000,14.4
2026-03-15 05:04:49.000,16.8
2026-03-15 05:04:51.000,16.8
2026-03-15 05:04:51.000,18
2026-03-15 05:04:53.000,18
2026-03-15 05:04:53.000,16.8
2026-03-15 05:04:57.000,16.8
2026-03-15 05:04:57.000,18
2026-03-15 05:05:03.000,18
2026-03-15 05:05:03.000,19.2
2026-03-15 05:05:09.000,19.2
2026-03-15 05:05:09.000,20.4
2026-03-15 05:05:13.000,20.4
2026-03-15 05:05:13.000,21.6
2026-03-15 05:05:17.000,21.6
2026-03-15 05:05:17.000,22.8
2026-03-15 05:05:23.000,22.8
2026-03-15 05:05:23.000,21.6
2026-03-15 05:05:29.000,21.6
2026-03-15 05:05:29.000,20.4
2026-03-15 05:05:41.000,20.4
2026-03-15 05:05:41.000,21.6
2026-03-15 05:06:05.000,21.6
2026-03-15 05:06:05.000,25.2
2026-03-15 05:06:07.000,25.2
2026-03-15 05:06:07.000,30
2026-03-15 05:06:09.000,30
2026-03-15 05:06:09.000,26.4
2026-03-15 05:06:11.000,26.4
2026-03-15 05:06:11.000,24
2026-03-15 05:06:13.000,24
2026-03-15 05:06:13.000,21.6
2026-03-15 05:06:15.000,21.6
2026-03-15 05:06:15.000,19.2
2026-03-15 05:06:17.000,19.2
2026-03-15 05:06:17.000,16.8
2026-03-15 05:06:21.000,16.8
2026-03-15 05:06:21.000,15.6
2026-03-15 05:06:29.000,15.6
2026-03-15 05:06:29.000,14.4
2026-03-15 05:06:37.000,14.4
2026-03-15 05:06:37.000,15.6
2026-03-15 05:06:43.000,15.6
2026-03-15 05:06:43.000,14.4
2026-03-15 05:06:45.000,14.4
2026-03-15 05:06:45.000,15.6
2026-03-15 05:06:47.000,15.6
2026-03-15 05:06:47.000,14.4
2026-03-15 05:06:49.000,14.4
2026-03-15 05:06:49.000,13.2
2026-03-15 05:07:07.000,13.2
2026-03-15 05:07:07.000,14.4
2026-03-15 05:07:19.000,14.4
2026-03-15 05:07:19.000,15.6
2026-03-15 05:07:29.000,15.6
2026-03-15 05:07:29.000,14.4
2026-03-15 05:07:39.000,14.4
2026-03-15 05:07:39.000,15.6
2026-03-15 05:07:45.000,15.6
2026-03-15 05:07:45.000,14.4
2026-03-15 05:07:47.000,14.4
2026-03-15 05:07:47.000,15.6
2026-03-15 05:08:15.000,15.6
2026-03-15 05:08:15.000,16.8
2026-03-15 05:08:37.000,16.8
2026-03-15 05:08:37.000,18
2026-03-15 05:08:39.000,18
2026-03-15 05:08:39.000,22.8
2026-03-15 05:08:41.000,22.8
2026-03-15 05:08:41.000,14.4
2026-03-15 05:08:43.000,14.4
2026-03-15 05:08:43.000,15.6
2026-03-15 05:08:45.000,15.6
2026-03-15 05:08:45.000,12
2026-03-15 05:08:47.000,12
2026-03-15 05:08:47.000,13.2
2026-03-15 05:08:49.000,13.2
2026-03-15 05:08:49.000,15.6
2026-03-15 05:08:53.000,15.6
2026-03-15 05:08:53.000,16.8
2026-03-15 05:09:01.000,16.8
2026-03-15 05:09:01.000,18
2026-03-15 05:09:03.000,18
2026-03-15 05:09:03.000,19.2
2026-03-15 05:09:05.000,19.2
2026-03-15 05:09:05.000,21.6
2026-03-15 05:09:07.000,21.6
2026-03-15 05:09:07.000,25.2
2026-03-15 05:09:09.000,25.2
2026-03-15 05:09:09.000,33.6
2026-03-15 05:09:11.000,33.6
2026-03-15 05:09:11.000,30
2026-03-15 05:09:13.000,30
2026-03-15 05:09:13.000,38.4
2026-03-15 05:09:15.000,38.4
2026-03-15 05:09:15.000,34.8
2026-03-15 05:09:17.000,34.8
2026-03-15 05:09:17.000,37.2
2026-03-15 05:09:19.000,37.2
2026-03-15 05:09:19.000,38.4
2026-03-15 05:09:25.000,38.4
2026-03-15 05:09:25.000,40.8
2026-03-15 05:09:27.000,40.8
2026-03-15 05:09:27.000,42
2026-03-15 05:09:31.000,42
2026-03-15 05:09:31.000,43.2
2026-03-15 05:09:33.000,43.2
2026-03-15 05:09:33.000,44.4
2026-03-15 05:09:35.000,44.4
2026-03-15 05:09:35.000,45.6
2026-03-15 05:09:43.000,45.6
2026-03-15 05:09:43.000,46.8
2026-03-15 05:09:45.000,46.8
2026-03-15 05:09:45.000,45.6
2026-03-15 05:10:05.000,45.6
2026-03-15 05:10:05.000,46.8
2026-03-15 05:10:07.000,46.8
2026-03-15 05:10:07.000,49.2
2026-03-15 05:10:23.000,49.2
2026-03-15 05:10:23.000,48
2026-03-15 05:10:25.000,48
2026-03-15 05:10:25.000,46.8
2026-03-15 05:10:39.000,46.8
2026-03-15 05:10:39.000,48
2026-03-15 05:10:49.000,48
2026-03-15 05:10:49.000,49.2
2026-03-15 05:10:55.000,49.2
2026-03-15 05:10:55.000,48
2026-03-15 05:11:15.000,48
2026-03-15 05:11:15.000,49.2
2026-03-15 05:11:23.000,49.2
2026-03-15 05:11:23.000,50.4
2026-03-15 05:11:51.000,50.4
2026-03-15 05:11:51.000,49.2
2026-03-15 05:12:05.000,49.2
2026-03-15 05:12:05.000,50.4
2026-03-15 05:12:15.000,50.4
2026-03-15 05:12:15.000,49.2
2026-03-15 05:12:19.000,49.2
2026-03-15 05:12:19.000,48
2026-03-15 05:12:23.000,48
2026-03-15 05:12:23.000,46.8
2026-03-15 05:12:57.000,46.8
2026-03-15 05:12:57.000,48
2026-03-15 05:13:01.000,48
2026-03-15 05:13:01.000,45.6
2026-03-15 05:13:03.000,45.6
2026-03-15 05:13:03.000,31.2
2026-03-15 05:13:05.000,31.2
2026-03-15 05:13:05.000,21.6
2026-03-15 05:13:07.000,21.6
2026-03-15 05:13:07.000,8.4
2026-03-15 05:13:09.000,8.4
2026-03-15 05:13:09.000,12
2026-03-15 05:13:11.000,12
2026-03-15 05:13:11.000,13.2
2026-03-15 05:13:13.000,13.2
2026-03-15 05:13:13.000,12
2026-03-15 05:13:15.000,12
2026-03-15 05:13:15.000,13.2
2026-03-15 05:13:29.000,13.2
2026-03-15 05:13:29.000,14.4
2026-03-15 05:13:39.000,14.4
2026-03-15 05:13:39.000,13.2
2026-03-15 05:15:07.000,13.2
2026-03-15 05:15:07.000,12
2026-03-15 05:15:19.000,12
2026-03-15 05:15:19.000,13.2
2026-03-15 05:15:41.000,13.2
2026-03-15 05:15:41.000,12
2026-03-15 05:15:51.000,12
2026-03-15 05:15:51.000,13.2
2026-03-15 05:16:09.000,13.2
2026-03-15 05:16:09.000,12
2026-03-15 05:16:15.000,12
2026-03-15 05:16:15.000,13.2
2026-03-15 05:16:21.000,13.2
2026-03-15 05:16:21.000,14.4
2026-03-15 05:16:25.000,14.4
2026-03-15 05:16:25.000,15.6
2026-03-15 05:16:27.000,15.6
2026-03-15 05:16:27.000,16.8
2026-03-15 05:16:29.000,16.8
2026-03-15 05:16:29.000,15.6
2026-03-15 05:16:33.000,15.6
2026-03-15 05:16:33.000,14.4
2026-03-15 05:16:35.000,14.4
2026-03-15 05:16:35.000,13.2
2026-03-15 05:16:37.000,13.2
2026-03-15 05:16:37.000,14.4
2026-03-15 05:16:39.000,14.4
2026-03-15 05:16:39.000,13.2
2026-03-15 05:17:07.000,13.2
2026-03-15 05:17:07.000,14.4
2026-03-15 05:17:19.000,14.4
2026-03-15 05:17:19.000,15.6
2026-03-15 05:17:25.000,15.6
2026-03-15 05:17:25.000,16.8
2026-03-15 05:17:27.000,16.8
2026-03-15 05:17:27.000,18
2026-03-15 05:17:35.000,18
2026-03-15 05:17:35.000,19.2
2026-03-15 05:18:03.000,19.2
2026-03-15 05:18:03.000,20.4
2026-03-15 05:18:07.000,20.4
2026-03-15 05:18:07.000,21.6
2026-03-15 05:18:09.000,21.6
2026-03-15 05:18:09.000,25.2
2026-03-15 05:18:13.000,25.2
2026-03-15 05:18:13.000,26.4
2026-03-15 05:18:15.000,26.4
2026-03-15 05:18:15.000,25.2
2026-03-15 05:18:17.000,25.2
2026-03-15 05:18:17.000,24
2026-03-15 05:18:25.000,24
2026-03-15 05:18:25.000,25.2
2026-03-15 05:18:29.000,25.2
2026-03-15 05:18:29.000,26.4
2026-03-15 05:18:33.000,26.4
2026-03-15 05:18:33.000,28.8
2026-03-15 05:18:37.000,28.8
2026-03-15 05:18:37.000,30
2026-03-15 05:19:05.000,30
2026-03-15 05:19:05.000,31.2
2026-03-15 05:19:17.000,31.2
2026-03-15 05:19:17.000,32.4
2026-03-15 05:19:25.000,32.4
2026-03-15 05:19:25.000,31.2
2026-03-15 05:19:29.000,31.2
2026-03-15 05:19:29.000,27.6
2026-03-15 05:19:31.000,27.6
2026-03-15 05:19:31.000,19.2
2026-03-15 05:19:33.000,19.2
2026-03-15 05:19:33.000,16.8
2026-03-15 05:19:37.000,16.8
2026-03-15 05:19:37.000,14.4
2026-03-15 05:19:39.000,14.4
2026-03-15 05:19:39.000,15.6
2026-03-15 05:19:41.000,15.6
2026-03-15 05:19:41.000,14.4
2026-03-15 05:19:53.000,14.4
2026-03-15 05:19:53.000,15.6
2026-03-15 05:19:55.000,15.6
2026-03-15 05:19:55.000,16.8
2026-03-15 05:19:57.000,16.8
2026-03-15 05:19:57.000,19.2
2026-03-15 05:19:59.000,19.2
2026-03-15 05:19:59.000,20.4
2026-03-15 05:20:01.000,20.4
2026-03-15 05:20:01.000,19.2
2026-03-15 05:20:03.000,19.2
2026-03-15 05:20:03.000,21.6
2026-03-15 05:20:05.000,21.6
2026-03-15 05:20:05.000,22.8
2026-03-15 05:20:09.000,22.8
2026-03-15 05:20:09.000,25.2
2026-03-15 05:20:13.000,25.2
2026-03-15 05:20:13.000,24
2026-03-15 05:20:15.000,24
2026-03-15 05:20:15.000,25.2
2026-03-15 05:20:19.000,25.2
2026-03-15 05:20:19.000,26.4
2026-03-15 05:20:23.000,26.4
2026-03-15 05:20:23.000,25.2
2026-03-15 05:20:33.000,25.2
2026-03-15 05:20:33.000,24
2026-03-15 05:20:43.000,24
2026-03-15 05:20:43.000,25.2
2026-03-15 05:20:45.000,25.2
2026-03-15 05:20:45.000,26.4
2026-03-15 05:20:47.000,26.4
2026-03-15 05:20:47.000,16.8
2026-03-15 05:20:49.000,16.8
2026-03-15 05:20:49.000,10.8
2026-03-15 05:20:51.000,10.8
2026-03-15 05:20:51.000,16.8
2026-03-15 05:20:53.000,16.8
2026-03-15 05:20:53.000,18
2026-03-15 05:20:55.000,18
2026-03-15 05:20:55.000,19.2
2026-03-15 05:20:57.000,19.2
2026-03-15 05:20:57.000,20.4
2026-03-15 05:20:59.000,20.4
2026-03-15 05:20:59.000,21.6
2026-03-15 05:21:05.000,21.6
2026-03-15 05:21:05.000,22.8
2026-03-15 05:21:11.000,22.8
2026-03-15 05:21:11.000,24
2026-03-15 05:21:13.000,24
2026-03-15 05:21:13.000,25.2
2026-03-15 05:21:19.000,25.2
2026-03-15 05:21:19.000,26.4
2026-03-15 05:21:27.000,26.4
2026-03-15 05:21:27.000,25.2
2026-03-15 05:21:29.000,25.2
2026-03-15 05:21:29.000,26.4
2026-03-15 05:21:37.000,26.4
2026-03-15 05:21:37.000,24
2026-03-15 05:21:39.000,24
2026-03-15 05:21:39.000,21.6
2026-03-15 05:21:41.000,21.6
2026-03-15 05:21:41.000,19.2
2026-03-15 05:21:43.000,19.2
2026-03-15 05:21:43.000,18
2026-03-15 05:21:45.000,18
2026-03-15 05:21:45.000,16.8
2026-03-15 05:21:57.000,16.8
2026-03-15 05:21:57.000,15.6
2026-03-15 05:21:59.000,15.6
2026-03-15 05:21:59.000,16.8
2026-03-15 05:22:03.000,16.8
2026-03-15 05:22:03.000,18
2026-03-15 05:22:07.000,18
2026-03-15 05:22:07.000,16.8
2026-03-15 05:22:11.000,16.8
2026-03-15 05:22:11.000,15.6
2026-03-15 05:22:15.000,15.6
2026-03-15 05:22:15.000,14.4
2026-03-15 05:22:19.000,14.4
2026-03-15 05:22:19.000,13.2
2026-03-15 05:22:21.000,13.2
2026-03-15 05:22:21.000,14.4
2026-03-15 05:22:37.000,14.4
2026-03-15 05:22:37.000,15.6
2026-03-15 05:22:41.000,15.6
2026-03-15 05:22:41.000,16.8
2026-03-15 05:22:43.000,16.8
2026-03-15 05:22:43.000,15.6
2026-03-15 05:22:53.000,15.6
2026-03-15 05:22:53.000,14.4
2026-03-15 05:23:15.000,14.4
2026-03-15 05:23:15.000,15.6
2026-03-15 05:23:23.000,15.6
2026-03-15 05:23:23.000,14.4
2026-03-15 05:23:43.000,14.4
2026-03-15 05:23:43.000,15.6
2026-03-15 05:23:53.000,15.6
2026-03-15 05:23:53.000,14.4
2026-03-15 05:24:23.000,14.4
2026-03-15 05:24:23.000,15.6
2026-03-15 05:24:29.000,15.6
2026-03-15 05:24:29.000,14.4
2026-03-15 05:24:59.000,14.4
2026-03-15 05:24:59.000,15.6
2026-03-15 05:25:15.000,15.6
2026-03-15 05:25:15.000,14.4
2026-03-15 05:25:37.000,14.4
2026-03-15 05:25:37.000,15.6
2026-03-15 05:25:47.000,15.6
2026-03-15 05:25:47.000,14.4
2026-03-15 05:26:17.000,14.4
2026-03-15 05:26:17.000,15.6
2026-03-15 05:26:27.000,15.6
2026-03-15 05:26:27.000,14.4
2026-03-15 05:26:53.000,14.4
2026-03-15 05:26:53.000,15.6
2026-03-15 05:26:55.000,15.6
2026-03-15 05:26:55.000,14.4
2026-03-15 05:26:59.000,14.4
2026-03-15 05:26:59.000,15.6
2026-03-15 05:27:05.000,15.6
2026-03-15 05:27:05.000,14.4
2026-03-15 05:27:35.000,14.4
2026-03-15 05:27:35.000,15.6
2026-03-15 05:27:45.000,15.6
2026-03-15 05:27:45.000,14.4
2026-03-15 05:28:23.000,14.4
2026-03-15 05:28:23.000,15.6
2026-03-15 05:28:25.000,15.6
2026-03-15 05:28:25.000,14.4
2026-03-15 05:28:45.000,14.4
2026-03-15 05:28:45.000,15.6
2026-03-15 05:28:49.000,15.6
2026-03-15 05:28:49.000,14.4
2026-03-15 05:28:57.000,14.4
2026-03-15 05:28:57.000,15.6
2026-03-15 05:28:59.000,15.6
2026-03-15 05:28:59.000,14.4
2026-03-15 05:29:03.000,14.4
2026-03-15 05:29:03.000,15.6
2026-03-15 05:29:13.000,15.6
2026-03-15 05:29:13.000,14.4
2026-03-15 05:29:37.000,14.4
2026-03-15 05:29:37.000,15.6
2026-03-15 05:29:39.000,15.6
2026-03-15 05:29:39.000,14.4
2026-03-15 05:29:41.000,14.4
2026-03-15 05:29:41.000,15.6
2026-03-15 05:29:53.000,15.6
2026-03-15 05:29:53.000,14.4
2026-03-15 05:30:13.000,14.4
2026-03-15 05:30:13.000,15.6
2026-03-15 05:30:17.000,15.6
2026-03-15 05:30:17.000,14.4
2026-03-15 05:30:43.000,14.4
2026-03-15 05:30:43.000,15.6
2026-03-15 05:30:53.000,15.6
2026-03-15 05:30:53.000,14.4
2026-03-15 05:31:17.000,14.4
2026-03-15 05:31:17.000,15.6
2026-03-15 05:31:19.000,15.6
2026-03-15 05:31:19.000,18
2026-03-15 05:31:21.000,18
2026-03-15 05:31:21.000,25.2
2026-03-15 05:31:23.000,25.2
2026-03-15 05:31:23.000,20.4
2026-03-15 05:31:25.000,20.4
2026-03-15 05:31:25.000,24
2026-03-15 05:31:27.000,24
2026-03-15 05:31:27.000,25.2
2026-03-15 05:31:29.000,25.2
2026-03-15 05:31:29.000,24
2026-03-15 05:31:31.000,24
2026-03-15 05:31:31.000,25.2
2026-03-15 05:31:33.000,25.2
2026-03-15 05:31:33.000,26.4
2026-03-15 05:31:35.000,26.4
2026-03-15 05:31:35.000,27.6
2026-03-15 05:31:39.000,27.6
2026-03-15 05:31:39.000,28.8
2026-03-15 05:31:43.000,28.8
2026-03-15 05:31:43.000,30
2026-03-15 05:31:49.000,30
2026-03-15 05:31:49.000,31.2
2026-03-15 05:31:55.000,31.2
2026-03-15 05:31:55.000,32.4
2026-03-15 05:32:01.000,32.4
2026-03-15 05:32:01.000,31.2
2026-03-15 05:32:27.000,31.2
2026-03-15 05:32:27.000,32.4
2026-03-15 05:32:37.000,32.4
2026-03-15 05:32:37.000,33.6
2026-03-15 05:32:41.000,33.6
2026-03-15 05:32:41.000,32.4
2026-03-15 05:33:11.000,32.4
2026-03-15 05:33:11.000,33.6
2026-03-15 05:33:41.000,33.6
2026-03-15 05:33:41.000,32.4
2026-03-15 05:33:45.000,32.4
2026-03-15 05:33:45.000,33.6
2026-03-15 05:33:57.000,33.6
2026-03-15 05:33:57.000,34.8
2026-03-15 05:34:11.000,34.8
2026-03-15 05:34:11.000,33.6
2026-03-15 05:34:37.000,33.6
2026-03-15 05:34:37.000,34.8
2026-03-15 05:34:51.000,34.8
2026-03-15 05:34:51.000,33.6
2026-03-15 05:35:15.000,33.6
2026-03-15 05:35:15.000,34.8
2026-03-15 05:35:31.000,34.8
2026-03-15 05:35:31.000,33.6
2026-03-15 05:35:55.000,33.6
2026-03-15 05:35:55.000,34.8
2026-03-15 05:36:07.000,34.8
2026-03-15 05:36:07.000,33.6
2026-03-15 05:36:33.000,33.6
2026-03-15 05:36:33.000,34.8
2026-03-15 05:36:53.000,34.8
2026-03-15 05:36:53.000,33.6
2026-03-15 05:37:11.000,33.6
2026-03-15 05:37:11.000,34.8
2026-03-15 05:37:31.000,34.8
2026-03-15 05:37:31.000,33.6
2026-03-15 05:37:51.000,33.6
2026-03-15 05:37:51.000,34.8
2026-03-15 05:37:59.000,34.8
2026-03-15 05:37:59.000,36
2026-03-15 05:38:05.000,36
2026-03-15 05:38:05.000,34.8
2026-03-15 05:38:15.000,34.8
2026-03-15 05:38:15.000,33.6
2026-03-15 05:38:17.000,33.6
2026-03-15 05:38:17.000,34.8
2026-03-15 05:38:19.000,34.8
2026-03-15 05:38:19.000,33.6
2026-03-15 05:38:33.000,33.6
2026-03-15 05:38:33.000,34.8
2026-03-15 05:38:37.000,34.8
2026-03-15 05:38:37.000,36
2026-03-15 05:38:45.000,36
2026-03-15 05:38:45.000,34.8
2026-03-15 05:38:55.000,34.8
2026-03-15 05:38:55.000,33.6
2026-03-15 05:39:09.000,33.6
2026-03-15 05:39:09.000,34.8
2026-03-15 05:39:17.000,34.8
2026-03-15 05:39:17.000,36
2026-03-15 05:39:25.000,36
2026-03-15 05:39:25.000,34.8
2026-03-15 05:39:29.000,34.8
2026-03-15 05:39:29.000,33.6
2026-03-15 05:39:49.000,33.6
2026-03-15 05:39:49.000,34.8
2026-03-15 05:39:53.000,34.8
2026-03-15 05:39:53.000,36
2026-03-15 05:39:57.000,36
2026-03-15 05:39:57.000,37.2
2026-03-15 05:39:59.000,37.2
2026-03-15 05:39:59.000,19.2
2026-03-15 05:40:01.000,19.2
2026-03-15 05:40:01.000,18
2026-03-15 05:40:03.000,18
2026-03-15 05:40:03.000,24
2026-03-15 05:40:05.000,24
2026-03-15 05:40:05.000,30
2026-03-15 05:40:07.000,30
2026-03-15 05:40:07.000,36
2026-03-15 05:40:09.000,36
2026-03-15 05:40:09.000,45.6
2026-03-15 05:40:11.000,45.6
2026-03-15 05:40:11.000,51.6
2026-03-15 05:40:13.000,51.6
2026-03-15 05:40:13.000,57.6
2026-03-15 05:40:15.000,57.6
2026-03-15 05:40:15.000,58.8
2026-03-15 05:40:19.000,58.8
2026-03-15 05:40:19.000,60
2026-03-15 05:40:27.000,60
2026-03-15 05:40:27.000,61.2
2026-03-15 05:40:29.000,61.2
2026-03-15 05:40:29.000,62.4
2026-03-15 05:40:35.000,62.4
2026-03-15 05:40:35.000,61.2
2026-03-15 05:40:37.000,61.2
2026-03-15 05:40:37.000,60
2026-03-15 05:40:39.000,60
2026-03-15 05:40:39.000,57.6
2026-03-15 05:40:41.000,57.6
2026-03-15 05:40:41.000,55.2
2026-03-15 05:40:43.000,55.2
2026-03-15 05:40:43.000,52.8
2026-03-15 05:40:45.000,52.8
2026-03-15 05:40:45.000,51.6
2026-03-15 05:40:53.000,51.6
2026-03-15 05:40:53.000,52.8
2026-03-15 05:41:03.000,52.8
2026-03-15 05:41:03.000,54
2026-03-15 05:41:11.000,54
2026-03-15 05:41:11.000,52.8
2026-03-15 05:41:17.000,52.8
2026-03-15 05:41:17.000,51.6
2026-03-15 05:41:29.000,51.6
2026-03-15 05:41:29.000,52.8
2026-03-15 05:41:39.000,52.8
2026-03-15 05:41:39.000,54
2026-03-15 05:41:41.000,54
2026-03-15 05:41:41.000,55.2
2026-03-15 05:41:47.000,55.2
2026-03-15 05:41:47.000,54
2026-03-15 05:41:49.000,54
2026-03-15 05:41:49.000,55.2
2026-03-15 05:41:51.000,55.2
2026-03-15 05:41:51.000,54
2026-03-15 05:41:59.000,54
2026-03-15 05:41:59.000,52.8
2026-03-15 05:42:05.000,52.8
2026-03-15 05:42:05.000,54
2026-03-15 05:42:19.000,54
2026-03-15 05:42:19.000,55.2
2026-03-15 05:42:31.000,55.2
2026-03-15 05:42:31.000,54
2026-03-15 05:42:43.000,54
2026-03-15 05:42:43.000,55.2
2026-03-15 05:42:55.000,55.2
2026-03-15 05:42:55.000,56.4
2026-03-15 05:43:03.000,56.4
2026-03-15 05:43:03.000,55.2
2026-03-15 05:43:07.000,55.2
2026-03-15 05:43:07.000,54
2026-03-15 05:43:09.000,54
2026-03-15 05:43:09.000,49.2
2026-03-15 05:43:11.000,49.2
2026-03-15 05:43:11.000,31.2
2026-03-15 05:43:13.000,31.2
2026-03-15 05:43:13.000,20.4
2026-03-15 05:43:15.000,20.4
2026-03-15 05:43:15.000,8.4
2026-03-15 05:43:17.000,8.4
2026-03-15 05:43:17.000,16.8
2026-03-15 05:43:19.000,16.8
2026-03-15 05:43:19.000,18
2026-03-15 05:43:23.000,18
2026-03-15 05:43:23.000,16.8
2026-03-15 05:43:25.000,16.8
2026-03-15 05:43:25.000,18
2026-03-15 05:43:33.000,18
2026-03-15 05:43:33.000,19.2
2026-03-15 05:43:41.000,19.2
2026-03-15 05:43:41.000,18
2026-03-15 05:43:47.000,18
2026-03-15 05:43:47.000,16.8
2026-03-15 05:43:53.000,16.8
2026-03-15 05:43:53.000,15.6
2026-03-15 05:44:09.000,15.6
2026-03-15 05:44:09.000,16.8
2026-03-15 05:44:11.000,16.8
2026-03-15 05:44:11.000,18
2026-03-15 05:44:13.000,18
2026-03-15 05:44:13.000,19.2
2026-03-15 05:44:17.000,19.2
2026-03-15 05:44:17.000,18
2026-03-15 05:44:21.000,18
2026-03-15 05:44:21.000,16.8
2026-03-15 05:44:25.000,16.8
2026-03-15 05:44:25.000,15.6
2026-03-15 05:44:27.000,15.6
2026-03-15 05:44:27.000,14.4
2026-03-15 05:44:47.000,14.4
2026-03-15 05:44:47.000,15.6
2026-03-15 05:44:51.000,15.6
2026-03-15 05:44:51.000,16.8
2026-03-15 05:45:01.000,16.8
2026-03-15 05:45:01.000,15.6
2026-03-15 05:45:07.000,15.6
2026-03-15 05:45:07.000,14.4
2026-03-15 05:45:27.000,14.4
2026-03-15 05:45:27.000,15.6
2026-03-15 05:45:31.000,15.6
2026-03-15 05:45:31.000,16.8
2026-03-15 05:45:37.000,16.8
2026-03-15 05:45:37.000,15.6
2026-03-15 05:45:45.000,15.6
2026-03-15 05:45:45.000,14.4
2026-03-15 05:46:07.000,14.4
2026-03-15 05:46:07.000,15.6
2026-03-15 05:46:23.000,15.6
2026-03-15 05:46:23.000,14.4
2026-03-15 05:46:45.000,14.4
2026-03-15 05:46:45.000,15.6
2026-03-15 05:47:01.000,15.6
2026-03-15 05:47:01.000,14.4
2026-03-15 05:47:29.000,14.4
2026-03-15 05:47:29.000,15.6
2026-03-15 05:47:39.000,15.6
2026-03-15 05:47:39.000,14.4
2026-03-15 05:48:09.000,14.4
2026-03-15 05:48:09.000,15.6
2026-03-15 05:48:11.000,15.6
2026-03-15 05:48:11.000,14.4
2026-03-15 05:48:13.000,14.4
2026-03-15 05:48:13.000,15.6
2026-03-15 05:48:17.000,15.6
2026-03-15 05:48:17.000,14.4
2026-03-15 05:48:47.000,14.4
2026-03-15 05:48:47.000,15.6
2026-03-15 05:49:01.000,15.6
2026-03-15 05:49:01.000,14.4
2026-03-15 05:49:23.000,14.4
2026-03-15 05:49:23.000,15.6
2026-03-15 05:49:37.000,15.6
2026-03-15 05:49:37.000,14.4
2026-03-15 05:50:05.000,14.4
2026-03-15 05:50:05.000,15.6
2026-03-15 05:50:17.000,15.6
2026-03-15 05:50:17.000,14.4
2026-03-15 05:50:41.000,14.4
2026-03-15 05:50:41.000,15.6
2026-03-15 05:50:55.000,15.6
2026-03-15 05:50:55.000,14.4
2026-03-15 05:51:23.000,14.4
2026-03-15 05:51:23.000,15.6
2026-03-15 05:51:27.000,15.6
2026-03-15 05:51:27.000,16.8
2026-03-15 05:51:31.000,16.8
2026-03-15 05:51:31.000,15.6
2026-03-15 05:51:37.000,15.6
2026-03-15 05:51:37.000,14.4
2026-03-15 05:52:01.000,14.4
2026-03-15 05:52:01.000,15.6
2026-03-15 05:52:05.000,15.6
2026-03-15 05:52:05.000,16.8
2026-03-15 05:52:07.000,16.8
2026-03-15 05:52:07.000,15.6
2026-03-15 05:52:15.000,15.6
2026-03-15 05:52:15.000,14.4
2026-03-15 05:52:19.000,14.4
2026-03-15 05:52:19.000,15.6
2026-03-15 05:52:23.000,15.6
2026-03-15 05:52:23.000,14.4
2026-03-15 05:52:25.000,14.4
2026-03-15 05:52:25.000,15.6
2026-03-15 05:52:29.000,15.6
2026-03-15 05:52:29.000,16.8
2026-03-15 05:52:41.000,16.8
2026-03-15 05:52:41.000,18
2026-03-15 05:52:43.000,18
2026-03-15 05:52:43.000,19.2
2026-03-15 05:52:45.000,19.2
2026-03-15 05:52:45.000,20.4
2026-03-15 05:52:51.000,20.4
2026-03-15 05:52:51.000,19.2
2026-03-15 05:52:55.000,19.2
2026-03-15 05:52:55.000,18
2026-03-15 05:53:19.000,18
2026-03-15 05:53:19.000,19.2
2026-03-15 05:53:23.000,19.2
2026-03-15 05:53:23.000,20.4
2026-03-15 05:53:33.000,20.4
2026-03-15 05:53:33.000,19.2
2026-03-15 05:53:39.000,19.2
2026-03-15 05:53:39.000,18
2026-03-15 05:53:57.000,18
2026-03-15 05:53:57.000,19.2
2026-03-15 05:54:03.000,19.2
2026-03-15 05:54:03.000,20.4
2026-03-15 05:54:13.000,20.4
2026-03-15 05:54:13.000,19.2
2026-03-15 05:54:19.000,19.2
2026-03-15 05:54:19.000,18
2026-03-15 05:54:39.000,18
2026-03-15 05:54:39.000,19.2
2026-03-15 05:54:45.000,19.2
2026-03-15 05:54:45.000,20.4
2026-03-15 05:54:55.000,20.4
2026-03-15 05:54:55.000,19.2
2026-03-15 05:55:05.000,19.2
2026-03-15 05:55:05.000,18
2026-03-15 05:55:15.000,18
2026-03-15 05:55:15.000,19.2
2026-03-15 05:55:17.000,19.2
2026-03-15 05:55:17.000,18
2026-03-15 05:55:19.000,18
2026-03-15 05:55:19.000,19.2
2026-03-15 05:55:25.000,19.2
2026-03-15 05:55:25.000,20.4
2026-03-15 05:55:29.000,20.4
2026-03-15 05:55:29.000,21.6
2026-03-15 05:55:35.000,21.6
2026-03-15 05:55:35.000,20.4
2026-03-15 05:55:37.000,20.4
2026-03-15 05:55:37.000,19.2
2026-03-15 05:55:41.000,19.2
2026-03-15 05:55:41.000,18
2026-03-15 05:55:57.000,18
2026-03-15 05:55:57.000,19.2
2026-03-15 05:56:03.000,19.2
2026-03-15 05:56:03.000,20.4
2026-03-15 05:56:09.000,20.4
2026-03-15 05:56:09.000,21.6
2026-03-15 05:56:13.000,21.6
2026-03-15 05:56:13.000,20.4
2026-03-15 05:56:17.000,20.4
2026-03-15 05:56:17.000,19.2
2026-03-15 05:56:27.000,19.2
2026-03-15 05:56:27.000,18
2026-03-15 05:56:29.000,18
2026-03-15 05:56:29.000,19.2
2026-03-15 05:56:45.000,19.2
2026-03-15 05:56:45.000,20.4
2026-03-15 05:56:49.000,20.4
2026-03-15 05:56:49.000,22.8
2026-03-15 05:56:51.000,22.8
2026-03-15 05:56:51.000,21.6
2026-03-15 05:56:57.000,21.6
2026-03-15 05:56:57.000,20.4
2026-03-15 05:57:01.000,20.4
2026-03-15 05:57:01.000,19.2
2026-03-15 05:57:05.000,19.2
2026-03-15 05:57:05.000,18
2026-03-15 05:57:09.000,18
2026-03-15 05:57:09.000,19.2
2026-03-15 05:57:23.000,19.2
2026-03-15 05:57:23.000,20.4
2026-03-15 05:57:31.000,20.4
2026-03-15 05:57:31.000,25.2
2026-03-15 05:57:33.000,25.2
2026-03-15 05:57:33.000,13.2
2026-03-15 05:57:35.000,13.2
2026-03-15 05:57:35.000,18
2026-03-15 05:57:37.000,18
2026-03-15 05:57:37.000,14.4
2026-03-15 05:57:41.000,14.4
2026-03-15 05:57:41.000,15.6
2026-03-15 05:57:45.000,15.6
2026-03-15 05:57:45.000,16.8
2026-03-15 05:57:49.000,16.8
2026-03-15 05:57:49.000,18
2026-03-15 05:57:59.000,18
2026-03-15 05:57:59.000,19.2
2026-03-15 05:58:01.000,19.2
2026-03-15 05:58:01.000,20.4
2026-03-15 05:58:07.000,20.4
2026-03-15 05:58:07.000,21.6
2026-03-15 05:58:13.000,21.6
2026-03-15 05:58:13.000,20.4
2026-03-15 05:58:19.000,20.4
2026-03-15 05:58:19.000,19.2
2026-03-15 05:58:41.000,19.2
2026-03-15 05:58:41.000,20.4
2026-03-15 05:59:01.000,20.4
2026-03-15 05:59:01.000,19.2
2026-03-15 05:59:21.000,19.2
2026-03-15 05:59:21.000,20.4
2026-03-15 05:59:39.000,20.4
2026-03-15 05:59:39.000,19.2
2026-03-15 06:00:05.000,19.2
2026-03-15 06:00:05.000,20.4
2026-03-15 06:00:11.000,20.4
2026-03-15 06:00:11.000,21.6
2026-03-15 06:00:19.000,21.6
2026-03-15 06:00:19.000,20.4
2026-03-15 06:00:23.000,20.4
2026-03-15 06:00:23.000,19.2
2026-03-15 06:00:47.000,19.2
2026-03-15 06:00:47.000,20.4
2026-03-15 06:00:53.000,20.4
2026-03-15 06:00:53.000,21.6
2026-03-15 06:00:59.000,21.6
2026-03-15 06:00:59.000,20.4
2026-03-15 06:01:05.000,20.4
2026-03-15 06:01:05.000,19.2
2026-03-15 06:01:27.000,19.2
2026-03-15 06:01:27.000,20.4
2026-03-15 06:01:31.000,20.4
2026-03-15 06:01:31.000,21.6
2026-03-15 06:01:35.000,21.6
2026-03-15 06:01:35.000,22.8
2026-03-15 06:01:37.000,22.8
2026-03-15 06:01:37.000,24
2026-03-15 06:01:39.000,24
2026-03-15 06:01:39.000,21.6
2026-03-15 06:01:41.000,21.6
2026-03-15 06:01:41.000,20.4
2026-03-15 06:01:45.000,20.4
2026-03-15 06:01:45.000,19.2
2026-03-15 06:01:49.000,19.2
2026-03-15 06:01:49.000,18
2026-03-15 06:01:55.000,18
2026-03-15 06:01:55.000,16.8
2026-03-15 06:02:07.000,16.8
2026-03-15 06:02:07.000,18
2026-03-15 06:02:09.000,18
2026-03-15 06:02:09.000,19.2
2026-03-15 06:02:17.000,19.2
2026-03-15 06:02:17.000,18
2026-03-15 06:02:21.000,18
2026-03-15 06:02:21.000,16.8
2026-03-15 06:02:25.000,16.8
2026-03-15 06:02:25.000,15.6
2026-03-15 06:02:45.000,15.6
2026-03-15 06:02:45.000,16.8
2026-03-15 06:02:49.000,16.8
2026-03-15 06:02:49.000,18
2026-03-15 06:02:53.000,18
2026-03-15 06:02:53.000,16.8
2026-03-15 06:03:03.000,16.8
2026-03-15 06:03:03.000,15.6
2026-03-15 06:03:05.000,15.6
2026-03-15 06:03:05.000,16.8
2026-03-15 06:03:09.000,16.8
2026-03-15 06:03:09.000,19.2
2026-03-15 06:03:11.000,19.2
2026-03-15 06:03:11.000,22.8
2026-03-15 06:03:13.000,22.8
2026-03-15 06:03:13.000,18
2026-03-15 06:03:17.000,18
2026-03-15 06:03:17.000,19.2
2026-03-15 06:03:21.000,19.2
2026-03-15 06:03:21.000,20.4
2026-03-15 06:03:23.000,20.4
2026-03-15 06:03:23.000,21.6
2026-03-15 06:03:31.000,21.6
2026-03-15 06:03:31.000,22.8
2026-03-15 06:03:35.000,22.8
2026-03-15 06:03:35.000,24
2026-03-15 06:03:37.000,24
2026-03-15 06:03:37.000,25.2
2026-03-15 06:03:39.000,25.2
2026-03-15 06:03:39.000,26.4
2026-03-15 06:03:41.000,26.4
2026-03-15 06:03:41.000,25.2
2026-03-15 06:03:43.000,25.2
2026-03-15 06:03:43.000,26.4
2026-03-15 06:03:45.000,26.4
2026-03-15 06:03:45.000,25.2
2026-03-15 06:03:49.000,25.2
2026-03-15 06:03:49.000,22.8
2026-03-15 06:03:53.000,22.8
2026-03-15 06:03:53.000,24
2026-03-15 06:03:57.000,24
2026-03-15 06:03:57.000,22.8
2026-03-15 06:04:13.000,22.8
2026-03-15 06:04:13.000,24
2026-03-15 06:04:17.000,24
2026-03-15 06:04:17.000,25.2
2026-03-15 06:04:29.000,25.2
2026-03-15 06:04:29.000,24
2026-03-15 06:04:57.000,24
2026-03-15 06:04:57.000,25.2
2026-03-15 06:05:11.000,25.2
2026-03-15 06:05:11.000,24
2026-03-15 06:05:41.000,24
2026-03-15 06:05:41.000,25.2
2026-03-15 06:05:43.000,25.2
2026-03-15 06:05:43.000,26.4
2026-03-15 06:05:51.000,26.4
2026-03-15 06:05:51.000,25.2
2026-03-15 06:05:55.000,25.2
2026-03-15 06:05:55.000,24
2026-03-15 06:06:19.000,24
2026-03-15 06:06:19.000,25.2
2026-03-15 06:06:23.000,25.2
2026-03-15 06:06:23.000,26.4
2026-03-15 06:06:31.000,26.4
2026-03-15 06:06:31.000,25.2
2026-03-15 06:06:35.000,25.2
2026-03-15 06:06:35.000,24
2026-03-15 06:06:57.000,24
2026-03-15 06:06:57.000,25.2
2026-03-15 06:07:01.000,25.2
2026-03-15 06:07:01.000,26.4
2026-03-15 06:07:05.000,26.4
2026-03-15 06:07:05.000,25.2
2026-03-15 06:07:13.000,25.2
2026-03-15 06:07:13.000,24
2026-03-15 06:07:37.000,24
2026-03-15 06:07:37.000,25.2
2026-03-15 06:07:43.000,25.2
2026-03-15 06:07:43.000,26.4
2026-03-15 06:07:49.000,26.4
2026-03-15 06:07:49.000,25.2
2026-03-15 06:07:55.000,25.2
2026-03-15 06:07:55.000,24
2026-03-15 06:07:57.000,24
2026-03-15 06:07:57.000,25.2
2026-03-15 06:08:01.000,25.2
2026-03-15 06:08:01.000,24
2026-03-15 06:08:25.000,24
2026-03-15 06:08:25.000,25.2
2026-03-15 06:08:29.000,25.2
2026-03-15 06:08:29.000,27.6
2026-03-15 06:08:31.000,27.6
2026-03-15 06:08:31.000,33.6
2026-03-15 06:08:33.000,33.6
2026-03-15 06:08:33.000,8.4
2026-03-15 06:08:35.000,8.4
2026-03-15 06:08:35.000,12
2026-03-15 06:08:39.000,12
2026-03-15 06:08:39.000,13.2
2026-03-15 06:08:41.000,13.2
2026-03-15 06:08:41.000,14.4
2026-03-15 06:08:45.000,14.4
2026-03-15 06:08:45.000,15.6
2026-03-15 06:08:51.000,15.6
2026-03-15 06:08:51.000,16.8
2026-03-15 06:08:57.000,16.8
2026-03-15 06:08:57.000,18
2026-03-15 06:09:01.000,18
2026-03-15 06:09:01.000,19.2
2026-03-15 06:09:05.000,19.2
2026-03-15 06:09:05.000,20.4
2026-03-15 06:09:11.000,20.4
2026-03-15 06:09:11.000,19.2
2026-03-15 06:09:17.000,19.2
2026-03-15 06:09:17.000,18
2026-03-15 06:09:21.000,18
2026-03-15 06:09:21.000,16.8
2026-03-15 06:09:39.000,16.8
2026-03-15 06:09:39.000,18
2026-03-15 06:09:43.000,18
2026-03-15 06:09:43.000,19.2
2026-03-15 06:09:53.000,19.2
2026-03-15 06:09:53.000,18
2026-03-15 06:09:57.000,18
2026-03-15 06:09:57.000,16.8
2026-03-15 06:10:05.000,16.8
2026-03-15 06:10:05.000,18
2026-03-15 06:10:21.000,18
2026-03-15 06:10:21.000,19.2
2026-03-15 06:10:33.000,19.2
2026-03-15 06:10:33.000,18
2026-03-15 06:10:39.000,18
2026-03-15 06:10:39.000,16.8
2026-03-15 06:11:03.000,16.8
2026-03-15 06:11:03.000,18
2026-03-15 06:11:07.000,18
2026-03-15 06:11:07.000,19.2
2026-03-15 06:11:13.000,19.2
2026-03-15 06:11:13.000,18
2026-03-15 06:11:21.000,18
2026-03-15 06:11:21.000,16.8
2026-03-15 06:11:23.000,16.8
2026-03-15 06:11:23.000,18
2026-03-15 06:11:25.000,18
2026-03-15 06:11:25.000,16.8
2026-03-15 06:11:45.000,16.8
2026-03-15 06:11:45.000,18
2026-03-15 06:11:47.000,18
2026-03-15 06:11:47.000,19.2
2026-03-15 06:11:49.000,19.2
2026-03-15 06:11:49.000,20.4
2026-03-15 06:11:55.000,20.4
2026-03-15 06:11:55.000,24
2026-03-15 06:11:57.000,24
2026-03-15 06:11:57.000,22.8
2026-03-15 06:11:59.000,22.8
2026-03-15 06:11:59.000,14.4
2026-03-15 06:12:01.000,14.4
2026-03-15 06:12:01.000,10.8
2026-03-15 06:12:03.000,10.8
2026-03-15 06:12:03.000,7.2
2026-03-15 06:12:05.000,7.2
2026-03-15 06:12:05.000,9.6
2026-03-15 06:12:07.000,9.6
2026-03-15 06:12:07.000,12
2026-03-15 06:12:11.000,12
2026-03-15 06:12:11.000,13.2
2026-03-15 06:12:13.000,13.2
2026-03-15 06:12:13.000,14.4
2026-03-15 06:12:17.000,14.4
2026-03-15 06:12:17.000,18
2026-03-15 06:12:19.000,18
2026-03-15 06:12:19.000,15.6
2026-03-15 06:12:21.000,15.6
2026-03-15 06:12:21.000,20.4
2026-03-15 06:12:23.000,20.4
2026-03-15 06:12:23.000,18
2026-03-15 06:12:27.000,18
2026-03-15 06:12:27.000,15.6
2026-03-15 06:12:31.000,15.6
2026-03-15 06:12:31.000,14.4
2026-03-15 06:12:51.000,14.4
2026-03-15 06:12:51.000,15.6
2026-03-15 06:12:57.000,15.6
2026-03-15 06:12:57.000,16.8
2026-03-15 06:13:01.000,16.8
2026-03-15 06:13:01.000,18
2026-03-15 06:13:03.000,18
2026-03-15 06:13:03.000,16.8
2026-03-15 06:13:09.000,16.8
2026-03-15 06:13:09.000,15.6
2026-03-15 06:13:33.000,15.6
2026-03-15 06:13:33.000,16.8
2026-03-15 06:13:53.000,16.8
2026-03-15 06:13:53.000,15.6
2026-03-15 06:14:11.000,15.6
2026-03-15 06:14:11.000,16.8
2026-03-15 06:14:21.000,16.8
2026-03-15 06:14:21.000,18
2026-03-15 06:14:27.000,18
2026-03-15 06:14:27.000,16.8
2026-03-15 06:14:33.000,16.8
2026-03-15 06:14:33.000,15.6
2026-03-15 06:14:35.000,15.6
2026-03-15 06:14:35.000,16.8
2026-03-15 06:14:37.000,16.8
2026-03-15 06:14:37.000,15.6
2026-03-15 06:14:55.000,15.6
2026-03-15 06:14:55.000,16.8
2026-03-15 06:14:59.000,16.8
2026-03-15 06:14:59.000,18
2026-03-15 06:15:07.000,18
2026-03-15 06:15:07.000,19.2
2026-03-15 06:15:09.000,19.2
2026-03-15 06:15:09.000,20.4
2026-03-15 06:15:11.000,20.4
2026-03-15 06:15:11.000,19.2
2026-03-15 06:15:15.000,19.2
2026-03-15 06:15:15.000,18
2026-03-15 06:15:19.000,18
2026-03-15 06:15:19.000,16.8
2026-03-15 06:15:21.000,16.8
2026-03-15 06:15:21.000,13.2
2026-03-15 06:15:25.000,13.2
2026-03-15 06:15:25.000,9.6
2026-03-15 06:15:29.000,9.6
2026-03-15 06:15:29.000,10.8
2026-03-15 06:15:31.000,10.8
2026-03-15 06:15:31.000,9.6
2026-03-15 06:16:45.000,9.6
2026-03-15 06:16:45.000,8.4
2026-03-15 06:16:49.000,8.4
2026-03-15 06:16:49.000,9.6
2026-03-15 06:17:03.000,9.6
2026-03-15 06:17:03.000,10.8
2026-03-15 06:17:07.000,10.8
2026-03-15 06:17:07.000,9.6
2026-03-15 06:17:11.000,9.6
2026-03-15 06:17:11.000,10.8
2026-03-15 06:17:13.000,10.8
2026-03-15 06:17:13.000,9.6
2026-03-15 06:17:19.000,9.6
2026-03-15 06:17:19.000,8.4
2026-03-15 06:17:39.000,8.4
2026-03-15 06:17:39.000,9.6
2026-03-15 06:17:47.000,9.6
2026-03-15 06:17:47.000,10.8
2026-03-15 06:17:57.000,10.8
2026-03-15 06:17:57.000,9.6
2026-03-15 06:18:09.000,9.6
2026-03-15 06:18:09.000,8.4
2026-03-15 06:18:21.000,8.4
2026-03-15 06:18:21.000,7.2
2026-03-15 06:18:25.000,7.2
2026-03-15 06:18:25.000,8.4
2026-03-15 06:18:33.000,8.4
2026-03-15 06:18:33.000,10.8
2026-03-15 06:18:35.000,10.8
2026-03-15 06:18:35.000,9.6
2026-03-15 06:18:43.000,9.6
2026-03-15 06:18:43.000,8.4
2026-03-15 06:18:49.000,8.4
2026-03-15 06:18:49.000,7.2
2026-03-15 06:19:07.000,7.2
2026-03-15 06:19:07.000,8.4
2026-03-15 06:19:19.000,8.4
2026-03-15 06:19:19.000,9.6
2026-03-15 06:19:25.000,9.6
2026-03-15 06:19:25.000,8.4
2026-03-15 06:19:39.000,8.4
2026-03-15 06:19:39.000,9.6
2026-03-15 06:19:43.000,9.6
2026-03-15 06:19:43.000,13.2
2026-03-15 06:19:45.000,13.2
2026-03-15 06:19:45.000,12
2026-03-15 06:19:51.000,12
2026-03-15 06:19:51.000,13.2
2026-03-15 06:19:53.000,13.2
2026-03-15 06:19:53.000,10.8
2026-03-15 06:19:57.000,10.8
2026-03-15 06:19:57.000,9.6
2026-03-15 06:20:00.000,9.6
