Timestamp_ET,LeakRate_Lpm
2026-03-11 23:14:47.000,9.6
2026-03-11 23:14:49.000,9.6
2026-03-11 23:14:49.000,13.2
2026-03-11 23:14:53.000,13.2
2026-03-11 23:14:53.000,19.2
2026-03-11 23:14:55.000,19.2
2026-03-11 23:14:55.000,14.4
2026-03-11 23:14:57.000,14.4
2026-03-11 23:14:57.000,13.2
2026-03-11 23:14:59.000,13.2
2026-03-11 23:14:59.000,19.2
2026-03-11 23:15:01.000,19.2
2026-03-11 23:15:01.000,15.6
2026-03-11 23:15:05.000,15.6
2026-03-11 23:15:05.000,14.4
2026-03-11 23:15:09.000,14.4
2026-03-11 23:15:09.000,15.6
2026-03-11 23:15:13.000,15.6
2026-03-11 23:15:13.000,16.8
2026-03-11 23:15:19.000,16.8
2026-03-11 23:15:19.000,15.6
2026-03-11 23:15:23.000,15.6
2026-03-11 23:15:23.000,16.8
2026-03-11 23:15:31.000,16.8
2026-03-11 23:15:31.000,18
2026-03-11 23:15:33.000,18
2026-03-11 23:15:33.000,15.6
2026-03-11 23:15:35.000,15.6
2026-03-11 23:15:35.000,19.2
2026-03-11 23:15:37.000,19.2
2026-03-11 23:15:37.000,16.8
2026-03-11 23:15:41.000,16.8
2026-03-11 23:15:41.000,15.6
2026-03-11 23:17:01.000,15.6
2026-03-11 23:17:01.000,14.4
2026-03-11 23:17:03.000,14.4
2026-03-11 23:17:03.000,15.6
2026-03-11 23:17:13.000,15.6
2026-03-11 23:17:13.000,14.4
2026-03-11 23:17:25.000,14.4
2026-03-11 23:17:25.000,15.6
2026-03-11 23:17:29.000,15.6
2026-03-11 23:17:29.000,16.8
2026-03-11 23:17:33.000,16.8
2026-03-11 23:17:33.000,15.6
2026-03-11 23:17:37.000,15.6
2026-03-11 23:17:37.000,14.4
2026-03-11 23:17:53.000,14.4
2026-03-11 23:17:53.000,15.6
2026-03-11 23:17:59.000,15.6
2026-03-11 23:17:59.000,16.8
2026-03-11 23:18:03.000,16.8
2026-03-11 23:18:03.000,15.6
2026-03-11 23:18:09.000,15.6
2026-03-11 23:18:09.000,14.4
2026-03-11 23:26:35.000,14.4
2026-03-11 23:26:35.000,13.2
2026-03-11 23:26:37.000,13.2
2026-03-11 23:26:37.000,14.4
2026-03-11 23:28:33.000,14.4
2026-03-11 23:28:33.000,13.2
2026-03-11 23:28:37.000,13.2
2026-03-11 23:28:37.000,14.4
2026-03-11 23:29:13.000,14.4
2026-03-11 23:29:13.000,13.2
2026-03-11 23:29:19.000,13.2
2026-03-11 23:29:19.000,14.4
2026-03-11 23:29:25.000,14.4
2026-03-11 23:29:25.000,13.2
2026-03-11 23:29:29.000,13.2
2026-03-11 23:29:29.000,14.4
2026-03-11 23:29:53.000,14.4
2026-03-11 23:29:53.000,13.2
2026-03-11 23:30:05.000,13.2
2026-03-11 23:30:05.000,14.4
2026-03-11 23:30:07.000,14.4
2026-03-11 23:30:07.000,13.2
2026-03-11 23:30:09.000,13.2
2026-03-11 23:30:09.000,14.4
2026-03-11 23:30:31.000,14.4
2026-03-11 23:30:31.000,13.2
2026-03-11 23:30:37.000,13.2
2026-03-11 23:30:37.000,14.4
2026-03-11 23:30:59.000,14.4
2026-03-11 23:30:59.000,13.2
2026-03-11 23:31:01.000,13.2
2026-03-11 23:31:01.000,14.4
2026-03-11 23:31:05.000,14.4
2026-03-11 23:31:05.000,13.2
2026-03-11 23:31:09.000,13.2
2026-03-11 23:31:09.000,14.4
2026-03-11 23:31:27.000,14.4
2026-03-11 23:31:27.000,13.2
2026-03-11 23:31:43.000,13.2
2026-03-11 23:31:43.000,14.4
2026-03-11 23:32:01.000,14.4
2026-03-11 23:32:01.000,15.6
2026-03-11 23:32:05.000,15.6
2026-03-11 23:32:05.000,14.4
2026-03-11 23:32:11.000,14.4
2026-03-11 23:32:11.000,13.2
2026-03-11 23:32:21.000,13.2
2026-03-11 23:32:21.000,14.4
2026-03-11 23:32:23.000,14.4
2026-03-11 23:32:23.000,13.2
2026-03-11 23:32:35.000,13.2
2026-03-11 23:32:35.000,14.4
2026-03-11 23:32:41.000,14.4
2026-03-11 23:32:41.000,18
2026-03-11 23:32:43.000,18
2026-03-11 23:32:43.000,15.6
2026-03-11 23:32:45.000,15.6
2026-03-11 23:32:45.000,13.2
2026-03-11 23:32:47.000,13.2
2026-03-11 23:32:47.000,9.6
2026-03-11 23:32:49.000,9.6
2026-03-11 23:32:49.000,10.8
2026-03-11 23:32:51.000,10.8
2026-03-11 23:32:51.000,12
2026-03-11 23:32:57.000,12
2026-03-11 23:32:57.000,13.2
2026-03-11 23:33:01.000,13.2
2026-03-11 23:33:01.000,14.4
2026-03-11 23:33:15.000,14.4
2026-03-11 23:33:15.000,13.2
2026-03-11 23:33:45.000,13.2
2026-03-11 23:33:45.000,14.4
2026-03-11 23:33:49.000,14.4
2026-03-11 23:33:49.000,13.2
2026-03-11 23:33:51.000,13.2
2026-03-11 23:33:51.000,14.4
2026-03-11 23:33:55.000,14.4
2026-03-11 23:33:55.000,13.2
2026-03-11 23:34:03.000,13.2
2026-03-11 23:34:03.000,14.4
2026-03-11 23:34:05.000,14.4
2026-03-11 23:34:05.000,13.2
2026-03-11 23:34:29.000,13.2
2026-03-11 23:34:29.000,14.4
2026-03-11 23:34:31.000,14.4
2026-03-11 23:34:31.000,13.2
2026-03-11 23:46:11.000,13.2
2026-03-11 23:46:11.000,15.6
2026-03-11 23:46:13.000,15.6
2026-03-11 23:46:13.000,19.2
2026-03-11 23:46:15.000,19.2
2026-03-11 23:46:15.000,14.4
2026-03-11 23:46:17.000,14.4
2026-03-11 23:46:17.000,10.8
2026-03-11 23:46:19.000,10.8
2026-03-11 23:46:19.000,13.2
2026-03-11 23:46:21.000,13.2
2026-03-11 23:46:21.000,14.4
2026-03-11 23:46:25.000,14.4
2026-03-11 23:46:25.000,12
2026-03-11 23:46:27.000,12
2026-03-11 23:46:27.000,10.8
2026-03-11 23:46:31.000,10.8
2026-03-11 23:46:31.000,6
2026-03-11 23:46:33.000,6
2026-03-11 23:46:33.000,8.4
2026-03-11 23:46:35.000,8.4
2026-03-11 23:46:35.000,9.6
2026-03-11 23:46:39.000,9.6
2026-03-11 23:46:39.000,12
2026-03-11 23:47:03.000,12
2026-03-11 23:47:03.000,13.2
2026-03-11 23:59:19.000,13.2
2026-03-11 23:59:19.000,14.4
2026-03-11 23:59:21.000,14.4
2026-03-11 23:59:21.000,13.2
2026-03-12 00:07:55.000,13.2
2026-03-12 00:07:55.000,14.4
2026-03-12 00:07:57.000,14.4
2026-03-12 00:07:57.000,13.2
2026-03-12 00:08:01.000,13.2
2026-03-12 00:08:01.000,12
2026-03-12 00:08:03.000,12
2026-03-12 00:08:03.000,13.2
2026-03-12 00:08:25.000,13.2
2026-03-12 00:08:25.000,14.4
2026-03-12 00:08:29.000,14.4
2026-03-12 00:08:29.000,13.2
2026-03-12 00:08:31.000,13.2
2026-03-12 00:08:31.000,14.4
2026-03-12 00:08:33.000,14.4
2026-03-12 00:08:33.000,13.2
2026-03-12 00:14:29.000,13.2
2026-03-12 00:14:29.000,14.4
2026-03-12 00:14:33.000,14.4
2026-03-12 00:14:33.000,20.4
2026-03-12 00:14:35.000,20.4
2026-03-12 00:14:35.000,15.6
2026-03-12 00:14:37.000,15.6
2026-03-12 00:14:37.000,13.2
2026-03-12 00:14:39.000,13.2
2026-03-12 00:14:39.000,10.8
2026-03-12 00:14:41.000,10.8
2026-03-12 00:14:41.000,9.6
2026-03-12 00:14:43.000,9.6
2026-03-12 00:14:43.000,10.8
2026-03-12 00:14:45.000,10.8
2026-03-12 00:14:45.000,12
2026-03-12 00:14:47.000,12
2026-03-12 00:14:47.000,10.8
2026-03-12 00:14:49.000,10.8
2026-03-12 00:14:49.000,13.2
2026-03-12 00:14:55.000,13.2
2026-03-12 00:14:55.000,14.4
2026-03-12 00:15:01.000,14.4
2026-03-12 00:15:01.000,13.2
2026-03-12 00:15:03.000,13.2
2026-03-12 00:15:03.000,12
2026-03-12 00:15:07.000,12
2026-03-12 00:15:07.000,14.4
2026-03-12 00:15:09.000,14.4
2026-03-12 00:15:09.000,13.2
2026-03-12 00:15:27.000,13.2
2026-03-12 00:15:27.000,12
2026-03-12 00:15:33.000,12
2026-03-12 00:15:33.000,13.2
2026-03-12 00:16:11.000,13.2
2026-03-12 00:16:11.000,14.4
2026-03-12 00:16:13.000,14.4
2026-03-12 00:16:13.000,15.6
2026-03-12 00:16:15.000,15.6
2026-03-12 00:16:15.000,16.8
2026-03-12 00:16:17.000,16.8
2026-03-12 00:16:17.000,15.6
2026-03-12 00:16:19.000,15.6
2026-03-12 00:16:19.000,14.4
2026-03-12 00:16:21.000,14.4
2026-03-12 00:16:21.000,12
2026-03-12 00:16:29.000,12
2026-03-12 00:16:29.000,10.8
2026-03-12 00:16:41.000,10.8
2026-03-12 00:16:41.000,12
2026-03-12 00:16:49.000,12
2026-03-12 00:16:49.000,13.2
2026-03-12 00:16:51.000,13.2
2026-03-12 00:16:51.000,14.4
2026-03-12 00:16:53.000,14.4
2026-03-12 00:16:53.000,16.8
2026-03-12 00:16:57.000,16.8
2026-03-12 00:16:57.000,18
2026-03-12 00:17:05.000,18
2026-03-12 00:17:05.000,16.8
2026-03-12 00:17:07.000,16.8
2026-03-12 00:17:07.000,18
2026-03-12 00:17:19.000,18
2026-03-12 00:17:19.000,19.2
2026-03-12 00:17:31.000,19.2
2026-03-12 00:17:31.000,18
2026-03-12 00:17:37.000,18
2026-03-12 00:17:37.000,19.2
2026-03-12 00:17:39.000,19.2
2026-03-12 00:17:39.000,18
2026-03-12 00:17:53.000,18
2026-03-12 00:17:53.000,19.2
2026-03-12 00:17:59.000,19.2
2026-03-12 00:17:59.000,18
2026-03-12 00:18:09.000,18
2026-03-12 00:18:09.000,19.2
2026-03-12 00:18:13.000,19.2
2026-03-12 00:18:13.000,18
2026-03-12 00:18:17.000,18
2026-03-12 00:18:17.000,19.2
2026-03-12 00:18:23.000,19.2
2026-03-12 00:18:23.000,18
2026-03-12 00:18:29.000,18
2026-03-12 00:18:29.000,19.2
2026-03-12 00:18:43.000,19.2
2026-03-12 00:18:43.000,20.4
2026-03-12 00:18:49.000,20.4
2026-03-12 00:18:49.000,19.2
2026-03-12 00:18:57.000,19.2
2026-03-12 00:18:57.000,18
2026-03-12 00:19:05.000,18
2026-03-12 00:19:05.000,19.2
2026-03-12 00:19:15.000,19.2
2026-03-12 00:19:15.000,20.4
2026-03-12 00:19:17.000,20.4
2026-03-12 00:19:17.000,21.6
2026-03-12 00:19:23.000,21.6
2026-03-12 00:19:23.000,22.8
2026-03-12 00:19:27.000,22.8
2026-03-12 00:19:27.000,24
2026-03-12 00:19:29.000,24
2026-03-12 00:19:29.000,25.2
2026-03-12 00:19:39.000,25.2
2026-03-12 00:19:39.000,26.4
2026-03-12 00:19:47.000,26.4
2026-03-12 00:19:47.000,25.2
2026-03-12 00:19:49.000,25.2
2026-03-12 00:19:49.000,26.4
2026-03-12 00:20:15.000,26.4
2026-03-12 00:20:15.000,25.2
2026-03-12 00:20:19.000,25.2
2026-03-12 00:20:19.000,24
2026-03-12 00:20:21.000,24
2026-03-12 00:20:21.000,25.2
2026-03-12 00:20:27.000,25.2
2026-03-12 00:20:27.000,26.4
2026-03-12 00:20:43.000,26.4
2026-03-12 00:20:43.000,27.6
2026-03-12 00:20:55.000,27.6
2026-03-12 00:20:55.000,28.8
2026-03-12 00:21:19.000,28.8
2026-03-12 00:21:19.000,30
2026-03-12 00:21:21.000,30
2026-03-12 00:21:21.000,28.8
2026-03-12 00:21:25.000,28.8
2026-03-12 00:21:25.000,27.6
2026-03-12 00:21:45.000,27.6
2026-03-12 00:21:45.000,28.8
2026-03-12 00:22:39.000,28.8
2026-03-12 00:22:39.000,30
2026-03-12 00:22:41.000,30
2026-03-12 00:22:41.000,28.8
2026-03-12 00:22:45.000,28.8
2026-03-12 00:22:45.000,30
2026-03-12 00:23:05.000,30
2026-03-12 00:23:05.000,28.8
2026-03-12 00:23:13.000,28.8
2026-03-12 00:23:13.000,30
2026-03-12 00:23:17.000,30
2026-03-12 00:23:17.000,28.8
2026-03-12 00:23:19.000,28.8
2026-03-12 00:23:19.000,25.2
2026-03-12 00:23:21.000,25.2
2026-03-12 00:23:21.000,20.4
2026-03-12 00:23:23.000,20.4
2026-03-12 00:23:23.000,13.2
2026-03-12 00:23:27.000,13.2
2026-03-12 00:23:27.000,10.8
2026-03-12 00:23:29.000,10.8
2026-03-12 00:23:29.000,13.2
2026-03-12 00:23:31.000,13.2
2026-03-12 00:23:31.000,10.8
2026-03-12 00:23:35.000,10.8
2026-03-12 00:23:35.000,12
2026-03-12 00:23:37.000,12
2026-03-12 00:23:37.000,14.4
2026-03-12 00:23:39.000,14.4
2026-03-12 00:23:39.000,18
2026-03-12 00:23:41.000,18
2026-03-12 00:23:41.000,22.8
2026-03-12 00:23:43.000,22.8
2026-03-12 00:23:43.000,21.6
2026-03-12 00:23:45.000,21.6
2026-03-12 00:23:45.000,25.2
2026-03-12 00:23:49.000,25.2
2026-03-12 00:23:49.000,26.4
2026-03-12 00:24:13.000,26.4
2026-03-12 00:24:13.000,27.6
2026-03-12 00:24:21.000,27.6
2026-03-12 00:24:21.000,28.8
2026-03-12 00:24:33.000,28.8
2026-03-12 00:24:33.000,30
2026-03-12 00:24:47.000,30
2026-03-12 00:24:47.000,26.4
2026-03-12 00:24:49.000,26.4
2026-03-12 00:24:49.000,25.2
2026-03-12 00:24:51.000,25.2
2026-03-12 00:24:51.000,14.4
2026-03-12 00:24:53.000,14.4
2026-03-12 00:24:53.000,13.2
2026-03-12 00:24:55.000,13.2
2026-03-12 00:24:55.000,7.2
2026-03-12 00:24:57.000,7.2
2026-03-12 00:24:57.000,10.8
2026-03-12 00:24:59.000,10.8
2026-03-12 00:24:59.000,18
2026-03-12 00:25:01.000,18
2026-03-12 00:25:01.000,34.8
2026-03-12 00:25:03.000,34.8
2026-03-12 00:25:03.000,49.2
2026-03-12 00:25:05.000,49.2
2026-03-12 00:25:05.000,45.6
2026-03-12 00:25:07.000,45.6
2026-03-12 00:25:07.000,49.2
2026-03-12 00:25:09.000,49.2
2026-03-12 00:25:09.000,51.6
2026-03-12 00:25:19.000,51.6
2026-03-12 00:25:19.000,50.4
2026-03-12 00:25:25.000,50.4
2026-03-12 00:25:25.000,51.6
2026-03-12 00:25:29.000,51.6
2026-03-12 00:25:29.000,52.8
2026-03-12 00:25:33.000,52.8
2026-03-12 00:25:33.000,54
2026-03-12 00:25:39.000,54
2026-03-12 00:25:39.000,55.2
2026-03-12 00:25:45.000,55.2
2026-03-12 00:25:45.000,56.4
2026-03-12 00:26:17.000,56.4
2026-03-12 00:26:17.000,57.6
2026-03-12 00:26:29.000,57.6
2026-03-12 00:26:29.000,58.8
2026-03-12 00:26:37.000,58.8
2026-03-12 00:26:37.000,60
2026-03-12 00:26:39.000,60
2026-03-12 00:26:39.000,61.2
2026-03-12 00:26:41.000,61.2
2026-03-12 00:26:41.000,62.4
2026-03-12 00:26:43.000,62.4
2026-03-12 00:26:43.000,63.6
2026-03-12 00:26:45.000,63.6
2026-03-12 00:26:45.000,66
2026-03-12 00:26:47.000,66
2026-03-12 00:26:47.000,67.2
2026-03-12 00:26:49.000,67.2
2026-03-12 00:26:49.000,66
2026-03-12 00:26:53.000,66
2026-03-12 00:26:53.000,64.8
2026-03-12 00:26:55.000,64.8
2026-03-12 00:26:55.000,62.4
2026-03-12 00:26:57.000,62.4
2026-03-12 00:26:57.000,61.2
2026-03-12 00:26:59.000,61.2
2026-03-12 00:26:59.000,62.4
2026-03-12 00:27:03.000,62.4
2026-03-12 00:27:03.000,63.6
2026-03-12 00:27:05.000,63.6
2026-03-12 00:27:05.000,64.8
2026-03-12 00:27:11.000,64.8
2026-03-12 00:27:11.000,62.4
2026-03-12 00:27:13.000,62.4
2026-03-12 00:27:13.000,60
2026-03-12 00:27:15.000,60
2026-03-12 00:27:15.000,61.2
2026-03-12 00:27:17.000,61.2
2026-03-12 00:27:17.000,63.6
2026-03-12 00:27:21.000,63.6
2026-03-12 00:27:21.000,66
2026-03-12 00:27:23.000,66
2026-03-12 00:27:23.000,64.8
2026-03-12 00:27:25.000,64.8
2026-03-12 00:27:25.000,66
2026-03-12 00:27:35.000,66
2026-03-12 00:27:35.000,67.2
2026-03-12 00:28:05.000,67.2
2026-03-12 00:28:05.000,66
2026-03-12 00:28:13.000,66
2026-03-12 00:28:13.000,64.8
2026-03-12 00:28:15.000,64.8
2026-03-12 00:28:15.000,63.6
2026-03-12 00:28:23.000,63.6
2026-03-12 00:28:23.000,64.8
2026-03-12 00:28:35.000,64.8
2026-03-12 00:28:35.000,66
2026-03-12 00:28:45.000,66
2026-03-12 00:28:45.000,64.8
2026-03-12 00:28:47.000,64.8
2026-03-12 00:28:47.000,62.4
2026-03-12 00:28:49.000,62.4
2026-03-12 00:28:49.000,50.4
2026-03-12 00:28:51.000,50.4
2026-03-12 00:28:51.000,24
2026-03-12 00:28:53.000,24
2026-03-12 00:28:53.000,0
2026-03-12 00:28:55.000,0
2026-03-12 00:28:55.000,9.6
2026-03-12 00:28:57.000,9.6
2026-03-12 00:28:57.000,4.8
2026-03-12 00:28:59.000,4.8
2026-03-12 00:28:59.000,12
2026-03-12 00:29:01.000,12
2026-03-12 00:29:01.000,10.8
2026-03-12 00:29:03.000,10.8
2026-03-12 00:29:03.000,12
2026-03-12 00:29:05.000,12
2026-03-12 00:29:05.000,10.8
2026-03-12 00:29:27.000,10.8
2026-03-12 00:29:27.000,12
2026-03-12 00:29:29.000,12
2026-03-12 00:29:29.000,15.6
2026-03-12 00:29:33.000,15.6
2026-03-12 00:29:33.000,21.6
2026-03-12 00:29:35.000,21.6
2026-03-12 00:29:35.000,20.4
2026-03-12 00:29:37.000,20.4
2026-03-12 00:29:37.000,24
2026-03-12 00:29:43.000,24
2026-03-12 00:29:43.000,25.2
2026-03-12 00:30:03.000,25.2
2026-03-12 00:30:03.000,26.4
2026-03-12 00:30:51.000,26.4
2026-03-12 00:30:51.000,25.2
2026-03-12 00:31:05.000,25.2
2026-03-12 00:31:05.000,24
2026-03-12 00:31:07.000,24
2026-03-12 00:31:07.000,25.2
2026-03-12 00:31:09.000,25.2
2026-03-12 00:31:09.000,24
2026-03-12 00:31:13.000,24
2026-03-12 00:31:13.000,25.2
2026-03-12 00:31:55.000,25.2
2026-03-12 00:31:55.000,24
2026-03-12 00:32:19.000,24
2026-03-12 00:32:19.000,22.8
2026-03-12 00:32:25.000,22.8
2026-03-12 00:32:25.000,21.6
2026-03-12 00:32:47.000,21.6
2026-03-12 00:32:47.000,22.8
2026-03-12 00:33:05.000,22.8
2026-03-12 00:33:05.000,24
2026-03-12 00:33:13.000,24
2026-03-12 00:33:13.000,25.2
2026-03-12 00:33:21.000,25.2
2026-03-12 00:33:21.000,26.4
2026-03-12 00:33:59.000,26.4
2026-03-12 00:33:59.000,27.6
2026-03-12 00:34:11.000,27.6
2026-03-12 00:34:11.000,26.4
2026-03-12 00:34:17.000,26.4
2026-03-12 00:34:17.000,27.6
2026-03-12 00:34:21.000,27.6
2026-03-12 00:34:21.000,26.4
2026-03-12 00:34:23.000,26.4
2026-03-12 00:34:23.000,27.6
2026-03-12 00:35:23.000,27.6
2026-03-12 00:35:23.000,28.8
2026-03-12 00:35:27.000,28.8
2026-03-12 00:35:27.000,27.6
2026-03-12 00:35:37.000,27.6
2026-03-12 00:35:37.000,28.8
2026-03-12 00:36:09.000,28.8
2026-03-12 00:36:09.000,27.6
2026-03-12 00:36:17.000,27.6
2026-03-12 00:36:17.000,26.4
2026-03-12 00:36:19.000,26.4
2026-03-12 00:36:19.000,27.6
2026-03-12 00:36:21.000,27.6
2026-03-12 00:36:21.000,26.4
2026-03-12 00:36:25.000,26.4
2026-03-12 00:36:25.000,27.6
2026-03-12 00:36:53.000,27.6
2026-03-12 00:36:53.000,26.4
2026-03-12 00:36:55.000,26.4
2026-03-12 00:36:55.000,27.6
2026-03-12 00:37:01.000,27.6
2026-03-12 00:37:01.000,28.8
2026-03-12 00:37:13.000,28.8
2026-03-12 00:37:13.000,27.6
2026-03-12 00:37:17.000,27.6
2026-03-12 00:37:17.000,22.8
2026-03-12 00:37:19.000,22.8
2026-03-12 00:37:19.000,15.6
2026-03-12 00:37:21.000,15.6
2026-03-12 00:37:21.000,22.8
2026-03-12 00:37:23.000,22.8
2026-03-12 00:37:23.000,21.6
2026-03-12 00:37:25.000,21.6
2026-03-12 00:37:25.000,24
2026-03-12 00:37:29.000,24
2026-03-12 00:37:29.000,25.2
2026-03-12 00:37:31.000,25.2
2026-03-12 00:37:31.000,27.6
2026-03-12 00:37:33.000,27.6
2026-03-12 00:37:33.000,28.8
2026-03-12 00:37:35.000,28.8
2026-03-12 00:37:35.000,30
2026-03-12 00:37:39.000,30
2026-03-12 00:37:39.000,31.2
2026-03-12 00:37:41.000,31.2
2026-03-12 00:37:41.000,32.4
2026-03-12 00:37:55.000,32.4
2026-03-12 00:37:55.000,33.6
2026-03-12 00:38:05.000,33.6
2026-03-12 00:38:05.000,36
2026-03-12 00:38:07.000,36
2026-03-12 00:38:07.000,25.2
2026-03-12 00:38:09.000,25.2
2026-03-12 00:38:09.000,28.8
2026-03-12 00:38:13.000,28.8
2026-03-12 00:38:13.000,31.2
2026-03-12 00:38:15.000,31.2
2026-03-12 00:38:15.000,33.6
2026-03-12 00:38:17.000,33.6
2026-03-12 00:38:17.000,34.8
2026-03-12 00:38:23.000,34.8
2026-03-12 00:38:23.000,36
2026-03-12 00:38:27.000,36
2026-03-12 00:38:27.000,37.2
2026-03-12 00:38:51.000,37.2
2026-03-12 00:38:51.000,36
2026-03-12 00:39:13.000,36
2026-03-12 00:39:13.000,37.2
2026-03-12 00:39:19.000,37.2
2026-03-12 00:39:19.000,36
2026-03-12 00:39:21.000,36
2026-03-12 00:39:21.000,30
2026-03-12 00:39:23.000,30
2026-03-12 00:39:23.000,7.2
2026-03-12 00:39:25.000,7.2
2026-03-12 00:39:25.000,19.2
2026-03-12 00:39:27.000,19.2
2026-03-12 00:39:27.000,4.8
2026-03-12 00:39:29.000,4.8
2026-03-12 00:39:29.000,9.6
2026-03-12 00:39:35.000,9.6
2026-03-12 00:39:35.000,13.2
2026-03-12 00:39:37.000,13.2
2026-03-12 00:39:37.000,18
2026-03-12 00:39:39.000,18
2026-03-12 00:39:39.000,24
2026-03-12 00:39:41.000,24
2026-03-12 00:39:41.000,25.2
2026-03-12 00:39:43.000,25.2
2026-03-12 00:39:43.000,27.6
2026-03-12 00:39:45.000,27.6
2026-03-12 00:39:45.000,31.2
2026-03-12 00:39:47.000,31.2
2026-03-12 00:39:47.000,30
2026-03-12 00:39:49.000,30
2026-03-12 00:39:49.000,31.2
2026-03-12 00:40:07.000,31.2
2026-03-12 00:40:07.000,32.4
2026-03-12 00:40:09.000,32.4
2026-03-12 00:40:09.000,33.6
2026-03-12 00:40:13.000,33.6
2026-03-12 00:40:13.000,36
2026-03-12 00:40:19.000,36
2026-03-12 00:40:19.000,37.2
2026-03-12 00:40:33.000,37.2
2026-03-12 00:40:33.000,38.4
2026-03-12 00:40:35.000,38.4
2026-03-12 00:40:35.000,37.2
2026-03-12 00:40:47.000,37.2
2026-03-12 00:40:47.000,38.4
2026-03-12 00:40:49.000,38.4
2026-03-12 00:40:49.000,37.2
2026-03-12 00:41:11.000,37.2
2026-03-12 00:41:11.000,38.4
2026-03-12 00:41:17.000,38.4
2026-03-12 00:41:17.000,39.6
2026-03-12 00:41:29.000,39.6
2026-03-12 00:41:29.000,34.8
2026-03-12 00:41:31.000,34.8
2026-03-12 00:41:31.000,15.6
2026-03-12 00:41:33.000,15.6
2026-03-12 00:41:33.000,9.6
2026-03-12 00:41:35.000,9.6
2026-03-12 00:41:35.000,18
2026-03-12 00:41:37.000,18
2026-03-12 00:41:37.000,9.6
2026-03-12 00:41:39.000,9.6
2026-03-12 00:41:39.000,13.2
2026-03-12 00:41:41.000,13.2
2026-03-12 00:41:41.000,12
2026-03-12 00:41:45.000,12
2026-03-12 00:41:45.000,10.8
2026-03-12 00:41:47.000,10.8
2026-03-12 00:41:47.000,12
2026-03-12 00:41:53.000,12
2026-03-12 00:41:53.000,14.4
2026-03-12 00:41:55.000,14.4
2026-03-12 00:41:55.000,21.6
2026-03-12 00:41:57.000,21.6
2026-03-12 00:41:57.000,34.8
2026-03-12 00:42:01.000,34.8
2026-03-12 00:42:01.000,46.8
2026-03-12 00:42:03.000,46.8
2026-03-12 00:42:03.000,42
2026-03-12 00:42:05.000,42
2026-03-12 00:42:05.000,48
2026-03-12 00:42:07.000,48
2026-03-12 00:42:07.000,46.8
2026-03-12 00:42:09.000,46.8
2026-03-12 00:42:09.000,48
2026-03-12 00:42:31.000,48
2026-03-12 00:42:31.000,49.2
2026-03-12 00:42:39.000,49.2
2026-03-12 00:42:39.000,48
2026-03-12 00:42:43.000,48
2026-03-12 00:42:43.000,49.2
2026-03-12 00:42:45.000,49.2
2026-03-12 00:42:45.000,48
2026-03-12 00:42:47.000,48
2026-03-12 00:42:47.000,44.4
2026-03-12 00:42:49.000,44.4
2026-03-12 00:42:49.000,34.8
2026-03-12 00:42:51.000,34.8
2026-03-12 00:42:51.000,9.6
2026-03-12 00:42:53.000,9.6
2026-03-12 00:42:53.000,0
2026-03-12 00:42:55.000,0
2026-03-12 00:42:55.000,26.4
2026-03-12 00:42:57.000,26.4
2026-03-12 00:42:57.000,4.8
2026-03-12 00:43:01.000,4.8
2026-03-12 00:43:01.000,6
2026-03-12 00:43:03.000,6
2026-03-12 00:43:03.000,7.2
2026-03-12 00:43:05.000,7.2
2026-03-12 00:43:05.000,6
2026-03-12 00:43:07.000,6
2026-03-12 00:43:07.000,7.2
2026-03-12 00:43:15.000,7.2
2026-03-12 00:43:15.000,8.4
2026-03-12 00:43:21.000,8.4
2026-03-12 00:43:21.000,9.6
2026-03-12 00:43:25.000,9.6
2026-03-12 00:43:25.000,10.8
2026-03-12 00:43:27.000,10.8
2026-03-12 00:43:27.000,12
2026-03-12 00:43:29.000,12
2026-03-12 00:43:29.000,14.4
2026-03-12 00:43:31.000,14.4
2026-03-12 00:43:31.000,13.2
2026-03-12 00:43:33.000,13.2
2026-03-12 00:43:33.000,14.4
2026-03-12 00:43:39.000,14.4
2026-03-12 00:43:39.000,13.2
2026-03-12 00:43:43.000,13.2
2026-03-12 00:43:43.000,12
2026-03-12 00:43:45.000,12
2026-03-12 00:43:45.000,8.4
2026-03-12 00:43:47.000,8.4
2026-03-12 01:36:48.000,7.2
2026-03-12 01:36:50.000,7.2
2026-03-12 01:36:50.000,12
2026-03-12 01:36:52.000,12
2026-03-12 01:36:52.000,10.8
2026-03-12 01:36:54.000,10.8
2026-03-12 01:36:54.000,13.2
2026-03-12 01:36:56.000,13.2
2026-03-12 01:36:56.000,12
2026-03-12 01:36:58.000,12
2026-03-12 01:36:58.000,13.2
2026-03-12 01:37:02.000,13.2
2026-03-12 01:37:02.000,12
2026-03-12 01:37:08.000,12
2026-03-12 01:37:08.000,10.8
2026-03-12 01:37:14.000,10.8
2026-03-12 01:37:14.000,12
2026-03-12 01:37:24.000,12
2026-03-12 01:37:24.000,13.2
2026-03-12 01:37:26.000,13.2
2026-03-12 01:37:26.000,14.4
2026-03-12 01:37:30.000,14.4
2026-03-12 01:37:30.000,13.2
2026-03-12 01:37:40.000,13.2
2026-03-12 01:37:40.000,14.4
2026-03-12 01:37:42.000,14.4
2026-03-12 01:37:42.000,16.8
2026-03-12 01:37:46.000,16.8
2026-03-12 01:37:46.000,14.4
2026-03-12 01:37:48.000,14.4
2026-03-12 01:37:48.000,13.2
2026-03-12 01:38:00.000,13.2
2026-03-12 01:38:00.000,16.8
2026-03-12 01:38:04.000,16.8
2026-03-12 01:38:04.000,19.2
2026-03-12 01:38:08.000,19.2
2026-03-12 01:38:08.000,18
2026-03-12 01:38:16.000,18
2026-03-12 01:38:16.000,16.8
2026-03-12 01:38:20.000,16.8
2026-03-12 01:38:20.000,15.6
2026-03-12 01:38:28.000,15.6
2026-03-12 01:38:28.000,14.4
2026-03-12 01:38:44.000,14.4
2026-03-12 01:38:44.000,16.8
2026-03-12 01:38:48.000,16.8
2026-03-12 01:38:48.000,19.2
2026-03-12 01:38:50.000,19.2
2026-03-12 01:38:50.000,18
2026-03-12 01:38:54.000,18
2026-03-12 01:38:54.000,15.6
2026-03-12 01:38:56.000,15.6
2026-03-12 01:38:56.000,14.4
2026-03-12 01:38:58.000,14.4
2026-03-12 01:38:58.000,13.2
2026-03-12 01:39:20.000,13.2
2026-03-12 01:39:20.000,14.4
2026-03-12 01:39:26.000,14.4
2026-03-12 01:39:26.000,15.6
2026-03-12 01:39:30.000,15.6
2026-03-12 01:39:30.000,16.8
2026-03-12 01:39:34.000,16.8
2026-03-12 01:39:34.000,15.6
2026-03-12 01:39:40.000,15.6
2026-03-12 01:39:40.000,14.4
2026-03-12 01:39:44.000,14.4
2026-03-12 01:39:44.000,13.2
2026-03-12 01:39:58.000,13.2
2026-03-12 01:39:58.000,14.4
2026-03-12 01:40:08.000,14.4
2026-03-12 01:40:08.000,15.6
2026-03-12 01:40:16.000,15.6
2026-03-12 01:40:16.000,14.4
2026-03-12 01:40:22.000,14.4
2026-03-12 01:40:22.000,13.2
2026-03-12 01:40:34.000,13.2
2026-03-12 01:40:34.000,14.4
2026-03-12 01:40:44.000,14.4
2026-03-12 01:40:44.000,15.6
2026-03-12 01:40:52.000,15.6
2026-03-12 01:40:52.000,14.4
2026-03-12 01:41:30.000,14.4
2026-03-12 01:41:30.000,15.6
2026-03-12 01:41:36.000,15.6
2026-03-12 01:41:36.000,14.4
2026-03-12 01:41:48.000,14.4
2026-03-12 01:41:48.000,13.2
2026-03-12 01:41:52.000,13.2
2026-03-12 01:41:52.000,14.4
2026-03-12 01:43:32.000,14.4
2026-03-12 01:43:32.000,13.2
2026-03-12 01:43:34.000,13.2
2026-03-12 01:43:34.000,14.4
2026-03-12 01:44:14.000,14.4
2026-03-12 01:44:14.000,13.2
2026-03-12 01:44:18.000,13.2
2026-03-12 01:44:18.000,14.4
2026-03-12 01:44:46.000,14.4
2026-03-12 01:44:46.000,13.2
2026-03-12 01:44:48.000,13.2
2026-03-12 01:44:48.000,14.4
2026-03-12 01:47:22.000,14.4
2026-03-12 01:47:22.000,13.2
2026-03-12 01:47:24.000,13.2
2026-03-12 01:47:24.000,14.4
2026-03-12 01:48:14.000,14.4
2026-03-12 01:48:14.000,13.2
2026-03-12 01:48:16.000,13.2
2026-03-12 01:48:16.000,14.4
2026-03-12 01:48:18.000,14.4
2026-03-12 01:48:18.000,13.2
2026-03-12 01:48:20.000,13.2
2026-03-12 01:48:20.000,14.4
2026-03-12 01:48:48.000,14.4
2026-03-12 01:48:48.000,13.2
2026-03-12 01:48:52.000,13.2
2026-03-12 01:48:52.000,14.4
2026-03-12 01:48:54.000,14.4
2026-03-12 01:48:54.000,13.2
2026-03-12 01:49:04.000,13.2
2026-03-12 01:49:04.000,14.4
2026-03-12 01:49:42.000,14.4
2026-03-12 01:49:42.000,13.2
2026-03-12 01:49:44.000,13.2
2026-03-12 01:49:44.000,14.4
2026-03-12 01:50:06.000,14.4
2026-03-12 01:50:06.000,13.2
2026-03-12 01:50:12.000,13.2
2026-03-12 01:50:12.000,14.4
2026-03-12 01:50:14.000,14.4
2026-03-12 01:50:14.000,13.2
2026-03-12 01:50:20.000,13.2
2026-03-12 01:50:20.000,14.4
2026-03-12 01:50:48.000,14.4
2026-03-12 01:50:48.000,13.2
2026-03-12 01:51:00.000,13.2
2026-03-12 01:51:00.000,14.4
2026-03-12 01:51:02.000,14.4
2026-03-12 01:51:02.000,13.2
2026-03-12 01:51:04.000,13.2
2026-03-12 01:51:04.000,14.4
2026-03-12 01:51:06.000,14.4
2026-03-12 01:51:06.000,13.2
2026-03-12 01:51:08.000,13.2
2026-03-12 01:51:08.000,14.4
2026-03-12 01:51:46.000,14.4
2026-03-12 01:51:46.000,13.2
2026-03-12 01:51:58.000,13.2
2026-03-12 01:51:58.000,14.4
2026-03-12 01:52:02.000,14.4
2026-03-12 01:52:02.000,13.2
2026-03-12 01:52:04.000,13.2
2026-03-12 01:52:04.000,14.4
2026-03-12 01:52:18.000,14.4
2026-03-12 01:52:18.000,13.2
2026-03-12 01:52:20.000,13.2
2026-03-12 01:52:20.000,14.4
2026-03-12 01:52:28.000,14.4
2026-03-12 01:52:28.000,13.2
2026-03-12 01:52:48.000,13.2
2026-03-12 01:52:48.000,14.4
2026-03-12 01:53:16.000,14.4
2026-03-12 01:53:16.000,13.2
2026-03-12 01:53:40.000,13.2
2026-03-12 01:53:40.000,14.4
2026-03-12 01:53:50.000,14.4
2026-03-12 01:53:50.000,13.2
2026-03-12 01:53:52.000,13.2
2026-03-12 01:53:52.000,14.4
2026-03-12 01:54:06.000,14.4
2026-03-12 01:54:06.000,13.2
2026-03-12 01:54:24.000,13.2
2026-03-12 01:54:24.000,14.4
2026-03-12 01:54:28.000,14.4
2026-03-12 01:54:28.000,13.2
2026-03-12 01:54:30.000,13.2
2026-03-12 01:54:30.000,14.4
2026-03-12 01:54:32.000,14.4
2026-03-12 01:54:32.000,13.2
2026-03-12 01:54:34.000,13.2
2026-03-12 01:54:34.000,14.4
2026-03-12 01:54:38.000,14.4
2026-03-12 01:54:38.000,13.2
2026-03-12 01:54:50.000,13.2
2026-03-12 01:54:50.000,14.4
2026-03-12 01:54:54.000,14.4
2026-03-12 01:54:54.000,13.2
2026-03-12 01:55:06.000,13.2
2026-03-12 01:55:06.000,14.4
2026-03-12 01:55:14.000,14.4
2026-03-12 01:55:14.000,13.2
2026-03-12 01:55:18.000,13.2
2026-03-12 01:55:18.000,14.4
2026-03-12 01:55:20.000,14.4
2026-03-12 01:55:20.000,13.2
2026-03-12 01:55:50.000,13.2
2026-03-12 01:55:50.000,14.4
2026-03-12 01:55:54.000,14.4
2026-03-12 01:55:54.000,13.2
2026-03-12 01:56:02.000,13.2
2026-03-12 01:56:02.000,14.4
2026-03-12 01:56:04.000,14.4
2026-03-12 01:56:04.000,13.2
2026-03-12 01:56:10.000,13.2
2026-03-12 01:56:10.000,14.4
2026-03-12 01:56:12.000,14.4
2026-03-12 01:56:12.000,13.2
2026-03-12 01:56:14.000,13.2
2026-03-12 01:56:14.000,14.4
2026-03-12 01:56:20.000,14.4
2026-03-12 01:56:20.000,13.2
2026-03-12 01:56:22.000,13.2
2026-03-12 01:56:22.000,14.4
2026-03-12 01:56:24.000,14.4
2026-03-12 01:56:24.000,13.2
2026-03-12 01:56:46.000,13.2
2026-03-12 01:56:46.000,14.4
2026-03-12 01:56:48.000,14.4
2026-03-12 01:56:48.000,13.2
2026-03-12 01:56:50.000,13.2
2026-03-12 01:56:50.000,14.4
2026-03-12 01:57:06.000,14.4
2026-03-12 01:57:06.000,13.2
2026-03-12 01:57:52.000,13.2
2026-03-12 01:57:52.000,14.4
2026-03-12 01:57:54.000,14.4
2026-03-12 01:57:54.000,13.2
2026-03-12 01:57:56.000,13.2
2026-03-12 01:57:56.000,14.4
2026-03-12 01:57:58.000,14.4
2026-03-12 01:57:58.000,13.2
2026-03-12 01:58:00.000,13.2
2026-03-12 01:58:00.000,14.4
2026-03-12 01:58:02.000,14.4
2026-03-12 01:58:02.000,13.2
2026-03-12 01:58:22.000,13.2
2026-03-12 01:58:22.000,14.4
2026-03-12 01:58:26.000,14.4
2026-03-12 01:58:26.000,13.2
2026-03-12 01:59:30.000,13.2
2026-03-12 01:59:30.000,14.4
2026-03-12 01:59:34.000,14.4
2026-03-12 01:59:34.000,13.2
2026-03-12 01:59:56.000,13.2
2026-03-12 01:59:56.000,14.4
2026-03-12 02:00:00.000,14.4
2026-03-12 02:00:00.000,13.2
2026-03-12 02:00:02.000,13.2
2026-03-12 02:00:02.000,14.4
2026-03-12 02:00:10.000,14.4
2026-03-12 02:00:10.000,13.2
2026-03-12 02:00:40.000,13.2
2026-03-12 02:00:40.000,14.4
2026-03-12 02:00:44.000,14.4
2026-03-12 02:00:44.000,13.2
2026-03-12 02:00:46.000,13.2
2026-03-12 02:00:46.000,14.4
2026-03-12 02:00:48.000,14.4
2026-03-12 02:00:48.000,13.2
2026-03-12 02:00:54.000,13.2
2026-03-12 02:00:54.000,14.4
2026-03-12 02:01:00.000,14.4
2026-03-12 02:01:00.000,13.2
2026-03-12 02:01:28.000,13.2
2026-03-12 02:01:28.000,14.4
2026-03-12 02:01:30.000,14.4
2026-03-12 02:01:30.000,13.2
2026-03-12 02:01:48.000,13.2
2026-03-12 02:01:48.000,14.4
2026-03-12 02:01:50.000,14.4
2026-03-12 02:01:50.000,13.2
2026-03-12 02:02:00.000,13.2
2026-03-12 02:02:00.000,14.4
2026-03-12 02:02:02.000,14.4
2026-03-12 02:02:02.000,13.2
2026-03-12 02:03:12.000,13.2
2026-03-12 02:03:12.000,14.4
2026-03-12 02:03:14.000,14.4
2026-03-12 02:03:14.000,13.2
2026-03-12 02:03:36.000,13.2
2026-03-12 02:03:36.000,14.4
2026-03-12 02:03:38.000,14.4
2026-03-12 02:03:38.000,13.2
2026-03-12 02:04:10.000,13.2
2026-03-12 02:04:10.000,14.4
2026-03-12 02:04:20.000,14.4
2026-03-12 02:04:20.000,13.2
2026-03-12 02:04:40.000,13.2
2026-03-12 02:04:40.000,14.4
2026-03-12 02:04:42.000,14.4
2026-03-12 02:04:42.000,13.2
2026-03-12 02:04:58.000,13.2
2026-03-12 02:04:58.000,14.4
2026-03-12 02:05:00.000,14.4
2026-03-12 02:05:00.000,13.2
2026-03-12 02:07:44.000,13.2
2026-03-12 02:07:44.000,14.4
2026-03-12 02:07:46.000,14.4
2026-03-12 02:07:46.000,13.2
2026-03-12 02:07:48.000,13.2
2026-03-12 02:07:48.000,14.4
2026-03-12 02:07:50.000,14.4
2026-03-12 02:07:50.000,13.2
2026-03-12 02:08:18.000,13.2
2026-03-12 02:08:18.000,14.4
2026-03-12 02:08:34.000,14.4
2026-03-12 02:08:34.000,13.2
2026-03-12 02:10:02.000,13.2
2026-03-12 02:10:02.000,14.4
2026-03-12 02:10:06.000,14.4
2026-03-12 02:10:06.000,13.2
2026-03-12 02:10:14.000,13.2
2026-03-12 02:10:14.000,14.4
2026-03-12 02:10:16.000,14.4
2026-03-12 02:10:16.000,13.2
2026-03-12 02:12:08.000,13.2
2026-03-12 02:12:08.000,14.4
2026-03-12 02:12:10.000,14.4
2026-03-12 02:12:10.000,13.2
2026-03-12 02:12:12.000,13.2
2026-03-12 02:12:12.000,14.4
2026-03-12 02:12:14.000,14.4
2026-03-12 02:12:14.000,13.2
2026-03-12 02:17:48.000,13.2
2026-03-12 02:17:48.000,14.4
2026-03-12 02:17:50.000,14.4
2026-03-12 02:17:50.000,15.6
2026-03-12 02:17:52.000,15.6
2026-03-12 02:17:52.000,14.4
2026-03-12 02:17:56.000,14.4
2026-03-12 02:17:56.000,13.2
2026-03-12 02:18:02.000,13.2
2026-03-12 02:18:02.000,12
2026-03-12 02:18:20.000,12
2026-03-12 02:18:20.000,13.2
2026-03-12 02:18:40.000,13.2
2026-03-12 02:18:40.000,12
2026-03-12 02:18:48.000,12
2026-03-12 02:18:48.000,13.2
2026-03-12 02:19:48.000,13.2
2026-03-12 02:19:48.000,12
2026-03-12 02:20:04.000,12
2026-03-12 02:20:04.000,13.2
2026-03-12 02:20:18.000,13.2
2026-03-12 02:20:18.000,14.4
2026-03-12 02:20:26.000,14.4
2026-03-12 02:20:26.000,13.2
2026-03-12 02:23:30.000,13.2
2026-03-12 02:23:30.000,14.4
2026-03-12 02:23:36.000,14.4
2026-03-12 02:23:36.000,15.6
2026-03-12 02:23:46.000,15.6
2026-03-12 02:23:46.000,16.8
2026-03-12 02:24:14.000,16.8
2026-03-12 02:24:14.000,18
2026-03-12 02:24:16.000,18
2026-03-12 02:24:16.000,16.8
2026-03-12 02:24:20.000,16.8
2026-03-12 02:24:20.000,18
2026-03-12 02:24:22.000,18
2026-03-12 02:24:22.000,16.8
2026-03-12 02:24:24.000,16.8
2026-03-12 02:24:24.000,18
2026-03-12 02:24:34.000,18
2026-03-12 02:24:34.000,19.2
2026-03-12 02:24:50.000,19.2
2026-03-12 02:24:50.000,20.4
2026-03-12 02:25:34.000,20.4
2026-03-12 02:25:34.000,21.6
2026-03-12 02:25:36.000,21.6
2026-03-12 02:25:36.000,20.4
2026-03-12 02:25:50.000,20.4
2026-03-12 02:25:50.000,21.6
2026-03-12 02:26:48.000,21.6
2026-03-12 02:26:48.000,20.4
2026-03-12 02:26:50.000,20.4
2026-03-12 02:26:50.000,21.6
2026-03-12 02:26:52.000,21.6
2026-03-12 02:26:52.000,20.4
2026-03-12 02:27:08.000,20.4
2026-03-12 02:27:08.000,21.6
2026-03-12 02:27:10.000,21.6
2026-03-12 02:27:10.000,20.4
2026-03-12 02:27:44.000,20.4
2026-03-12 02:27:44.000,21.6
2026-03-12 02:27:48.000,21.6
2026-03-12 02:27:48.000,20.4
2026-03-12 02:27:50.000,20.4
2026-03-12 02:27:50.000,21.6
2026-03-12 02:28:00.000,21.6
2026-03-12 02:28:00.000,22.8
2026-03-12 02:28:22.000,22.8
2026-03-12 02:28:22.000,21.6
2026-03-12 02:28:30.000,21.6
2026-03-12 02:28:30.000,22.8
2026-03-12 02:29:16.000,22.8
2026-03-12 02:29:16.000,24
2026-03-12 02:29:24.000,24
2026-03-12 02:29:24.000,22.8
2026-03-12 02:29:28.000,22.8
2026-03-12 02:29:28.000,24
2026-03-12 02:29:30.000,24
2026-03-12 02:29:30.000,22.8
2026-03-12 02:29:32.000,22.8
2026-03-12 02:29:32.000,21.6
2026-03-12 02:29:34.000,21.6
2026-03-12 02:29:34.000,19.2
2026-03-12 02:29:36.000,19.2
2026-03-12 02:29:36.000,20.4
2026-03-12 02:29:38.000,20.4
2026-03-12 02:29:38.000,19.2
2026-03-12 02:29:40.000,19.2
2026-03-12 02:29:40.000,20.4
2026-03-12 02:29:42.000,20.4
2026-03-12 02:29:42.000,21.6
2026-03-12 02:29:46.000,21.6
2026-03-12 02:29:46.000,22.8
2026-03-12 02:29:50.000,22.8
2026-03-12 02:29:50.000,24
2026-03-12 02:29:54.000,24
2026-03-12 02:29:54.000,25.2
2026-03-12 02:30:04.000,25.2
2026-03-12 02:30:04.000,26.4
2026-03-12 02:30:28.000,26.4
2026-03-12 02:30:28.000,25.2
2026-03-12 02:30:44.000,25.2
2026-03-12 02:30:44.000,26.4
2026-03-12 02:31:00.000,26.4
2026-03-12 02:31:00.000,27.6
2026-03-12 02:31:02.000,27.6
2026-03-12 02:31:02.000,26.4
2026-03-12 02:31:04.000,26.4
2026-03-12 02:31:04.000,27.6
2026-03-12 02:31:28.000,27.6
2026-03-12 02:31:28.000,26.4
2026-03-12 02:31:34.000,26.4
2026-03-12 02:31:34.000,25.2
2026-03-12 02:31:38.000,25.2
2026-03-12 02:31:38.000,24
2026-03-12 02:31:54.000,24
2026-03-12 02:31:54.000,22.8
2026-03-12 02:32:26.000,22.8
2026-03-12 02:32:26.000,21.6
2026-03-12 02:32:28.000,21.6
2026-03-12 02:32:28.000,22.8
2026-03-12 02:32:30.000,22.8
2026-03-12 02:32:30.000,21.6
2026-03-12 02:32:36.000,21.6
2026-03-12 02:32:36.000,20.4
2026-03-12 02:32:38.000,20.4
2026-03-12 02:32:38.000,18
2026-03-12 02:32:40.000,18
2026-03-12 02:32:40.000,19.2
2026-03-12 02:32:42.000,19.2
2026-03-12 02:32:42.000,15.6
2026-03-12 02:32:44.000,15.6
2026-03-12 02:32:44.000,16.8
2026-03-12 02:32:46.000,16.8
2026-03-12 02:32:46.000,14.4
2026-03-12 02:32:56.000,14.4
2026-03-12 02:32:56.000,13.2
2026-03-12 02:33:10.000,13.2
2026-03-12 02:33:10.000,14.4
2026-03-12 02:33:18.000,14.4
2026-03-12 02:33:18.000,13.2
2026-03-12 02:33:32.000,13.2
2026-03-12 02:33:32.000,14.4
2026-03-12 02:33:36.000,14.4
2026-03-12 02:33:36.000,13.2
2026-03-12 02:33:38.000,13.2
2026-03-12 02:33:38.000,14.4
2026-03-12 02:33:40.000,14.4
2026-03-12 02:33:40.000,13.2
2026-03-12 02:33:42.000,13.2
2026-03-12 02:33:42.000,14.4
2026-03-12 02:33:44.000,14.4
2026-03-12 02:33:44.000,13.2
2026-03-12 02:34:20.000,13.2
2026-03-12 02:34:20.000,14.4
2026-03-12 02:34:36.000,14.4
2026-03-12 02:34:36.000,13.2
2026-03-12 02:34:52.000,13.2
2026-03-12 02:34:52.000,14.4
2026-03-12 02:34:54.000,14.4
2026-03-12 02:34:54.000,13.2
2026-03-12 02:35:06.000,13.2
2026-03-12 02:35:06.000,14.4
2026-03-12 02:35:14.000,14.4
2026-03-12 02:35:14.000,13.2
2026-03-12 02:35:30.000,13.2
2026-03-12 02:35:30.000,14.4
2026-03-12 02:35:32.000,14.4
2026-03-12 02:35:32.000,13.2
2026-03-12 02:35:34.000,13.2
2026-03-12 02:35:34.000,14.4
2026-03-12 02:35:42.000,14.4
2026-03-12 02:35:42.000,13.2
2026-03-12 02:35:46.000,13.2
2026-03-12 02:35:46.000,14.4
2026-03-12 02:35:50.000,14.4
2026-03-12 02:35:50.000,13.2
2026-03-12 02:35:52.000,13.2
2026-03-12 02:35:52.000,14.4
2026-03-12 02:35:54.000,14.4
2026-03-12 02:35:54.000,13.2
2026-03-12 02:36:14.000,13.2
2026-03-12 02:36:14.000,14.4
2026-03-12 02:36:18.000,14.4
2026-03-12 02:36:18.000,13.2
2026-03-12 02:36:20.000,13.2
2026-03-12 02:36:20.000,14.4
2026-03-12 02:36:26.000,14.4
2026-03-12 02:36:26.000,15.6
2026-03-12 02:36:30.000,15.6
2026-03-12 02:36:30.000,14.4
2026-03-12 02:36:34.000,14.4
2026-03-12 02:36:34.000,13.2
2026-03-12 02:36:36.000,13.2
2026-03-12 02:36:36.000,12
2026-03-12 02:36:38.000,12
2026-03-12 02:36:38.000,13.2
2026-03-12 02:36:40.000,13.2
2026-03-12 02:36:40.000,12
2026-03-12 02:36:44.000,12
2026-03-12 02:36:44.000,13.2
2026-03-12 02:36:46.000,13.2
2026-03-12 02:36:46.000,20.4
2026-03-12 02:36:48.000,20.4
2026-03-12 02:36:48.000,38.4
2026-03-12 02:36:50.000,38.4
2026-03-12 02:36:50.000,34.8
2026-03-12 02:36:52.000,34.8
2026-03-12 02:36:52.000,43.2
2026-03-12 02:36:54.000,43.2
2026-03-12 02:36:54.000,42
2026-03-12 02:36:56.000,42
2026-03-12 02:36:56.000,44.4
2026-03-12 02:37:00.000,44.4
2026-03-12 02:37:00.000,43.2
2026-03-12 02:37:06.000,43.2
2026-03-12 02:37:06.000,44.4
2026-03-12 02:37:08.000,44.4
2026-03-12 02:37:08.000,43.2
2026-03-12 02:37:10.000,43.2
2026-03-12 02:37:10.000,44.4
2026-03-12 02:37:18.000,44.4
2026-03-12 02:37:18.000,43.2
2026-03-12 02:37:34.000,43.2
2026-03-12 02:37:34.000,42
2026-03-12 02:37:36.000,42
2026-03-12 02:37:36.000,43.2
2026-03-12 02:37:40.000,43.2
2026-03-12 02:37:40.000,42
2026-03-12 02:37:48.000,42
2026-03-12 02:37:48.000,43.2
2026-03-12 02:37:58.000,43.2
2026-03-12 02:37:58.000,44.4
2026-03-12 02:38:00.000,44.4
2026-03-12 02:38:00.000,43.2
2026-03-12 02:38:04.000,43.2
2026-03-12 02:38:04.000,44.4
2026-03-12 02:38:18.000,44.4
2026-03-12 02:38:18.000,43.2
2026-03-12 02:38:28.000,43.2
2026-03-12 02:38:28.000,44.4
2026-03-12 02:38:54.000,44.4
2026-03-12 02:38:54.000,43.2
2026-03-12 02:38:58.000,43.2
2026-03-12 02:38:58.000,40.8
2026-03-12 02:39:12.000,40.8
2026-03-12 02:39:12.000,42
2026-03-12 02:39:24.000,42
2026-03-12 02:39:24.000,43.2
2026-03-12 02:39:48.000,43.2
2026-03-12 02:39:48.000,42
2026-03-12 02:40:18.000,42
2026-03-12 02:40:18.000,40.8
2026-03-12 02:40:22.000,40.8
2026-03-12 02:40:22.000,42
2026-03-12 02:40:26.000,42
2026-03-12 02:40:26.000,43.2
2026-03-12 02:40:36.000,43.2
2026-03-12 02:40:36.000,44.4
2026-03-12 02:41:00.000,44.4
2026-03-12 02:41:00.000,43.2
2026-03-12 02:41:02.000,43.2
2026-03-12 02:41:02.000,42
2026-03-12 02:41:04.000,42
2026-03-12 02:41:04.000,39.6
2026-03-12 02:41:08.000,39.6
2026-03-12 02:41:08.000,40.8
2026-03-12 02:41:12.000,40.8
2026-03-12 02:41:12.000,42
2026-03-12 02:41:18.000,42
2026-03-12 02:41:18.000,43.2
2026-03-12 02:41:22.000,43.2
2026-03-12 02:41:22.000,44.4
2026-03-12 02:41:30.000,44.4
2026-03-12 02:41:30.000,45.6
2026-03-12 02:41:40.000,45.6
2026-03-12 02:41:40.000,40.8
2026-03-12 02:41:42.000,40.8
2026-03-12 02:41:42.000,28.8
2026-03-12 02:41:44.000,28.8
2026-03-12 02:41:44.000,14.4
2026-03-12 02:41:46.000,14.4
2026-03-12 02:41:46.000,12
2026-03-12 02:41:50.000,12
2026-03-12 02:41:50.000,14.4
2026-03-12 02:41:52.000,14.4
2026-03-12 02:41:52.000,13.2
2026-03-12 02:41:54.000,13.2
2026-03-12 02:41:54.000,14.4
2026-03-12 02:41:58.000,14.4
2026-03-12 02:41:58.000,16.8
2026-03-12 02:42:00.000,16.8
2026-03-12 02:42:00.000,21.6
2026-03-12 02:42:02.000,21.6
2026-03-12 02:42:02.000,26.4
2026-03-12 02:42:04.000,26.4
2026-03-12 02:42:04.000,33.6
2026-03-12 02:42:06.000,33.6
2026-03-12 02:42:06.000,36
2026-03-12 02:42:08.000,36
2026-03-12 02:42:08.000,39.6
2026-03-12 02:42:12.000,39.6
2026-03-12 02:42:12.000,42
2026-03-12 02:42:14.000,42
2026-03-12 02:42:14.000,40.8
2026-03-12 02:42:16.000,40.8
2026-03-12 02:42:16.000,39.6
2026-03-12 02:42:18.000,39.6
2026-03-12 02:42:18.000,37.2
2026-03-12 02:42:22.000,37.2
2026-03-12 02:42:22.000,36
2026-03-12 02:42:28.000,36
2026-03-12 02:42:28.000,37.2
2026-03-12 02:42:34.000,37.2
2026-03-12 02:42:34.000,38.4
2026-03-12 02:42:36.000,38.4
2026-03-12 02:42:36.000,39.6
2026-03-12 02:42:38.000,39.6
2026-03-12 02:42:38.000,40.8
2026-03-12 02:43:10.000,40.8
2026-03-12 02:43:10.000,39.6
2026-03-12 02:43:14.000,39.6
2026-03-12 02:43:14.000,38.4
2026-03-12 02:43:18.000,38.4
2026-03-12 02:43:18.000,37.2
2026-03-12 02:43:24.000,37.2
2026-03-12 02:43:24.000,38.4
2026-03-12 02:43:28.000,38.4
2026-03-12 02:43:28.000,39.6
2026-03-12 02:43:30.000,39.6
2026-03-12 02:43:30.000,42
2026-03-12 02:43:32.000,42
2026-03-12 02:43:32.000,40.8
2026-03-12 02:43:34.000,40.8
2026-03-12 02:43:34.000,42
2026-03-12 02:43:54.000,42
2026-03-12 02:43:54.000,43.2
2026-03-12 02:44:04.000,43.2
2026-03-12 02:44:04.000,44.4
2026-03-12 02:44:46.000,44.4
2026-03-12 02:44:46.000,45.6
2026-03-12 02:44:48.000,45.6
2026-03-12 02:44:48.000,44.4
2026-03-12 02:44:50.000,44.4
2026-03-12 02:44:50.000,45.6
2026-03-12 02:44:54.000,45.6
2026-03-12 02:44:54.000,44.4
2026-03-12 02:44:56.000,44.4
2026-03-12 02:44:56.000,45.6
2026-03-12 02:45:12.000,45.6
2026-03-12 02:45:12.000,44.4
2026-03-12 02:45:20.000,44.4
2026-03-12 02:45:20.000,43.2
2026-03-12 02:45:26.000,43.2
2026-03-12 02:45:26.000,44.4
2026-03-12 02:45:30.000,44.4
2026-03-12 02:45:30.000,45.6
2026-03-12 02:45:32.000,45.6
2026-03-12 02:45:32.000,44.4
2026-03-12 02:45:34.000,44.4
2026-03-12 02:45:34.000,46.8
2026-03-12 02:45:46.000,46.8
2026-03-12 02:45:46.000,48
2026-03-12 02:45:48.000,48
2026-03-12 02:45:48.000,50.4
2026-03-12 02:45:50.000,50.4
2026-03-12 02:45:50.000,46.8
2026-03-12 02:45:52.000,46.8
2026-03-12 02:45:52.000,48
2026-03-12 02:45:54.000,48
2026-03-12 02:45:54.000,46.8
2026-03-12 02:46:02.000,46.8
2026-03-12 02:46:02.000,48
2026-03-12 02:46:30.000,48
2026-03-12 02:46:30.000,46.8
2026-03-12 02:46:44.000,46.8
2026-03-12 02:46:44.000,48
2026-03-12 02:47:06.000,48
2026-03-12 02:47:06.000,49.2
2026-03-12 02:47:08.000,49.2
2026-03-12 02:47:08.000,48
2026-03-12 02:47:16.000,48
2026-03-12 02:47:16.000,49.2
2026-03-12 02:47:20.000,49.2
2026-03-12 02:47:20.000,50.4
2026-03-12 02:47:24.000,50.4
2026-03-12 02:47:24.000,49.2
2026-03-12 02:47:34.000,49.2
2026-03-12 02:47:34.000,48
2026-03-12 02:47:44.000,48
2026-03-12 02:47:44.000,45.6
2026-03-12 02:47:46.000,45.6
2026-03-12 02:47:46.000,40.8
2026-03-12 02:47:48.000,40.8
2026-03-12 02:47:48.000,36
2026-03-12 02:47:50.000,36
2026-03-12 02:47:50.000,39.6
2026-03-12 02:47:56.000,39.6
2026-03-12 02:47:56.000,40.8
2026-03-12 02:48:00.000,40.8
2026-03-12 02:48:00.000,42
2026-03-12 02:48:10.000,42
2026-03-12 02:48:10.000,43.2
2026-03-12 02:48:20.000,43.2
2026-03-12 02:48:20.000,44.4
2026-03-12 02:48:44.000,44.4
2026-03-12 02:48:44.000,43.2
2026-03-12 02:49:40.000,43.2
2026-03-12 02:49:40.000,44.4
2026-03-12 02:49:42.000,44.4
2026-03-12 02:49:42.000,43.2
2026-03-12 02:49:44.000,43.2
2026-03-12 02:49:44.000,39.6
2026-03-12 02:49:46.000,39.6
2026-03-12 02:49:46.000,27.6
2026-03-12 02:49:48.000,27.6
2026-03-12 02:49:48.000,15.6
2026-03-12 02:49:50.000,15.6
2026-03-12 02:49:50.000,24
2026-03-12 02:49:52.000,24
2026-03-12 02:49:52.000,10.8
2026-03-12 02:49:54.000,10.8
2026-03-12 02:49:54.000,15.6
2026-03-12 02:49:56.000,15.6
2026-03-12 02:49:56.000,13.2
2026-03-12 02:49:58.000,13.2
2026-03-12 02:49:58.000,15.6
2026-03-12 02:50:02.000,15.6
2026-03-12 02:50:02.000,14.4
2026-03-12 02:50:06.000,14.4
2026-03-12 02:50:06.000,13.2
2026-03-12 02:50:14.000,13.2
2026-03-12 02:50:14.000,14.4
2026-03-12 02:50:30.000,14.4
2026-03-12 02:50:30.000,13.2
2026-03-12 02:50:52.000,13.2
2026-03-12 02:50:52.000,14.4
2026-03-12 02:51:10.000,14.4
2026-03-12 02:51:10.000,13.2
2026-03-12 02:51:12.000,13.2
2026-03-12 02:51:12.000,10.8
2026-03-12 02:51:14.000,10.8
2026-03-12 02:51:14.000,8.4
2026-03-12 02:51:16.000,8.4
2026-03-12 02:51:16.000,4.8
2026-03-12 02:51:18.000,4.8
2026-03-12 02:51:18.000,3.6
2026-03-12 02:51:24.000,3.6
2026-03-12 02:51:24.000,2.4
2026-03-12 02:51:42.000,2.4
2026-03-12 02:51:42.000,1.2
2026-03-12 02:52:02.000,1.2
2026-03-12 02:52:02.000,0
2026-03-12 02:52:04.000,0
2026-03-12 02:52:04.000,1.2
2026-03-12 02:52:08.000,1.2
2026-03-12 02:52:08.000,0
2026-03-12 02:52:24.000,0
2026-03-12 02:52:24.000,1.2
2026-03-12 02:52:32.000,1.2
2026-03-12 02:52:32.000,0
2026-03-12 02:52:42.000,0
2026-03-12 02:52:42.000,1.2
2026-03-12 02:52:44.000,1.2
2026-03-12 02:52:44.000,0
2026-03-12 02:53:24.000,0
2026-03-12 02:53:24.000,1.2
2026-03-12 02:53:28.000,1.2
2026-03-12 02:53:28.000,2.4
2026-03-12 02:53:30.000,2.4
2026-03-12 02:53:30.000,3.6
2026-03-12 02:53:34.000,3.6
2026-03-12 02:53:34.000,4.8
2026-03-12 02:53:36.000,4.8
2026-03-12 02:53:36.000,7.2
2026-03-12 02:53:38.000,7.2
2026-03-12 02:53:38.000,10.8
2026-03-12 02:53:40.000,10.8
2026-03-12 02:53:40.000,8.4
2026-03-12 02:53:56.000,8.4
2026-03-12 02:53:56.000,7.2
2026-03-12 02:54:02.000,7.2
2026-03-12 02:54:02.000,8.4
2026-03-12 02:54:04.000,8.4
2026-03-12 02:54:04.000,9.6
2026-03-12 02:54:06.000,9.6
2026-03-12 02:54:06.000,10.8
2026-03-12 02:54:08.000,10.8
2026-03-12 02:54:08.000,12
2026-03-12 02:54:10.000,12
2026-03-12 02:54:10.000,15.6
2026-03-12 02:54:12.000,15.6
2026-03-12 02:54:12.000,14.4
2026-03-12 02:54:14.000,14.4
2026-03-12 02:54:14.000,15.6
2026-03-12 02:54:18.000,15.6
2026-03-12 02:54:18.000,16.8
2026-03-12 02:54:20.000,16.8
2026-03-12 02:54:20.000,18
2026-03-12 02:54:22.000,18
2026-03-12 02:54:22.000,19.2
2026-03-12 02:54:24.000,19.2
2026-03-12 02:54:24.000,20.4
2026-03-12 02:54:26.000,20.4
2026-03-12 02:54:26.000,21.6
2026-03-12 02:54:28.000,21.6
2026-03-12 02:54:28.000,22.8
2026-03-12 02:54:30.000,22.8
2026-03-12 02:54:30.000,24
2026-03-12 02:54:32.000,24
2026-03-12 02:54:32.000,25.2
2026-03-12 02:54:36.000,25.2
2026-03-12 02:54:36.000,26.4
2026-03-12 02:54:40.000,26.4
2026-03-12 02:54:40.000,27.6
2026-03-12 02:54:48.000,27.6
2026-03-12 02:54:48.000,28.8
2026-03-12 02:54:56.000,28.8
2026-03-12 02:54:56.000,30
2026-03-12 02:55:04.000,30
2026-03-12 02:55:04.000,31.2
2026-03-12 02:55:22.000,31.2
2026-03-12 02:55:22.000,32.4
2026-03-12 02:55:28.000,32.4
2026-03-12 02:55:28.000,33.6
2026-03-12 02:55:32.000,33.6
2026-03-12 02:55:32.000,34.8
2026-03-12 02:55:50.000,34.8
2026-03-12 02:55:50.000,36
2026-03-12 02:56:38.000,36
2026-03-12 02:56:38.000,37.2
2026-03-12 02:56:56.000,37.2
2026-03-12 02:56:56.000,31.2
2026-03-12 02:56:58.000,31.2
2026-03-12 02:56:58.000,20.4
2026-03-12 02:57:00.000,20.4
2026-03-12 02:57:00.000,38.4
2026-03-12 02:57:02.000,38.4
2026-03-12 02:57:02.000,25.2
2026-03-12 02:57:04.000,25.2
2026-03-12 02:57:04.000,30
2026-03-12 02:57:06.000,30
2026-03-12 02:57:06.000,28.8
2026-03-12 02:57:08.000,28.8
2026-03-12 02:57:08.000,26.4
2026-03-12 02:57:10.000,26.4
2026-03-12 02:57:10.000,21.6
2026-03-12 02:57:12.000,21.6
2026-03-12 02:57:12.000,19.2
2026-03-12 02:57:14.000,19.2
2026-03-12 02:57:14.000,18
2026-03-12 02:57:16.000,18
2026-03-12 02:57:16.000,14.4
2026-03-12 02:57:20.000,14.4
2026-03-12 02:57:20.000,13.2
2026-03-12 02:57:42.000,13.2
2026-03-12 02:57:42.000,12
2026-03-12 02:58:10.000,12
2026-03-12 02:58:10.000,13.2
2026-03-12 02:58:26.000,13.2
2026-03-12 02:58:26.000,12
2026-03-12 02:58:30.000,12
2026-03-12 02:58:30.000,13.2
2026-03-12 02:58:34.000,13.2
2026-03-12 02:58:34.000,12
2026-03-12 02:58:36.000,12
2026-03-12 02:58:36.000,13.2
2026-03-12 02:58:38.000,13.2
2026-03-12 02:58:38.000,12
2026-03-12 02:58:46.000,12
2026-03-12 02:58:46.000,13.2
2026-03-12 02:58:48.000,13.2
2026-03-12 02:58:48.000,12
2026-03-12 02:58:50.000,12
2026-03-12 02:58:50.000,13.2
2026-03-12 02:59:34.000,13.2
2026-03-12 02:59:34.000,14.4
2026-03-12 02:59:36.000,14.4
2026-03-12 02:59:36.000,15.6
2026-03-12 02:59:38.000,15.6
2026-03-12 02:59:38.000,14.4
2026-03-12 02:59:40.000,14.4
2026-03-12 02:59:40.000,15.6
2026-03-12 02:59:42.000,15.6
2026-03-12 02:59:42.000,16.8
2026-03-12 02:59:52.000,16.8
2026-03-12 02:59:52.000,18
2026-03-12 03:00:06.000,18
2026-03-12 03:00:06.000,19.2
2026-03-12 03:00:42.000,19.2
2026-03-12 03:00:42.000,20.4
2026-03-12 03:01:04.000,20.4
2026-03-12 03:01:04.000,21.6
2026-03-12 03:01:44.000,21.6
2026-03-12 03:01:44.000,22.8
2026-03-12 03:02:10.000,22.8
2026-03-12 03:02:10.000,24
2026-03-12 03:02:34.000,24
2026-03-12 03:02:34.000,25.2
2026-03-12 03:03:26.000,25.2
2026-03-12 03:03:26.000,26.4
2026-03-12 03:03:28.000,26.4
2026-03-12 03:03:28.000,25.2
2026-03-12 03:03:58.000,25.2
2026-03-12 03:03:58.000,26.4
2026-03-12 03:04:44.000,26.4
2026-03-12 03:04:44.000,27.6
2026-03-12 03:04:46.000,27.6
2026-03-12 03:04:46.000,26.4
2026-03-12 03:04:48.000,26.4
2026-03-12 03:04:48.000,27.6
2026-03-12 03:04:54.000,27.6
2026-03-12 03:04:54.000,26.4
2026-03-12 03:04:56.000,26.4
2026-03-12 03:04:56.000,27.6
2026-03-12 03:05:00.000,27.6
2026-03-12 03:05:00.000,26.4
2026-03-12 03:05:08.000,26.4
2026-03-12 03:05:08.000,27.6
2026-03-12 03:05:10.000,27.6
2026-03-12 03:05:10.000,26.4
2026-03-12 03:05:20.000,26.4
2026-03-12 03:05:20.000,27.6
2026-03-12 03:06:08.000,27.6
2026-03-12 03:06:08.000,26.4
2026-03-12 03:06:10.000,26.4
2026-03-12 03:06:10.000,27.6
2026-03-12 03:06:14.000,27.6
2026-03-12 03:06:14.000,26.4
2026-03-12 03:06:16.000,26.4
2026-03-12 03:06:16.000,27.6
2026-03-12 03:06:58.000,27.6
2026-03-12 03:06:58.000,26.4
2026-03-12 03:07:00.000,26.4
2026-03-12 03:07:00.000,27.6
2026-03-12 03:07:08.000,27.6
2026-03-12 03:07:08.000,26.4
2026-03-12 03:07:10.000,26.4
2026-03-12 03:07:10.000,27.6
2026-03-12 03:07:20.000,27.6
2026-03-12 03:07:20.000,28.8
2026-03-12 03:09:12.000,28.8
2026-03-12 03:09:12.000,27.6
2026-03-12 03:09:14.000,27.6
2026-03-12 03:09:14.000,28.8
2026-03-12 03:09:16.000,28.8
2026-03-12 03:09:16.000,27.6
2026-03-12 03:09:24.000,27.6
2026-03-12 03:09:24.000,28.8
2026-03-12 03:09:32.000,28.8
2026-03-12 03:09:32.000,27.6
2026-03-12 03:09:40.000,27.6
2026-03-12 03:09:40.000,28.8
2026-03-12 03:09:56.000,28.8
2026-03-12 03:09:56.000,27.6
2026-03-12 03:10:02.000,27.6
2026-03-12 03:10:02.000,28.8
2026-03-12 03:10:14.000,28.8
2026-03-12 03:10:14.000,27.6
2026-03-12 03:10:16.000,27.6
2026-03-12 03:10:16.000,28.8
2026-03-12 03:10:28.000,28.8
2026-03-12 03:10:28.000,30
2026-03-12 03:10:34.000,30
2026-03-12 03:10:34.000,31.2
2026-03-12 03:10:52.000,31.2
2026-03-12 03:10:52.000,32.4
2026-03-12 03:11:26.000,32.4
2026-03-12 03:11:26.000,31.2
2026-03-12 03:11:32.000,31.2
2026-03-12 03:11:32.000,32.4
2026-03-12 03:11:38.000,32.4
2026-03-12 03:11:38.000,37.2
2026-03-12 03:11:40.000,37.2
2026-03-12 03:11:40.000,22.8
2026-03-12 03:11:42.000,22.8
2026-03-12 03:11:42.000,28.8
2026-03-12 03:11:44.000,28.8
2026-03-12 03:11:44.000,22.8
2026-03-12 03:11:46.000,22.8
2026-03-12 03:11:46.000,15.6
2026-03-12 03:11:48.000,15.6
2026-03-12 03:11:48.000,12
2026-03-12 03:11:50.000,12
2026-03-12 03:11:50.000,10.8
2026-03-12 03:11:52.000,10.8
2026-03-12 03:11:52.000,12
2026-03-12 03:11:54.000,12
2026-03-12 03:11:54.000,13.2
2026-03-12 03:11:56.000,13.2
2026-03-12 03:11:56.000,12
2026-03-12 03:11:58.000,12
2026-03-12 03:11:58.000,13.2
2026-03-12 03:12:02.000,13.2
2026-03-12 03:12:02.000,14.4
2026-03-12 03:12:08.000,14.4
2026-03-12 03:12:08.000,15.6
2026-03-12 03:12:30.000,15.6
2026-03-12 03:12:30.000,16.8
2026-03-12 03:12:52.000,16.8
2026-03-12 03:12:52.000,18
2026-03-12 03:14:10.000,18
2026-03-12 03:14:10.000,19.2
2026-03-12 03:14:12.000,19.2
2026-03-12 03:14:12.000,18
2026-03-12 03:14:18.000,18
2026-03-12 03:14:18.000,19.2
2026-03-12 03:15:14.000,19.2
2026-03-12 03:15:14.000,18
2026-03-12 03:15:18.000,18
2026-03-12 03:15:18.000,16.8
2026-03-12 03:15:20.000,16.8
2026-03-12 03:15:20.000,15.6
2026-03-12 03:15:24.000,15.6
2026-03-12 03:15:24.000,14.4
2026-03-12 03:15:32.000,14.4
2026-03-12 03:15:32.000,13.2
2026-03-12 03:15:56.000,13.2
2026-03-12 03:15:56.000,14.4
2026-03-12 03:15:58.000,14.4
2026-03-12 03:15:58.000,13.2
2026-03-12 03:16:00.000,13.2
2026-03-12 03:16:00.000,14.4
2026-03-12 03:16:06.000,14.4
2026-03-12 03:16:06.000,13.2
2026-03-12 03:20:48.000,13.2
2026-03-12 03:20:48.000,12
2026-03-12 03:20:50.000,12
2026-03-12 03:20:50.000,13.2
2026-03-12 03:24:26.000,13.2
2026-03-12 03:24:26.000,12
2026-03-12 03:24:28.000,12
2026-03-12 03:24:28.000,13.2
2026-03-12 03:27:24.000,13.2
2026-03-12 03:27:24.000,12
2026-03-12 03:27:26.000,12
2026-03-12 03:27:26.000,13.2
2026-03-12 03:29:32.000,13.2
2026-03-12 03:29:32.000,12
2026-03-12 03:29:34.000,12
2026-03-12 03:29:34.000,13.2
2026-03-12 03:30:04.000,13.2
2026-03-12 03:30:04.000,12
2026-03-12 03:30:06.000,12
2026-03-12 03:30:06.000,13.2
2026-03-12 03:31:28.000,13.2
2026-03-12 03:31:28.000,12
2026-03-12 03:31:30.000,12
2026-03-12 03:31:30.000,13.2
2026-03-12 03:32:24.000,13.2
2026-03-12 03:32:24.000,14.4
2026-03-12 03:32:26.000,14.4
2026-03-12 03:32:26.000,13.2
2026-03-12 03:34:00.000,13.2
2026-03-12 03:34:00.000,12
2026-03-12 03:34:02.000,12
2026-03-12 03:34:02.000,13.2
2026-03-12 03:35:32.000,13.2
2026-03-12 03:35:32.000,12
2026-03-12 03:35:34.000,12
2026-03-12 03:35:34.000,13.2
2026-03-12 03:36:28.000,13.2
2026-03-12 03:36:28.000,12
2026-03-12 03:36:30.000,12
2026-03-12 03:36:30.000,13.2
2026-03-12 03:37:26.000,13.2
2026-03-12 03:37:26.000,14.4
2026-03-12 03:37:28.000,14.4
2026-03-12 03:37:28.000,13.2
2026-03-12 03:37:42.000,13.2
2026-03-12 03:37:42.000,14.4
2026-03-12 03:37:46.000,14.4
2026-03-12 03:37:46.000,13.2
2026-03-12 03:37:50.000,13.2
2026-03-12 03:37:50.000,14.4
2026-03-12 03:40:50.000,14.4
2026-03-12 03:40:50.000,15.6
2026-03-12 03:40:52.000,15.6
2026-03-12 03:40:52.000,14.4
2026-03-12 03:40:54.000,14.4
2026-03-12 03:40:54.000,15.6
2026-03-12 03:40:56.000,15.6
2026-03-12 03:40:56.000,14.4
2026-03-12 03:41:14.000,14.4
2026-03-12 03:41:14.000,15.6
2026-03-12 03:41:16.000,15.6
2026-03-12 03:41:16.000,14.4
2026-03-12 03:41:18.000,14.4
2026-03-12 03:41:18.000,15.6
2026-03-12 03:41:24.000,15.6
2026-03-12 03:41:24.000,19.2
2026-03-12 03:41:28.000,19.2
2026-03-12 03:41:28.000,14.4
2026-03-12 03:41:30.000,14.4
2026-03-12 03:41:30.000,12
2026-03-12 03:41:32.000,12
2026-03-12 03:41:32.000,14.4
2026-03-12 03:41:34.000,14.4
2026-03-12 03:41:34.000,13.2
2026-03-12 03:41:36.000,13.2
2026-03-12 03:41:36.000,14.4
2026-03-12 03:41:40.000,14.4
2026-03-12 03:41:40.000,15.6
2026-03-12 03:41:48.000,15.6
2026-03-12 03:41:48.000,16.8
2026-03-12 03:41:54.000,16.8
2026-03-12 03:41:54.000,18
2026-03-12 03:42:06.000,18
2026-03-12 03:42:06.000,16.8
2026-03-12 03:42:10.000,16.8
2026-03-12 03:42:10.000,18
2026-03-12 03:42:18.000,18
2026-03-12 03:42:18.000,19.2
2026-03-12 03:42:20.000,19.2
2026-03-12 03:42:20.000,18
2026-03-12 03:42:42.000,18
2026-03-12 03:42:42.000,19.2
2026-03-12 03:43:08.000,19.2
2026-03-12 03:43:08.000,18
2026-03-12 03:43:34.000,18
2026-03-12 03:43:34.000,19.2
2026-03-12 03:44:00.000,19.2
2026-03-12 03:44:00.000,18
2026-03-12 03:44:02.000,18
2026-03-12 03:44:02.000,15.6
2026-03-12 03:44:04.000,15.6
2026-03-12 03:44:04.000,14.4
2026-03-12 03:44:08.000,14.4
2026-03-12 03:44:08.000,13.2
2026-03-12 03:44:24.000,13.2
2026-03-12 03:44:24.000,14.4
2026-03-12 03:44:34.000,14.4
2026-03-12 03:44:34.000,15.6
2026-03-12 03:44:36.000,15.6
2026-03-12 03:44:36.000,14.4
2026-03-12 03:47:04.000,14.4
2026-03-12 03:47:04.000,16.8
2026-03-12 03:47:06.000,16.8
2026-03-12 03:47:06.000,15.6
2026-03-12 03:47:10.000,15.6
2026-03-12 03:47:10.000,14.4
2026-03-12 03:47:46.000,14.4
2026-03-12 03:47:46.000,15.6
2026-03-12 03:47:48.000,15.6
2026-03-12 03:47:48.000,16.8
2026-03-12 03:47:50.000,16.8
2026-03-12 03:47:50.000,18
2026-03-12 03:47:56.000,18
2026-03-12 03:47:56.000,19.2
2026-03-12 03:48:00.000,19.2
2026-03-12 03:48:00.000,20.4
2026-03-12 03:48:10.000,20.4
2026-03-12 03:48:10.000,21.6
2026-03-12 03:48:20.000,21.6
2026-03-12 03:48:20.000,22.8
2026-03-12 03:48:30.000,22.8
2026-03-12 03:48:30.000,24
2026-03-12 03:48:32.000,24
2026-03-12 03:48:32.000,22.8
2026-03-12 03:48:50.000,22.8
2026-03-12 03:48:50.000,24
2026-03-12 03:49:14.000,24
2026-03-12 03:49:14.000,25.2
2026-03-12 03:50:02.000,25.2
2026-03-12 03:50:02.000,26.4
2026-03-12 03:50:04.000,26.4
2026-03-12 03:50:04.000,25.2
2026-03-12 03:50:18.000,25.2
2026-03-12 03:50:18.000,26.4
2026-03-12 03:50:20.000,26.4
2026-03-12 03:50:20.000,25.2
2026-03-12 03:50:24.000,25.2
2026-03-12 03:50:24.000,26.4
2026-03-12 03:50:26.000,26.4
2026-03-12 03:50:26.000,25.2
2026-03-12 03:50:30.000,25.2
2026-03-12 03:50:30.000,26.4
2026-03-12 03:52:46.000,26.4
2026-03-12 03:52:46.000,25.2
2026-03-12 03:52:48.000,25.2
2026-03-12 03:52:48.000,26.4
2026-03-12 03:56:08.000,26.4
2026-03-12 03:56:08.000,27.6
2026-03-12 03:56:10.000,27.6
2026-03-12 03:56:10.000,26.4
2026-03-12 03:56:20.000,26.4
2026-03-12 03:56:20.000,27.6
2026-03-12 03:56:22.000,27.6
2026-03-12 03:56:22.000,26.4
2026-03-12 03:56:28.000,26.4
2026-03-12 03:56:28.000,27.6
2026-03-12 03:56:30.000,27.6
2026-03-12 03:56:30.000,26.4
2026-03-12 03:56:40.000,26.4
2026-03-12 03:56:40.000,27.6
2026-03-12 03:56:46.000,27.6
2026-03-12 03:56:46.000,26.4
2026-03-12 03:56:48.000,26.4
2026-03-12 03:56:48.000,27.6
2026-03-12 03:57:38.000,27.6
2026-03-12 03:57:38.000,28.8
2026-03-12 03:57:40.000,28.8
2026-03-12 03:57:40.000,27.6
2026-03-12 03:57:46.000,27.6
2026-03-12 03:57:46.000,26.4
2026-03-12 03:58:20.000,26.4
2026-03-12 03:58:20.000,27.6
2026-03-12 03:58:24.000,27.6
2026-03-12 03:58:24.000,26.4
2026-03-12 03:58:26.000,26.4
2026-03-12 03:58:26.000,27.6
2026-03-12 03:58:56.000,27.6
2026-03-12 03:58:56.000,26.4
2026-03-12 03:58:58.000,26.4
2026-03-12 03:58:58.000,27.6
2026-03-12 04:00:18.000,27.6
2026-03-12 04:00:18.000,28.8
2026-03-12 04:00:20.000,28.8
2026-03-12 04:00:20.000,27.6
2026-03-12 04:00:26.000,27.6
2026-03-12 04:00:26.000,28.8
2026-03-12 04:00:28.000,28.8
2026-03-12 04:00:28.000,27.6
2026-03-12 04:01:14.000,27.6
2026-03-12 04:01:14.000,28.8
2026-03-12 04:01:16.000,28.8
2026-03-12 04:01:16.000,27.6
2026-03-12 04:01:26.000,27.6
2026-03-12 04:01:26.000,28.8
2026-03-12 04:01:36.000,28.8
2026-03-12 04:01:36.000,27.6
2026-03-12 04:01:38.000,27.6
2026-03-12 04:01:38.000,28.8
2026-03-12 04:01:46.000,28.8
2026-03-12 04:01:46.000,27.6
2026-03-12 04:01:48.000,27.6
2026-03-12 04:01:48.000,28.8
2026-03-12 04:04:40.000,28.8
2026-03-12 04:04:40.000,30
2026-03-12 04:04:42.000,30
2026-03-12 04:04:42.000,28.8
2026-03-12 04:07:18.000,28.8
2026-03-12 04:07:18.000,30
2026-03-12 04:07:20.000,30
2026-03-12 04:07:20.000,28.8
2026-03-12 04:07:26.000,28.8
2026-03-12 04:07:26.000,30
2026-03-12 04:07:28.000,30
2026-03-12 04:07:28.000,28.8
2026-03-12 04:07:30.000,28.8
2026-03-12 04:07:30.000,30
2026-03-12 04:07:34.000,30
2026-03-12 04:07:34.000,28.8
2026-03-12 04:07:36.000,28.8
2026-03-12 04:07:36.000,30
2026-03-12 04:07:38.000,30
2026-03-12 04:07:38.000,28.8
2026-03-12 04:07:42.000,28.8
2026-03-12 04:07:42.000,30
2026-03-12 04:08:58.000,30
2026-03-12 04:08:58.000,31.2
2026-03-12 04:09:00.000,31.2
2026-03-12 04:09:00.000,30
2026-03-12 04:09:36.000,30
2026-03-12 04:09:36.000,31.2
2026-03-12 04:09:46.000,31.2
2026-03-12 04:09:46.000,30
2026-03-12 04:09:50.000,30
2026-03-12 04:09:50.000,31.2
2026-03-12 04:09:52.000,31.2
2026-03-12 04:09:52.000,30
2026-03-12 04:10:10.000,30
2026-03-12 04:10:10.000,31.2
2026-03-12 04:10:12.000,31.2
2026-03-12 04:10:12.000,30
2026-03-12 04:10:14.000,30
2026-03-12 04:10:14.000,31.2
2026-03-12 04:10:16.000,31.2
2026-03-12 04:10:16.000,30
2026-03-12 04:10:18.000,30
2026-03-12 04:10:18.000,31.2
2026-03-12 04:10:22.000,31.2
2026-03-12 04:10:22.000,30
2026-03-12 04:10:38.000,30
2026-03-12 04:10:38.000,31.2
2026-03-12 04:10:40.000,31.2
2026-03-12 04:10:40.000,30
2026-03-12 04:10:46.000,30
2026-03-12 04:10:46.000,31.2
2026-03-12 04:10:48.000,31.2
2026-03-12 04:10:48.000,30
2026-03-12 04:10:52.000,30
2026-03-12 04:10:52.000,31.2
2026-03-12 04:10:58.000,31.2
2026-03-12 04:10:58.000,30
2026-03-12 04:11:08.000,30
2026-03-12 04:11:08.000,31.2
2026-03-12 04:11:12.000,31.2
2026-03-12 04:11:12.000,30
2026-03-12 04:11:18.000,30
2026-03-12 04:11:18.000,31.2
2026-03-12 04:11:20.000,31.2
2026-03-12 04:11:20.000,30
2026-03-12 04:11:48.000,30
2026-03-12 04:11:48.000,31.2
2026-03-12 04:11:52.000,31.2
2026-03-12 04:11:52.000,30
2026-03-12 04:11:54.000,30
2026-03-12 04:11:54.000,31.2
2026-03-12 04:12:02.000,31.2
2026-03-12 04:12:02.000,30
2026-03-12 04:12:04.000,30
2026-03-12 04:12:04.000,31.2
2026-03-12 04:12:06.000,31.2
2026-03-12 04:12:06.000,30
2026-03-12 04:12:30.000,30
2026-03-12 04:12:30.000,31.2
2026-03-12 04:12:36.000,31.2
2026-03-12 04:12:36.000,30
2026-03-12 04:12:40.000,30
2026-03-12 04:12:40.000,31.2
2026-03-12 04:12:42.000,31.2
2026-03-12 04:12:42.000,30
2026-03-12 04:12:58.000,30
2026-03-12 04:12:58.000,31.2
2026-03-12 04:14:42.000,31.2
2026-03-12 04:14:42.000,32.4
2026-03-12 04:14:46.000,32.4
2026-03-12 04:14:46.000,31.2
2026-03-12 04:14:48.000,31.2
2026-03-12 04:14:48.000,32.4
2026-03-12 04:15:02.000,32.4
2026-03-12 04:15:02.000,31.2
2026-03-12 04:15:04.000,31.2
2026-03-12 04:15:04.000,33.6
2026-03-12 04:15:06.000,33.6
2026-03-12 04:15:06.000,32.4
2026-03-12 04:15:14.000,32.4
2026-03-12 04:15:14.000,33.6
2026-03-12 04:15:16.000,33.6
2026-03-12 04:15:16.000,32.4
2026-03-12 04:15:20.000,32.4
2026-03-12 04:15:20.000,33.6
2026-03-12 04:15:54.000,33.6
2026-03-12 04:15:54.000,32.4
2026-03-12 04:16:00.000,32.4
2026-03-12 04:16:00.000,31.2
2026-03-12 04:17:26.000,31.2
2026-03-12 04:17:26.000,32.4
2026-03-12 04:17:30.000,32.4
2026-03-12 04:17:30.000,31.2
2026-03-12 04:17:36.000,31.2
2026-03-12 04:17:36.000,32.4
2026-03-12 04:18:24.000,32.4
2026-03-12 04:18:24.000,31.2
2026-03-12 04:18:34.000,31.2
2026-03-12 04:18:34.000,32.4
2026-03-12 04:18:36.000,32.4
2026-03-12 04:18:36.000,31.2
2026-03-12 04:18:42.000,31.2
2026-03-12 04:18:42.000,32.4
2026-03-12 04:18:48.000,32.4
2026-03-12 04:18:48.000,33.6
2026-03-12 04:18:52.000,33.6
2026-03-12 04:18:52.000,32.4
2026-03-12 04:18:54.000,32.4
2026-03-12 04:18:54.000,33.6
2026-03-12 04:20:42.000,33.6
2026-03-12 04:20:42.000,32.4
2026-03-12 04:20:44.000,32.4
2026-03-12 04:20:44.000,33.6
2026-03-12 04:21:22.000,33.6
2026-03-12 04:21:22.000,32.4
2026-03-12 04:21:24.000,32.4
2026-03-12 04:21:24.000,33.6
2026-03-12 04:21:34.000,33.6
2026-03-12 04:21:34.000,32.4
2026-03-12 04:21:36.000,32.4
2026-03-12 04:21:36.000,33.6
2026-03-12 04:21:38.000,33.6
2026-03-12 04:21:38.000,32.4
2026-03-12 04:22:12.000,32.4
2026-03-12 04:22:12.000,33.6
2026-03-12 04:22:18.000,33.6
2026-03-12 04:22:18.000,32.4
2026-03-12 04:22:20.000,32.4
2026-03-12 04:22:20.000,33.6
2026-03-12 04:22:26.000,33.6
2026-03-12 04:22:26.000,32.4
2026-03-12 04:22:28.000,32.4
2026-03-12 04:22:28.000,33.6
2026-03-12 04:22:30.000,33.6
2026-03-12 04:22:30.000,32.4
2026-03-12 04:22:32.000,32.4
2026-03-12 04:22:32.000,33.6
2026-03-12 04:22:38.000,33.6
2026-03-12 04:22:38.000,32.4
2026-03-12 04:22:40.000,32.4
2026-03-12 04:22:40.000,33.6
2026-03-12 04:23:14.000,33.6
2026-03-12 04:23:14.000,32.4
2026-03-12 04:23:18.000,32.4
2026-03-12 04:23:18.000,33.6
2026-03-12 04:23:22.000,33.6
2026-03-12 04:23:22.000,32.4
2026-03-12 04:23:24.000,32.4
2026-03-12 04:23:24.000,33.6
2026-03-12 04:23:28.000,33.6
2026-03-12 04:23:28.000,32.4
2026-03-12 04:23:34.000,32.4
2026-03-12 04:23:34.000,33.6
2026-03-12 04:24:04.000,33.6
2026-03-12 04:24:04.000,32.4
2026-03-12 04:24:06.000,32.4
2026-03-12 04:24:06.000,27.6
2026-03-12 04:24:08.000,27.6
2026-03-12 04:24:08.000,26.4
2026-03-12 04:24:10.000,26.4
2026-03-12 04:24:10.000,25.2
2026-03-12 04:24:12.000,25.2
2026-03-12 04:24:12.000,24
2026-03-12 04:25:40.000,24
2026-03-12 04:25:40.000,25.2
2026-03-12 04:29:38.000,25.2
2026-03-12 04:29:38.000,26.4
2026-03-12 04:29:46.000,26.4
2026-03-12 04:29:46.000,25.2
2026-03-12 04:29:48.000,25.2
2026-03-12 04:30:20.000,20.4
2026-03-12 04:30:22.000,20.4
2026-03-12 04:30:22.000,16.8
2026-03-12 04:30:24.000,16.8
2026-03-12 04:30:24.000,21.6
2026-03-12 04:30:26.000,21.6
2026-03-12 04:30:26.000,22.8
2026-03-12 04:30:28.000,22.8
2026-03-12 04:30:28.000,21.6
2026-03-12 04:30:30.000,21.6
2026-03-12 04:30:30.000,22.8
2026-03-12 04:30:34.000,22.8
2026-03-12 04:30:34.000,24
2026-03-12 04:30:38.000,24
2026-03-12 04:30:38.000,25.2
2026-03-12 04:30:50.000,25.2
2026-03-12 04:30:50.000,26.4
2026-03-12 04:30:52.000,26.4
2026-03-12 04:30:52.000,25.2
2026-03-12 04:30:54.000,25.2
2026-03-12 04:30:54.000,26.4
2026-03-12 04:31:08.000,26.4
2026-03-12 04:31:08.000,25.2
2026-03-12 04:31:36.000,25.2
2026-03-12 04:31:36.000,24
2026-03-12 04:31:38.000,24
2026-03-12 04:31:38.000,25.2
2026-03-12 04:31:40.000,25.2
2026-03-12 04:31:40.000,24
2026-03-12 04:32:04.000,24
2026-03-12 04:32:04.000,25.2
2026-03-12 04:32:14.000,25.2
2026-03-12 04:32:14.000,24
2026-03-12 04:32:20.000,24
2026-03-12 04:32:20.000,22.8
2026-03-12 04:32:22.000,22.8
2026-03-12 04:32:22.000,24
2026-03-12 04:32:38.000,24
2026-03-12 04:32:38.000,25.2
2026-03-12 04:32:42.000,25.2
2026-03-12 04:32:42.000,26.4
2026-03-12 04:32:48.000,26.4
2026-03-12 04:32:48.000,27.6
2026-03-12 04:32:52.000,27.6
2026-03-12 04:32:52.000,28.8
2026-03-12 04:32:54.000,28.8
2026-03-12 04:32:54.000,30
2026-03-12 04:33:04.000,30
2026-03-12 04:33:04.000,31.2
2026-03-12 04:33:20.000,31.2
2026-03-12 04:33:20.000,32.4
2026-03-12 04:33:54.000,32.4
2026-03-12 04:33:54.000,33.6
2026-03-12 04:34:04.000,33.6
2026-03-12 04:34:04.000,34.8
2026-03-12 04:34:06.000,34.8
2026-03-12 04:34:06.000,36
2026-03-12 04:34:08.000,36
2026-03-12 04:34:08.000,37.2
2026-03-12 04:34:10.000,37.2
2026-03-12 04:34:10.000,40.8
2026-03-12 04:34:12.000,40.8
2026-03-12 04:34:12.000,43.2
2026-03-12 04:34:14.000,43.2
2026-03-12 04:34:14.000,44.4
2026-03-12 04:34:16.000,44.4
2026-03-12 04:34:16.000,45.6
2026-03-12 04:34:18.000,45.6
2026-03-12 04:34:18.000,46.8
2026-03-12 04:34:22.000,46.8
2026-03-12 04:34:22.000,48
2026-03-12 04:34:36.000,48
2026-03-12 04:34:36.000,46.8
2026-03-12 04:34:38.000,46.8
2026-03-12 04:34:38.000,45.6
2026-03-12 04:34:48.000,45.6
2026-03-12 04:34:48.000,46.8
2026-03-12 04:35:02.000,46.8
2026-03-12 04:35:02.000,48
2026-03-12 04:35:10.000,48
2026-03-12 04:35:10.000,49.2
2026-03-12 04:35:16.000,49.2
2026-03-12 04:35:16.000,50.4
2026-03-12 04:35:18.000,50.4
2026-03-12 04:35:18.000,49.2
2026-03-12 04:35:20.000,49.2
2026-03-12 04:35:20.000,50.4
2026-03-12 04:35:34.000,50.4
2026-03-12 04:35:34.000,51.6
2026-03-12 04:35:42.000,51.6
2026-03-12 04:35:42.000,52.8
2026-03-12 04:36:20.000,52.8
2026-03-12 04:36:20.000,54
2026-03-12 04:37:18.000,54
2026-03-12 04:37:18.000,52.8
2026-03-12 04:37:34.000,52.8
2026-03-12 04:37:34.000,54
2026-03-12 04:37:54.000,54
2026-03-12 04:37:54.000,52.8
2026-03-12 04:37:56.000,52.8
2026-03-12 04:37:56.000,44.4
2026-03-12 04:37:58.000,44.4
2026-03-12 04:37:58.000,28.8
2026-03-12 04:38:02.000,28.8
2026-03-12 04:38:02.000,32.4
2026-03-12 04:38:06.000,32.4
2026-03-12 04:38:06.000,34.8
2026-03-12 04:38:10.000,34.8
2026-03-12 04:38:10.000,36
2026-03-12 04:38:14.000,36
2026-03-12 04:38:14.000,37.2
2026-03-12 04:38:26.000,37.2
2026-03-12 04:38:26.000,38.4
2026-03-12 04:38:54.000,38.4
2026-03-12 04:38:54.000,37.2
2026-03-12 04:38:56.000,37.2
2026-03-12 04:38:56.000,38.4
2026-03-12 04:39:22.000,38.4
2026-03-12 04:39:22.000,39.6
2026-03-12 04:39:30.000,39.6
2026-03-12 04:39:30.000,37.2
2026-03-12 04:39:32.000,37.2
2026-03-12 04:39:32.000,33.6
2026-03-12 04:39:34.000,33.6
2026-03-12 04:39:34.000,37.2
2026-03-12 04:39:36.000,37.2
2026-03-12 04:39:36.000,34.8
2026-03-12 04:39:38.000,34.8
2026-03-12 04:39:38.000,36
2026-03-12 04:39:40.000,36
2026-03-12 04:39:40.000,34.8
2026-03-12 04:39:42.000,34.8
2026-03-12 04:39:42.000,36
2026-03-12 04:39:48.000,36
2026-03-12 04:39:48.000,37.2
2026-03-12 04:39:52.000,37.2
2026-03-12 04:39:52.000,38.4
2026-03-12 04:40:02.000,38.4
2026-03-12 04:40:02.000,39.6
2026-03-12 04:40:08.000,39.6
2026-03-12 04:40:08.000,40.8
2026-03-12 04:40:20.000,40.8
2026-03-12 04:40:20.000,42
2026-03-12 04:40:42.000,42
2026-03-12 04:40:42.000,40.8
2026-03-12 04:40:44.000,40.8
2026-03-12 04:40:44.000,37.2
2026-03-12 04:40:46.000,37.2
2026-03-12 04:40:46.000,32.4
2026-03-12 04:40:48.000,32.4
2026-03-12 04:40:48.000,16.8
2026-03-12 04:40:50.000,16.8
2026-03-12 04:40:50.000,45.6
2026-03-12 04:40:52.000,45.6
2026-03-12 04:40:52.000,13.2
2026-03-12 04:40:54.000,13.2
2026-03-12 04:40:54.000,18
2026-03-12 04:40:56.000,18
2026-03-12 04:40:56.000,22.8
2026-03-12 04:40:58.000,22.8
2026-03-12 04:40:58.000,21.6
2026-03-12 04:41:00.000,21.6
2026-03-12 04:41:00.000,24
2026-03-12 04:41:02.000,24
2026-03-12 04:41:02.000,22.8
2026-03-12 04:41:06.000,22.8
2026-03-12 04:41:06.000,24
2026-03-12 04:41:08.000,24
2026-03-12 04:41:08.000,26.4
2026-03-12 04:41:10.000,26.4
2026-03-12 04:41:10.000,25.2
2026-03-12 04:41:12.000,25.2
2026-03-12 04:41:12.000,27.6
2026-03-12 04:41:16.000,27.6
2026-03-12 04:41:16.000,28.8
2026-03-12 04:41:22.000,28.8
2026-03-12 04:41:22.000,30
2026-03-12 04:41:24.000,30
2026-03-12 04:41:24.000,31.2
2026-03-12 04:41:26.000,31.2
2026-03-12 04:41:26.000,32.4
2026-03-12 04:41:28.000,32.4
2026-03-12 04:41:28.000,33.6
2026-03-12 04:41:32.000,33.6
2026-03-12 04:41:32.000,34.8
2026-03-12 04:41:34.000,34.8
2026-03-12 04:41:34.000,36
2026-03-12 04:41:36.000,36
2026-03-12 04:41:36.000,37.2
2026-03-12 04:41:38.000,37.2
2026-03-12 04:41:38.000,36
2026-03-12 04:41:40.000,36
2026-03-12 04:41:40.000,37.2
2026-03-12 04:41:48.000,37.2
2026-03-12 04:41:48.000,38.4
2026-03-12 04:41:50.000,38.4
2026-03-12 04:41:50.000,40.8
2026-03-12 04:41:52.000,40.8
2026-03-12 04:41:52.000,43.2
2026-03-12 04:41:54.000,43.2
2026-03-12 04:41:54.000,42
2026-03-12 04:41:58.000,42
2026-03-12 04:41:58.000,40.8
2026-03-12 04:42:16.000,40.8
2026-03-12 04:42:16.000,39.6
2026-03-12 04:42:30.000,39.6
2026-03-12 04:42:30.000,36
2026-03-12 04:42:32.000,36
2026-03-12 04:42:32.000,33.6
2026-03-12 04:42:36.000,33.6
2026-03-12 04:42:36.000,34.8
2026-03-12 04:42:38.000,34.8
2026-03-12 04:42:38.000,36
2026-03-12 04:42:40.000,36
2026-03-12 04:42:40.000,37.2
2026-03-12 04:42:44.000,37.2
2026-03-12 04:42:44.000,38.4
2026-03-12 04:42:46.000,38.4
2026-03-12 04:42:46.000,39.6
2026-03-12 04:42:48.000,39.6
2026-03-12 04:42:48.000,40.8
2026-03-12 04:42:50.000,40.8
2026-03-12 04:42:50.000,42
2026-03-12 04:43:06.000,42
2026-03-12 04:43:06.000,40.8
2026-03-12 04:43:16.000,40.8
2026-03-12 04:43:16.000,39.6
2026-03-12 04:43:22.000,39.6
2026-03-12 04:43:22.000,40.8
2026-03-12 04:43:24.000,40.8
2026-03-12 04:43:24.000,39.6
2026-03-12 04:43:30.000,39.6
2026-03-12 04:43:30.000,40.8
2026-03-12 04:43:32.000,40.8
2026-03-12 04:43:32.000,39.6
2026-03-12 04:43:34.000,39.6
2026-03-12 04:43:34.000,40.8
2026-03-12 04:43:54.000,40.8
2026-03-12 04:43:54.000,42
2026-03-12 04:43:56.000,42
2026-03-12 04:43:56.000,40.8
2026-03-12 04:43:58.000,40.8
2026-03-12 04:43:58.000,39.6
2026-03-12 04:44:00.000,39.6
2026-03-12 04:44:00.000,36
2026-03-12 04:44:02.000,36
2026-03-12 04:44:02.000,28.8
2026-03-12 04:44:04.000,28.8
2026-03-12 04:44:04.000,27.6
2026-03-12 04:44:06.000,27.6
2026-03-12 04:44:06.000,26.4
2026-03-12 04:44:10.000,26.4
2026-03-12 04:44:10.000,25.2
2026-03-12 04:44:12.000,25.2
2026-03-12 04:44:12.000,26.4
2026-03-12 04:44:24.000,26.4
2026-03-12 04:44:24.000,25.2
2026-03-12 04:44:30.000,25.2
2026-03-12 04:44:30.000,24
2026-03-12 04:44:34.000,24
2026-03-12 04:44:34.000,25.2
2026-03-12 04:44:42.000,25.2
2026-03-12 04:44:42.000,24
2026-03-12 04:45:02.000,24
2026-03-12 04:45:02.000,25.2
2026-03-12 04:45:06.000,25.2
2026-03-12 04:45:06.000,24
2026-03-12 04:45:10.000,24
2026-03-12 04:45:10.000,22.8
2026-03-12 04:45:12.000,22.8
2026-03-12 04:45:12.000,21.6
2026-03-12 04:45:18.000,21.6
2026-03-12 04:45:18.000,20.4
2026-03-12 04:45:28.000,20.4
2026-03-12 04:45:28.000,19.2
2026-03-12 04:45:30.000,19.2
2026-03-12 04:45:30.000,20.4
2026-03-12 04:45:34.000,20.4
2026-03-12 04:45:34.000,19.2
2026-03-12 04:45:40.000,19.2
2026-03-12 04:45:40.000,18
2026-03-12 04:45:58.000,18
2026-03-12 04:45:58.000,19.2
2026-03-12 04:46:04.000,19.2
2026-03-12 04:46:04.000,20.4
2026-03-12 04:46:06.000,20.4
2026-03-12 04:46:06.000,21.6
2026-03-12 04:46:08.000,21.6
2026-03-12 04:46:08.000,28.8
2026-03-12 04:46:10.000,28.8
2026-03-12 04:46:10.000,37.2
2026-03-12 04:46:12.000,37.2
2026-03-12 04:46:12.000,0
2026-03-12 04:46:14.000,0
2026-03-12 04:46:14.000,14.4
2026-03-12 04:46:16.000,14.4
2026-03-12 04:46:16.000,8.4
2026-03-12 04:46:18.000,8.4
2026-03-12 04:46:18.000,9.6
2026-03-12 04:46:20.000,9.6
2026-03-12 04:46:20.000,12
2026-03-12 04:46:22.000,12
2026-03-12 04:46:22.000,9.6
2026-03-12 04:46:24.000,9.6
2026-03-12 04:46:24.000,10.8
2026-03-12 04:46:34.000,10.8
2026-03-12 04:46:34.000,12
2026-03-12 04:46:42.000,12
2026-03-12 04:46:42.000,13.2
2026-03-12 04:46:46.000,13.2
2026-03-12 04:46:46.000,12
2026-03-12 04:46:48.000,12
2026-03-12 04:46:48.000,13.2
2026-03-12 04:47:00.000,13.2
2026-03-12 04:47:00.000,12
2026-03-12 04:47:12.000,12
2026-03-12 04:47:12.000,13.2
2026-03-12 04:47:26.000,13.2
2026-03-12 04:47:26.000,12
2026-03-12 04:47:36.000,12
2026-03-12 04:47:36.000,13.2
2026-03-12 04:47:48.000,13.2
2026-03-12 04:47:48.000,12
2026-03-12 04:47:50.000,12
2026-03-12 04:47:50.000,13.2
2026-03-12 04:47:58.000,13.2
2026-03-12 04:47:58.000,14.4
2026-03-12 04:48:00.000,14.4
2026-03-12 04:48:00.000,16.8
2026-03-12 04:48:02.000,16.8
2026-03-12 04:48:02.000,15.6
2026-03-12 04:48:04.000,15.6
2026-03-12 04:48:04.000,18
2026-03-12 04:48:22.000,18
2026-03-12 04:48:22.000,19.2
2026-03-12 04:48:34.000,19.2
2026-03-12 04:48:34.000,20.4
2026-03-12 04:48:38.000,20.4
2026-03-12 04:48:38.000,19.2
2026-03-12 04:48:40.000,19.2
2026-03-12 04:48:40.000,18
2026-03-12 04:48:44.000,18
2026-03-12 04:48:44.000,15.6
2026-03-12 04:48:48.000,15.6
2026-03-12 04:48:48.000,14.4
2026-03-12 04:48:58.000,14.4
2026-03-12 04:48:58.000,15.6
2026-03-12 04:49:00.000,15.6
2026-03-12 04:49:00.000,16.8
2026-03-12 04:49:04.000,16.8
2026-03-12 04:49:04.000,21.6
2026-03-12 04:49:06.000,21.6
2026-03-12 04:49:06.000,16.8
2026-03-12 04:49:08.000,16.8
2026-03-12 04:49:08.000,15.6
2026-03-12 04:49:10.000,15.6
2026-03-12 04:49:10.000,14.4
2026-03-12 04:49:14.000,14.4
2026-03-12 04:49:14.000,15.6
2026-03-12 04:49:16.000,15.6
2026-03-12 04:49:16.000,14.4
2026-03-12 04:49:22.000,14.4
2026-03-12 04:49:22.000,13.2
2026-03-12 04:49:24.000,13.2
2026-03-12 04:49:24.000,14.4
2026-03-12 04:49:32.000,14.4
2026-03-12 04:49:32.000,15.6
2026-03-12 04:49:48.000,15.6
2026-03-12 04:49:48.000,14.4
2026-03-12 04:49:56.000,14.4
2026-03-12 04:49:56.000,15.6
2026-03-12 04:50:00.000,15.6
2026-03-12 04:50:00.000,16.8
2026-03-12 04:50:04.000,16.8
2026-03-12 04:50:04.000,18
2026-03-12 04:50:08.000,18
2026-03-12 04:50:08.000,16.8
2026-03-12 04:50:10.000,16.8
2026-03-12 04:50:10.000,13.2
2026-03-12 04:50:12.000,13.2
2026-03-12 04:50:12.000,15.6
2026-03-12 04:50:14.000,15.6
2026-03-12 04:50:14.000,10.8
2026-03-12 04:50:20.000,10.8
2026-03-12 04:50:20.000,12
2026-03-12 04:50:28.000,12
2026-03-12 04:50:28.000,13.2
2026-03-12 04:50:32.000,13.2
2026-03-12 04:50:32.000,14.4
2026-03-12 04:50:44.000,14.4
2026-03-12 04:50:44.000,13.2
2026-03-12 04:51:04.000,13.2
2026-03-12 04:51:04.000,15.6
2026-03-12 04:51:08.000,15.6
2026-03-12 04:51:08.000,16.8
2026-03-12 04:51:10.000,16.8
2026-03-12 04:51:10.000,19.2
2026-03-12 04:51:12.000,19.2
2026-03-12 04:51:12.000,20.4
2026-03-12 04:51:16.000,20.4
2026-03-12 04:51:16.000,21.6
2026-03-12 04:51:20.000,21.6
2026-03-12 04:51:20.000,22.8
2026-03-12 04:51:30.000,22.8
2026-03-12 04:51:30.000,24
2026-03-12 04:51:46.000,24
2026-03-12 04:51:46.000,25.2
2026-03-12 04:52:40.000,25.2
2026-03-12 04:52:40.000,26.4
2026-03-12 04:52:46.000,26.4
2026-03-12 04:52:46.000,27.6
2026-03-12 04:52:54.000,27.6
2026-03-12 04:52:54.000,25.2
2026-03-12 04:52:56.000,25.2
2026-03-12 04:52:56.000,14.4
2026-03-12 04:53:00.000,14.4
2026-03-12 04:53:00.000,10.8
2026-03-12 04:53:02.000,10.8
2026-03-12 04:53:02.000,14.4
2026-03-12 04:53:04.000,14.4
2026-03-12 04:53:04.000,10.8
2026-03-12 04:53:06.000,10.8
2026-03-12 04:53:06.000,12
2026-03-12 04:53:08.000,12
2026-03-12 04:53:08.000,10.8
2026-03-12 04:53:10.000,10.8
2026-03-12 04:53:10.000,12
2026-03-12 04:53:12.000,12
2026-03-12 04:53:12.000,14.4
2026-03-12 04:53:14.000,14.4
2026-03-12 04:53:14.000,16.8
2026-03-12 04:53:16.000,16.8
2026-03-12 04:53:16.000,15.6
2026-03-12 04:53:18.000,15.6
2026-03-12 04:53:18.000,13.2
2026-03-12 04:53:20.000,13.2
2026-03-12 04:53:20.000,12
2026-03-12 04:53:26.000,12
2026-03-12 04:53:26.000,10.8
2026-03-12 04:53:36.000,10.8
2026-03-12 04:53:36.000,12
2026-03-12 04:53:46.000,12
2026-03-12 04:53:46.000,10.8
2026-03-12 04:53:58.000,10.8
2026-03-12 04:53:58.000,9.6
2026-03-12 04:54:04.000,9.6
2026-03-12 04:54:04.000,10.8
2026-03-12 04:54:12.000,10.8
2026-03-12 04:54:12.000,12
2026-03-12 04:54:14.000,12
2026-03-12 04:54:14.000,13.2
2026-03-12 04:54:16.000,13.2
2026-03-12 04:54:16.000,14.4
2026-03-12 04:54:18.000,14.4
2026-03-12 04:54:18.000,15.6
2026-03-12 04:54:22.000,15.6
2026-03-12 04:54:22.000,16.8
2026-03-12 04:54:28.000,16.8
2026-03-12 04:54:28.000,18
2026-03-12 04:55:00.000,18
2026-03-12 04:55:00.000,19.2
2026-03-12 04:55:26.000,19.2
2026-03-12 04:55:26.000,20.4
2026-03-12 04:55:58.000,20.4
2026-03-12 04:55:58.000,21.6
2026-03-12 04:56:12.000,21.6
2026-03-12 04:56:12.000,20.4
2026-03-12 04:56:24.000,20.4
2026-03-12 04:56:24.000,21.6
2026-03-12 04:56:30.000,21.6
2026-03-12 04:56:30.000,22.8
2026-03-12 04:56:34.000,22.8
2026-03-12 04:56:34.000,24
2026-03-12 04:56:36.000,24
2026-03-12 04:56:36.000,22.8
2026-03-12 04:56:38.000,22.8
2026-03-12 04:56:38.000,13.2
2026-03-12 04:56:40.000,13.2
2026-03-12 04:56:40.000,16.8
2026-03-12 04:56:42.000,16.8
2026-03-12 04:56:42.000,10.8
2026-03-12 04:56:46.000,10.8
2026-03-12 04:56:46.000,13.2
2026-03-12 04:56:48.000,13.2
2026-03-12 04:56:48.000,14.4
2026-03-12 04:56:50.000,14.4
2026-03-12 04:56:50.000,13.2
2026-03-12 04:56:56.000,13.2
2026-03-12 04:56:56.000,14.4
2026-03-12 04:57:06.000,14.4
2026-03-12 04:57:06.000,15.6
2026-03-12 04:57:08.000,15.6
2026-03-12 04:57:08.000,18
2026-03-12 04:57:10.000,18
2026-03-12 04:57:10.000,19.2
2026-03-12 04:57:12.000,19.2
2026-03-12 04:57:12.000,21.6
2026-03-12 04:57:14.000,21.6
2026-03-12 04:57:14.000,22.8
2026-03-12 04:57:18.000,22.8
2026-03-12 04:57:18.000,24
2026-03-12 04:57:32.000,24
2026-03-12 04:57:32.000,22.8
2026-03-12 04:57:34.000,22.8
2026-03-12 04:57:34.000,21.6
2026-03-12 04:57:36.000,21.6
2026-03-12 04:57:36.000,19.2
2026-03-12 04:57:38.000,19.2
2026-03-12 04:57:38.000,21.6
2026-03-12 04:57:40.000,21.6
2026-03-12 04:57:40.000,20.4
2026-03-12 04:57:44.000,20.4
2026-03-12 04:57:44.000,21.6
2026-03-12 04:57:52.000,21.6
2026-03-12 04:57:52.000,22.8
2026-03-12 04:58:00.000,22.8
2026-03-12 04:58:00.000,21.6
2026-03-12 04:58:04.000,21.6
2026-03-12 04:58:04.000,22.8
2026-03-12 04:58:10.000,22.8
2026-03-12 04:58:10.000,24
2026-03-12 04:58:20.000,24
2026-03-12 04:58:20.000,25.2
2026-03-12 04:58:24.000,25.2
2026-03-12 04:58:24.000,26.4
2026-03-12 04:58:46.000,26.4
2026-03-12 04:58:46.000,27.6
2026-03-12 04:58:50.000,27.6
2026-03-12 04:58:50.000,26.4
2026-03-12 04:58:52.000,26.4
2026-03-12 04:58:52.000,24
2026-03-12 04:58:54.000,24
2026-03-12 04:58:54.000,22.8
2026-03-12 04:58:56.000,22.8
2026-03-12 04:58:56.000,24
2026-03-12 04:59:02.000,24
2026-03-12 04:59:02.000,25.2
2026-03-12 04:59:04.000,25.2
2026-03-12 04:59:04.000,26.4
2026-03-12 04:59:10.000,26.4
2026-03-12 04:59:10.000,27.6
2026-03-12 04:59:18.000,27.6
2026-03-12 04:59:18.000,26.4
2026-03-12 04:59:22.000,26.4
2026-03-12 04:59:22.000,24
2026-03-12 04:59:24.000,24
2026-03-12 04:59:24.000,20.4
2026-03-12 04:59:26.000,20.4
2026-03-12 04:59:26.000,16.8
2026-03-12 04:59:28.000,16.8
2026-03-12 04:59:28.000,20.4
2026-03-12 04:59:30.000,20.4
2026-03-12 04:59:30.000,15.6
2026-03-12 04:59:38.000,15.6
2026-03-12 04:59:38.000,18
2026-03-12 04:59:40.000,18
2026-03-12 04:59:40.000,16.8
2026-03-12 04:59:44.000,16.8
2026-03-12 04:59:44.000,15.6
2026-03-12 04:59:46.000,15.6
2026-03-12 04:59:46.000,12
2026-03-12 04:59:48.000,12
2026-03-12 04:59:48.000,10.8
2026-03-12 04:59:50.000,10.8
2026-03-12 04:59:50.000,9.6
2026-03-12 04:59:58.000,9.6
2026-03-12 04:59:58.000,8.4
2026-03-12 05:00:04.000,8.4
2026-03-12 05:00:04.000,9.6
2026-03-12 05:00:08.000,9.6
2026-03-12 05:00:08.000,10.8
2026-03-12 05:00:16.000,10.8
2026-03-12 05:00:16.000,9.6
2026-03-12 05:00:22.000,9.6
2026-03-12 05:00:22.000,8.4
2026-03-12 05:00:58.000,8.4
2026-03-12 05:00:58.000,7.2
2026-03-12 05:01:00.000,7.2
2026-03-12 05:01:00.000,8.4
2026-03-12 05:01:04.000,8.4
2026-03-12 05:01:04.000,7.2
2026-03-12 05:01:20.000,7.2
2026-03-12 05:01:20.000,8.4
2026-03-12 05:01:28.000,8.4
2026-03-12 05:01:28.000,7.2
2026-03-12 05:02:06.000,7.2
2026-03-12 05:02:06.000,6
2026-03-12 05:02:08.000,6
2026-03-12 05:02:08.000,7.2
2026-03-12 05:02:10.000,7.2
2026-03-12 05:02:10.000,6
2026-03-12 05:02:12.000,6
2026-03-12 05:02:12.000,7.2
2026-03-12 05:02:20.000,7.2
2026-03-12 05:02:20.000,8.4
2026-03-12 05:02:26.000,8.4
2026-03-12 05:02:26.000,7.2
2026-03-12 05:02:38.000,7.2
2026-03-12 05:02:38.000,6
2026-03-12 05:04:12.000,6
2026-03-12 05:04:12.000,4.8
2026-03-12 05:04:16.000,4.8
2026-03-12 05:04:16.000,6
2026-03-12 05:04:20.000,6
2026-03-12 05:04:20.000,4.8
2026-03-12 05:04:22.000,4.8
2026-03-12 05:04:22.000,6
2026-03-12 05:04:38.000,6
2026-03-12 05:04:38.000,8.4
2026-03-12 05:04:40.000,8.4
2026-03-12 05:04:40.000,10.8
2026-03-12 05:04:42.000,10.8
2026-03-12 05:04:42.000,7.2
2026-03-12 05:04:44.000,7.2
2026-03-12 05:04:44.000,9.6
2026-03-12 05:04:46.000,9.6
2026-03-12 05:04:46.000,7.2
2026-03-12 05:04:48.000,7.2
2026-03-12 05:04:48.000,8.4
2026-03-12 05:04:50.000,8.4
2026-03-12 05:04:50.000,9.6
2026-03-12 05:04:54.000,9.6
2026-03-12 05:04:54.000,10.8
2026-03-12 05:04:58.000,10.8
2026-03-12 05:04:58.000,12
2026-03-12 05:05:00.000,12
2026-03-12 05:05:00.000,10.8
2026-03-12 05:05:02.000,10.8
2026-03-12 05:05:02.000,12
2026-03-12 05:05:08.000,12
2026-03-12 05:05:08.000,14.4
2026-03-12 05:05:10.000,14.4
2026-03-12 05:05:10.000,15.6
2026-03-12 05:05:12.000,15.6
2026-03-12 05:05:12.000,20.4
2026-03-12 05:05:14.000,20.4
2026-03-12 05:05:14.000,19.2
2026-03-12 05:05:16.000,19.2
2026-03-12 05:05:16.000,21.6
2026-03-12 05:05:18.000,21.6
2026-03-12 05:05:18.000,20.4
2026-03-12 05:05:24.000,20.4
2026-03-12 05:05:24.000,21.6
2026-03-12 05:05:26.000,21.6
2026-03-12 05:05:26.000,22.8
2026-03-12 05:05:28.000,22.8
2026-03-12 05:05:28.000,24
2026-03-12 05:05:32.000,24
2026-03-12 05:05:32.000,22.8
2026-03-12 05:05:36.000,22.8
2026-03-12 05:05:36.000,24
2026-03-12 05:05:38.000,24
2026-03-12 05:05:38.000,25.2
2026-03-12 05:05:40.000,25.2
2026-03-12 05:05:40.000,27.6
2026-03-12 05:05:42.000,27.6
2026-03-12 05:05:42.000,31.2
2026-03-12 05:05:44.000,31.2
2026-03-12 05:05:44.000,33.6
2026-03-12 05:05:46.000,33.6
2026-03-12 05:05:46.000,37.2
2026-03-12 05:05:48.000,37.2
2026-03-12 05:05:48.000,38.4
2026-03-12 05:05:50.000,38.4
2026-03-12 05:05:50.000,39.6
2026-03-12 05:05:54.000,39.6
2026-03-12 05:05:54.000,40.8
2026-03-12 05:06:06.000,40.8
2026-03-12 05:06:06.000,42
2026-03-12 05:06:26.000,42
2026-03-12 05:06:26.000,40.8
2026-03-12 05:06:48.000,40.8
2026-03-12 05:06:48.000,42
2026-03-12 05:07:22.000,42
2026-03-12 05:07:22.000,40.8
2026-03-12 05:07:24.000,40.8
2026-03-12 05:07:24.000,42
2026-03-12 05:07:30.000,42
2026-03-12 05:07:30.000,40.8
2026-03-12 05:07:36.000,40.8
2026-03-12 05:07:36.000,39.6
2026-03-12 05:07:42.000,39.6
2026-03-12 05:07:42.000,38.4
2026-03-12 05:08:00.000,38.4
2026-03-12 05:08:00.000,39.6
2026-03-12 05:08:02.000,39.6
2026-03-12 05:08:02.000,38.4
2026-03-12 05:08:04.000,38.4
2026-03-12 05:08:04.000,39.6
2026-03-12 05:08:16.000,39.6
2026-03-12 05:08:16.000,40.8
2026-03-12 05:08:26.000,40.8
2026-03-12 05:08:26.000,39.6
2026-03-12 05:08:28.000,39.6
2026-03-12 05:08:28.000,28.8
2026-03-12 05:08:30.000,28.8
2026-03-12 05:08:30.000,24
2026-03-12 05:08:32.000,24
2026-03-12 05:08:32.000,16.8
2026-03-12 05:08:34.000,16.8
2026-03-12 05:08:34.000,13.2
2026-03-12 05:08:36.000,13.2
2026-03-12 05:08:36.000,15.6
2026-03-12 05:08:38.000,15.6
2026-03-12 05:08:38.000,13.2
2026-03-12 05:08:40.000,13.2
2026-03-12 05:08:40.000,15.6
2026-03-12 05:08:42.000,15.6
2026-03-12 05:08:42.000,14.4
2026-03-12 05:08:46.000,14.4
2026-03-12 05:08:46.000,15.6
2026-03-12 05:08:48.000,15.6
2026-03-12 05:08:48.000,16.8
2026-03-12 05:08:50.000,16.8
2026-03-12 05:08:50.000,20.4
2026-03-12 05:08:52.000,20.4
2026-03-12 05:08:52.000,25.2
2026-03-12 05:08:54.000,25.2
2026-03-12 05:08:54.000,27.6
2026-03-12 05:08:56.000,27.6
2026-03-12 05:08:56.000,32.4
2026-03-12 05:08:58.000,32.4
2026-03-12 05:08:58.000,34.8
2026-03-12 05:09:00.000,34.8
2026-03-12 05:09:00.000,38.4
2026-03-12 05:09:02.000,38.4
2026-03-12 05:09:02.000,39.6
2026-03-12 05:09:04.000,39.6
2026-03-12 05:09:04.000,43.2
2026-03-12 05:09:06.000,43.2
2026-03-12 05:09:06.000,44.4
2026-03-12 05:09:08.000,44.4
2026-03-12 05:09:08.000,46.8
2026-03-12 05:09:10.000,46.8
2026-03-12 05:09:10.000,48
2026-03-12 05:09:14.000,48
2026-03-12 05:09:14.000,50.4
2026-03-12 05:09:16.000,50.4
2026-03-12 05:09:16.000,51.6
2026-03-12 05:09:22.000,51.6
2026-03-12 05:09:22.000,52.8
2026-03-12 05:09:30.000,52.8
2026-03-12 05:09:30.000,51.6
2026-03-12 05:09:32.000,51.6
2026-03-12 05:09:32.000,46.8
2026-03-12 05:09:34.000,46.8
2026-03-12 05:09:34.000,19.2
2026-03-12 05:09:36.000,19.2
2026-03-12 05:09:36.000,26.4
2026-03-12 05:09:38.000,26.4
2026-03-12 05:09:38.000,6
2026-03-12 05:09:40.000,6
2026-03-12 05:09:40.000,15.6
2026-03-12 05:09:42.000,15.6
2026-03-12 05:09:42.000,9.6
2026-03-12 05:09:44.000,9.6
2026-03-12 05:09:44.000,13.2
2026-03-12 05:09:46.000,13.2
2026-03-12 05:09:46.000,12
2026-03-12 05:09:48.000,12
2026-03-12 05:09:48.000,13.2
2026-03-12 05:10:02.000,13.2
2026-03-12 05:10:02.000,14.4
2026-03-12 05:10:10.000,14.4
2026-03-12 05:10:10.000,15.6
2026-03-12 05:10:12.000,15.6
2026-03-12 05:10:12.000,16.8
2026-03-12 05:10:14.000,16.8
2026-03-12 05:10:14.000,18
2026-03-12 05:10:16.000,18
2026-03-12 05:10:16.000,21.6
2026-03-12 05:10:20.000,21.6
2026-03-12 05:10:20.000,18
2026-03-12 05:10:22.000,18
2026-03-12 05:10:22.000,15.6
2026-03-12 05:10:24.000,15.6
2026-03-12 05:10:24.000,14.4
2026-03-12 05:10:26.000,14.4
2026-03-12 05:10:26.000,15.6
2026-03-12 05:10:30.000,15.6
2026-03-12 05:10:30.000,18
2026-03-12 05:10:32.000,18
2026-03-12 05:10:32.000,19.2
2026-03-12 05:10:34.000,19.2
2026-03-12 05:10:34.000,20.4
2026-03-12 05:10:36.000,20.4
2026-03-12 05:10:36.000,22.8
2026-03-12 05:10:38.000,22.8
2026-03-12 05:10:38.000,25.2
2026-03-12 05:10:40.000,25.2
2026-03-12 05:10:40.000,27.6
2026-03-12 05:10:42.000,27.6
2026-03-12 05:10:42.000,28.8
2026-03-12 05:10:44.000,28.8
2026-03-12 05:10:44.000,30
2026-03-12 05:10:52.000,30
2026-03-12 05:10:52.000,31.2
2026-03-12 05:11:00.000,31.2
2026-03-12 05:11:00.000,32.4
2026-03-12 05:11:22.000,32.4
2026-03-12 05:11:22.000,31.2
2026-03-12 05:11:28.000,31.2
2026-03-12 05:11:28.000,32.4
2026-03-12 05:11:44.000,32.4
2026-03-12 05:11:44.000,33.6
2026-03-12 05:12:08.000,33.6
2026-03-12 05:12:08.000,34.8
2026-03-12 05:12:22.000,34.8
2026-03-12 05:12:22.000,33.6
2026-03-12 05:12:26.000,33.6
2026-03-12 05:12:26.000,32.4
2026-03-12 05:12:30.000,32.4
2026-03-12 05:12:30.000,31.2
2026-03-12 05:12:36.000,31.2
2026-03-12 05:12:36.000,32.4
2026-03-12 05:12:42.000,32.4
2026-03-12 05:12:42.000,33.6
2026-03-12 05:12:48.000,33.6
2026-03-12 05:12:48.000,32.4
2026-03-12 05:12:50.000,32.4
2026-03-12 05:12:50.000,30
2026-03-12 05:12:52.000,30
2026-03-12 05:12:52.000,24
2026-03-12 05:12:56.000,24
2026-03-12 05:12:56.000,16.8
2026-03-12 05:12:58.000,16.8
2026-03-12 05:12:58.000,20.4
2026-03-12 05:13:00.000,20.4
2026-03-12 05:13:00.000,15.6
2026-03-12 05:13:18.000,15.6
2026-03-12 05:13:18.000,16.8
2026-03-12 05:13:46.000,16.8
2026-03-12 05:13:46.000,18
2026-03-12 05:13:50.000,18
2026-03-12 05:13:50.000,16.8
2026-03-12 05:13:52.000,16.8
2026-03-12 05:13:52.000,18
2026-03-12 05:13:54.000,18
2026-03-12 05:13:54.000,20.4
2026-03-12 05:13:56.000,20.4
2026-03-12 05:13:56.000,25.2
2026-03-12 05:13:58.000,25.2
2026-03-12 05:13:58.000,32.4
2026-03-12 05:14:02.000,32.4
2026-03-12 05:14:02.000,34.8
2026-03-12 05:14:04.000,34.8
2026-03-12 05:14:04.000,37.2
2026-03-12 05:14:06.000,37.2
2026-03-12 05:14:06.000,36
2026-03-12 05:14:16.000,36
2026-03-12 05:14:16.000,37.2
2026-03-12 05:14:22.000,37.2
2026-03-12 05:14:22.000,38.4
2026-03-12 05:14:28.000,38.4
2026-03-12 05:14:28.000,39.6
2026-03-12 05:14:32.000,39.6
2026-03-12 05:14:32.000,38.4
2026-03-12 05:14:36.000,38.4
2026-03-12 05:14:36.000,36
2026-03-12 05:14:38.000,36
2026-03-12 05:14:38.000,37.2
2026-03-12 05:14:44.000,37.2
2026-03-12 05:14:44.000,38.4
2026-03-12 05:14:50.000,38.4
2026-03-12 05:14:50.000,39.6
2026-03-12 05:14:54.000,39.6
2026-03-12 05:14:54.000,38.4
2026-03-12 05:14:56.000,38.4
2026-03-12 05:14:56.000,37.2
2026-03-12 05:14:58.000,37.2
2026-03-12 05:14:58.000,36
2026-03-12 05:15:02.000,36
2026-03-12 05:15:02.000,34.8
2026-03-12 05:15:04.000,34.8
2026-03-12 05:15:04.000,36
2026-03-12 05:15:12.000,36
2026-03-12 05:15:12.000,37.2
2026-03-12 05:15:18.000,37.2
2026-03-12 05:15:18.000,36
2026-03-12 05:15:22.000,36
2026-03-12 05:15:22.000,33.6
2026-03-12 05:15:24.000,33.6
2026-03-12 05:15:24.000,28.8
2026-03-12 05:15:26.000,28.8
2026-03-12 05:15:26.000,22.8
2026-03-12 05:15:28.000,22.8
2026-03-12 05:15:28.000,14.4
2026-03-12 05:15:30.000,14.4
2026-03-12 05:15:30.000,16.8
2026-03-12 05:15:32.000,16.8
2026-03-12 05:15:32.000,20.4
2026-03-12 05:15:36.000,20.4
2026-03-12 05:15:36.000,21.6
2026-03-12 05:15:38.000,21.6
2026-03-12 05:15:38.000,22.8
2026-03-12 05:15:42.000,22.8
2026-03-12 05:15:42.000,24
2026-03-12 05:15:44.000,24
2026-03-12 05:15:44.000,27.6
2026-03-12 05:15:46.000,27.6
2026-03-12 05:15:46.000,28.8
2026-03-12 05:15:48.000,28.8
2026-03-12 05:15:48.000,30
2026-03-12 05:15:50.000,30
2026-03-12 05:15:50.000,32.4
2026-03-12 05:15:56.000,32.4
2026-03-12 05:15:56.000,34.8
2026-03-12 05:15:58.000,34.8
2026-03-12 05:15:58.000,36
2026-03-12 05:16:00.000,36
2026-03-12 05:16:00.000,38.4
2026-03-12 05:16:08.000,38.4
2026-03-12 05:16:08.000,39.6
2026-03-12 05:16:14.000,39.6
2026-03-12 05:16:14.000,40.8
2026-03-12 05:16:32.000,40.8
2026-03-12 05:16:32.000,42
2026-03-12 05:17:20.000,42
2026-03-12 05:17:20.000,43.2
2026-03-12 05:17:22.000,43.2
2026-03-12 05:17:22.000,42
2026-03-12 05:17:24.000,42
2026-03-12 05:17:24.000,43.2
2026-03-12 05:17:28.000,43.2
2026-03-12 05:17:28.000,42
2026-03-12 05:17:34.000,42
2026-03-12 05:17:34.000,40.8
2026-03-12 05:17:36.000,40.8
2026-03-12 05:17:36.000,42
2026-03-12 05:17:44.000,42
2026-03-12 05:17:44.000,43.2
2026-03-12 05:18:00.000,43.2
2026-03-12 05:18:00.000,42
2026-03-12 05:18:20.000,42
2026-03-12 05:18:20.000,43.2
2026-03-12 05:18:34.000,43.2
2026-03-12 05:18:34.000,40.8
2026-03-12 05:18:36.000,40.8
2026-03-12 05:18:36.000,32.4
2026-03-12 05:18:38.000,32.4
2026-03-12 05:18:38.000,24
2026-03-12 05:18:40.000,24
2026-03-12 05:18:40.000,26.4
2026-03-12 05:18:42.000,26.4
2026-03-12 05:18:42.000,15.6
2026-03-12 05:18:44.000,15.6
2026-03-12 05:18:44.000,18
2026-03-12 05:18:46.000,18
2026-03-12 05:18:46.000,14.4
2026-03-12 05:18:48.000,14.4
2026-03-12 05:18:48.000,16.8
2026-03-12 05:18:50.000,16.8
2026-03-12 05:18:50.000,14.4
2026-03-12 05:19:14.000,14.4
2026-03-12 05:19:14.000,15.6
2026-03-12 05:19:36.000,15.6
2026-03-12 05:19:36.000,14.4
2026-03-12 05:19:40.000,14.4
2026-03-12 05:19:40.000,15.6
2026-03-12 05:20:30.000,15.6
2026-03-12 05:20:30.000,16.8
2026-03-12 05:20:44.000,16.8
2026-03-12 05:20:44.000,18
2026-03-12 05:20:46.000,18
2026-03-12 05:20:46.000,22.8
2026-03-12 05:20:48.000,22.8
2026-03-12 05:20:48.000,25.2
2026-03-12 05:20:50.000,25.2
2026-03-12 05:20:50.000,26.4
2026-03-12 05:20:52.000,26.4
2026-03-12 05:20:52.000,28.8
2026-03-12 05:20:54.000,28.8
2026-03-12 05:20:54.000,32.4
2026-03-12 05:20:56.000,32.4
2026-03-12 05:20:56.000,31.2
2026-03-12 05:20:58.000,31.2
2026-03-12 05:20:58.000,32.4
2026-03-12 05:21:00.000,32.4
2026-03-12 05:21:00.000,31.2
2026-03-12 05:21:02.000,31.2
2026-03-12 05:21:02.000,28.8
2026-03-12 05:21:04.000,28.8
2026-03-12 05:21:04.000,30
2026-03-12 05:21:06.000,30
2026-03-12 05:21:06.000,26.4
2026-03-12 05:21:08.000,26.4
2026-03-12 05:21:08.000,27.6
2026-03-12 05:21:18.000,27.6
2026-03-12 05:21:18.000,28.8
2026-03-12 05:21:22.000,28.8
2026-03-12 05:21:22.000,31.2
2026-03-12 05:21:24.000,31.2
2026-03-12 05:21:24.000,33.6
2026-03-12 05:21:26.000,33.6
2026-03-12 05:21:26.000,36
2026-03-12 05:21:28.000,36
2026-03-12 05:21:28.000,37.2
2026-03-12 05:21:30.000,37.2
2026-03-12 05:21:30.000,38.4
2026-03-12 05:21:36.000,38.4
2026-03-12 05:21:36.000,39.6
2026-03-12 05:21:54.000,39.6
2026-03-12 05:21:54.000,40.8
2026-03-12 05:22:00.000,40.8
2026-03-12 05:22:00.000,34.8
2026-03-12 05:22:02.000,34.8
2026-03-12 05:22:02.000,24
2026-03-12 05:22:04.000,24
2026-03-12 05:22:04.000,22.8
2026-03-12 05:22:06.000,22.8
2026-03-12 05:22:06.000,20.4
2026-03-12 05:22:12.000,20.4
2026-03-12 05:22:12.000,19.2
2026-03-12 05:22:14.000,19.2
2026-03-12 05:22:14.000,20.4
2026-03-12 05:22:20.000,20.4
2026-03-12 05:22:20.000,21.6
2026-03-12 05:22:22.000,21.6
2026-03-12 05:22:22.000,27.6
2026-03-12 05:22:24.000,27.6
2026-03-12 05:22:24.000,34.8
2026-03-12 05:22:26.000,34.8
2026-03-12 05:22:26.000,37.2
2026-03-12 05:22:28.000,37.2
2026-03-12 05:22:28.000,42
2026-03-12 05:22:32.000,42
2026-03-12 05:22:32.000,44.4
2026-03-12 05:22:34.000,44.4
2026-03-12 05:22:34.000,43.2
2026-03-12 05:22:36.000,43.2
2026-03-12 05:22:36.000,44.4
2026-03-12 05:22:48.000,44.4
2026-03-12 05:22:48.000,45.6
2026-03-12 05:22:50.000,45.6
2026-03-12 05:22:50.000,44.4
2026-03-12 05:23:00.000,44.4
2026-03-12 05:23:00.000,45.6
2026-03-12 05:23:50.000,45.6
2026-03-12 05:23:50.000,43.2
2026-03-12 05:23:52.000,43.2
2026-03-12 05:23:52.000,33.6
2026-03-12 05:23:54.000,33.6
2026-03-12 05:23:54.000,8.4
2026-03-12 05:23:56.000,8.4
2026-03-12 05:23:56.000,15.6
2026-03-12 05:23:58.000,15.6
2026-03-12 05:23:58.000,0
2026-03-12 05:24:02.000,0
2026-03-12 05:24:02.000,1.2
2026-03-12 05:24:04.000,1.2
2026-03-12 05:24:04.000,3.6
2026-03-12 05:24:12.000,3.6
2026-03-12 05:24:12.000,4.8
2026-03-12 05:24:36.000,4.8
2026-03-12 05:24:36.000,3.6
2026-03-12 05:24:40.000,3.6
2026-03-12 05:24:40.000,4.8
2026-03-12 05:24:44.000,4.8
2026-03-12 05:24:44.000,3.6
2026-03-12 05:24:52.000,3.6
2026-03-12 05:24:52.000,4.8
2026-03-12 05:24:56.000,4.8
2026-03-12 05:24:56.000,3.6
2026-03-12 05:24:58.000,3.6
2026-03-12 05:24:58.000,4.8
2026-03-12 05:25:00.000,4.8
2026-03-12 05:25:00.000,3.6
2026-03-12 05:25:02.000,3.6
2026-03-12 05:25:02.000,4.8
2026-03-12 05:25:10.000,4.8
2026-03-12 05:25:10.000,3.6
2026-03-12 05:25:14.000,3.6
2026-03-12 05:25:14.000,4.8
2026-03-12 05:25:16.000,4.8
2026-03-12 05:25:16.000,3.6
2026-03-12 05:25:20.000,3.6
2026-03-12 05:25:20.000,4.8
2026-03-12 05:25:22.000,4.8
2026-03-12 05:25:22.000,3.6
2026-03-12 05:25:34.000,3.6
2026-03-12 05:25:34.000,4.8
2026-03-12 05:25:36.000,4.8
2026-03-12 05:25:36.000,3.6
2026-03-12 05:26:06.000,3.6
2026-03-12 05:26:06.000,4.8
2026-03-12 05:26:08.000,4.8
2026-03-12 05:26:08.000,3.6
2026-03-12 05:26:10.000,3.6
2026-03-12 05:26:10.000,4.8
2026-03-12 05:26:14.000,4.8
2026-03-12 05:26:14.000,3.6
2026-03-12 05:27:08.000,3.6
2026-03-12 05:27:08.000,4.8
2026-03-12 05:27:14.000,4.8
2026-03-12 05:27:14.000,3.6
2026-03-12 05:28:04.000,3.6
2026-03-12 05:28:04.000,4.8
2026-03-12 05:28:06.000,4.8
2026-03-12 05:28:06.000,3.6
2026-03-12 05:28:08.000,3.6
2026-03-12 05:28:08.000,4.8
2026-03-12 05:28:10.000,4.8
2026-03-12 05:28:10.000,3.6
2026-03-12 05:29:16.000,3.6
2026-03-12 05:29:16.000,2.4
2026-03-12 05:29:18.000,2.4
2026-03-12 05:29:18.000,3.6
2026-03-12 05:29:30.000,3.6
2026-03-12 05:29:30.000,4.8
2026-03-12 05:29:36.000,4.8
2026-03-12 05:29:36.000,3.6
2026-03-12 05:29:46.000,3.6
2026-03-12 05:29:46.000,2.4
2026-03-12 05:29:50.000,2.4
2026-03-12 05:29:50.000,3.6
2026-03-12 05:29:52.000,3.6
2026-03-12 05:29:52.000,2.4
2026-03-12 05:30:02.000,2.4
2026-03-12 05:30:02.000,1.2
2026-03-12 05:30:06.000,1.2
2026-03-12 05:30:06.000,2.4
2026-03-12 05:30:32.000,2.4
2026-03-12 05:30:32.000,3.6
2026-03-12 05:30:34.000,3.6
2026-03-12 05:30:34.000,7.2
2026-03-12 05:30:36.000,7.2
2026-03-12 05:30:36.000,8.4
2026-03-12 05:30:38.000,8.4
2026-03-12 05:30:38.000,2.4
2026-03-12 05:30:40.000,2.4
2026-03-12 05:30:40.000,7.2
2026-03-12 05:30:42.000,7.2
2026-03-12 05:30:42.000,6
2026-03-12 05:30:44.000,6
2026-03-12 05:30:44.000,8.4
2026-03-12 05:30:46.000,8.4
2026-03-12 05:30:46.000,7.2
2026-03-12 05:30:48.000,7.2
2026-03-12 05:30:48.000,6
2026-03-12 05:30:50.000,6
2026-03-12 05:30:50.000,7.2
2026-03-12 05:30:54.000,7.2
2026-03-12 05:30:54.000,8.4
2026-03-12 05:31:02.000,8.4
2026-03-12 05:31:02.000,9.6
2026-03-12 05:31:06.000,9.6
2026-03-12 05:31:06.000,10.8
2026-03-12 05:31:16.000,10.8
2026-03-12 05:31:16.000,9.6
2026-03-12 05:32:02.000,9.6
2026-03-12 05:32:02.000,10.8
2026-03-12 05:32:10.000,10.8
2026-03-12 05:32:10.000,9.6
2026-03-12 05:32:32.000,9.6
2026-03-12 05:32:32.000,10.8
2026-03-12 05:33:12.000,10.8
2026-03-12 05:33:12.000,12
2026-03-12 05:33:16.000,12
2026-03-12 05:33:16.000,13.2
2026-03-12 05:33:20.000,13.2
2026-03-12 05:33:20.000,12
2026-03-12 05:33:28.000,12
2026-03-12 05:33:28.000,13.2
2026-03-12 05:33:36.000,13.2
2026-03-12 05:33:36.000,14.4
2026-03-12 05:33:42.000,14.4
2026-03-12 05:33:42.000,15.6
2026-03-12 05:33:48.000,15.6
2026-03-12 05:33:48.000,16.8
2026-03-12 05:33:52.000,16.8
2026-03-12 05:33:52.000,15.6
2026-03-12 05:34:00.000,15.6
2026-03-12 05:34:00.000,16.8
2026-03-12 05:34:02.000,16.8
2026-03-12 05:34:02.000,21.6
2026-03-12 05:34:04.000,21.6
2026-03-12 05:34:04.000,25.2
2026-03-12 05:34:06.000,25.2
2026-03-12 05:34:06.000,28.8
2026-03-12 05:34:08.000,28.8
2026-03-12 05:34:08.000,33.6
2026-03-12 05:34:10.000,33.6
2026-03-12 05:34:10.000,32.4
2026-03-12 05:34:12.000,32.4
2026-03-12 05:34:12.000,34.8
2026-03-12 05:34:16.000,34.8
2026-03-12 05:34:16.000,36
2026-03-12 05:34:18.000,36
2026-03-12 05:34:18.000,37.2
2026-03-12 05:34:24.000,37.2
2026-03-12 05:34:24.000,38.4
2026-03-12 05:34:36.000,38.4
2026-03-12 05:34:36.000,39.6
2026-03-12 05:34:42.000,39.6
2026-03-12 05:34:42.000,40.8
2026-03-12 05:34:50.000,40.8
2026-03-12 05:34:50.000,42
2026-03-12 05:34:56.000,42
2026-03-12 05:34:56.000,43.2
2026-03-12 05:35:00.000,43.2
2026-03-12 05:35:00.000,44.4
2026-03-12 05:35:04.000,44.4
2026-03-12 05:35:04.000,45.6
2026-03-12 05:35:08.000,45.6
2026-03-12 05:35:08.000,46.8
2026-03-12 05:35:14.000,46.8
2026-03-12 05:35:14.000,48
2026-03-12 05:35:20.000,48
2026-03-12 05:35:20.000,49.2
2026-03-12 05:35:32.000,49.2
2026-03-12 05:35:32.000,50.4
2026-03-12 05:35:42.000,50.4
2026-03-12 05:35:42.000,51.6
2026-03-12 05:35:52.000,51.6
2026-03-12 05:35:52.000,52.8
2026-03-12 05:36:10.000,52.8
2026-03-12 05:36:10.000,54
2026-03-12 05:36:38.000,54
2026-03-12 05:36:38.000,55.2
2026-03-12 05:37:14.000,55.2
2026-03-12 05:37:14.000,56.4
2026-03-12 05:37:32.000,56.4
2026-03-12 05:37:32.000,57.6
2026-03-12 05:37:36.000,57.6
2026-03-12 05:37:36.000,50.4
2026-03-12 05:37:38.000,50.4
2026-03-12 05:37:38.000,15.6
2026-03-12 05:37:40.000,15.6
2026-03-12 05:37:40.000,27.6
2026-03-12 05:37:42.000,27.6
2026-03-12 05:37:42.000,70.8
2026-03-12 05:37:44.000,70.8
2026-03-12 05:37:44.000,22.8
2026-03-12 05:37:46.000,22.8
2026-03-12 05:37:46.000,24
2026-03-12 05:37:48.000,24
2026-03-12 05:37:48.000,21.6
2026-03-12 05:37:50.000,21.6
2026-03-12 05:37:50.000,14.4
2026-03-12 05:37:52.000,14.4
2026-03-12 05:37:52.000,10.8
2026-03-12 05:37:56.000,10.8
2026-03-12 05:37:56.000,12
2026-03-12 05:37:58.000,12
2026-03-12 05:37:58.000,13.2
2026-03-12 05:38:06.000,13.2
2026-03-12 05:38:06.000,14.4
2026-03-12 05:38:08.000,14.4
2026-03-12 05:38:08.000,13.2
2026-03-12 05:38:10.000,13.2
2026-03-12 05:38:10.000,22.8
2026-03-12 05:38:12.000,22.8
2026-03-12 05:38:12.000,16.8
2026-03-12 05:38:14.000,16.8
2026-03-12 05:38:14.000,20.4
2026-03-12 05:38:16.000,20.4
2026-03-12 05:38:16.000,18
2026-03-12 05:38:18.000,18
2026-03-12 05:38:18.000,16.8
2026-03-12 05:38:20.000,16.8
2026-03-12 05:38:20.000,15.6
2026-03-12 05:38:22.000,15.6
2026-03-12 05:38:22.000,16.8
2026-03-12 05:38:24.000,16.8
2026-03-12 05:38:24.000,20.4
2026-03-12 05:38:26.000,20.4
2026-03-12 05:38:26.000,22.8
2026-03-12 05:38:30.000,22.8
2026-03-12 05:38:30.000,24
2026-03-12 05:38:32.000,24
2026-03-12 05:38:32.000,25.2
2026-03-12 05:38:38.000,25.2
2026-03-12 05:38:38.000,26.4
2026-03-12 05:38:44.000,26.4
2026-03-12 05:38:44.000,27.6
2026-03-12 05:38:46.000,27.6
2026-03-12 05:38:46.000,28.8
2026-03-12 05:38:52.000,28.8
2026-03-12 05:38:52.000,30
2026-03-12 05:39:10.000,30
2026-03-12 05:39:10.000,31.2
2026-03-12 05:39:14.000,31.2
2026-03-12 05:39:14.000,32.4
2026-03-12 05:39:20.000,32.4
2026-03-12 05:39:20.000,33.6
2026-03-12 05:39:24.000,33.6
2026-03-12 05:39:24.000,34.8
2026-03-12 05:39:32.000,34.8
2026-03-12 05:39:32.000,36
2026-03-12 05:39:48.000,36
2026-03-12 05:39:48.000,34.8
2026-03-12 05:40:00.000,34.8
2026-03-12 05:40:00.000,36
2026-03-12 05:40:16.000,36
2026-03-12 05:40:16.000,37.2
2026-03-12 05:40:22.000,37.2
2026-03-12 05:40:22.000,36
2026-03-12 05:40:44.000,36
2026-03-12 05:40:44.000,37.2
2026-03-12 05:41:08.000,37.2
2026-03-12 05:41:08.000,36
2026-03-12 05:41:10.000,36
2026-03-12 05:41:10.000,32.4
2026-03-12 05:41:12.000,32.4
2026-03-12 05:41:12.000,28.8
2026-03-12 05:41:16.000,28.8
2026-03-12 05:41:16.000,18
2026-03-12 05:41:18.000,18
2026-03-12 05:41:18.000,16.8
2026-03-12 05:41:20.000,16.8
2026-03-12 05:41:20.000,18
2026-03-12 05:41:22.000,18
2026-03-12 05:41:22.000,19.2
2026-03-12 05:41:26.000,19.2
2026-03-12 05:41:26.000,20.4
2026-03-12 05:41:32.000,20.4
2026-03-12 05:41:32.000,21.6
2026-03-12 05:41:36.000,21.6
2026-03-12 05:41:36.000,24
2026-03-12 05:41:38.000,24
2026-03-12 05:41:38.000,26.4
2026-03-12 05:41:40.000,26.4
2026-03-12 05:41:40.000,24
2026-03-12 05:41:42.000,24
2026-03-12 05:41:42.000,26.4
2026-03-12 05:41:44.000,26.4
2026-03-12 05:41:44.000,25.2
2026-03-12 05:41:48.000,25.2
2026-03-12 05:41:48.000,22.8
2026-03-12 05:42:00.000,22.8
2026-03-12 05:42:00.000,24
2026-03-12 05:42:12.000,24
2026-03-12 05:42:12.000,25.2
2026-03-12 05:42:18.000,25.2
2026-03-12 05:42:18.000,26.4
2026-03-12 05:42:24.000,26.4
2026-03-12 05:42:24.000,25.2
2026-03-12 05:42:26.000,25.2
2026-03-12 05:42:26.000,22.8
2026-03-12 05:42:28.000,22.8
2026-03-12 05:42:28.000,19.2
2026-03-12 05:42:30.000,19.2
2026-03-12 05:42:30.000,16.8
2026-03-12 05:42:34.000,16.8
2026-03-12 05:42:34.000,15.6
2026-03-12 05:42:54.000,15.6
2026-03-12 05:42:54.000,16.8
2026-03-12 05:43:02.000,16.8
2026-03-12 05:43:02.000,18
2026-03-12 05:43:06.000,18
2026-03-12 05:43:06.000,16.8
2026-03-12 05:43:16.000,16.8
2026-03-12 05:43:16.000,15.6
2026-03-12 05:43:18.000,15.6
2026-03-12 05:43:18.000,16.8
2026-03-12 05:43:22.000,16.8
2026-03-12 05:43:22.000,15.6
2026-03-12 05:43:28.000,15.6
2026-03-12 05:43:28.000,16.8
2026-03-12 05:43:42.000,16.8
2026-03-12 05:43:42.000,18
2026-03-12 05:43:50.000,18
2026-03-12 05:43:50.000,16.8
2026-03-12 05:44:30.000,16.8
2026-03-12 05:44:30.000,18
2026-03-12 05:44:42.000,18
2026-03-12 05:44:42.000,16.8
2026-03-12 05:45:10.000,16.8
2026-03-12 05:45:10.000,18
2026-03-12 05:45:26.000,18
2026-03-12 05:45:26.000,16.8
2026-03-12 05:45:54.000,16.8
2026-03-12 05:45:54.000,18
2026-03-12 05:46:10.000,18
2026-03-12 05:46:10.000,16.8
2026-03-12 05:46:38.000,16.8
2026-03-12 05:46:38.000,18
2026-03-12 05:46:56.000,18
2026-03-12 05:46:56.000,16.8
2026-03-12 05:47:24.000,16.8
2026-03-12 05:47:24.000,18
2026-03-12 05:48:04.000,18
2026-03-12 05:48:04.000,19.2
2026-03-12 05:48:16.000,19.2
2026-03-12 05:48:16.000,20.4
2026-03-12 05:48:28.000,20.4
2026-03-12 05:48:28.000,19.2
2026-03-12 05:48:42.000,19.2
2026-03-12 05:48:42.000,20.4
2026-03-12 05:48:50.000,20.4
2026-03-12 05:48:50.000,21.6
2026-03-12 05:48:58.000,21.6
2026-03-12 05:48:58.000,22.8
2026-03-12 05:49:12.000,22.8
2026-03-12 05:49:12.000,24
2026-03-12 05:49:20.000,24
2026-03-12 05:49:20.000,25.2
2026-03-12 05:49:28.000,25.2
2026-03-12 05:49:28.000,26.4
2026-03-12 05:49:34.000,26.4
2026-03-12 05:49:34.000,27.6
2026-03-12 05:49:44.000,27.6
2026-03-12 05:49:44.000,28.8
2026-03-12 05:50:08.000,28.8
2026-03-12 05:50:08.000,30
2026-03-12 05:50:22.000,30
2026-03-12 05:50:22.000,31.2
2026-03-12 05:50:48.000,31.2
2026-03-12 05:50:48.000,30
2026-03-12 05:50:50.000,30
2026-03-12 05:50:50.000,34.8
2026-03-12 05:50:52.000,34.8
2026-03-12 05:50:52.000,31.2
2026-03-12 05:50:54.000,31.2
2026-03-12 05:50:54.000,22.8
2026-03-12 05:50:58.000,22.8
2026-03-12 05:50:58.000,9.6
2026-03-12 05:51:00.000,9.6
2026-03-12 05:51:00.000,14.4
2026-03-12 05:51:02.000,14.4
2026-03-12 05:51:02.000,18
2026-03-12 05:51:04.000,18
2026-03-12 05:51:04.000,19.2
2026-03-12 05:51:06.000,19.2
2026-03-12 05:51:06.000,18
2026-03-12 05:51:16.000,18
2026-03-12 05:51:16.000,15.6
2026-03-12 05:51:20.000,15.6
2026-03-12 05:51:20.000,19.2
2026-03-12 05:51:22.000,19.2
2026-03-12 05:51:22.000,16.8
2026-03-12 05:51:24.000,16.8
2026-03-12 05:51:24.000,18
2026-03-12 05:51:26.000,18
2026-03-12 05:51:26.000,16.8
2026-03-12 05:51:30.000,16.8
2026-03-12 05:51:30.000,19.2
2026-03-12 05:51:32.000,19.2
2026-03-12 05:51:32.000,20.4
2026-03-12 05:51:34.000,20.4
2026-03-12 05:51:34.000,22.8
2026-03-12 05:51:38.000,22.8
2026-03-12 05:51:38.000,24
2026-03-12 05:51:40.000,24
2026-03-12 05:51:40.000,22.8
2026-03-12 05:51:42.000,22.8
2026-03-12 05:51:42.000,20.4
2026-03-12 05:51:44.000,20.4
2026-03-12 05:51:44.000,19.2
2026-03-12 05:51:46.000,19.2
2026-03-12 05:51:46.000,18
2026-03-12 05:52:06.000,18
2026-03-12 05:52:06.000,19.2
2026-03-12 05:52:14.000,19.2
2026-03-12 05:52:14.000,18
2026-03-12 05:52:16.000,18
2026-03-12 05:52:16.000,16.8
2026-03-12 05:52:22.000,16.8
2026-03-12 05:52:22.000,15.6
2026-03-12 05:52:28.000,15.6
2026-03-12 05:52:28.000,16.8
2026-03-12 05:52:30.000,16.8
2026-03-12 05:52:30.000,15.6
2026-03-12 05:52:36.000,15.6
2026-03-12 05:52:36.000,16.8
2026-03-12 05:52:48.000,16.8
2026-03-12 05:52:48.000,18
2026-03-12 05:53:00.000,18
2026-03-12 05:53:00.000,16.8
2026-03-12 05:53:12.000,16.8
2026-03-12 05:53:12.000,15.6
2026-03-12 05:53:28.000,15.6
2026-03-12 05:53:28.000,16.8
2026-03-12 05:53:36.000,16.8
2026-03-12 05:53:36.000,18
2026-03-12 05:53:50.000,18
2026-03-12 05:53:50.000,16.8
2026-03-12 05:54:00.000,16.8
2026-03-12 05:54:00.000,15.6
2026-03-12 05:54:20.000,15.6
2026-03-12 05:54:20.000,16.8
2026-03-12 05:54:24.000,16.8
2026-03-12 05:54:24.000,18
2026-03-12 05:54:28.000,18
2026-03-12 05:54:28.000,19.2
2026-03-12 05:54:32.000,19.2
2026-03-12 05:54:32.000,18
2026-03-12 05:54:36.000,18
2026-03-12 05:54:36.000,16.8
2026-03-12 05:54:40.000,16.8
2026-03-12 05:54:40.000,15.6
2026-03-12 05:55:02.000,15.6
2026-03-12 05:55:02.000,16.8
2026-03-12 05:55:08.000,16.8
2026-03-12 05:55:08.000,18
2026-03-12 05:55:14.000,18
2026-03-12 05:55:14.000,19.2
2026-03-12 05:55:20.000,19.2
2026-03-12 05:55:20.000,18
2026-03-12 05:55:26.000,18
2026-03-12 05:55:26.000,19.2
2026-03-12 05:55:28.000,19.2
2026-03-12 05:55:28.000,18
2026-03-12 05:55:30.000,18
2026-03-12 05:55:30.000,19.2
2026-03-12 05:55:44.000,19.2
2026-03-12 05:55:44.000,20.4
2026-03-12 05:55:52.000,20.4
2026-03-12 05:55:52.000,21.6
2026-03-12 05:55:56.000,21.6
2026-03-12 05:55:56.000,20.4
2026-03-12 05:56:18.000,20.4
2026-03-12 05:56:18.000,21.6
2026-03-12 05:56:28.000,21.6
2026-03-12 05:56:28.000,22.8
2026-03-12 05:56:48.000,22.8
2026-03-12 05:56:48.000,21.6
2026-03-12 05:56:52.000,21.6
2026-03-12 05:56:52.000,22.8
2026-03-12 05:57:12.000,22.8
2026-03-12 05:57:12.000,24
2026-03-12 05:57:20.000,24
2026-03-12 05:57:20.000,25.2
2026-03-12 05:57:22.000,25.2
2026-03-12 05:57:22.000,24
2026-03-12 05:57:56.000,24
2026-03-12 05:57:56.000,25.2
2026-03-12 05:58:42.000,25.2
2026-03-12 05:58:42.000,26.4
2026-03-12 05:59:26.000,26.4
2026-03-12 05:59:26.000,27.6
2026-03-12 05:59:32.000,27.6
2026-03-12 05:59:32.000,31.2
2026-03-12 05:59:34.000,31.2
2026-03-12 05:59:34.000,27.6
2026-03-12 05:59:36.000,27.6
2026-03-12 05:59:36.000,22.8
2026-03-12 05:59:38.000,22.8
2026-03-12 05:59:38.000,18
2026-03-12 05:59:40.000,18
2026-03-12 05:59:40.000,14.4
2026-03-12 05:59:42.000,14.4
2026-03-12 05:59:42.000,7.2
2026-03-12 05:59:44.000,7.2
2026-03-12 05:59:44.000,8.4
2026-03-12 05:59:46.000,8.4
2026-03-12 05:59:46.000,7.2
2026-03-12 05:59:52.000,7.2
2026-03-12 05:59:52.000,8.4
2026-03-12 05:59:58.000,8.4
2026-03-12 05:59:58.000,9.6
2026-03-12 06:00:10.000,9.6
2026-03-12 06:00:10.000,8.4
2026-03-12 06:00:14.000,8.4
2026-03-12 06:00:14.000,7.2
2026-03-12 06:00:38.000,7.2
2026-03-12 06:00:38.000,8.4
2026-03-12 06:00:50.000,8.4
2026-03-12 06:00:50.000,7.2
2026-03-12 06:01:18.000,7.2
2026-03-12 06:01:18.000,6
2026-03-12 06:01:22.000,6
2026-03-12 06:01:22.000,7.2
2026-03-12 06:01:56.000,7.2
2026-03-12 06:01:56.000,6
2026-03-12 06:01:58.000,6
2026-03-12 06:01:58.000,7.2
2026-03-12 06:02:04.000,7.2
2026-03-12 06:02:04.000,6
2026-03-12 06:02:06.000,6
2026-03-12 06:02:06.000,7.2
2026-03-12 06:02:14.000,7.2
2026-03-12 06:02:14.000,6
2026-03-12 06:02:32.000,6
2026-03-12 06:02:32.000,7.2
2026-03-12 06:02:36.000,7.2
2026-03-12 06:02:36.000,6
2026-03-12 06:05:54.000,6
2026-03-12 06:05:54.000,4.8
2026-03-12 06:05:56.000,4.8
2026-03-12 06:05:56.000,6
2026-03-12 06:06:44.000,6
2026-03-12 06:06:44.000,4.8
2026-03-12 06:06:48.000,4.8
2026-03-12 06:06:48.000,6
2026-03-12 06:06:52.000,6
2026-03-12 06:06:52.000,4.8
2026-03-12 06:07:00.000,4.8
2026-03-12 06:07:00.000,6
2026-03-12 06:07:24.000,6
2026-03-12 06:07:24.000,4.8
2026-03-12 06:07:32.000,4.8
2026-03-12 06:07:32.000,6
2026-03-12 06:07:36.000,6
2026-03-12 06:07:36.000,4.8
2026-03-12 06:07:50.000,4.8
2026-03-12 06:07:50.000,6
2026-03-12 06:07:54.000,6
2026-03-12 06:07:54.000,4.8
2026-03-12 06:08:00.000,4.8
2026-03-12 06:08:00.000,6
2026-03-12 06:08:16.000,6
2026-03-12 06:08:16.000,4.8
2026-03-12 06:08:20.000,4.8
2026-03-12 06:08:20.000,6
2026-03-12 06:08:24.000,6
2026-03-12 06:08:24.000,4.8
2026-03-12 06:08:38.000,4.8
2026-03-12 06:08:38.000,6
2026-03-12 06:09:06.000,6
2026-03-12 06:09:06.000,4.8
2026-03-12 06:09:28.000,4.8
2026-03-12 06:09:28.000,6
2026-03-12 06:09:42.000,6
2026-03-12 06:09:42.000,4.8
2026-03-12 06:10:20.000,4.8
2026-03-12 06:10:20.000,6
2026-03-12 06:10:26.000,6
2026-03-12 06:10:26.000,4.8
2026-03-12 06:10:32.000,4.8
2026-03-12 06:10:32.000,6
2026-03-12 06:10:36.000,6
2026-03-12 06:10:36.000,4.8
2026-03-12 06:11:22.000,4.8
2026-03-12 06:11:22.000,6
2026-03-12 06:11:32.000,6
2026-03-12 06:11:32.000,4.8
2026-03-12 06:11:36.000,4.8
2026-03-12 06:11:36.000,6
2026-03-12 06:11:38.000,6
2026-03-12 06:11:38.000,4.8
2026-03-12 06:11:40.000,4.8
2026-03-12 06:11:40.000,6
2026-03-12 06:11:44.000,6
2026-03-12 06:11:44.000,4.8
2026-03-12 06:11:48.000,4.8
2026-03-12 06:11:48.000,6
2026-03-12 06:11:50.000,6
2026-03-12 06:11:50.000,4.8
2026-03-12 06:11:56.000,4.8
2026-03-12 06:11:56.000,6
2026-03-12 06:12:02.000,6
2026-03-12 06:12:02.000,4.8
2026-03-12 06:12:12.000,4.8
2026-03-12 06:12:12.000,6
2026-03-12 06:12:14.000,6
2026-03-12 06:12:14.000,4.8
2026-03-12 06:12:16.000,4.8
2026-03-12 06:12:16.000,6
2026-03-12 06:12:22.000,6
2026-03-12 06:12:22.000,4.8
2026-03-12 06:12:24.000,4.8
2026-03-12 06:12:24.000,6
2026-03-12 06:12:26.000,6
2026-03-12 06:12:26.000,4.8
2026-03-12 06:13:00.000,4.8
2026-03-12 06:13:00.000,6
2026-03-12 06:13:02.000,6
2026-03-12 06:13:02.000,3.6
2026-03-12 06:13:06.000,3.6
2026-03-12 06:13:06.000,2.4
2026-03-12 06:13:08.000,2.4
2026-03-12 06:13:08.000,3.6
2026-03-12 06:13:18.000,3.6
2026-03-12 06:13:18.000,4.8
2026-03-12 06:13:32.000,4.8
2026-03-12 06:13:32.000,6
2026-03-12 06:13:34.000,6
2026-03-12 06:13:34.000,4.8
2026-03-12 06:13:38.000,4.8
2026-03-12 06:13:38.000,6
2026-03-12 06:13:44.000,6
2026-03-12 06:13:44.000,4.8
2026-03-12 06:15:42.000,4.8
2026-03-12 06:15:42.000,6
2026-03-12 06:15:44.000,6
2026-03-12 06:15:44.000,7.2
2026-03-12 06:15:48.000,7.2
2026-03-12 06:15:48.000,8.4
2026-03-12 06:15:50.000,8.4
2026-03-12 06:15:50.000,12
2026-03-12 06:15:52.000,12
2026-03-12 06:15:52.000,10.8
2026-03-12 06:15:54.000,10.8
2026-03-12 06:15:54.000,13.2
2026-03-12 06:15:58.000,13.2
2026-03-12 06:15:58.000,14.4
2026-03-12 06:16:00.000,14.4
2026-03-12 06:16:00.000,13.2
2026-03-12 06:16:06.000,13.2
2026-03-12 06:16:06.000,14.4
2026-03-12 06:16:16.000,14.4
2026-03-12 06:16:16.000,15.6
2026-03-12 06:16:30.000,15.6
2026-03-12 06:16:30.000,16.8
2026-03-12 06:16:32.000,16.8
2026-03-12 06:16:32.000,18
2026-03-12 06:16:34.000,18
2026-03-12 06:16:34.000,19.2
2026-03-12 06:16:36.000,19.2
2026-03-12 06:16:36.000,21.6
2026-03-12 06:16:38.000,21.6
2026-03-12 06:16:38.000,22.8
2026-03-12 06:16:40.000,22.8
2026-03-12 06:16:40.000,24
2026-03-12 06:16:42.000,24
2026-03-12 06:16:42.000,22.8
2026-03-12 06:16:46.000,22.8
2026-03-12 06:16:46.000,21.6
2026-03-12 06:16:52.000,21.6
2026-03-12 06:16:52.000,20.4
2026-03-12 06:16:58.000,20.4
2026-03-12 06:16:58.000,21.6
2026-03-12 06:17:04.000,21.6
2026-03-12 06:17:04.000,22.8
2026-03-12 06:17:10.000,22.8
2026-03-12 06:17:10.000,24
2026-03-12 06:17:16.000,24
2026-03-12 06:17:16.000,25.2
2026-03-12 06:17:26.000,25.2
2026-03-12 06:17:26.000,26.4
2026-03-12 06:17:36.000,26.4
2026-03-12 06:17:36.000,27.6
2026-03-12 06:18:04.000,27.6
2026-03-12 06:18:04.000,26.4
2026-03-12 06:18:20.000,26.4
2026-03-12 06:18:20.000,27.6
2026-03-12 06:19:14.000,27.6
2026-03-12 06:19:14.000,26.4
2026-03-12 06:19:18.000,26.4
2026-03-12 06:19:18.000,27.6
2026-03-12 06:19:20.000,27.6
2026-03-12 06:19:20.000,26.4
2026-03-12 06:19:30.000,26.4
2026-03-12 06:19:30.000,27.6
2026-03-12 06:19:56.000,27.6
2026-03-12 06:19:56.000,26.4
2026-03-12 06:20:02.000,26.4
2026-03-12 06:20:02.000,27.6
2026-03-12 06:20:18.000,27.6
2026-03-12 06:20:18.000,28.8
2026-03-12 06:20:20.000,28.8
2026-03-12 06:20:20.000,27.6
2026-03-12 06:20:22.000,27.6
2026-03-12 06:20:22.000,22.8
2026-03-12 06:20:24.000,22.8
2026-03-12 06:20:24.000,24
2026-03-12 06:20:26.000,24
2026-03-12 06:20:26.000,21.6
2026-03-12 06:20:28.000,21.6
2026-03-12 06:20:28.000,22.8
2026-03-12 06:20:30.000,22.8
2026-03-12 06:20:30.000,21.6
2026-03-12 06:20:32.000,21.6
2026-03-12 06:20:32.000,22.8
2026-03-12 06:20:38.000,22.8
2026-03-12 06:20:38.000,24
2026-03-12 06:20:56.000,24
2026-03-12 06:20:56.000,25.2
2026-03-12 06:21:02.000,25.2
2026-03-12 06:21:02.000,24
2026-03-12 06:21:30.000,24
2026-03-12 06:21:30.000,25.2
2026-03-12 06:22:10.000,25.2
2026-03-12 06:22:10.000,26.4
2026-03-12 06:22:12.000,26.4
2026-03-12 06:22:12.000,28.8
2026-03-12 06:22:14.000,28.8
2026-03-12 06:22:14.000,27.6
2026-03-12 06:23:54.000,27.6
2026-03-12 06:23:54.000,28.8
2026-03-12 06:24:00.000,28.8
2026-03-12 06:24:00.000,30
2026-03-12 06:24:02.000,30
2026-03-12 06:24:02.000,32.4
2026-03-12 06:24:04.000,32.4
2026-03-12 06:24:04.000,34.8
2026-03-12 06:24:06.000,34.8
2026-03-12 06:24:06.000,39.6
2026-03-12 06:24:08.000,39.6
2026-03-12 06:24:08.000,40.8
2026-03-12 06:24:10.000,40.8
2026-03-12 06:24:10.000,44.4
2026-03-12 06:24:12.000,44.4
2026-03-12 06:24:12.000,45.6
2026-03-12 06:24:16.000,45.6
2026-03-12 06:24:16.000,46.8
2026-03-12 06:24:28.000,46.8
2026-03-12 06:24:28.000,45.6
2026-03-12 06:24:42.000,45.6
2026-03-12 06:24:42.000,44.4
2026-03-12 06:25:00.000,44.4
2026-03-12 06:25:00.000,45.6
2026-03-12 06:25:22.000,45.6
2026-03-12 06:25:22.000,44.4
2026-03-12 06:26:24.000,44.4
2026-03-12 06:26:24.000,45.6
2026-03-12 06:26:30.000,45.6
2026-03-12 06:26:30.000,46.8
2026-03-12 06:26:46.000,46.8
2026-03-12 06:26:46.000,48
2026-03-12 06:27:12.000,48
2026-03-12 06:27:12.000,49.2
2026-03-12 06:27:30.000,49.2
2026-03-12 06:27:30.000,48
2026-03-12 06:27:38.000,48
2026-03-12 06:27:38.000,46.8
2026-03-12 06:27:40.000,46.8
2026-03-12 06:27:40.000,43.2
2026-03-12 06:27:42.000,43.2
2026-03-12 06:27:42.000,39.6
2026-03-12 06:27:44.000,39.6
2026-03-12 06:27:44.000,37.2
2026-03-12 06:27:48.000,37.2
2026-03-12 06:27:48.000,36
2026-03-12 06:27:50.000,36
2026-03-12 06:27:50.000,37.2
2026-03-12 06:27:52.000,37.2
2026-03-12 06:27:52.000,38.4
2026-03-12 06:27:54.000,38.4
2026-03-12 06:27:54.000,39.6
2026-03-12 06:27:56.000,39.6
2026-03-12 06:27:56.000,40.8
2026-03-12 06:27:58.000,40.8
2026-03-12 06:27:58.000,42
2026-03-12 06:28:00.000,42
2026-03-12 06:28:00.000,43.2
2026-03-12 06:28:02.000,43.2
2026-03-12 06:28:02.000,44.4
2026-03-12 06:28:10.000,44.4
2026-03-12 06:28:10.000,45.6
2026-03-12 06:28:16.000,45.6
2026-03-12 06:28:16.000,46.8
2026-03-12 06:28:26.000,46.8
2026-03-12 06:28:26.000,45.6
2026-03-12 06:28:30.000,45.6
2026-03-12 06:28:30.000,44.4
2026-03-12 06:28:38.000,44.4
2026-03-12 06:28:38.000,45.6
2026-03-12 06:28:40.000,45.6
2026-03-12 06:28:40.000,44.4
2026-03-12 06:28:50.000,44.4
2026-03-12 06:28:50.000,45.6
2026-03-12 06:28:52.000,45.6
2026-03-12 06:28:52.000,44.4
2026-03-12 06:29:20.000,44.4
2026-03-12 06:29:20.000,39.6
2026-03-12 06:29:22.000,39.6
2026-03-12 06:29:22.000,33.6
2026-03-12 06:29:24.000,33.6
2026-03-12 06:29:24.000,19.2
2026-03-12 06:29:26.000,19.2
2026-03-12 06:29:26.000,21.6
2026-03-12 06:29:30.000,21.6
2026-03-12 06:29:30.000,18
2026-03-12 06:29:32.000,18
2026-03-12 06:29:32.000,20.4
2026-03-12 06:29:34.000,20.4
2026-03-12 06:29:34.000,19.2
2026-03-12 06:29:40.000,19.2
2026-03-12 06:29:40.000,20.4
2026-03-12 06:29:46.000,20.4
2026-03-12 06:29:46.000,21.6
2026-03-12 06:29:48.000,21.6
2026-03-12 06:29:48.000,22.8
2026-03-12 06:29:50.000,22.8
2026-03-12 06:29:50.000,24
2026-03-12 06:29:52.000,24
2026-03-12 06:29:52.000,25.2
2026-03-12 06:29:56.000,25.2
2026-03-12 06:29:56.000,26.4
2026-03-12 06:29:58.000,26.4
2026-03-12 06:29:58.000,27.6
2026-03-12 06:30:06.000,27.6
2026-03-12 06:30:06.000,28.8
2026-03-12 06:30:10.000,28.8
2026-03-12 06:30:10.000,27.6
2026-03-12 06:30:14.000,27.6
2026-03-12 06:30:14.000,28.8
2026-03-12 06:30:24.000,28.8
2026-03-12 06:30:24.000,27.6
2026-03-12 06:30:26.000,27.6
2026-03-12 06:30:26.000,26.4
2026-03-12 06:30:28.000,26.4
2026-03-12 06:30:28.000,22.8
2026-03-12 06:30:32.000,22.8
2026-03-12 06:30:32.000,20.4
2026-03-12 06:30:34.000,20.4
2026-03-12 06:30:34.000,21.6
2026-03-12 06:30:36.000,21.6
2026-03-12 06:30:36.000,20.4
2026-03-12 06:30:44.000,20.4
2026-03-12 06:30:44.000,21.6
2026-03-12 06:30:48.000,21.6
2026-03-12 06:30:48.000,22.8
2026-03-12 06:30:54.000,22.8
2026-03-12 06:30:54.000,24
2026-03-12 06:31:00.000,24
2026-03-12 06:31:00.000,25.2
2026-03-12 06:31:26.000,25.2
2026-03-12 06:31:26.000,26.4
2026-03-12 06:31:46.000,26.4
2026-03-12 06:31:46.000,27.6
2026-03-12 06:31:48.000,27.6
2026-03-12 06:31:48.000,32.4
2026-03-12 06:31:50.000,32.4
2026-03-12 06:31:50.000,33.6
2026-03-12 06:31:52.000,33.6
2026-03-12 06:31:52.000,30
2026-03-12 06:31:54.000,30
2026-03-12 06:31:54.000,22.8
2026-03-12 06:31:56.000,22.8
2026-03-12 06:31:56.000,18
2026-03-12 06:31:58.000,18
2026-03-12 06:31:58.000,25.2
2026-03-12 06:32:00.000,25.2
2026-03-12 06:32:00.000,22.8
2026-03-12 06:32:02.000,22.8
2026-03-12 06:32:02.000,25.2
2026-03-12 06:32:04.000,25.2
2026-03-12 06:32:04.000,28.8
2026-03-12 06:32:06.000,28.8
2026-03-12 06:32:06.000,30
2026-03-12 06:32:08.000,30
2026-03-12 06:32:08.000,32.4
2026-03-12 06:32:10.000,32.4
2026-03-12 06:32:10.000,37.2
2026-03-12 06:32:12.000,37.2
2026-03-12 06:32:12.000,39.6
2026-03-12 06:32:14.000,39.6
2026-03-12 06:32:14.000,36
2026-03-12 06:32:16.000,36
2026-03-12 06:32:16.000,38.4
2026-03-12 06:32:18.000,38.4
2026-03-12 06:32:18.000,34.8
2026-03-12 06:32:22.000,34.8
2026-03-12 06:32:22.000,32.4
2026-03-12 06:32:24.000,32.4
2026-03-12 06:32:24.000,33.6
2026-03-12 06:32:26.000,33.6
2026-03-12 06:32:26.000,32.4
2026-03-12 06:32:30.000,32.4
2026-03-12 06:32:30.000,33.6
2026-03-12 06:32:32.000,33.6
2026-03-12 06:32:32.000,37.2
2026-03-12 06:32:34.000,37.2
2026-03-12 06:32:34.000,45.6
2026-03-12 06:32:36.000,45.6
2026-03-12 06:32:36.000,46.8
2026-03-12 06:32:38.000,46.8
2026-03-12 06:32:38.000,51.6
2026-03-12 06:32:40.000,51.6
2026-03-12 06:32:40.000,52.8
2026-03-12 06:32:42.000,52.8
2026-03-12 06:32:42.000,54
2026-03-12 06:32:46.000,54
2026-03-12 06:32:46.000,55.2
2026-03-12 06:32:50.000,55.2
2026-03-12 06:32:50.000,56.4
2026-03-12 06:32:52.000,56.4
2026-03-12 06:32:52.000,55.2
2026-03-12 06:32:54.000,55.2
2026-03-12 06:32:54.000,51.6
2026-03-12 06:33:10.000,51.6
2026-03-12 06:33:10.000,52.8
2026-03-12 06:33:14.000,52.8
2026-03-12 06:33:14.000,51.6
2026-03-12 06:33:20.000,51.6
2026-03-12 06:33:20.000,52.8
2026-03-12 06:33:32.000,52.8
2026-03-12 06:33:32.000,54
2026-03-12 06:33:46.000,54
2026-03-12 06:33:46.000,55.2
2026-03-12 06:33:58.000,55.2
2026-03-12 06:33:58.000,54
2026-03-12 06:34:12.000,54
2026-03-12 06:34:12.000,55.2
2026-03-12 06:34:20.000,55.2
2026-03-12 06:34:20.000,56.4
2026-03-12 06:34:26.000,56.4
2026-03-12 06:34:26.000,55.2
2026-03-12 06:34:40.000,55.2
2026-03-12 06:34:40.000,54
2026-03-12 06:34:46.000,54
2026-03-12 06:34:46.000,52.8
2026-03-12 06:34:56.000,52.8
2026-03-12 06:34:56.000,54
2026-03-12 06:34:58.000,54
2026-03-12 06:34:58.000,52.8
2026-03-12 06:35:00.000,52.8
2026-03-12 06:35:00.000,54
2026-03-12 06:35:10.000,54
2026-03-12 06:35:10.000,55.2
2026-03-12 06:35:14.000,55.2
2026-03-12 06:35:14.000,54
2026-03-12 06:35:26.000,54
2026-03-12 06:35:26.000,55.2
2026-03-12 06:35:38.000,55.2
2026-03-12 06:35:38.000,56.4
2026-03-12 06:35:46.000,56.4
2026-03-12 06:35:46.000,55.2
2026-03-12 06:35:56.000,55.2
2026-03-12 06:35:56.000,56.4
2026-03-12 06:35:58.000,56.4
2026-03-12 06:35:58.000,57.6
2026-03-12 06:36:00.000,57.6
2026-03-12 06:36:00.000,58.8
2026-03-12 06:36:02.000,58.8
2026-03-12 06:36:02.000,57.6
2026-03-12 06:36:04.000,57.6
2026-03-12 06:36:04.000,56.4
2026-03-12 06:36:06.000,56.4
2026-03-12 06:36:06.000,55.2
2026-03-12 06:36:08.000,55.2
2026-03-12 06:36:08.000,52.8
2026-03-12 06:36:10.000,52.8
2026-03-12 06:36:10.000,46.8
2026-03-12 06:36:12.000,46.8
2026-03-12 06:36:12.000,33.6
2026-03-12 06:36:14.000,33.6
2026-03-12 06:36:14.000,28.8
2026-03-12 06:36:16.000,28.8
2026-03-12 06:36:16.000,26.4
2026-03-12 06:36:18.000,26.4
2026-03-12 06:36:18.000,27.6
2026-03-12 06:36:24.000,27.6
2026-03-12 06:36:24.000,28.8
2026-03-12 06:36:26.000,28.8
2026-03-12 06:36:26.000,32.4
2026-03-12 06:36:28.000,32.4
2026-03-12 06:36:28.000,33.6
2026-03-12 06:36:30.000,33.6
2026-03-12 06:36:30.000,37.2
2026-03-12 06:36:32.000,37.2
2026-03-12 06:36:32.000,36
2026-03-12 06:36:34.000,36
2026-03-12 06:36:34.000,39.6
2026-03-12 06:36:38.000,39.6
2026-03-12 06:36:38.000,42
2026-03-12 06:36:40.000,42
2026-03-12 06:36:40.000,40.8
2026-03-12 06:36:50.000,40.8
2026-03-12 06:36:50.000,42
2026-03-12 06:36:52.000,42
2026-03-12 06:36:52.000,40.8
2026-03-12 06:36:58.000,40.8
2026-03-12 06:36:58.000,39.6
2026-03-12 06:37:04.000,39.6
2026-03-12 06:37:04.000,40.8
2026-03-12 06:37:10.000,40.8
2026-03-12 06:37:10.000,42
2026-03-12 06:37:20.000,42
2026-03-12 06:37:20.000,40.8
2026-03-12 06:37:24.000,40.8
2026-03-12 06:37:24.000,37.2
2026-03-12 06:37:26.000,37.2
2026-03-12 06:37:26.000,38.4
2026-03-12 06:37:30.000,38.4
2026-03-12 06:37:30.000,39.6
2026-03-12 06:37:34.000,39.6
2026-03-12 06:37:34.000,40.8
2026-03-12 06:37:36.000,40.8
2026-03-12 06:37:36.000,42
2026-03-12 06:37:38.000,42
2026-03-12 06:37:38.000,43.2
2026-03-12 06:37:42.000,43.2
2026-03-12 06:37:42.000,44.4
2026-03-12 06:37:44.000,44.4
2026-03-12 06:37:44.000,45.6
2026-03-12 06:37:48.000,45.6
2026-03-12 06:37:48.000,46.8
2026-03-12 06:38:02.000,46.8
2026-03-12 06:38:02.000,44.4
2026-03-12 06:38:04.000,44.4
2026-03-12 06:38:04.000,42
2026-03-12 06:38:06.000,42
2026-03-12 06:38:06.000,39.6
2026-03-12 06:38:08.000,39.6
2026-03-12 06:38:08.000,40.8
2026-03-12 06:38:10.000,40.8
2026-03-12 06:38:10.000,43.2
2026-03-12 06:38:14.000,43.2
2026-03-12 06:38:14.000,44.4
2026-03-12 06:38:16.000,44.4
2026-03-12 06:38:16.000,45.6
2026-03-12 06:38:18.000,45.6
2026-03-12 06:38:18.000,46.8
2026-03-12 06:38:22.000,46.8
2026-03-12 06:38:22.000,48
2026-03-12 06:38:32.000,48
2026-03-12 06:38:32.000,46.8
2026-03-12 06:38:40.000,46.8
2026-03-12 06:38:40.000,45.6
2026-03-12 06:38:42.000,45.6
2026-03-12 06:38:42.000,43.2
2026-03-12 06:38:44.000,43.2
2026-03-12 06:38:44.000,40.8
2026-03-12 06:38:46.000,40.8
2026-03-12 06:38:46.000,39.6
2026-03-12 06:38:52.000,39.6
2026-03-12 06:38:52.000,42
2026-03-12 06:38:56.000,42
2026-03-12 06:38:56.000,39.6
2026-03-12 06:38:58.000,39.6
2026-03-12 06:38:58.000,34.8
2026-03-12 06:39:00.000,34.8
2026-03-12 06:39:00.000,27.6
2026-03-12 06:39:02.000,27.6
2026-03-12 06:39:02.000,21.6
2026-03-12 06:39:04.000,21.6
2026-03-12 06:39:04.000,28.8
2026-03-12 06:39:06.000,28.8
2026-03-12 06:39:06.000,21.6
2026-03-12 06:39:08.000,21.6
2026-03-12 06:39:08.000,24
2026-03-12 06:39:12.000,24
2026-03-12 06:39:12.000,27.6
2026-03-12 06:39:14.000,27.6
2026-03-12 06:39:14.000,30
2026-03-12 06:39:16.000,30
2026-03-12 06:39:16.000,31.2
2026-03-12 06:39:20.000,31.2
2026-03-12 06:39:20.000,32.4
2026-03-12 06:39:22.000,32.4
2026-03-12 06:39:22.000,33.6
2026-03-12 06:39:24.000,33.6
2026-03-12 06:39:24.000,34.8
2026-03-12 06:39:26.000,34.8
2026-03-12 06:39:26.000,36
2026-03-12 06:39:28.000,36
2026-03-12 06:39:28.000,38.4
2026-03-12 06:39:32.000,38.4
2026-03-12 06:39:32.000,40.8
2026-03-12 06:39:36.000,40.8
2026-03-12 06:39:36.000,42
2026-03-12 06:39:46.000,42
2026-03-12 06:39:46.000,43.2
2026-03-12 06:39:56.000,43.2
2026-03-12 06:39:56.000,42
2026-03-12 06:39:58.000,42
2026-03-12 06:39:58.000,43.2
2026-03-12 06:40:18.000,43.2
2026-03-12 06:40:18.000,44.4
2026-03-12 06:40:20.000,44.4
2026-03-12 06:40:20.000,43.2
2026-03-12 06:40:38.000,43.2
2026-03-12 06:40:38.000,44.4
2026-03-12 06:40:44.000,44.4
2026-03-12 06:40:44.000,43.2
2026-03-12 06:41:12.000,43.2
2026-03-12 06:41:12.000,42
2026-03-12 06:41:20.000,42
2026-03-12 06:41:20.000,39.6
2026-03-12 06:41:26.000,39.6
2026-03-12 06:41:26.000,40.8
2026-03-12 06:41:32.000,40.8
2026-03-12 06:41:32.000,42
2026-03-12 06:41:38.000,42
2026-03-12 06:41:38.000,43.2
2026-03-12 06:41:42.000,43.2
2026-03-12 06:41:42.000,44.4
2026-03-12 06:41:50.000,44.4
2026-03-12 06:41:50.000,45.6
2026-03-12 06:41:52.000,45.6
2026-03-12 06:41:52.000,40.8
2026-03-12 06:41:54.000,40.8
2026-03-12 06:41:54.000,39.6
2026-03-12 06:41:56.000,39.6
2026-03-12 06:41:56.000,31.2
2026-03-12 06:41:58.000,31.2
2026-03-12 06:41:58.000,34.8
2026-03-12 06:42:00.000,34.8
2026-03-12 06:42:00.000,37.2
2026-03-12 06:42:02.000,37.2
2026-03-12 06:42:02.000,38.4
2026-03-12 06:42:06.000,38.4
2026-03-12 06:42:06.000,39.6
2026-03-12 06:42:10.000,39.6
2026-03-12 06:42:10.000,40.8
2026-03-12 06:42:12.000,40.8
2026-03-12 06:42:12.000,42
2026-03-12 06:42:16.000,42
2026-03-12 06:42:16.000,43.2
2026-03-12 06:42:18.000,43.2
2026-03-12 06:42:18.000,45.6
2026-03-12 06:42:22.000,45.6
2026-03-12 06:42:22.000,46.8
2026-03-12 06:42:26.000,46.8
2026-03-12 06:42:26.000,49.2
2026-03-12 06:42:30.000,49.2
2026-03-12 06:42:30.000,51.6
2026-03-12 06:42:32.000,51.6
2026-03-12 06:42:32.000,55.2
2026-03-12 06:42:34.000,55.2
2026-03-12 06:42:34.000,57.6
2026-03-12 06:42:36.000,57.6
2026-03-12 06:42:36.000,60
2026-03-12 06:42:38.000,60
2026-03-12 06:42:38.000,58.8
2026-03-12 06:42:40.000,58.8
2026-03-12 06:42:40.000,60
2026-03-12 06:42:46.000,60
2026-03-12 06:42:46.000,58.8
2026-03-12 06:42:48.000,58.8
2026-03-12 06:42:48.000,48
2026-03-12 06:42:50.000,48
2026-03-12 06:42:50.000,25.2
2026-03-12 06:42:52.000,25.2
2026-03-12 06:42:52.000,3.6
2026-03-12 06:42:54.000,3.6
2026-03-12 06:42:54.000,9.6
2026-03-12 06:42:56.000,9.6
2026-03-12 06:42:56.000,12
2026-03-12 06:42:58.000,12
2026-03-12 06:42:58.000,9.6
2026-03-12 06:43:00.000,9.6
2026-03-12 06:43:00.000,10.8
2026-03-12 06:43:06.000,10.8
2026-03-12 06:43:06.000,12
2026-03-12 06:43:10.000,12
2026-03-12 06:43:10.000,13.2
2026-03-12 06:43:20.000,13.2
2026-03-12 06:43:20.000,12
2026-03-12 06:43:22.000,12
2026-03-12 06:43:22.000,10.8
2026-03-12 06:43:50.000,10.8
2026-03-12 06:43:50.000,14.4
2026-03-12 06:43:54.000,14.4
2026-03-12 06:43:54.000,15.6
2026-03-12 06:43:56.000,15.6
2026-03-12 06:43:56.000,18
2026-03-12 06:44:02.000,18
2026-03-12 06:44:02.000,19.2
2026-03-12 06:44:18.000,19.2
2026-03-12 06:44:18.000,20.4
2026-03-12 06:44:32.000,20.4
2026-03-12 06:44:32.000,19.2
2026-03-12 06:44:36.000,19.2
2026-03-12 06:44:36.000,20.4
2026-03-12 06:44:38.000,20.4
2026-03-12 06:44:38.000,19.2
2026-03-12 06:45:32.000,19.2
2026-03-12 06:45:32.000,20.4
2026-03-12 06:45:40.000,20.4
2026-03-12 06:45:40.000,19.2
2026-03-12 06:46:16.000,19.2
2026-03-12 06:46:16.000,20.4
2026-03-12 06:46:20.000,20.4
2026-03-12 06:46:20.000,19.2
2026-03-12 06:46:22.000,19.2
2026-03-12 06:46:22.000,20.4
2026-03-12 06:46:26.000,20.4
2026-03-12 06:46:26.000,19.2
2026-03-12 06:46:42.000,19.2
2026-03-12 06:46:42.000,20.4
2026-03-12 06:46:50.000,20.4
2026-03-12 06:46:50.000,21.6
2026-03-12 06:46:52.000,21.6
2026-03-12 06:46:52.000,20.4
2026-03-12 06:46:54.000,20.4
2026-03-12 06:46:54.000,22.8
2026-03-12 06:46:56.000,22.8
2026-03-12 06:46:56.000,20.4
2026-03-12 06:47:00.000,20.4
2026-03-12 06:47:00.000,19.2
2026-03-12 06:47:10.000,19.2
2026-03-12 06:47:10.000,20.4
2026-03-12 06:47:12.000,20.4
2026-03-12 06:47:12.000,19.2
2026-03-12 06:47:14.000,19.2
2026-03-12 06:47:14.000,20.4
2026-03-12 06:48:08.000,20.4
2026-03-12 06:48:08.000,21.6
2026-03-12 06:48:10.000,21.6
2026-03-12 06:48:10.000,20.4
2026-03-12 06:48:12.000,20.4
2026-03-12 06:48:12.000,19.2
2026-03-12 06:48:14.000,19.2
2026-03-12 06:48:14.000,18
2026-03-12 06:48:16.000,18
2026-03-12 06:48:16.000,19.2
2026-03-12 06:48:18.000,19.2
2026-03-12 06:48:18.000,18
2026-03-12 06:48:20.000,18
2026-03-12 06:48:20.000,19.2
2026-03-12 06:48:38.000,19.2
2026-03-12 06:48:38.000,20.4
2026-03-12 06:48:46.000,20.4
2026-03-12 06:48:46.000,19.2
2026-03-12 06:49:12.000,19.2
2026-03-12 06:49:12.000,20.4
2026-03-12 06:49:28.000,20.4
2026-03-12 06:49:28.000,19.2
2026-03-12 06:49:30.000,19.2
2026-03-12 06:49:30.000,20.4
2026-03-12 06:50:00.000,20.4
2026-03-12 06:50:00.000,19.2
2026-03-12 06:50:02.000,19.2
2026-03-12 06:50:02.000,20.4
2026-03-12 06:50:12.000,20.4
2026-03-12 06:50:12.000,21.6
2026-03-12 06:50:14.000,21.6
2026-03-12 06:50:14.000,20.4
2026-03-12 06:50:26.000,20.4
2026-03-12 06:50:26.000,21.6
2026-03-12 06:50:30.000,21.6
2026-03-12 06:50:30.000,20.4
2026-03-12 06:50:32.000,20.4
2026-03-12 06:50:32.000,21.6
2026-03-12 06:50:40.000,21.6
2026-03-12 06:50:40.000,20.4
2026-03-12 06:50:50.000,20.4
2026-03-12 06:50:50.000,21.6
2026-03-12 06:50:54.000,21.6
2026-03-12 06:50:54.000,16.8
2026-03-12 06:50:56.000,16.8
2026-03-12 06:50:56.000,19.2
2026-03-12 06:50:58.000,19.2
2026-03-12 06:50:58.000,18
2026-03-12 06:51:00.000,18
2026-03-12 06:51:00.000,19.2
2026-03-12 06:51:04.000,19.2
2026-03-12 06:51:04.000,20.4
2026-03-12 06:51:08.000,20.4
2026-03-12 06:51:08.000,21.6
2026-03-12 06:51:16.000,21.6
2026-03-12 06:51:16.000,22.8
2026-03-12 06:51:20.000,22.8
2026-03-12 06:51:20.000,24
2026-03-12 06:51:26.000,24
2026-03-12 06:51:26.000,21.6
2026-03-12 06:51:28.000,21.6
2026-03-12 06:51:28.000,20.4
2026-03-12 06:51:30.000,20.4
2026-03-12 06:51:30.000,21.6
2026-03-12 06:51:48.000,21.6
2026-03-12 06:51:48.000,22.8
2026-03-12 06:51:50.000,22.8
2026-03-12 06:51:50.000,24
2026-03-12 06:51:54.000,24
2026-03-12 06:51:54.000,25.2
2026-03-12 06:51:58.000,25.2
2026-03-12 06:51:58.000,26.4
2026-03-12 06:52:00.000,26.4
2026-03-12 06:52:00.000,27.6
2026-03-12 06:52:04.000,27.6
2026-03-12 06:52:04.000,28.8
2026-03-12 06:52:06.000,28.8
2026-03-12 06:52:06.000,31.2
2026-03-12 06:52:08.000,31.2
2026-03-12 06:52:08.000,27.6
2026-03-12 06:52:10.000,27.6
2026-03-12 06:52:10.000,28.8
2026-03-12 06:52:12.000,28.8
2026-03-12 06:52:12.000,25.2
2026-03-12 06:52:18.000,25.2
2026-03-12 06:52:18.000,26.4
2026-03-12 06:52:22.000,26.4
2026-03-12 06:52:22.000,28.8
2026-03-12 06:52:24.000,28.8
2026-03-12 06:52:24.000,30
2026-03-12 06:52:26.000,30
2026-03-12 06:52:26.000,32.4
2026-03-12 06:52:28.000,32.4
2026-03-12 06:52:28.000,33.6
2026-03-12 06:52:30.000,33.6
2026-03-12 06:52:30.000,36
2026-03-12 06:52:32.000,36
2026-03-12 06:52:32.000,37.2
2026-03-12 06:52:34.000,37.2
2026-03-12 06:52:34.000,38.4
2026-03-12 06:52:36.000,38.4
2026-03-12 06:52:36.000,39.6
2026-03-12 06:52:48.000,39.6
2026-03-12 06:52:48.000,38.4
2026-03-12 06:52:50.000,38.4
2026-03-12 06:52:50.000,39.6
2026-03-12 06:52:52.000,39.6
2026-03-12 06:52:52.000,40.8
2026-03-12 06:52:54.000,40.8
2026-03-12 06:52:54.000,36
2026-03-12 06:52:56.000,36
2026-03-12 06:52:56.000,34.8
2026-03-12 06:53:00.000,34.8
2026-03-12 06:53:00.000,37.2
2026-03-12 06:53:02.000,37.2
2026-03-12 06:53:02.000,39.6
2026-03-12 06:53:04.000,39.6
2026-03-12 06:53:04.000,44.4
2026-03-12 06:53:06.000,44.4
2026-03-12 06:53:06.000,45.6
2026-03-12 06:53:14.000,45.6
2026-03-12 06:53:14.000,46.8
2026-03-12 06:53:18.000,46.8
2026-03-12 06:53:18.000,48
2026-03-12 06:53:20.000,48
2026-03-12 06:53:20.000,50.4
2026-03-12 06:53:22.000,50.4
2026-03-12 06:53:22.000,49.2
2026-03-12 06:53:24.000,49.2
2026-03-12 06:53:24.000,50.4
2026-03-12 06:53:26.000,50.4
2026-03-12 06:53:26.000,49.2
2026-03-12 06:53:32.000,49.2
2026-03-12 06:53:32.000,48
2026-03-12 06:53:40.000,48
2026-03-12 06:53:40.000,49.2
2026-03-12 06:53:46.000,49.2
2026-03-12 06:53:46.000,50.4
2026-03-12 06:53:52.000,50.4
2026-03-12 06:53:52.000,51.6
2026-03-12 06:54:14.000,51.6
2026-03-12 06:54:14.000,52.8
2026-03-12 06:54:20.000,52.8
2026-03-12 06:54:20.000,54
2026-03-12 06:54:28.000,54
2026-03-12 06:54:28.000,55.2
2026-03-12 06:54:38.000,55.2
2026-03-12 06:54:38.000,56.4
2026-03-12 06:54:54.000,56.4
2026-03-12 06:54:54.000,57.6
2026-03-12 06:54:58.000,57.6
2026-03-12 06:54:58.000,52.8
2026-03-12 06:55:00.000,52.8
2026-03-12 06:55:00.000,46.8
2026-03-12 06:55:02.000,46.8
2026-03-12 06:55:02.000,12
2026-03-12 06:55:04.000,12
2026-03-12 06:55:04.000,33.6
2026-03-12 06:55:06.000,33.6
2026-03-12 06:55:06.000,28.8
2026-03-12 06:55:10.000,28.8
2026-03-12 06:55:10.000,30
2026-03-12 06:55:12.000,30
2026-03-12 06:55:12.000,27.6
2026-03-12 06:55:14.000,27.6
2026-03-12 06:55:14.000,28.8
2026-03-12 06:55:16.000,28.8
2026-03-12 06:55:16.000,27.6
2026-03-12 06:55:20.000,27.6
2026-03-12 06:55:20.000,26.4
2026-03-12 06:55:24.000,26.4
2026-03-12 06:55:24.000,27.6
2026-03-12 06:55:28.000,27.6
2026-03-12 06:55:28.000,28.8
2026-03-12 06:55:32.000,28.8
2026-03-12 06:55:32.000,30
2026-03-12 06:55:36.000,30
2026-03-12 06:55:36.000,31.2
2026-03-12 06:55:42.000,31.2
2026-03-12 06:55:42.000,30
2026-03-12 06:55:46.000,30
2026-03-12 06:55:46.000,27.6
2026-03-12 06:56:00.000,27.6
2026-03-12 06:56:00.000,28.8
2026-03-12 06:56:02.000,28.8
2026-03-12 06:56:02.000,30
2026-03-12 06:56:10.000,30
2026-03-12 06:56:10.000,31.2
2026-03-12 06:56:20.000,31.2
2026-03-12 06:56:20.000,30
2026-03-12 06:56:32.000,30
2026-03-12 06:56:32.000,28.8
2026-03-12 06:56:40.000,28.8
2026-03-12 06:56:40.000,30
2026-03-12 06:57:12.000,30
2026-03-12 06:57:12.000,28.8
2026-03-12 06:57:16.000,28.8
2026-03-12 06:57:16.000,30
2026-03-12 06:57:34.000,30
2026-03-12 06:57:34.000,32.4
2026-03-12 06:57:38.000,32.4
2026-03-12 06:57:38.000,33.6
2026-03-12 06:57:54.000,33.6
2026-03-12 06:57:54.000,34.8
2026-03-12 06:57:58.000,34.8
2026-03-12 06:57:58.000,36
2026-03-12 06:58:02.000,36
2026-03-12 06:58:02.000,37.2
2026-03-12 06:58:12.000,37.2
2026-03-12 06:58:12.000,38.4
2026-03-12 06:58:32.000,38.4
2026-03-12 06:58:32.000,39.6
2026-03-12 06:58:34.000,39.6
2026-03-12 06:58:34.000,40.8
2026-03-12 06:58:36.000,40.8
2026-03-12 06:58:36.000,42
2026-03-12 06:58:42.000,42
2026-03-12 06:58:42.000,40.8
2026-03-12 06:58:44.000,40.8
2026-03-12 06:58:44.000,42
2026-03-12 06:58:48.000,42
2026-03-12 06:58:48.000,44.4
2026-03-12 06:58:50.000,44.4
2026-03-12 06:58:50.000,45.6
2026-03-12 06:58:54.000,45.6
2026-03-12 06:58:54.000,46.8
2026-03-12 06:58:56.000,46.8
2026-03-12 06:58:56.000,45.6
2026-03-12 06:58:58.000,45.6
2026-03-12 06:58:58.000,46.8
2026-03-12 06:59:14.000,46.8
2026-03-12 06:59:14.000,45.6
2026-03-12 06:59:16.000,45.6
2026-03-12 06:59:16.000,46.8
2026-03-12 06:59:20.000,46.8
2026-03-12 06:59:20.000,45.6
2026-03-12 06:59:32.000,45.6
2026-03-12 06:59:32.000,46.8
2026-03-12 06:59:34.000,46.8
2026-03-12 06:59:34.000,45.6
2026-03-12 06:59:38.000,45.6
2026-03-12 06:59:38.000,44.4
2026-03-12 06:59:52.000,44.4
2026-03-12 06:59:52.000,45.6
2026-03-12 07:00:18.000,45.6
2026-03-12 07:00:18.000,44.4
2026-03-12 07:00:20.000,44.4
2026-03-12 07:00:20.000,45.6
2026-03-12 07:00:24.000,45.6
2026-03-12 07:00:24.000,43.2
2026-03-12 07:00:26.000,43.2
2026-03-12 07:00:26.000,39.6
2026-03-12 07:00:28.000,39.6
2026-03-12 07:00:28.000,34.8
2026-03-12 07:00:30.000,34.8
2026-03-12 07:00:30.000,25.2
2026-03-12 07:00:32.000,25.2
2026-03-12 07:00:32.000,14.4
2026-03-12 07:00:42.000,14.4
2026-03-12 07:00:42.000,13.2
2026-03-12 07:00:48.000,13.2
2026-03-12 07:00:48.000,14.4
2026-03-12 07:01:00.000,14.4
2026-03-12 07:01:00.000,13.2
2026-03-12 07:01:08.000,13.2
2026-03-12 07:01:08.000,10.8
2026-03-12 07:01:16.000,10.8
2026-03-12 07:01:16.000,12
2026-03-12 07:01:26.000,12
2026-03-12 07:01:26.000,13.2
2026-03-12 07:01:40.000,13.2
2026-03-12 07:01:40.000,12
2026-03-12 07:02:04.000,12
2026-03-12 07:02:04.000,13.2
2026-03-12 07:02:08.000,13.2
2026-03-12 07:02:08.000,14.4
2026-03-12 07:02:12.000,14.4
2026-03-12 07:02:12.000,15.6
2026-03-12 07:02:14.000,15.6
2026-03-12 07:02:14.000,16.8
2026-03-12 07:02:20.000,16.8
2026-03-12 07:02:20.000,18
2026-03-12 07:02:46.000,18
2026-03-12 07:02:46.000,19.2
2026-03-12 07:03:24.000,19.2
2026-03-12 07:03:24.000,18
2026-03-12 07:03:28.000,18
2026-03-12 07:03:28.000,19.2
2026-03-12 07:03:34.000,19.2
2026-03-12 07:03:34.000,20.4
2026-03-12 07:03:38.000,20.4
2026-03-12 07:03:38.000,21.6
2026-03-12 07:03:50.000,21.6
2026-03-12 07:03:50.000,22.8
2026-03-12 07:04:04.000,22.8
2026-03-12 07:04:04.000,24
2026-03-12 07:04:06.000,24
2026-03-12 07:04:06.000,22.8
2026-03-12 07:04:08.000,22.8
2026-03-12 07:04:08.000,24
2026-03-12 07:04:10.000,24
2026-03-12 07:04:10.000,22.8
2026-03-12 07:04:20.000,22.8
2026-03-12 07:04:20.000,24
2026-03-12 07:04:56.000,24
2026-03-12 07:04:56.000,22.8
2026-03-12 07:05:00.000,22.8
2026-03-12 07:05:00.000,21.6
2026-03-12 07:05:02.000,21.6
2026-03-12 07:05:02.000,22.8
2026-03-12 07:05:08.000,22.8
2026-03-12 07:05:08.000,24
2026-03-12 07:05:12.000,24
2026-03-12 07:05:12.000,25.2
2026-03-12 07:05:24.000,25.2
2026-03-12 07:05:24.000,26.4
2026-03-12 07:05:26.000,26.4
2026-03-12 07:05:26.000,25.2
2026-03-12 07:07:20.000,25.2
2026-03-12 07:07:20.000,24
2026-03-12 07:07:40.000,24
2026-03-12 07:07:40.000,25.2
2026-03-12 07:08:04.000,25.2
2026-03-12 07:08:04.000,24
2026-03-12 07:08:28.000,24
2026-03-12 07:08:28.000,25.2
2026-03-12 07:08:30.000,25.2
2026-03-12 07:08:30.000,24
2026-03-12 07:09:40.000,24
2026-03-12 07:09:40.000,25.2
2026-03-12 07:09:44.000,25.2
2026-03-12 07:09:44.000,24
2026-03-12 07:09:46.000,24
2026-03-12 07:09:46.000,22.8
2026-03-12 07:09:50.000,22.8
2026-03-12 07:09:50.000,21.6
2026-03-12 07:10:04.000,21.6
2026-03-12 07:10:04.000,22.8
2026-03-12 07:10:44.000,22.8
2026-03-12 07:10:44.000,24
2026-03-12 07:11:50.000,24
2026-03-12 07:11:50.000,22.8
2026-03-12 07:11:52.000,22.8
2026-03-12 07:11:52.000,20.4
2026-03-12 07:11:56.000,20.4
2026-03-12 07:11:56.000,18
2026-03-12 07:12:00.000,18
2026-03-12 07:12:00.000,16.8
2026-03-12 07:12:08.000,16.8
2026-03-12 07:12:08.000,18
2026-03-12 07:12:12.000,18
2026-03-12 07:12:12.000,16.8
2026-03-12 07:12:30.000,16.8
2026-03-12 07:12:30.000,18
2026-03-12 07:13:46.000,18
2026-03-12 07:13:46.000,19.2
2026-03-12 07:13:58.000,19.2
2026-03-12 07:13:58.000,18
2026-03-12 07:14:00.000,18
2026-03-12 07:14:00.000,19.2
2026-03-12 07:14:16.000,19.2
2026-03-12 07:14:16.000,18
2026-03-12 07:14:18.000,18
2026-03-12 07:14:18.000,19.2
2026-03-12 07:15:02.000,19.2
2026-03-12 07:15:02.000,18
2026-03-12 07:15:04.000,18
2026-03-12 07:15:04.000,19.2
2026-03-12 07:18:30.000,19.2
2026-03-12 07:18:30.000,20.4
2026-03-12 07:18:32.000,20.4
2026-03-12 07:18:32.000,19.2
2026-03-12 07:19:02.000,19.2
2026-03-12 07:19:02.000,20.4
2026-03-12 07:19:06.000,20.4
2026-03-12 07:19:06.000,19.2
2026-03-12 07:19:32.000,19.2
2026-03-12 07:19:32.000,20.4
2026-03-12 07:19:42.000,20.4
2026-03-12 07:19:42.000,19.2
2026-03-12 07:20:00.000,19.2
