Timestamp_ET,LeakRate_Lpm
2026-03-14 00:38:13.000,2.4
2026-03-14 00:38:15.000,2.4
2026-03-14 00:38:15.000,8.4
2026-03-14 00:38:17.000,8.4
2026-03-14 00:38:17.000,7.2
2026-03-14 00:38:19.000,7.2
2026-03-14 00:38:19.000,8.4
2026-03-14 00:38:21.000,8.4
2026-03-14 00:38:21.000,9.6
2026-03-14 00:38:25.000,9.6
2026-03-14 00:38:25.000,10.8
2026-03-14 00:38:29.000,10.8
2026-03-14 00:38:29.000,12
2026-03-14 00:38:31.000,12
2026-03-14 00:38:31.000,10.8
2026-03-14 00:38:33.000,10.8
2026-03-14 00:38:33.000,15.6
2026-03-14 00:38:35.000,15.6
2026-03-14 00:38:35.000,10.8
2026-03-14 00:38:39.000,10.8
2026-03-14 00:38:39.000,12
2026-03-14 00:38:41.000,12
2026-03-14 00:38:41.000,8.4
2026-03-14 00:38:43.000,8.4
2026-03-14 00:38:43.000,10.8
2026-03-14 00:39:03.000,10.8
2026-03-14 00:39:03.000,12
2026-03-14 00:39:07.000,12
2026-03-14 00:39:07.000,13.2
2026-03-14 00:39:11.000,13.2
2026-03-14 00:39:11.000,12
2026-03-14 00:39:13.000,12
2026-03-14 00:39:13.000,10.8
2026-03-14 00:39:25.000,10.8
2026-03-14 00:39:25.000,12
2026-03-14 00:39:31.000,12
2026-03-14 00:39:31.000,13.2
2026-03-14 00:39:39.000,13.2
2026-03-14 00:39:39.000,12
2026-03-14 00:39:47.000,12
2026-03-14 00:39:47.000,10.8
2026-03-14 00:39:53.000,10.8
2026-03-14 00:39:53.000,12
2026-03-14 00:39:59.000,12
2026-03-14 00:39:59.000,13.2
2026-03-14 00:40:07.000,13.2
2026-03-14 00:40:07.000,12
2026-03-14 00:43:09.000,12
2026-03-14 00:43:09.000,10.8
2026-03-14 00:43:11.000,10.8
2026-03-14 00:43:11.000,12
2026-03-14 00:43:29.000,12
2026-03-14 00:43:29.000,10.8
2026-03-14 00:43:33.000,10.8
2026-03-14 00:43:33.000,12
2026-03-14 00:43:53.000,12
2026-03-14 00:43:53.000,10.8
2026-03-14 00:43:55.000,10.8
2026-03-14 00:43:55.000,12
2026-03-14 00:44:01.000,12
2026-03-14 00:44:01.000,10.8
2026-03-14 00:44:03.000,10.8
2026-03-14 00:44:03.000,12
2026-03-14 00:44:25.000,12
2026-03-14 00:44:25.000,10.8
2026-03-14 00:44:27.000,10.8
2026-03-14 00:44:27.000,12
2026-03-14 00:44:39.000,12
2026-03-14 00:44:39.000,10.8
2026-03-14 00:44:43.000,10.8
2026-03-14 00:44:43.000,12
2026-03-14 00:44:59.000,12
2026-03-14 00:44:59.000,10.8
2026-03-14 00:45:01.000,10.8
2026-03-14 00:45:01.000,12
2026-03-14 00:45:27.000,12
2026-03-14 00:45:27.000,10.8
2026-03-14 00:45:29.000,10.8
2026-03-14 00:45:29.000,12
2026-03-14 00:45:41.000,12
2026-03-14 00:45:41.000,10.8
2026-03-14 00:45:43.000,10.8
2026-03-14 00:45:43.000,12
2026-03-14 00:45:51.000,12
2026-03-14 00:45:51.000,10.8
2026-03-14 00:45:53.000,10.8
2026-03-14 00:45:53.000,12
2026-03-14 00:46:13.000,12
2026-03-14 00:46:13.000,10.8
2026-03-14 00:46:21.000,10.8
2026-03-14 00:46:21.000,12
2026-03-14 00:46:37.000,12
2026-03-14 00:46:37.000,10.8
2026-03-14 00:46:39.000,10.8
2026-03-14 00:46:39.000,12
2026-03-14 00:46:43.000,12
2026-03-14 00:46:43.000,10.8
2026-03-14 00:46:49.000,10.8
2026-03-14 00:46:49.000,12
2026-03-14 00:47:01.000,12
2026-03-14 00:47:01.000,10.8
2026-03-14 00:47:03.000,10.8
2026-03-14 00:47:03.000,12
2026-03-14 00:47:09.000,12
2026-03-14 00:47:09.000,10.8
2026-03-14 00:47:13.000,10.8
2026-03-14 00:47:13.000,12
2026-03-14 00:47:37.000,12
2026-03-14 00:47:37.000,13.2
2026-03-14 00:47:39.000,13.2
2026-03-14 00:47:39.000,14.4
2026-03-14 00:47:41.000,14.4
2026-03-14 00:47:41.000,13.2
2026-03-14 00:47:43.000,13.2
2026-03-14 00:47:43.000,10.8
2026-03-14 00:47:45.000,10.8
2026-03-14 00:47:45.000,12
2026-03-14 00:47:47.000,12
2026-03-14 00:47:47.000,7.2
2026-03-14 00:47:53.000,7.2
2026-03-14 00:47:53.000,8.4
2026-03-14 00:47:57.000,8.4
2026-03-14 00:47:57.000,9.6
2026-03-14 00:48:03.000,9.6
2026-03-14 00:48:03.000,10.8
2026-03-14 00:48:23.000,10.8
2026-03-14 00:48:23.000,9.6
2026-03-14 00:48:31.000,9.6
2026-03-14 00:48:31.000,10.8
2026-03-14 00:49:07.000,10.8
2026-03-14 00:49:07.000,9.6
2026-03-14 00:49:09.000,9.6
2026-03-14 00:49:09.000,10.8
2026-03-14 00:49:23.000,10.8
2026-03-14 00:49:23.000,9.6
2026-03-14 00:49:29.000,9.6
2026-03-14 00:49:29.000,10.8
2026-03-14 00:51:35.000,10.8
2026-03-14 00:51:35.000,9.6
2026-03-14 00:51:37.000,9.6
2026-03-14 00:51:37.000,10.8
2026-03-14 00:52:25.000,10.8
2026-03-14 00:52:25.000,9.6
2026-03-14 00:52:29.000,9.6
2026-03-14 00:52:29.000,10.8
2026-03-14 00:52:33.000,10.8
2026-03-14 00:52:33.000,9.6
2026-03-14 00:52:35.000,9.6
2026-03-14 00:52:35.000,10.8
2026-03-14 00:53:25.000,10.8
2026-03-14 00:53:25.000,9.6
2026-03-14 00:53:35.000,9.6
2026-03-14 00:53:35.000,10.8
2026-03-14 00:53:55.000,10.8
2026-03-14 00:53:55.000,9.6
2026-03-14 00:54:03.000,9.6
2026-03-14 00:54:03.000,10.8
2026-03-14 00:54:35.000,10.8
2026-03-14 00:54:35.000,9.6
2026-03-14 00:54:37.000,9.6
2026-03-14 00:54:37.000,10.8
2026-03-14 00:55:05.000,10.8
2026-03-14 00:55:05.000,9.6
2026-03-14 00:55:09.000,9.6
2026-03-14 00:55:09.000,10.8
2026-03-14 00:55:13.000,10.8
2026-03-14 00:55:13.000,9.6
2026-03-14 00:55:15.000,9.6
2026-03-14 00:55:15.000,10.8
2026-03-14 00:55:47.000,10.8
2026-03-14 00:55:47.000,9.6
2026-03-14 00:55:49.000,9.6
2026-03-14 00:55:49.000,10.8
2026-03-14 00:56:03.000,10.8
2026-03-14 00:56:03.000,9.6
2026-03-14 00:56:05.000,9.6
2026-03-14 00:56:05.000,10.8
2026-03-14 00:56:21.000,10.8
2026-03-14 00:56:21.000,9.6
2026-03-14 00:56:25.000,9.6
2026-03-14 00:56:25.000,10.8
2026-03-14 00:56:29.000,10.8
2026-03-14 00:56:29.000,9.6
2026-03-14 00:56:33.000,9.6
2026-03-14 00:56:33.000,10.8
2026-03-14 00:56:35.000,10.8
2026-03-14 00:56:35.000,9.6
2026-03-14 00:56:37.000,9.6
2026-03-14 00:56:37.000,10.8
2026-03-14 00:57:01.000,10.8
2026-03-14 00:57:01.000,9.6
2026-03-14 00:57:03.000,9.6
2026-03-14 00:57:03.000,10.8
2026-03-14 00:57:47.000,10.8
2026-03-14 00:57:47.000,9.6
2026-03-14 00:57:49.000,9.6
2026-03-14 00:57:49.000,10.8
2026-03-14 00:57:55.000,10.8
2026-03-14 00:57:55.000,9.6
2026-03-14 00:57:59.000,9.6
2026-03-14 00:57:59.000,10.8
2026-03-14 00:58:31.000,10.8
2026-03-14 00:58:31.000,9.6
2026-03-14 00:58:37.000,9.6
2026-03-14 00:58:37.000,10.8
2026-03-14 00:58:41.000,10.8
2026-03-14 00:58:41.000,9.6
2026-03-14 00:58:43.000,9.6
2026-03-14 00:58:43.000,10.8
2026-03-14 00:59:01.000,10.8
2026-03-14 00:59:01.000,9.6
2026-03-14 00:59:03.000,9.6
2026-03-14 00:59:03.000,10.8
2026-03-14 00:59:29.000,10.8
2026-03-14 00:59:29.000,9.6
2026-03-14 00:59:31.000,9.6
2026-03-14 00:59:31.000,10.8
2026-03-14 00:59:49.000,10.8
2026-03-14 00:59:49.000,9.6
2026-03-14 00:59:53.000,9.6
2026-03-14 00:59:53.000,10.8
2026-03-14 00:59:57.000,10.8
2026-03-14 00:59:57.000,9.6
2026-03-14 01:00:03.000,9.6
2026-03-14 01:00:03.000,10.8
2026-03-14 01:00:05.000,10.8
2026-03-14 01:00:05.000,9.6
2026-03-14 01:00:09.000,9.6
2026-03-14 01:00:09.000,10.8
2026-03-14 01:00:19.000,10.8
2026-03-14 01:00:19.000,9.6
2026-03-14 01:00:21.000,9.6
2026-03-14 01:00:21.000,10.8
2026-03-14 01:00:27.000,10.8
2026-03-14 01:00:27.000,9.6
2026-03-14 01:00:29.000,9.6
2026-03-14 01:00:29.000,10.8
2026-03-14 01:00:35.000,10.8
2026-03-14 01:00:35.000,9.6
2026-03-14 01:00:37.000,9.6
2026-03-14 01:00:37.000,10.8
2026-03-14 01:00:41.000,10.8
2026-03-14 01:00:41.000,9.6
2026-03-14 01:00:43.000,9.6
2026-03-14 01:00:43.000,10.8
2026-03-14 01:00:49.000,10.8
2026-03-14 01:00:49.000,9.6
2026-03-14 01:00:55.000,9.6
2026-03-14 01:00:55.000,10.8
2026-03-14 01:01:11.000,10.8
2026-03-14 01:01:11.000,9.6
2026-03-14 01:01:13.000,9.6
2026-03-14 01:01:13.000,10.8
2026-03-14 01:01:19.000,10.8
2026-03-14 01:01:19.000,9.6
2026-03-14 01:01:23.000,9.6
2026-03-14 01:01:23.000,10.8
2026-03-14 01:01:27.000,10.8
2026-03-14 01:01:27.000,9.6
2026-03-14 01:01:31.000,9.6
2026-03-14 01:01:31.000,10.8
2026-03-14 01:01:37.000,10.8
2026-03-14 01:01:37.000,9.6
2026-03-14 01:01:39.000,9.6
2026-03-14 01:01:39.000,10.8
2026-03-14 01:01:43.000,10.8
2026-03-14 01:01:43.000,9.6
2026-03-14 01:01:45.000,9.6
2026-03-14 01:01:45.000,10.8
2026-03-14 01:01:49.000,10.8
2026-03-14 01:01:49.000,9.6
2026-03-14 01:01:51.000,9.6
2026-03-14 01:01:51.000,10.8
2026-03-14 01:01:59.000,10.8
2026-03-14 01:01:59.000,9.6
2026-03-14 01:02:03.000,9.6
2026-03-14 01:02:03.000,10.8
2026-03-14 01:02:21.000,10.8
2026-03-14 01:02:21.000,9.6
2026-03-14 01:02:23.000,9.6
2026-03-14 01:02:23.000,10.8
2026-03-14 01:02:55.000,10.8
2026-03-14 01:02:55.000,9.6
2026-03-14 01:03:05.000,9.6
2026-03-14 01:03:05.000,10.8
2026-03-14 01:03:07.000,10.8
2026-03-14 01:03:07.000,9.6
2026-03-14 01:03:09.000,9.6
2026-03-14 01:03:09.000,10.8
2026-03-14 01:03:23.000,10.8
2026-03-14 01:03:23.000,9.6
2026-03-14 01:03:25.000,9.6
2026-03-14 01:03:25.000,10.8
2026-03-14 01:03:45.000,10.8
2026-03-14 01:03:45.000,9.6
2026-03-14 01:03:47.000,9.6
2026-03-14 01:03:47.000,10.8
2026-03-14 01:04:05.000,10.8
2026-03-14 01:04:05.000,9.6
2026-03-14 01:04:09.000,9.6
2026-03-14 01:04:09.000,10.8
2026-03-14 01:04:11.000,10.8
2026-03-14 01:04:11.000,9.6
2026-03-14 01:04:15.000,9.6
2026-03-14 01:04:15.000,10.8
2026-03-14 01:04:41.000,10.8
2026-03-14 01:04:41.000,9.6
2026-03-14 01:04:43.000,9.6
2026-03-14 01:04:43.000,10.8
2026-03-14 01:04:45.000,10.8
2026-03-14 01:04:45.000,9.6
2026-03-14 01:04:53.000,9.6
2026-03-14 01:04:53.000,10.8
2026-03-14 01:05:03.000,10.8
2026-03-14 01:05:03.000,9.6
2026-03-14 01:05:07.000,9.6
2026-03-14 01:05:07.000,10.8
2026-03-14 01:05:13.000,10.8
2026-03-14 01:05:13.000,9.6
2026-03-14 01:05:17.000,9.6
2026-03-14 01:05:17.000,10.8
2026-03-14 01:05:19.000,10.8
2026-03-14 01:05:19.000,9.6
2026-03-14 01:05:25.000,9.6
2026-03-14 01:05:25.000,10.8
2026-03-14 01:05:27.000,10.8
2026-03-14 01:05:27.000,9.6
2026-03-14 01:05:31.000,9.6
2026-03-14 01:05:31.000,10.8
2026-03-14 01:05:43.000,10.8
2026-03-14 01:05:43.000,9.6
2026-03-14 01:05:53.000,9.6
2026-03-14 01:05:53.000,10.8
2026-03-14 01:06:11.000,10.8
2026-03-14 01:06:11.000,12
2026-03-14 01:06:13.000,12
2026-03-14 01:06:13.000,8.4
2026-03-14 01:06:15.000,8.4
2026-03-14 01:06:15.000,10.8
2026-03-14 01:06:17.000,10.8
2026-03-14 01:06:17.000,12
2026-03-14 01:06:19.000,12
2026-03-14 01:06:19.000,16.8
2026-03-14 01:06:21.000,16.8
2026-03-14 01:06:21.000,8.4
2026-03-14 01:06:23.000,8.4
2026-03-14 01:06:23.000,7.2
2026-03-14 01:06:25.000,7.2
2026-03-14 01:06:25.000,4.8
2026-03-14 01:06:27.000,4.8
2026-03-14 01:06:27.000,7.2
2026-03-14 01:06:29.000,7.2
2026-03-14 01:06:29.000,8.4
2026-03-14 01:06:31.000,8.4
2026-03-14 01:06:31.000,9.6
2026-03-14 01:06:35.000,9.6
2026-03-14 01:06:35.000,10.8
2026-03-14 01:06:39.000,10.8
2026-03-14 01:06:39.000,16.8
2026-03-14 01:06:41.000,16.8
2026-03-14 01:06:41.000,13.2
2026-03-14 01:06:43.000,13.2
2026-03-14 01:06:43.000,14.4
2026-03-14 01:06:45.000,14.4
2026-03-14 01:06:45.000,13.2
2026-03-14 01:06:51.000,13.2
2026-03-14 01:06:51.000,12
2026-03-14 01:07:09.000,12
2026-03-14 01:07:09.000,13.2
2026-03-14 01:07:21.000,13.2
2026-03-14 01:07:21.000,12
2026-03-14 01:07:49.000,12
2026-03-14 01:07:49.000,13.2
2026-03-14 01:08:01.000,13.2
2026-03-14 01:08:01.000,12
2026-03-14 01:20:33.000,12
2026-03-14 01:20:33.000,13.2
2026-03-14 01:20:35.000,13.2
2026-03-14 01:20:35.000,12
2026-03-14 01:23:13.000,12
2026-03-14 01:23:13.000,13.2
2026-03-14 01:23:15.000,13.2
2026-03-14 01:23:15.000,12
2026-03-14 01:24:05.000,12
2026-03-14 01:24:05.000,13.2
2026-03-14 01:24:07.000,13.2
2026-03-14 01:24:07.000,12
2026-03-14 01:27:27.000,12
2026-03-14 01:27:27.000,13.2
2026-03-14 01:27:29.000,13.2
2026-03-14 01:27:29.000,12
2026-03-14 01:31:37.000,12
2026-03-14 01:31:37.000,14.4
2026-03-14 01:31:39.000,14.4
2026-03-14 01:31:39.000,8.4
2026-03-14 01:31:41.000,8.4
2026-03-14 01:31:41.000,9.6
2026-03-14 01:31:47.000,9.6
2026-03-14 01:31:47.000,10.8
2026-03-14 01:31:59.000,10.8
2026-03-14 01:31:59.000,12
2026-03-14 01:32:05.000,12
2026-03-14 01:32:05.000,13.2
2026-03-14 01:32:19.000,13.2
2026-03-14 01:32:19.000,12
2026-03-14 01:32:41.000,12
2026-03-14 01:32:41.000,13.2
2026-03-14 01:32:55.000,13.2
2026-03-14 01:32:55.000,12
2026-03-14 01:33:21.000,12
2026-03-14 01:33:21.000,13.2
2026-03-14 01:33:29.000,13.2
2026-03-14 01:33:29.000,12
2026-03-14 01:36:21.000,12
2026-03-14 01:36:21.000,15.6
2026-03-14 01:36:23.000,15.6
2026-03-14 01:36:23.000,16.8
2026-03-14 01:36:25.000,16.8
2026-03-14 01:36:25.000,14.4
2026-03-14 01:36:27.000,14.4
2026-03-14 01:36:27.000,13.2
2026-03-14 01:36:31.000,13.2
2026-03-14 01:36:31.000,9.6
2026-03-14 01:36:35.000,9.6
2026-03-14 01:36:35.000,4.8
2026-03-14 01:36:41.000,4.8
2026-03-14 01:36:41.000,6
2026-03-14 01:36:43.000,6
2026-03-14 01:36:43.000,7.2
2026-03-14 01:36:47.000,7.2
2026-03-14 01:36:47.000,9.6
2026-03-14 01:36:49.000,9.6
2026-03-14 01:36:49.000,8.4
2026-03-14 01:36:51.000,8.4
2026-03-14 01:36:51.000,9.6
2026-03-14 01:37:11.000,9.6
2026-03-14 01:37:11.000,10.8
2026-03-14 01:38:19.000,10.8
2026-03-14 01:38:19.000,12
2026-03-14 01:38:23.000,12
2026-03-14 01:38:23.000,10.8
2026-03-14 01:38:25.000,10.8
2026-03-14 01:38:25.000,9.6
2026-03-14 01:38:27.000,9.6
2026-03-14 01:38:27.000,7.2
2026-03-14 01:38:31.000,7.2
2026-03-14 01:38:31.000,8.4
2026-03-14 01:38:35.000,8.4
2026-03-14 01:38:35.000,9.6
2026-03-14 01:38:39.000,9.6
2026-03-14 01:38:39.000,8.4
2026-03-14 01:38:57.000,8.4
2026-03-14 01:38:57.000,9.6
2026-03-14 01:39:05.000,9.6
2026-03-14 01:39:05.000,8.4
2026-03-14 01:39:07.000,8.4
2026-03-14 01:39:07.000,9.6
2026-03-14 01:39:11.000,9.6
2026-03-14 01:39:11.000,8.4
2026-03-14 01:43:29.000,8.4
2026-03-14 01:43:29.000,9.6
2026-03-14 01:43:37.000,9.6
2026-03-14 01:43:37.000,8.4
2026-03-14 01:44:25.000,8.4
2026-03-14 01:44:25.000,9.6
2026-03-14 01:44:31.000,9.6
2026-03-14 01:44:31.000,8.4
2026-03-14 01:45:03.000,8.4
2026-03-14 01:45:03.000,9.6
2026-03-14 01:45:07.000,9.6
2026-03-14 01:45:07.000,8.4
2026-03-14 01:45:27.000,8.4
2026-03-14 01:45:27.000,9.6
2026-03-14 01:45:29.000,9.6
2026-03-14 01:45:29.000,8.4
2026-03-14 01:45:41.000,8.4
2026-03-14 01:45:41.000,9.6
2026-03-14 01:45:43.000,9.6
2026-03-14 01:45:43.000,8.4
2026-03-14 01:48:01.000,8.4
2026-03-14 01:48:01.000,9.6
2026-03-14 01:48:17.000,9.6
2026-03-14 01:48:17.000,8.4
2026-03-14 01:49:35.000,8.4
2026-03-14 01:49:35.000,9.6
2026-03-14 01:49:41.000,9.6
2026-03-14 01:49:41.000,10.8
2026-03-14 01:49:59.000,10.8
2026-03-14 01:49:59.000,12
2026-03-14 01:51:01.000,12
2026-03-14 01:51:01.000,13.2
2026-03-14 01:51:07.000,13.2
2026-03-14 01:51:07.000,12
2026-03-14 01:51:11.000,12
2026-03-14 01:51:11.000,13.2
2026-03-14 01:51:13.000,13.2
2026-03-14 01:51:13.000,12
2026-03-14 01:51:35.000,12
2026-03-14 01:51:35.000,13.2
2026-03-14 01:51:37.000,13.2
2026-03-14 01:51:37.000,12
2026-03-14 01:51:59.000,12
2026-03-14 01:51:59.000,13.2
2026-03-14 01:52:01.000,13.2
2026-03-14 01:52:01.000,12
2026-03-14 01:53:09.000,12
2026-03-14 01:53:09.000,13.2
2026-03-14 01:53:11.000,13.2
2026-03-14 01:53:11.000,12
2026-03-14 01:53:27.000,12
2026-03-14 01:53:27.000,13.2
2026-03-14 01:53:29.000,13.2
2026-03-14 01:53:29.000,12
2026-03-14 01:53:39.000,12
2026-03-14 01:53:39.000,13.2
2026-03-14 01:53:47.000,13.2
2026-03-14 01:53:47.000,12
2026-03-14 01:53:55.000,12
2026-03-14 01:53:55.000,13.2
2026-03-14 01:53:57.000,13.2
2026-03-14 01:53:57.000,12
2026-03-14 01:54:15.000,12
2026-03-14 01:54:15.000,13.2
2026-03-14 01:54:17.000,13.2
2026-03-14 01:54:17.000,12
2026-03-14 01:54:21.000,12
2026-03-14 01:54:21.000,13.2
2026-03-14 01:54:31.000,13.2
2026-03-14 01:54:31.000,12
2026-03-14 01:54:33.000,12
2026-03-14 01:54:33.000,10.8
2026-03-14 01:54:35.000,10.8
2026-03-14 01:54:35.000,9.6
2026-03-14 01:54:45.000,9.6
2026-03-14 01:54:45.000,10.8
2026-03-14 01:54:47.000,10.8
2026-03-14 01:54:47.000,12
2026-03-14 01:54:53.000,12
2026-03-14 01:54:53.000,13.2
2026-03-14 01:54:55.000,13.2
2026-03-14 01:54:55.000,15.6
2026-03-14 01:54:57.000,15.6
2026-03-14 01:54:57.000,16.8
2026-03-14 01:54:59.000,16.8
2026-03-14 01:54:59.000,19.2
2026-03-14 01:55:03.000,19.2
2026-03-14 01:55:03.000,21.6
2026-03-14 01:55:05.000,21.6
2026-03-14 01:55:05.000,22.8
2026-03-14 01:55:09.000,22.8
2026-03-14 01:55:09.000,24
2026-03-14 01:55:11.000,24
2026-03-14 01:55:11.000,22.8
2026-03-14 01:55:13.000,22.8
2026-03-14 01:55:13.000,20.4
2026-03-14 01:55:15.000,20.4
2026-03-14 01:55:15.000,19.2
2026-03-14 01:55:17.000,19.2
2026-03-14 01:55:17.000,22.8
2026-03-14 01:55:19.000,22.8
2026-03-14 01:55:19.000,24
2026-03-14 01:55:21.000,24
2026-03-14 01:55:21.000,26.4
2026-03-14 01:55:23.000,26.4
2026-03-14 01:55:23.000,27.6
2026-03-14 01:55:25.000,27.6
2026-03-14 01:55:25.000,28.8
2026-03-14 01:55:27.000,28.8
2026-03-14 01:55:27.000,30
2026-03-14 01:55:35.000,30
2026-03-14 01:55:35.000,28.8
2026-03-14 01:55:39.000,28.8
2026-03-14 01:55:39.000,27.6
2026-03-14 01:55:41.000,27.6
2026-03-14 01:55:41.000,28.8
2026-03-14 01:55:45.000,28.8
2026-03-14 01:55:45.000,30
2026-03-14 01:55:49.000,30
2026-03-14 01:55:49.000,31.2
2026-03-14 01:55:53.000,31.2
2026-03-14 01:55:53.000,32.4
2026-03-14 01:56:13.000,32.4
2026-03-14 01:56:13.000,31.2
2026-03-14 01:56:27.000,31.2
2026-03-14 01:56:27.000,32.4
2026-03-14 01:56:31.000,32.4
2026-03-14 01:56:31.000,33.6
2026-03-14 01:56:33.000,33.6
2026-03-14 01:56:33.000,32.4
2026-03-14 01:56:39.000,32.4
2026-03-14 01:56:39.000,31.2
2026-03-14 01:56:41.000,31.2
2026-03-14 01:56:41.000,30
2026-03-14 01:56:43.000,30
2026-03-14 01:56:43.000,25.2
2026-03-14 01:56:45.000,25.2
2026-03-14 01:56:45.000,22.8
2026-03-14 01:56:47.000,22.8
2026-03-14 01:56:47.000,26.4
2026-03-14 01:56:49.000,26.4
2026-03-14 01:56:49.000,24
2026-03-14 01:56:51.000,24
2026-03-14 01:56:51.000,25.2
2026-03-14 01:56:57.000,25.2
2026-03-14 01:56:57.000,26.4
2026-03-14 01:57:03.000,26.4
2026-03-14 01:57:03.000,22.8
2026-03-14 01:57:05.000,22.8
2026-03-14 01:57:05.000,15.6
2026-03-14 01:57:07.000,15.6
2026-03-14 01:57:07.000,13.2
2026-03-14 01:57:09.000,13.2
2026-03-14 01:57:09.000,12
2026-03-14 01:57:11.000,12
2026-03-14 01:57:11.000,13.2
2026-03-14 01:57:13.000,13.2
2026-03-14 01:57:13.000,12
2026-03-14 01:57:27.000,12
2026-03-14 01:57:27.000,14.4
2026-03-14 01:57:29.000,14.4
2026-03-14 01:57:29.000,16.8
2026-03-14 01:57:31.000,16.8
2026-03-14 01:57:31.000,20.4
2026-03-14 01:57:33.000,20.4
2026-03-14 01:57:33.000,21.6
2026-03-14 01:57:35.000,21.6
2026-03-14 01:57:35.000,25.2
2026-03-14 01:57:37.000,25.2
2026-03-14 01:57:37.000,24
2026-03-14 01:57:39.000,24
2026-03-14 01:57:39.000,26.4
2026-03-14 01:57:41.000,26.4
2026-03-14 01:57:41.000,25.2
2026-03-14 01:57:51.000,25.2
2026-03-14 01:57:51.000,26.4
2026-03-14 01:58:07.000,26.4
2026-03-14 01:58:07.000,27.6
2026-03-14 01:58:41.000,27.6
2026-03-14 01:58:41.000,26.4
2026-03-14 01:58:45.000,26.4
2026-03-14 01:58:45.000,25.2
2026-03-14 01:59:11.000,25.2
2026-03-14 01:59:11.000,26.4
2026-03-14 01:59:23.000,26.4
2026-03-14 01:59:23.000,27.6
2026-03-14 01:59:33.000,27.6
2026-03-14 01:59:33.000,26.4
2026-03-14 01:59:55.000,26.4
2026-03-14 01:59:55.000,27.6
2026-03-14 01:59:57.000,27.6
2026-03-14 01:59:57.000,26.4
2026-03-14 02:00:15.000,26.4
2026-03-14 02:00:15.000,27.6
2026-03-14 02:00:39.000,27.6
2026-03-14 02:00:39.000,26.4
2026-03-14 02:01:19.000,26.4
2026-03-14 02:01:19.000,27.6
2026-03-14 02:01:35.000,27.6
2026-03-14 02:01:35.000,28.8
2026-03-14 02:02:07.000,28.8
2026-03-14 02:02:07.000,26.4
2026-03-14 02:02:09.000,26.4
2026-03-14 02:02:09.000,22.8
2026-03-14 02:02:11.000,22.8
2026-03-14 02:02:11.000,21.6
2026-03-14 02:02:15.000,21.6
2026-03-14 02:02:15.000,22.8
2026-03-14 02:02:27.000,22.8
2026-03-14 02:02:27.000,24
2026-03-14 02:02:35.000,24
2026-03-14 02:02:35.000,25.2
2026-03-14 02:02:45.000,25.2
2026-03-14 02:02:45.000,26.4
2026-03-14 02:02:55.000,26.4
2026-03-14 02:02:55.000,27.6
2026-03-14 02:03:07.000,27.6
2026-03-14 02:03:07.000,28.8
2026-03-14 02:03:19.000,28.8
2026-03-14 02:03:19.000,30
2026-03-14 02:03:29.000,30
2026-03-14 02:03:29.000,31.2
2026-03-14 02:03:41.000,31.2
2026-03-14 02:03:41.000,32.4
2026-03-14 02:03:55.000,32.4
2026-03-14 02:03:55.000,31.2
2026-03-14 02:04:07.000,31.2
2026-03-14 02:04:07.000,32.4
2026-03-14 02:04:25.000,32.4
2026-03-14 02:04:25.000,33.6
2026-03-14 02:04:39.000,33.6
2026-03-14 02:04:39.000,34.8
2026-03-14 02:04:47.000,34.8
2026-03-14 02:04:47.000,33.6
2026-03-14 02:05:33.000,33.6
2026-03-14 02:05:33.000,32.4
2026-03-14 02:05:35.000,32.4
2026-03-14 02:05:35.000,27.6
2026-03-14 02:05:37.000,27.6
2026-03-14 02:05:37.000,13.2
2026-03-14 02:05:39.000,13.2
2026-03-14 02:05:39.000,10.8
2026-03-14 02:05:41.000,10.8
2026-03-14 02:05:41.000,9.6
2026-03-14 02:05:53.000,9.6
2026-03-14 02:05:53.000,10.8
2026-03-14 02:05:55.000,10.8
2026-03-14 02:05:55.000,12
2026-03-14 02:05:57.000,12
2026-03-14 02:05:57.000,19.2
2026-03-14 02:05:59.000,19.2
2026-03-14 02:05:59.000,24
2026-03-14 02:06:01.000,24
2026-03-14 02:06:01.000,28.8
2026-03-14 02:06:03.000,28.8
2026-03-14 02:06:03.000,30
2026-03-14 02:06:05.000,30
2026-03-14 02:06:05.000,32.4
2026-03-14 02:06:09.000,32.4
2026-03-14 02:06:09.000,33.6
2026-03-14 02:06:11.000,33.6
2026-03-14 02:06:11.000,32.4
2026-03-14 02:06:15.000,32.4
2026-03-14 02:06:15.000,31.2
2026-03-14 02:06:21.000,31.2
2026-03-14 02:06:21.000,32.4
2026-03-14 02:06:29.000,32.4
2026-03-14 02:06:29.000,33.6
2026-03-14 02:06:55.000,33.6
2026-03-14 02:06:55.000,34.8
2026-03-14 02:07:17.000,34.8
2026-03-14 02:07:17.000,36
2026-03-14 02:07:19.000,36
2026-03-14 02:07:19.000,34.8
2026-03-14 02:07:39.000,34.8
2026-03-14 02:07:39.000,36
2026-03-14 02:07:53.000,36
2026-03-14 02:07:53.000,37.2
2026-03-14 02:08:07.000,37.2
2026-03-14 02:08:07.000,38.4
2026-03-14 02:08:19.000,38.4
2026-03-14 02:08:19.000,39.6
2026-03-14 02:09:03.000,39.6
2026-03-14 02:09:03.000,38.4
2026-03-14 02:09:07.000,38.4
2026-03-14 02:09:07.000,37.2
2026-03-14 02:09:25.000,37.2
2026-03-14 02:09:25.000,38.4
2026-03-14 02:10:21.000,38.4
2026-03-14 02:10:21.000,39.6
2026-03-14 02:11:35.000,39.6
2026-03-14 02:11:35.000,38.4
2026-03-14 02:11:55.000,38.4
2026-03-14 02:11:55.000,39.6
2026-03-14 02:12:07.000,39.6
2026-03-14 02:12:07.000,40.8
2026-03-14 02:12:19.000,40.8
2026-03-14 02:12:19.000,42
2026-03-14 02:13:43.000,42
2026-03-14 02:13:43.000,40.8
2026-03-14 02:13:45.000,40.8
2026-03-14 02:13:45.000,42
2026-03-14 02:15:19.000,42
2026-03-14 02:15:19.000,40.8
2026-03-14 02:15:23.000,40.8
2026-03-14 02:15:23.000,42
2026-03-14 02:15:43.000,42
2026-03-14 02:15:43.000,40.8
2026-03-14 02:15:57.000,40.8
2026-03-14 02:15:57.000,42
2026-03-14 02:16:49.000,42
2026-03-14 02:16:49.000,40.8
2026-03-14 02:16:51.000,40.8
2026-03-14 02:16:51.000,32.4
2026-03-14 02:16:53.000,32.4
2026-03-14 02:16:53.000,10.8
2026-03-14 02:16:55.000,10.8
2026-03-14 02:16:55.000,0
2026-03-14 02:16:57.000,0
2026-03-14 02:16:57.000,9.6
2026-03-14 02:16:59.000,9.6
2026-03-14 02:16:59.000,12
2026-03-14 02:17:01.000,12
2026-03-14 02:17:01.000,14.4
2026-03-14 02:17:03.000,14.4
2026-03-14 02:17:03.000,26.4
2026-03-14 02:17:05.000,26.4
2026-03-14 02:17:05.000,10.8
2026-03-14 02:17:07.000,10.8
2026-03-14 02:17:07.000,6
2026-03-14 02:17:09.000,6
2026-03-14 02:17:09.000,3.6
2026-03-14 02:17:11.000,3.6
2026-03-14 02:17:11.000,4.8
2026-03-14 02:17:13.000,4.8
2026-03-14 02:17:13.000,12
2026-03-14 02:17:15.000,12
2026-03-14 02:17:15.000,9.6
2026-03-14 02:17:21.000,9.6
2026-03-14 02:17:21.000,10.8
2026-03-14 02:17:23.000,10.8
2026-03-14 02:17:23.000,12
2026-03-14 02:17:25.000,12
2026-03-14 02:17:25.000,10.8
2026-03-14 02:17:27.000,10.8
2026-03-14 02:17:27.000,14.4
2026-03-14 02:17:29.000,14.4
2026-03-14 02:17:29.000,13.2
2026-03-14 02:17:37.000,13.2
2026-03-14 02:17:37.000,10.8
2026-03-14 02:17:39.000,10.8
2026-03-14 02:17:39.000,9.6
2026-03-14 02:17:45.000,9.6
2026-03-14 02:17:45.000,10.8
2026-03-14 02:17:57.000,10.8
2026-03-14 02:17:57.000,12
2026-03-14 02:18:03.000,12
2026-03-14 02:18:03.000,15.6
2026-03-14 02:18:05.000,15.6
2026-03-14 02:18:05.000,13.2
2026-03-14 02:18:07.000,13.2
2026-03-14 02:18:07.000,12
2026-03-14 02:18:09.000,12
2026-03-14 02:18:09.000,10.8
2026-03-14 02:18:11.000,10.8
2026-03-14 02:18:11.000,9.6
2026-03-14 02:18:21.000,9.6
2026-03-14 02:18:21.000,10.8
2026-03-14 02:18:23.000,10.8
2026-03-14 02:18:23.000,12
2026-03-14 02:18:25.000,12
2026-03-14 02:18:25.000,10.8
2026-03-14 02:18:43.000,10.8
2026-03-14 02:18:43.000,12
2026-03-14 02:18:51.000,12
2026-03-14 02:18:51.000,13.2
2026-03-14 02:18:55.000,13.2
2026-03-14 02:18:55.000,12
2026-03-14 02:19:01.000,12
2026-03-14 02:19:01.000,10.8
2026-03-14 02:19:21.000,10.8
2026-03-14 02:19:21.000,12
2026-03-14 02:19:29.000,12
2026-03-14 02:19:29.000,10.8
2026-03-14 02:19:33.000,10.8
2026-03-14 02:19:33.000,12
2026-03-14 02:19:53.000,12
2026-03-14 02:19:53.000,10.8
2026-03-14 02:20:05.000,10.8
2026-03-14 02:20:05.000,12
2026-03-14 02:20:09.000,12
2026-03-14 02:20:09.000,10.8
2026-03-14 02:20:13.000,10.8
2026-03-14 02:20:13.000,12
2026-03-14 02:20:33.000,12
2026-03-14 02:20:33.000,10.8
2026-03-14 02:20:35.000,10.8
2026-03-14 02:20:35.000,12
2026-03-14 02:20:55.000,12
2026-03-14 02:20:55.000,10.8
2026-03-14 02:20:59.000,10.8
2026-03-14 02:20:59.000,12
2026-03-14 02:21:57.000,12
2026-03-14 02:21:57.000,10.8
2026-03-14 02:21:59.000,10.8
2026-03-14 02:21:59.000,12
2026-03-14 02:25:45.000,12
2026-03-14 02:25:45.000,13.2
2026-03-14 02:26:29.000,13.2
2026-03-14 02:26:29.000,14.4
2026-03-14 02:26:51.000,14.4
2026-03-14 02:26:51.000,13.2
2026-03-14 02:27:11.000,13.2
2026-03-14 02:27:11.000,14.4
2026-03-14 02:27:13.000,14.4
2026-03-14 02:27:13.000,13.2
2026-03-14 02:27:43.000,13.2
2026-03-14 02:27:43.000,14.4
2026-03-14 02:27:45.000,14.4
2026-03-14 02:27:45.000,13.2
2026-03-14 02:28:17.000,13.2
2026-03-14 02:28:17.000,14.4
2026-03-14 02:28:25.000,14.4
2026-03-14 02:28:25.000,13.2
2026-03-14 02:28:51.000,13.2
2026-03-14 02:28:51.000,14.4
2026-03-14 02:28:53.000,14.4
2026-03-14 02:28:53.000,13.2
2026-03-14 02:28:55.000,13.2
2026-03-14 02:28:55.000,14.4
2026-03-14 02:28:57.000,14.4
2026-03-14 02:28:57.000,13.2
2026-03-14 02:29:27.000,13.2
2026-03-14 02:29:27.000,14.4
2026-03-14 02:29:29.000,14.4
2026-03-14 02:29:29.000,13.2
2026-03-14 02:29:59.000,13.2
2026-03-14 02:29:59.000,14.4
2026-03-14 02:30:01.000,14.4
2026-03-14 02:30:01.000,13.2
2026-03-14 02:30:03.000,13.2
2026-03-14 02:30:03.000,14.4
2026-03-14 02:30:05.000,14.4
2026-03-14 02:30:05.000,13.2
2026-03-14 02:31:11.000,13.2
2026-03-14 02:31:11.000,14.4
2026-03-14 02:31:19.000,14.4
2026-03-14 02:31:19.000,13.2
2026-03-14 02:31:23.000,13.2
2026-03-14 02:31:23.000,14.4
2026-03-14 02:31:27.000,14.4
2026-03-14 02:31:27.000,13.2
2026-03-14 02:31:41.000,13.2
2026-03-14 02:31:41.000,14.4
2026-03-14 02:31:45.000,14.4
2026-03-14 02:31:45.000,13.2
2026-03-14 02:31:49.000,13.2
2026-03-14 02:31:49.000,14.4
2026-03-14 02:31:53.000,14.4
2026-03-14 02:31:53.000,13.2
2026-03-14 02:32:09.000,13.2
2026-03-14 02:32:09.000,14.4
2026-03-14 02:32:13.000,14.4
2026-03-14 02:32:13.000,13.2
2026-03-14 02:32:27.000,13.2
2026-03-14 02:32:27.000,14.4
2026-03-14 02:32:29.000,14.4
2026-03-14 02:32:29.000,13.2
2026-03-14 02:32:45.000,13.2
2026-03-14 02:32:45.000,14.4
2026-03-14 02:33:09.000,14.4
2026-03-14 02:33:09.000,15.6
2026-03-14 02:33:11.000,15.6
2026-03-14 02:33:11.000,13.2
2026-03-14 02:33:15.000,13.2
2026-03-14 02:33:15.000,14.4
2026-03-14 02:33:21.000,14.4
2026-03-14 02:33:21.000,13.2
2026-03-14 02:33:27.000,13.2
2026-03-14 02:33:27.000,14.4
2026-03-14 02:33:29.000,14.4
2026-03-14 02:33:29.000,13.2
2026-03-14 02:33:31.000,13.2
2026-03-14 02:33:31.000,14.4
2026-03-14 02:33:53.000,14.4
2026-03-14 02:33:53.000,13.2
2026-03-14 02:33:55.000,13.2
2026-03-14 02:33:55.000,14.4
2026-03-14 02:34:07.000,14.4
2026-03-14 02:34:07.000,13.2
2026-03-14 02:34:09.000,13.2
2026-03-14 02:34:09.000,14.4
2026-03-14 02:34:39.000,14.4
2026-03-14 02:34:39.000,13.2
2026-03-14 02:34:43.000,13.2
2026-03-14 02:34:43.000,14.4
2026-03-14 02:38:43.000,14.4
2026-03-14 02:38:43.000,15.6
2026-03-14 02:38:45.000,15.6
2026-03-14 02:38:45.000,14.4
2026-03-14 02:42:15.000,14.4
2026-03-14 02:42:15.000,13.2
2026-03-14 02:42:17.000,13.2
2026-03-14 02:42:17.000,14.4
2026-03-14 02:45:51.000,14.4
2026-03-14 02:45:51.000,15.6
2026-03-14 02:45:53.000,15.6
2026-03-14 02:45:53.000,16.8
2026-03-14 02:45:55.000,16.8
2026-03-14 02:45:55.000,15.6
2026-03-14 02:45:59.000,15.6
2026-03-14 02:45:59.000,14.4
2026-03-14 02:46:01.000,14.4
2026-03-14 02:46:01.000,12
2026-03-14 02:46:03.000,12
2026-03-14 02:46:03.000,7.2
2026-03-14 02:46:07.000,7.2
2026-03-14 02:46:07.000,6
2026-03-14 02:46:09.000,6
2026-03-14 02:46:09.000,7.2
2026-03-14 02:46:11.000,7.2
2026-03-14 02:46:11.000,8.4
2026-03-14 02:46:13.000,8.4
2026-03-14 02:46:13.000,9.6
2026-03-14 02:46:15.000,9.6
2026-03-14 02:46:15.000,10.8
2026-03-14 02:46:17.000,10.8
2026-03-14 02:46:17.000,9.6
2026-03-14 02:46:23.000,9.6
2026-03-14 02:46:23.000,10.8
2026-03-14 02:46:37.000,10.8
2026-03-14 02:46:37.000,12
2026-03-14 02:53:37.000,12
2026-03-14 02:53:37.000,13.2
2026-03-14 02:53:39.000,13.2
2026-03-14 02:53:39.000,12
2026-03-14 02:54:39.000,12
2026-03-14 02:54:39.000,13.2
2026-03-14 02:54:41.000,13.2
2026-03-14 02:54:41.000,12
2026-03-14 02:54:43.000,12
2026-03-14 02:54:43.000,13.2
2026-03-14 02:54:45.000,13.2
2026-03-14 02:54:45.000,12
2026-03-14 02:54:51.000,12
2026-03-14 02:54:51.000,10.8
2026-03-14 02:54:53.000,10.8
2026-03-14 02:54:53.000,12
2026-03-14 03:12:19.000,12
2026-03-14 03:12:19.000,13.2
2026-03-14 03:12:21.000,13.2
2026-03-14 03:12:21.000,15.6
2026-03-14 03:12:23.000,15.6
2026-03-14 03:12:23.000,1.2
2026-03-14 03:12:25.000,1.2
2026-03-14 03:12:25.000,0
2026-03-14 03:12:27.000,0
2026-03-14 03:12:27.000,2.4
2026-03-14 03:12:29.000,2.4
2026-03-14 03:12:29.000,4.8
2026-03-14 03:12:31.000,4.8
2026-03-14 03:12:31.000,6
2026-03-14 03:12:41.000,6
2026-03-14 03:12:41.000,7.2
2026-03-14 03:12:43.000,7.2
2026-03-14 03:12:43.000,10.8
2026-03-14 03:12:45.000,10.8
2026-03-14 03:12:45.000,13.2
2026-03-14 03:12:49.000,13.2
2026-03-14 03:12:49.000,14.4
2026-03-14 03:12:59.000,14.4
2026-03-14 03:12:59.000,15.6
2026-03-14 03:13:01.000,15.6
2026-03-14 03:13:01.000,16.8
2026-03-14 03:13:05.000,16.8
2026-03-14 03:13:05.000,18
2026-03-14 03:13:11.000,18
2026-03-14 03:13:11.000,15.6
2026-03-14 03:13:13.000,15.6
2026-03-14 03:13:13.000,14.4
2026-03-14 03:13:15.000,14.4
2026-03-14 03:13:15.000,12
2026-03-14 03:13:17.000,12
2026-03-14 03:13:17.000,8.4
2026-03-14 03:13:19.000,8.4
2026-03-14 03:13:19.000,7.2
2026-03-14 03:13:39.000,7.2
2026-03-14 03:13:39.000,8.4
2026-03-14 03:13:43.000,8.4
2026-03-14 03:13:43.000,9.6
2026-03-14 03:13:45.000,9.6
2026-03-14 03:13:45.000,10.8
2026-03-14 03:13:49.000,10.8
2026-03-14 03:13:49.000,12
2026-03-14 03:13:57.000,12
2026-03-14 03:13:57.000,10.8
2026-03-14 03:14:21.000,10.8
2026-03-14 03:14:21.000,12
2026-03-14 03:14:47.000,12
2026-03-14 03:14:47.000,10.8
2026-03-14 03:15:05.000,10.8
2026-03-14 03:15:05.000,12
2026-03-14 03:15:35.000,12
2026-03-14 03:15:35.000,10.8
2026-03-14 03:15:41.000,10.8
2026-03-14 03:15:41.000,12
2026-03-14 03:15:45.000,12
2026-03-14 03:15:45.000,10.8
2026-03-14 03:15:47.000,10.8
2026-03-14 03:15:47.000,12
2026-03-14 03:15:49.000,12
2026-03-14 03:15:49.000,10.8
2026-03-14 03:15:51.000,10.8
2026-03-14 03:15:51.000,12
2026-03-14 03:16:15.000,12
2026-03-14 03:16:15.000,10.8
2026-03-14 03:16:17.000,10.8
2026-03-14 03:16:17.000,12
2026-03-14 03:16:45.000,12
2026-03-14 03:16:45.000,13.2
2026-03-14 03:16:49.000,13.2
2026-03-14 03:16:49.000,12
2026-03-14 03:16:51.000,12
2026-03-14 03:16:51.000,10.8
2026-03-14 03:16:55.000,10.8
2026-03-14 03:16:55.000,8.4
2026-03-14 03:17:57.000,8.4
2026-03-14 03:17:57.000,7.2
2026-03-14 03:18:01.000,7.2
2026-03-14 03:18:01.000,8.4
2026-03-14 03:18:31.000,8.4
2026-03-14 03:18:31.000,7.2
2026-03-14 03:18:35.000,7.2
2026-03-14 03:18:35.000,8.4
2026-03-14 03:18:39.000,8.4
2026-03-14 03:18:39.000,7.2
2026-03-14 03:18:49.000,7.2
2026-03-14 03:18:49.000,8.4
2026-03-14 03:19:03.000,8.4
2026-03-14 03:19:03.000,7.2
2026-03-14 03:19:05.000,7.2
2026-03-14 03:19:05.000,8.4
2026-03-14 03:19:15.000,8.4
2026-03-14 03:19:15.000,7.2
2026-03-14 03:19:19.000,7.2
2026-03-14 03:19:19.000,8.4
2026-03-14 03:19:21.000,8.4
2026-03-14 03:19:21.000,7.2
2026-03-14 03:19:23.000,7.2
2026-03-14 03:19:23.000,8.4
2026-03-14 03:19:25.000,8.4
2026-03-14 03:19:25.000,7.2
2026-03-14 03:19:27.000,7.2
2026-03-14 03:19:27.000,8.4
2026-03-14 03:19:29.000,8.4
2026-03-14 03:19:29.000,7.2
2026-03-14 03:19:31.000,7.2
2026-03-14 03:19:31.000,8.4
2026-03-14 03:19:35.000,8.4
2026-03-14 03:19:35.000,7.2
2026-03-14 03:19:37.000,7.2
2026-03-14 03:19:37.000,8.4
2026-03-14 03:20:03.000,8.4
2026-03-14 03:20:03.000,7.2
2026-03-14 03:20:07.000,7.2
2026-03-14 03:20:07.000,8.4
2026-03-14 03:20:09.000,8.4
2026-03-14 03:20:09.000,7.2
2026-03-14 03:20:13.000,7.2
2026-03-14 03:20:13.000,8.4
2026-03-14 03:20:15.000,8.4
2026-03-14 03:20:15.000,7.2
2026-03-14 03:20:37.000,7.2
2026-03-14 03:20:37.000,8.4
2026-03-14 03:21:11.000,8.4
2026-03-14 03:21:11.000,7.2
2026-03-14 03:21:13.000,7.2
2026-03-14 03:21:13.000,8.4
2026-03-14 03:21:17.000,8.4
2026-03-14 03:21:17.000,7.2
2026-03-14 03:21:39.000,7.2
2026-03-14 03:21:39.000,8.4
2026-03-14 03:21:51.000,8.4
2026-03-14 03:21:51.000,9.6
2026-03-14 03:21:53.000,9.6
2026-03-14 03:21:53.000,8.4
2026-03-14 03:21:57.000,8.4
2026-03-14 03:21:57.000,7.2
2026-03-14 03:22:05.000,7.2
2026-03-14 03:22:05.000,8.4
2026-03-14 03:22:45.000,8.4
2026-03-14 03:22:45.000,7.2
2026-03-14 03:22:53.000,7.2
2026-03-14 03:22:53.000,8.4
2026-03-14 03:23:07.000,8.4
2026-03-14 03:23:07.000,7.2
2026-03-14 03:23:09.000,7.2
2026-03-14 03:23:09.000,8.4
2026-03-14 03:23:13.000,8.4
2026-03-14 03:23:13.000,7.2
2026-03-14 03:23:19.000,7.2
2026-03-14 03:23:19.000,8.4
2026-03-14 03:23:37.000,8.4
2026-03-14 03:23:37.000,7.2
2026-03-14 03:23:47.000,7.2
2026-03-14 03:23:47.000,8.4
2026-03-14 03:23:57.000,8.4
2026-03-14 03:23:57.000,7.2
2026-03-14 03:24:03.000,7.2
2026-03-14 03:24:03.000,8.4
2026-03-14 03:24:19.000,8.4
2026-03-14 03:24:19.000,9.6
2026-03-14 03:24:21.000,9.6
2026-03-14 03:24:21.000,8.4
2026-03-14 03:24:23.000,8.4
2026-03-14 03:24:23.000,7.2
2026-03-14 03:24:47.000,7.2
2026-03-14 03:24:47.000,8.4
2026-03-14 03:25:21.000,8.4
2026-03-14 03:25:21.000,7.2
2026-03-14 03:25:31.000,7.2
2026-03-14 03:25:31.000,8.4
2026-03-14 03:25:41.000,8.4
2026-03-14 03:25:41.000,9.6
2026-03-14 03:25:45.000,9.6
2026-03-14 03:25:45.000,8.4
2026-03-14 03:25:57.000,8.4
2026-03-14 03:25:57.000,9.6
2026-03-14 03:26:01.000,9.6
2026-03-14 03:26:01.000,8.4
2026-03-14 03:26:03.000,8.4
2026-03-14 03:26:03.000,9.6
2026-03-14 03:26:05.000,9.6
2026-03-14 03:26:05.000,8.4
2026-03-14 03:26:33.000,8.4
2026-03-14 03:26:33.000,9.6
2026-03-14 03:26:35.000,9.6
2026-03-14 03:26:35.000,8.4
2026-03-14 03:27:07.000,8.4
2026-03-14 03:27:07.000,9.6
2026-03-14 03:27:09.000,9.6
2026-03-14 03:27:09.000,10.8
2026-03-14 03:27:11.000,10.8
2026-03-14 03:27:11.000,13.2
2026-03-14 03:27:13.000,13.2
2026-03-14 03:27:13.000,12
2026-03-14 03:27:17.000,12
2026-03-14 03:27:17.000,9.6
2026-03-14 03:27:19.000,9.6
2026-03-14 03:27:19.000,10.8
2026-03-14 03:27:21.000,10.8
2026-03-14 03:27:21.000,9.6
2026-03-14 03:27:23.000,9.6
2026-03-14 03:27:23.000,12
2026-03-14 03:27:25.000,12
2026-03-14 03:27:25.000,14.4
2026-03-14 03:27:27.000,14.4
2026-03-14 03:27:27.000,15.6
2026-03-14 03:27:29.000,15.6
2026-03-14 03:27:29.000,21.6
2026-03-14 03:27:31.000,21.6
2026-03-14 03:27:31.000,22.8
2026-03-14 03:27:33.000,22.8
2026-03-14 03:27:33.000,28.8
2026-03-14 03:27:35.000,28.8
2026-03-14 03:27:35.000,31.2
2026-03-14 03:27:37.000,31.2
2026-03-14 03:27:37.000,34.8
2026-03-14 03:27:39.000,34.8
2026-03-14 03:27:39.000,30
2026-03-14 03:27:41.000,30
2026-03-14 03:27:41.000,31.2
2026-03-14 03:27:43.000,31.2
2026-03-14 03:27:43.000,30
2026-03-14 03:27:53.000,30
2026-03-14 03:27:53.000,31.2
2026-03-14 03:27:55.000,31.2
2026-03-14 03:27:55.000,32.4
2026-03-14 03:27:57.000,32.4
2026-03-14 03:27:57.000,34.8
2026-03-14 03:28:01.000,34.8
2026-03-14 03:28:01.000,37.2
2026-03-14 03:28:21.000,37.2
2026-03-14 03:28:21.000,36
2026-03-14 03:28:25.000,36
2026-03-14 03:28:25.000,32.4
2026-03-14 03:28:27.000,32.4
2026-03-14 03:28:27.000,33.6
2026-03-14 03:28:29.000,33.6
2026-03-14 03:28:29.000,30
2026-03-14 03:28:31.000,30
2026-03-14 03:28:31.000,32.4
2026-03-14 03:28:35.000,32.4
2026-03-14 03:28:35.000,33.6
2026-03-14 03:28:43.000,33.6
2026-03-14 03:28:43.000,36
2026-03-14 03:28:45.000,36
2026-03-14 03:28:45.000,38.4
2026-03-14 03:28:47.000,38.4
2026-03-14 03:28:47.000,40.8
2026-03-14 03:28:49.000,40.8
2026-03-14 03:28:49.000,42
2026-03-14 03:28:59.000,42
2026-03-14 03:28:59.000,43.2
2026-03-14 03:29:05.000,43.2
2026-03-14 03:29:05.000,44.4
2026-03-14 03:29:21.000,44.4
2026-03-14 03:29:21.000,45.6
2026-03-14 03:29:23.000,45.6
2026-03-14 03:29:23.000,44.4
2026-03-14 03:29:43.000,44.4
2026-03-14 03:29:43.000,45.6
2026-03-14 03:29:51.000,45.6
2026-03-14 03:29:51.000,44.4
2026-03-14 03:30:03.000,44.4
2026-03-14 03:30:03.000,43.2
2026-03-14 03:30:21.000,43.2
2026-03-14 03:30:21.000,44.4
2026-03-14 03:30:47.000,44.4
2026-03-14 03:30:47.000,45.6
2026-03-14 03:30:49.000,45.6
2026-03-14 03:30:49.000,44.4
2026-03-14 03:30:51.000,44.4
2026-03-14 03:30:51.000,42
2026-03-14 03:30:53.000,42
2026-03-14 03:30:53.000,38.4
2026-03-14 03:30:57.000,38.4
2026-03-14 03:30:57.000,39.6
2026-03-14 03:30:59.000,39.6
2026-03-14 03:30:59.000,37.2
2026-03-14 03:31:01.000,37.2
2026-03-14 03:31:01.000,38.4
2026-03-14 03:31:03.000,38.4
2026-03-14 03:31:03.000,37.2
2026-03-14 03:31:05.000,37.2
2026-03-14 03:31:05.000,38.4
2026-03-14 03:31:21.000,38.4
2026-03-14 03:31:21.000,37.2
2026-03-14 03:31:25.000,37.2
2026-03-14 03:31:25.000,38.4
2026-03-14 03:31:29.000,38.4
2026-03-14 03:31:29.000,39.6
2026-03-14 03:31:33.000,39.6
2026-03-14 03:31:33.000,40.8
2026-03-14 03:31:39.000,40.8
2026-03-14 03:31:39.000,42
2026-03-14 03:31:51.000,42
2026-03-14 03:31:51.000,40.8
2026-03-14 03:31:57.000,40.8
2026-03-14 03:31:57.000,42
2026-03-14 03:32:05.000,42
2026-03-14 03:32:05.000,43.2
2026-03-14 03:32:11.000,43.2
2026-03-14 03:32:11.000,42
2026-03-14 03:32:13.000,42
2026-03-14 03:32:13.000,43.2
2026-03-14 03:32:15.000,43.2
2026-03-14 03:32:15.000,44.4
2026-03-14 03:32:19.000,44.4
2026-03-14 03:32:19.000,45.6
2026-03-14 03:32:31.000,45.6
2026-03-14 03:32:31.000,46.8
2026-03-14 03:32:37.000,46.8
2026-03-14 03:32:37.000,48
2026-03-14 03:32:43.000,48
2026-03-14 03:32:43.000,49.2
2026-03-14 03:32:53.000,49.2
2026-03-14 03:32:53.000,50.4
2026-03-14 03:33:03.000,50.4
2026-03-14 03:33:03.000,51.6
2026-03-14 03:33:17.000,51.6
2026-03-14 03:33:17.000,50.4
2026-03-14 03:33:21.000,50.4
2026-03-14 03:33:21.000,49.2
2026-03-14 03:33:23.000,49.2
2026-03-14 03:33:23.000,48
2026-03-14 03:33:25.000,48
2026-03-14 03:33:25.000,46.8
2026-03-14 03:33:27.000,46.8
2026-03-14 03:33:27.000,45.6
2026-03-14 03:33:29.000,45.6
2026-03-14 03:33:29.000,42
2026-03-14 03:33:31.000,42
2026-03-14 03:33:31.000,39.6
2026-03-14 03:33:33.000,39.6
2026-03-14 03:33:33.000,38.4
2026-03-14 03:33:35.000,38.4
2026-03-14 03:33:35.000,36
2026-03-14 03:33:41.000,36
2026-03-14 03:33:41.000,34.8
2026-03-14 03:33:43.000,34.8
2026-03-14 03:33:43.000,33.6
2026-03-14 03:33:49.000,33.6
2026-03-14 03:33:49.000,34.8
2026-03-14 03:33:53.000,34.8
2026-03-14 03:33:53.000,36
2026-03-14 03:33:57.000,36
2026-03-14 03:33:57.000,37.2
2026-03-14 03:34:01.000,37.2
2026-03-14 03:34:01.000,38.4
2026-03-14 03:34:09.000,38.4
2026-03-14 03:34:09.000,39.6
2026-03-14 03:34:13.000,39.6
2026-03-14 03:34:13.000,40.8
2026-03-14 03:34:27.000,40.8
2026-03-14 03:34:27.000,42
2026-03-14 03:34:31.000,42
2026-03-14 03:34:31.000,43.2
2026-03-14 03:34:33.000,43.2
2026-03-14 03:34:33.000,44.4
2026-03-14 03:34:37.000,44.4
2026-03-14 03:34:37.000,45.6
2026-03-14 03:34:41.000,45.6
2026-03-14 03:34:41.000,46.8
2026-03-14 03:34:51.000,46.8
2026-03-14 03:34:51.000,48
2026-03-14 03:34:57.000,48
2026-03-14 03:34:57.000,49.2
2026-03-14 03:35:09.000,49.2
2026-03-14 03:35:09.000,50.4
2026-03-14 03:35:19.000,50.4
2026-03-14 03:35:19.000,51.6
2026-03-14 03:35:29.000,51.6
2026-03-14 03:35:29.000,52.8
2026-03-14 03:35:39.000,52.8
2026-03-14 03:35:39.000,51.6
2026-03-14 03:35:41.000,51.6
2026-03-14 03:35:41.000,49.2
2026-03-14 03:35:45.000,49.2
2026-03-14 03:35:45.000,46.8
2026-03-14 03:35:47.000,46.8
2026-03-14 03:35:47.000,48
2026-03-14 03:35:49.000,48
2026-03-14 03:35:49.000,46.8
2026-03-14 03:36:23.000,46.8
2026-03-14 03:36:23.000,48
2026-03-14 03:36:33.000,48
2026-03-14 03:36:33.000,49.2
2026-03-14 03:36:43.000,49.2
2026-03-14 03:36:43.000,50.4
2026-03-14 03:36:45.000,50.4
2026-03-14 03:36:45.000,51.6
2026-03-14 03:36:49.000,51.6
2026-03-14 03:36:49.000,52.8
2026-03-14 03:36:51.000,52.8
2026-03-14 03:36:51.000,54
2026-03-14 03:37:11.000,54
2026-03-14 03:37:11.000,55.2
2026-03-14 03:37:19.000,55.2
2026-03-14 03:37:19.000,54
2026-03-14 03:37:21.000,54
2026-03-14 03:37:21.000,55.2
2026-03-14 03:37:27.000,55.2
2026-03-14 03:37:27.000,54
2026-03-14 03:37:39.000,54
2026-03-14 03:37:39.000,52.8
2026-03-14 03:37:43.000,52.8
2026-03-14 03:37:43.000,51.6
2026-03-14 03:37:57.000,51.6
2026-03-14 03:37:57.000,50.4
2026-03-14 03:38:19.000,50.4
2026-03-14 03:38:19.000,51.6
2026-03-14 03:38:23.000,51.6
2026-03-14 03:38:23.000,50.4
2026-03-14 03:38:29.000,50.4
2026-03-14 03:38:29.000,49.2
2026-03-14 03:38:31.000,49.2
2026-03-14 03:38:31.000,48
2026-03-14 03:38:35.000,48
2026-03-14 03:38:35.000,45.6
2026-03-14 03:38:37.000,45.6
2026-03-14 03:38:37.000,42
2026-03-14 03:38:39.000,42
2026-03-14 03:38:39.000,39.6
2026-03-14 03:38:41.000,39.6
2026-03-14 03:38:41.000,26.4
2026-03-14 03:38:43.000,26.4
2026-03-14 03:38:43.000,27.6
2026-03-14 03:38:45.000,27.6
2026-03-14 03:38:45.000,6
2026-03-14 03:38:47.000,6
2026-03-14 03:38:47.000,10.8
2026-03-14 03:38:51.000,10.8
2026-03-14 03:38:51.000,12
2026-03-14 03:38:57.000,12
2026-03-14 03:38:57.000,13.2
2026-03-14 03:39:01.000,13.2
2026-03-14 03:39:01.000,14.4
2026-03-14 03:39:03.000,14.4
2026-03-14 03:39:03.000,15.6
2026-03-14 03:39:05.000,15.6
2026-03-14 03:39:05.000,14.4
2026-03-14 03:39:07.000,14.4
2026-03-14 03:39:07.000,13.2
2026-03-14 03:39:09.000,13.2
2026-03-14 03:39:09.000,12
2026-03-14 03:39:15.000,12
2026-03-14 03:39:15.000,10.8
2026-03-14 03:39:19.000,10.8
2026-03-14 03:39:19.000,12
2026-03-14 03:39:21.000,12
2026-03-14 03:39:21.000,10.8
2026-03-14 03:40:11.000,10.8
2026-03-14 03:40:11.000,12
2026-03-14 03:40:13.000,12
2026-03-14 03:40:13.000,10.8
2026-03-14 03:40:47.000,10.8
2026-03-14 03:40:47.000,9.6
2026-03-14 03:40:49.000,9.6
2026-03-14 03:40:49.000,10.8
2026-03-14 03:40:51.000,10.8
2026-03-14 03:40:51.000,9.6
2026-03-14 03:41:01.000,9.6
2026-03-14 03:41:01.000,10.8
2026-03-14 03:41:17.000,10.8
2026-03-14 03:41:17.000,13.2
2026-03-14 03:41:25.000,13.2
2026-03-14 03:41:25.000,12
2026-03-14 03:41:27.000,12
2026-03-14 03:41:27.000,10.8
2026-03-14 03:41:31.000,10.8
2026-03-14 03:41:31.000,8.4
2026-03-14 03:41:35.000,8.4
2026-03-14 03:41:35.000,7.2
2026-03-14 03:41:37.000,7.2
2026-03-14 03:41:37.000,8.4
2026-03-14 03:41:41.000,8.4
2026-03-14 03:41:41.000,7.2
2026-03-14 03:42:03.000,7.2
2026-03-14 03:42:03.000,8.4
2026-03-14 03:42:23.000,8.4
2026-03-14 03:42:23.000,7.2
2026-03-14 03:42:27.000,7.2
2026-03-14 03:42:27.000,8.4
2026-03-14 03:42:47.000,8.4
2026-03-14 03:42:47.000,7.2
2026-03-14 03:42:49.000,7.2
2026-03-14 03:42:49.000,8.4
2026-03-14 03:42:51.000,8.4
2026-03-14 03:42:51.000,7.2
2026-03-14 03:43:11.000,7.2
2026-03-14 03:43:11.000,8.4
2026-03-14 03:43:19.000,8.4
2026-03-14 03:43:19.000,9.6
2026-03-14 03:43:33.000,9.6
2026-03-14 03:43:33.000,10.8
2026-03-14 03:43:37.000,10.8
2026-03-14 03:43:37.000,9.6
2026-03-14 03:43:45.000,9.6
2026-03-14 03:43:45.000,8.4
2026-03-14 03:43:51.000,8.4
2026-03-14 03:43:51.000,9.6
2026-03-14 03:43:55.000,9.6
2026-03-14 03:43:55.000,8.4
2026-03-14 03:44:17.000,8.4
2026-03-14 03:44:17.000,9.6
2026-03-14 03:44:23.000,9.6
2026-03-14 03:44:23.000,10.8
2026-03-14 03:44:27.000,10.8
2026-03-14 03:44:27.000,9.6
2026-03-14 03:44:33.000,9.6
2026-03-14 03:44:33.000,8.4
2026-03-14 03:44:53.000,8.4
2026-03-14 03:44:53.000,9.6
2026-03-14 03:44:57.000,9.6
2026-03-14 03:44:57.000,10.8
2026-03-14 03:45:01.000,10.8
2026-03-14 03:45:01.000,12
2026-03-14 03:45:07.000,12
2026-03-14 03:45:07.000,13.2
2026-03-14 03:45:09.000,13.2
2026-03-14 03:45:09.000,12
2026-03-14 03:45:11.000,12
2026-03-14 03:45:11.000,13.2
2026-03-14 03:45:21.000,13.2
2026-03-14 03:45:21.000,14.4
2026-03-14 03:45:27.000,14.4
2026-03-14 03:45:27.000,16.8
2026-03-14 03:45:29.000,16.8
2026-03-14 03:45:29.000,18
2026-03-14 03:45:31.000,18
2026-03-14 03:45:31.000,21.6
2026-03-14 03:45:33.000,21.6
2026-03-14 03:45:33.000,22.8
2026-03-14 03:45:37.000,22.8
2026-03-14 03:45:37.000,25.2
2026-03-14 03:45:43.000,25.2
2026-03-14 03:45:43.000,26.4
2026-03-14 03:45:49.000,26.4
2026-03-14 03:45:49.000,27.6
2026-03-14 03:45:57.000,27.6
2026-03-14 03:45:57.000,28.8
2026-03-14 03:46:05.000,28.8
2026-03-14 03:46:05.000,27.6
2026-03-14 03:46:11.000,27.6
2026-03-14 03:46:11.000,26.4
2026-03-14 03:46:35.000,26.4
2026-03-14 03:46:35.000,25.2
2026-03-14 03:46:55.000,25.2
2026-03-14 03:46:55.000,24
2026-03-14 03:46:59.000,24
2026-03-14 03:46:59.000,22.8
2026-03-14 03:47:05.000,22.8
2026-03-14 03:47:05.000,21.6
2026-03-14 03:47:07.000,21.6
2026-03-14 03:47:07.000,22.8
2026-03-14 03:47:19.000,22.8
2026-03-14 03:47:19.000,24
2026-03-14 03:47:21.000,24
2026-03-14 03:47:21.000,22.8
2026-03-14 03:47:33.000,22.8
2026-03-14 03:47:33.000,24
2026-03-14 03:47:39.000,24
2026-03-14 03:47:39.000,25.2
2026-03-14 03:47:49.000,25.2
2026-03-14 03:47:49.000,26.4
2026-03-14 03:47:53.000,26.4
2026-03-14 03:47:53.000,25.2
2026-03-14 03:48:03.000,25.2
2026-03-14 03:48:03.000,24
2026-03-14 03:48:13.000,24
2026-03-14 03:48:13.000,22.8
2026-03-14 03:48:19.000,22.8
2026-03-14 03:48:19.000,21.6
2026-03-14 03:48:27.000,21.6
2026-03-14 03:48:27.000,22.8
2026-03-14 03:48:37.000,22.8
2026-03-14 03:48:37.000,21.6
2026-03-14 03:48:53.000,21.6
2026-03-14 03:48:53.000,15.6
2026-03-14 03:48:57.000,15.6
2026-03-14 03:48:57.000,8.4
2026-03-14 03:48:59.000,8.4
2026-03-14 03:48:59.000,10.8
2026-03-14 03:49:01.000,10.8
2026-03-14 03:49:01.000,7.2
2026-03-14 03:49:03.000,7.2
2026-03-14 03:49:03.000,8.4
2026-03-14 03:49:05.000,8.4
2026-03-14 03:49:05.000,7.2
2026-03-14 03:49:29.000,7.2
2026-03-14 03:49:29.000,8.4
2026-03-14 03:49:53.000,8.4
2026-03-14 03:49:53.000,7.2
2026-03-14 03:49:55.000,7.2
2026-03-14 03:49:55.000,8.4
2026-03-14 03:50:01.000,8.4
2026-03-14 03:50:01.000,7.2
2026-03-14 03:50:19.000,7.2
2026-03-14 03:50:19.000,8.4
2026-03-14 03:50:27.000,8.4
2026-03-14 03:50:27.000,7.2
2026-03-14 03:50:31.000,7.2
2026-03-14 03:50:31.000,8.4
2026-03-14 03:50:33.000,8.4
2026-03-14 03:50:33.000,7.2
2026-03-14 03:50:47.000,7.2
2026-03-14 03:50:47.000,8.4
2026-03-14 03:50:51.000,8.4
2026-03-14 03:50:51.000,7.2
2026-03-14 03:50:55.000,7.2
2026-03-14 03:50:55.000,8.4
2026-03-14 03:50:59.000,8.4
2026-03-14 03:50:59.000,7.2
2026-03-14 03:51:19.000,7.2
2026-03-14 03:51:19.000,8.4
2026-03-14 03:51:21.000,8.4
2026-03-14 03:51:21.000,9.6
2026-03-14 03:51:23.000,9.6
2026-03-14 03:51:23.000,12
2026-03-14 03:51:25.000,12
2026-03-14 03:51:25.000,13.2
2026-03-14 03:51:27.000,13.2
2026-03-14 03:51:27.000,15.6
2026-03-14 03:51:31.000,15.6
2026-03-14 03:51:31.000,16.8
2026-03-14 03:51:33.000,16.8
2026-03-14 03:51:33.000,18
2026-03-14 03:51:45.000,18
2026-03-14 03:51:45.000,19.2
2026-03-14 03:51:49.000,19.2
2026-03-14 03:51:49.000,18
2026-03-14 03:51:53.000,18
2026-03-14 03:51:53.000,19.2
2026-03-14 03:52:01.000,19.2
2026-03-14 03:52:01.000,20.4
2026-03-14 03:52:09.000,20.4
2026-03-14 03:52:09.000,21.6
2026-03-14 03:52:13.000,21.6
2026-03-14 03:52:13.000,16.8
2026-03-14 03:52:15.000,16.8
2026-03-14 03:52:15.000,18
2026-03-14 03:52:17.000,18
2026-03-14 03:52:17.000,8.4
2026-03-14 03:52:19.000,8.4
2026-03-14 03:52:19.000,6
2026-03-14 03:52:21.000,6
2026-03-14 03:52:21.000,7.2
2026-03-14 03:52:23.000,7.2
2026-03-14 03:52:23.000,6
2026-03-14 03:52:25.000,6
2026-03-14 03:52:25.000,8.4
2026-03-14 03:52:27.000,8.4
2026-03-14 03:52:27.000,9.6
2026-03-14 03:52:29.000,9.6
2026-03-14 03:52:29.000,3.6
2026-03-14 03:52:31.000,3.6
2026-03-14 03:52:31.000,4.8
2026-03-14 03:52:35.000,4.8
2026-03-14 03:52:35.000,6
2026-03-14 03:52:41.000,6
2026-03-14 03:52:41.000,7.2
2026-03-14 03:52:47.000,7.2
2026-03-14 03:52:47.000,8.4
2026-03-14 03:52:49.000,8.4
2026-03-14 03:52:49.000,9.6
2026-03-14 03:52:51.000,9.6
2026-03-14 03:52:51.000,12
2026-03-14 03:52:53.000,12
2026-03-14 03:52:53.000,13.2
2026-03-14 03:52:55.000,13.2
2026-03-14 03:52:55.000,18
2026-03-14 03:52:59.000,18
2026-03-14 03:52:59.000,22.8
2026-03-14 03:53:03.000,22.8
2026-03-14 03:53:03.000,25.2
2026-03-14 03:53:07.000,25.2
2026-03-14 03:53:07.000,26.4
2026-03-14 03:53:15.000,26.4
2026-03-14 03:53:15.000,27.6
2026-03-14 03:53:25.000,27.6
2026-03-14 03:53:25.000,28.8
2026-03-14 03:54:53.000,28.8
2026-03-14 03:54:53.000,27.6
2026-03-14 03:54:55.000,27.6
2026-03-14 03:54:55.000,25.2
2026-03-14 03:54:57.000,25.2
2026-03-14 03:54:57.000,19.2
2026-03-14 03:54:59.000,19.2
2026-03-14 03:54:59.000,18
2026-03-14 03:55:01.000,18
2026-03-14 03:55:01.000,20.4
2026-03-14 03:55:03.000,20.4
2026-03-14 03:55:03.000,19.2
2026-03-14 03:55:05.000,19.2
2026-03-14 03:55:05.000,20.4
2026-03-14 03:55:09.000,20.4
2026-03-14 03:55:09.000,22.8
2026-03-14 03:55:11.000,22.8
2026-03-14 03:55:11.000,25.2
2026-03-14 03:55:17.000,25.2
2026-03-14 03:55:17.000,26.4
2026-03-14 03:55:23.000,26.4
2026-03-14 03:55:23.000,27.6
2026-03-14 03:55:27.000,27.6
2026-03-14 03:55:27.000,28.8
2026-03-14 03:56:01.000,28.8
2026-03-14 03:56:01.000,30
2026-03-14 03:56:21.000,30
2026-03-14 03:56:21.000,28.8
2026-03-14 03:56:23.000,28.8
2026-03-14 03:56:23.000,25.2
2026-03-14 03:56:25.000,25.2
2026-03-14 03:56:25.000,24
2026-03-14 03:56:27.000,24
2026-03-14 03:56:27.000,25.2
2026-03-14 03:56:29.000,25.2
2026-03-14 03:56:29.000,26.4
2026-03-14 03:56:33.000,26.4
2026-03-14 03:56:33.000,27.6
2026-03-14 03:56:35.000,27.6
2026-03-14 03:56:35.000,28.8
2026-03-14 03:56:39.000,28.8
2026-03-14 03:56:39.000,30
2026-03-14 03:56:45.000,30
2026-03-14 03:56:45.000,31.2
2026-03-14 03:57:01.000,31.2
2026-03-14 03:57:01.000,30
2026-03-14 03:57:29.000,30
2026-03-14 03:57:29.000,28.8
2026-03-14 03:57:31.000,28.8
2026-03-14 03:57:31.000,30
2026-03-14 03:57:33.000,30
2026-03-14 03:57:33.000,28.8
2026-03-14 03:57:55.000,28.8
2026-03-14 03:57:55.000,30
2026-03-14 03:58:07.000,30
2026-03-14 03:58:07.000,31.2
2026-03-14 03:58:21.000,31.2
2026-03-14 03:58:21.000,32.4
2026-03-14 03:58:43.000,32.4
2026-03-14 03:58:43.000,31.2
2026-03-14 03:59:05.000,31.2
2026-03-14 03:59:05.000,30
2026-03-14 03:59:31.000,30
2026-03-14 03:59:31.000,31.2
2026-03-14 03:59:37.000,31.2
2026-03-14 03:59:37.000,32.4
2026-03-14 03:59:49.000,32.4
2026-03-14 03:59:49.000,33.6
2026-03-14 03:59:57.000,33.6
2026-03-14 03:59:57.000,34.8
2026-03-14 04:00:11.000,34.8
2026-03-14 04:00:11.000,36
2026-03-14 04:00:25.000,36
2026-03-14 04:00:25.000,34.8
2026-03-14 04:00:27.000,34.8
2026-03-14 04:00:27.000,36
2026-03-14 04:00:29.000,36
2026-03-14 04:00:29.000,34.8
2026-03-14 04:00:35.000,34.8
2026-03-14 04:00:35.000,36
2026-03-14 04:00:55.000,36
2026-03-14 04:00:55.000,37.2
2026-03-14 04:00:57.000,37.2
2026-03-14 04:00:57.000,36
2026-03-14 04:00:59.000,36
2026-03-14 04:00:59.000,37.2
2026-03-14 04:02:19.000,37.2
2026-03-14 04:02:19.000,38.4
2026-03-14 04:02:21.000,38.4
2026-03-14 04:02:21.000,37.2
2026-03-14 04:02:45.000,37.2
2026-03-14 04:02:45.000,34.8
2026-03-14 04:02:47.000,34.8
2026-03-14 04:02:47.000,9.6
2026-03-14 04:02:49.000,9.6
2026-03-14 04:02:49.000,20.4
2026-03-14 04:02:51.000,20.4
2026-03-14 04:02:51.000,2.4
2026-03-14 04:02:53.000,2.4
2026-03-14 04:02:53.000,6
2026-03-14 04:02:55.000,6
2026-03-14 04:02:55.000,8.4
2026-03-14 04:03:01.000,8.4
2026-03-14 04:03:01.000,9.6
2026-03-14 04:03:11.000,9.6
2026-03-14 04:03:11.000,10.8
2026-03-14 04:03:23.000,10.8
2026-03-14 04:03:23.000,9.6
2026-03-14 04:03:35.000,9.6
2026-03-14 04:03:35.000,10.8
2026-03-14 04:03:39.000,10.8
2026-03-14 04:03:39.000,13.2
2026-03-14 04:03:43.000,13.2
2026-03-14 04:03:43.000,14.4
2026-03-14 04:03:47.000,14.4
2026-03-14 04:03:47.000,15.6
2026-03-14 04:03:51.000,15.6
2026-03-14 04:03:51.000,16.8
2026-03-14 04:03:53.000,16.8
2026-03-14 04:03:53.000,15.6
2026-03-14 04:03:55.000,15.6
2026-03-14 04:03:55.000,16.8
2026-03-14 04:03:57.000,16.8
2026-03-14 04:03:57.000,15.6
2026-03-14 04:03:59.000,15.6
2026-03-14 04:03:59.000,16.8
2026-03-14 04:04:19.000,16.8
2026-03-14 04:04:19.000,18
2026-03-14 04:05:05.000,18
2026-03-14 04:05:05.000,16.8
2026-03-14 04:05:11.000,16.8
2026-03-14 04:05:11.000,15.6
2026-03-14 04:05:15.000,15.6
2026-03-14 04:05:15.000,12
2026-03-14 04:05:17.000,12
2026-03-14 04:05:17.000,10.8
2026-03-14 04:05:21.000,10.8
2026-03-14 04:05:21.000,9.6
2026-03-14 04:05:25.000,9.6
2026-03-14 04:05:25.000,8.4
2026-03-14 04:05:35.000,8.4
2026-03-14 04:05:35.000,9.6
2026-03-14 04:05:43.000,9.6
2026-03-14 04:05:43.000,8.4
2026-03-14 04:05:55.000,8.4
2026-03-14 04:05:55.000,7.2
2026-03-14 04:08:15.000,7.2
2026-03-14 04:08:15.000,8.4
2026-03-14 04:08:19.000,8.4
2026-03-14 04:08:19.000,9.6
2026-03-14 04:08:25.000,9.6
2026-03-14 04:08:25.000,10.8
2026-03-14 04:08:37.000,10.8
2026-03-14 04:08:37.000,9.6
2026-03-14 04:08:47.000,9.6
2026-03-14 04:08:47.000,10.8
2026-03-14 04:09:29.000,10.8
2026-03-14 04:09:29.000,9.6
2026-03-14 04:09:47.000,9.6
2026-03-14 04:09:47.000,10.8
2026-03-14 04:10:05.000,10.8
2026-03-14 04:10:05.000,9.6
2026-03-14 04:10:23.000,9.6
2026-03-14 04:10:23.000,10.8
2026-03-14 04:10:25.000,10.8
2026-03-14 04:10:25.000,9.6
2026-03-14 04:10:29.000,9.6
2026-03-14 04:10:29.000,10.8
2026-03-14 04:10:31.000,10.8
2026-03-14 04:10:31.000,9.6
2026-03-14 04:10:33.000,9.6
2026-03-14 04:10:33.000,10.8
2026-03-14 04:10:35.000,10.8
2026-03-14 04:10:35.000,9.6
2026-03-14 04:10:37.000,9.6
2026-03-14 04:10:37.000,10.8
2026-03-14 04:10:55.000,10.8
2026-03-14 04:10:55.000,9.6
2026-03-14 04:10:57.000,9.6
2026-03-14 04:10:57.000,12
2026-03-14 04:10:59.000,12
2026-03-14 04:10:59.000,10.8
2026-03-14 04:11:03.000,10.8
2026-03-14 04:11:03.000,9.6
2026-03-14 04:11:21.000,9.6
2026-03-14 04:11:21.000,10.8
2026-03-14 04:11:31.000,10.8
2026-03-14 04:11:31.000,9.6
2026-03-14 04:11:33.000,9.6
2026-03-14 04:11:33.000,10.8
2026-03-14 04:12:09.000,10.8
2026-03-14 04:12:09.000,9.6
2026-03-14 04:12:15.000,9.6
2026-03-14 04:12:15.000,10.8
2026-03-14 04:12:21.000,10.8
2026-03-14 04:12:21.000,9.6
2026-03-14 04:12:25.000,9.6
2026-03-14 04:12:25.000,10.8
2026-03-14 04:12:45.000,10.8
2026-03-14 04:12:45.000,9.6
2026-03-14 04:12:47.000,9.6
2026-03-14 04:12:47.000,10.8
2026-03-14 04:12:49.000,10.8
2026-03-14 04:12:49.000,9.6
2026-03-14 04:12:51.000,9.6
2026-03-14 04:12:51.000,10.8
2026-03-14 04:13:13.000,10.8
2026-03-14 04:13:13.000,12
2026-03-14 04:13:15.000,12
2026-03-14 04:13:15.000,13.2
2026-03-14 04:13:19.000,13.2
2026-03-14 04:13:19.000,12
2026-03-14 04:13:23.000,12
2026-03-14 04:13:23.000,8.4
2026-03-14 04:13:29.000,8.4
2026-03-14 04:13:29.000,9.6
2026-03-14 04:13:57.000,9.6
2026-03-14 04:13:57.000,10.8
2026-03-14 04:14:01.000,10.8
2026-03-14 04:14:01.000,12
2026-03-14 04:14:05.000,12
2026-03-14 04:14:05.000,13.2
2026-03-14 04:14:17.000,13.2
2026-03-14 04:14:17.000,12
2026-03-14 04:14:27.000,12
2026-03-14 04:14:27.000,13.2
2026-03-14 04:14:31.000,13.2
2026-03-14 04:14:31.000,12
2026-03-14 04:14:45.000,12
2026-03-14 04:14:45.000,13.2
2026-03-14 04:14:59.000,13.2
2026-03-14 04:14:59.000,14.4
2026-03-14 04:15:29.000,14.4
2026-03-14 04:15:29.000,13.2
2026-03-14 04:15:31.000,13.2
2026-03-14 04:15:31.000,14.4
2026-03-14 04:16:27.000,14.4
2026-03-14 04:16:27.000,15.6
2026-03-14 04:16:37.000,15.6
2026-03-14 04:16:37.000,14.4
2026-03-14 04:16:39.000,14.4
2026-03-14 04:16:39.000,15.6
2026-03-14 04:16:41.000,15.6
2026-03-14 04:16:41.000,14.4
2026-03-14 04:17:11.000,14.4
2026-03-14 04:17:11.000,15.6
2026-03-14 04:17:13.000,15.6
2026-03-14 04:17:13.000,14.4
2026-03-14 04:17:17.000,14.4
2026-03-14 04:17:17.000,15.6
2026-03-14 04:17:35.000,15.6
2026-03-14 04:17:35.000,14.4
2026-03-14 04:17:37.000,14.4
2026-03-14 04:17:37.000,15.6
2026-03-14 04:17:43.000,15.6
2026-03-14 04:17:43.000,14.4
2026-03-14 04:17:47.000,14.4
2026-03-14 04:17:47.000,15.6
2026-03-14 04:17:49.000,15.6
2026-03-14 04:17:49.000,14.4
2026-03-14 04:17:59.000,14.4
2026-03-14 04:17:59.000,15.6
2026-03-14 04:18:03.000,15.6
2026-03-14 04:18:03.000,14.4
2026-03-14 04:18:21.000,14.4
2026-03-14 04:18:21.000,15.6
2026-03-14 04:18:31.000,15.6
2026-03-14 04:18:31.000,14.4
2026-03-14 04:18:35.000,14.4
2026-03-14 04:18:35.000,15.6
2026-03-14 04:19:25.000,15.6
2026-03-14 04:19:25.000,16.8
2026-03-14 04:19:33.000,16.8
2026-03-14 04:19:33.000,15.6
2026-03-14 04:19:35.000,15.6
2026-03-14 04:19:35.000,16.8
2026-03-14 04:19:37.000,16.8
2026-03-14 04:19:37.000,15.6
2026-03-14 04:19:39.000,15.6
2026-03-14 04:19:39.000,16.8
2026-03-14 04:19:49.000,16.8
2026-03-14 04:19:49.000,18
2026-03-14 04:19:53.000,18
2026-03-14 04:19:53.000,19.2
2026-03-14 04:19:57.000,19.2
2026-03-14 04:19:57.000,20.4
2026-03-14 04:20:03.000,20.4
2026-03-14 04:20:03.000,21.6
2026-03-14 04:20:09.000,21.6
2026-03-14 04:20:09.000,22.8
2026-03-14 04:20:15.000,22.8
2026-03-14 04:20:15.000,24
2026-03-14 04:20:23.000,24
2026-03-14 04:20:23.000,25.2
2026-03-14 04:20:27.000,25.2
2026-03-14 04:20:27.000,26.4
2026-03-14 04:20:31.000,26.4
2026-03-14 04:20:31.000,27.6
2026-03-14 04:20:35.000,27.6
2026-03-14 04:20:35.000,28.8
2026-03-14 04:20:39.000,28.8
2026-03-14 04:20:39.000,30
2026-03-14 04:20:41.000,30
2026-03-14 04:20:41.000,31.2
2026-03-14 04:20:43.000,31.2
2026-03-14 04:20:43.000,32.4
2026-03-14 04:20:45.000,32.4
2026-03-14 04:20:45.000,33.6
2026-03-14 04:20:47.000,33.6
2026-03-14 04:20:47.000,34.8
2026-03-14 04:20:49.000,34.8
2026-03-14 04:20:49.000,37.2
2026-03-14 04:20:51.000,37.2
2026-03-14 04:20:51.000,36
2026-03-14 04:20:53.000,36
2026-03-14 04:20:53.000,37.2
2026-03-14 04:20:55.000,37.2
2026-03-14 04:20:55.000,38.4
2026-03-14 04:21:01.000,38.4
2026-03-14 04:21:01.000,39.6
2026-03-14 04:21:05.000,39.6
2026-03-14 04:21:05.000,40.8
2026-03-14 04:21:13.000,40.8
2026-03-14 04:21:13.000,42
2026-03-14 04:21:17.000,42
2026-03-14 04:21:17.000,43.2
2026-03-14 04:21:23.000,43.2
2026-03-14 04:21:23.000,44.4
2026-03-14 04:21:29.000,44.4
2026-03-14 04:21:29.000,43.2
2026-03-14 04:21:41.000,43.2
2026-03-14 04:21:41.000,40.8
2026-03-14 04:21:43.000,40.8
2026-03-14 04:21:43.000,38.4
2026-03-14 04:21:47.000,38.4
2026-03-14 04:21:47.000,36
2026-03-14 04:21:49.000,36
2026-03-14 04:21:49.000,33.6
2026-03-14 04:21:51.000,33.6
2026-03-14 04:21:51.000,36
2026-03-14 04:21:53.000,36
2026-03-14 04:21:53.000,33.6
2026-03-14 04:21:55.000,33.6
2026-03-14 04:21:55.000,28.8
2026-03-14 04:21:57.000,28.8
2026-03-14 04:21:57.000,26.4
2026-03-14 04:21:59.000,26.4
2026-03-14 04:21:59.000,13.2
2026-03-14 04:22:01.000,13.2
2026-03-14 04:22:01.000,15.6
2026-03-14 04:22:03.000,15.6
2026-03-14 04:22:03.000,7.2
2026-03-14 04:22:05.000,7.2
2026-03-14 04:22:05.000,9.6
2026-03-14 04:22:07.000,9.6
2026-03-14 04:22:07.000,7.2
2026-03-14 04:22:11.000,7.2
2026-03-14 04:22:11.000,8.4
2026-03-14 04:22:19.000,8.4
2026-03-14 04:22:19.000,9.6
2026-03-14 04:22:29.000,9.6
2026-03-14 04:22:29.000,10.8
2026-03-14 04:22:35.000,10.8
2026-03-14 04:22:35.000,9.6
2026-03-14 04:22:39.000,9.6
2026-03-14 04:22:39.000,8.4
2026-03-14 04:22:53.000,8.4
2026-03-14 04:22:53.000,9.6
2026-03-14 04:22:59.000,9.6
2026-03-14 04:22:59.000,8.4
2026-03-14 04:23:03.000,8.4
2026-03-14 04:23:03.000,9.6
2026-03-14 04:23:17.000,9.6
2026-03-14 04:23:17.000,10.8
2026-03-14 04:23:19.000,10.8
2026-03-14 04:23:19.000,9.6
2026-03-14 04:23:21.000,9.6
2026-03-14 04:23:21.000,10.8
2026-03-14 04:23:29.000,10.8
2026-03-14 04:23:29.000,12
2026-03-14 04:23:31.000,12
2026-03-14 04:23:31.000,13.2
2026-03-14 04:23:33.000,13.2
2026-03-14 04:23:33.000,15.6
2026-03-14 04:23:35.000,15.6
2026-03-14 04:23:35.000,18
2026-03-14 04:23:37.000,18
2026-03-14 04:23:37.000,19.2
2026-03-14 04:23:43.000,19.2
2026-03-14 04:23:43.000,20.4
2026-03-14 04:23:47.000,20.4
2026-03-14 04:23:47.000,21.6
2026-03-14 04:23:51.000,21.6
2026-03-14 04:23:51.000,20.4
2026-03-14 04:23:53.000,20.4
2026-03-14 04:23:53.000,19.2
2026-03-14 04:23:57.000,19.2
2026-03-14 04:23:57.000,20.4
2026-03-14 04:23:59.000,20.4
2026-03-14 04:23:59.000,21.6
2026-03-14 04:24:03.000,21.6
2026-03-14 04:24:03.000,22.8
2026-03-14 04:24:07.000,22.8
2026-03-14 04:24:07.000,24
2026-03-14 04:24:09.000,24
2026-03-14 04:24:09.000,25.2
2026-03-14 04:24:15.000,25.2
2026-03-14 04:24:15.000,26.4
2026-03-14 04:24:21.000,26.4
2026-03-14 04:24:21.000,27.6
2026-03-14 04:24:39.000,27.6
2026-03-14 04:24:39.000,28.8
2026-03-14 04:24:49.000,28.8
2026-03-14 04:24:49.000,30
2026-03-14 04:25:31.000,30
2026-03-14 04:25:31.000,31.2
2026-03-14 04:26:01.000,31.2
2026-03-14 04:26:01.000,30
2026-03-14 04:26:05.000,30
2026-03-14 04:26:05.000,28.8
2026-03-14 04:26:17.000,28.8
2026-03-14 04:26:17.000,30
2026-03-14 04:26:25.000,30
2026-03-14 04:26:25.000,31.2
2026-03-14 04:26:43.000,31.2
2026-03-14 04:26:43.000,32.4
2026-03-14 04:26:45.000,32.4
2026-03-14 04:26:45.000,31.2
2026-03-14 04:26:51.000,31.2
2026-03-14 04:26:51.000,30
2026-03-14 04:26:53.000,30
2026-03-14 04:26:53.000,28.8
2026-03-14 04:27:01.000,28.8
2026-03-14 04:27:01.000,30
2026-03-14 04:27:05.000,30
2026-03-14 04:27:05.000,31.2
2026-03-14 04:27:11.000,31.2
2026-03-14 04:27:11.000,32.4
2026-03-14 04:27:19.000,32.4
2026-03-14 04:27:19.000,33.6
2026-03-14 04:27:29.000,33.6
2026-03-14 04:27:29.000,34.8
2026-03-14 04:28:01.000,34.8
2026-03-14 04:28:01.000,36
2026-03-14 04:28:03.000,36
2026-03-14 04:28:03.000,34.8
2026-03-14 04:28:07.000,34.8
2026-03-14 04:28:07.000,32.4
2026-03-14 04:28:09.000,32.4
2026-03-14 04:28:09.000,30
2026-03-14 04:28:11.000,30
2026-03-14 04:28:11.000,26.4
2026-03-14 04:28:13.000,26.4
2026-03-14 04:28:13.000,27.6
2026-03-14 04:28:15.000,27.6
2026-03-14 04:28:15.000,32.4
2026-03-14 04:28:17.000,32.4
2026-03-14 04:28:17.000,36
2026-03-14 04:28:19.000,36
2026-03-14 04:28:19.000,38.4
2026-03-14 04:28:21.000,38.4
2026-03-14 04:28:21.000,39.6
2026-03-14 04:28:23.000,39.6
2026-03-14 04:28:23.000,40.8
2026-03-14 04:28:25.000,40.8
2026-03-14 04:28:25.000,42
2026-03-14 04:29:01.000,42
2026-03-14 04:29:01.000,40.8
2026-03-14 04:29:53.000,40.8
2026-03-14 04:29:53.000,39.6
2026-03-14 04:29:55.000,39.6
2026-03-14 04:29:55.000,33.6
2026-03-14 04:29:57.000,33.6
2026-03-14 04:29:57.000,30
2026-03-14 04:29:59.000,30
2026-03-14 04:29:59.000,8.4
2026-03-14 04:30:01.000,8.4
2026-03-14 04:30:01.000,13.2
2026-03-14 04:30:03.000,13.2
2026-03-14 04:30:03.000,20.4
2026-03-14 04:30:05.000,20.4
2026-03-14 04:30:05.000,18
2026-03-14 04:30:07.000,18
2026-03-14 04:30:07.000,16.8
2026-03-14 04:30:09.000,16.8
2026-03-14 04:30:09.000,18
2026-03-14 04:30:21.000,18
2026-03-14 04:30:21.000,19.2
2026-03-14 04:30:23.000,19.2
2026-03-14 04:30:23.000,20.4
2026-03-14 04:30:27.000,20.4
2026-03-14 04:30:27.000,21.6
2026-03-14 04:30:33.000,21.6
2026-03-14 04:30:33.000,22.8
2026-03-14 04:30:37.000,22.8
2026-03-14 04:30:37.000,24
2026-03-14 04:30:41.000,24
2026-03-14 04:30:41.000,25.2
2026-03-14 04:30:45.000,25.2
2026-03-14 04:30:45.000,26.4
2026-03-14 04:30:49.000,26.4
2026-03-14 04:30:49.000,27.6
2026-03-14 04:30:53.000,27.6
2026-03-14 04:30:53.000,28.8
2026-03-14 04:31:01.000,28.8
2026-03-14 04:31:01.000,30
2026-03-14 04:31:15.000,30
2026-03-14 04:31:15.000,31.2
2026-03-14 04:31:37.000,31.2
2026-03-14 04:31:37.000,28.8
2026-03-14 04:31:39.000,28.8
2026-03-14 04:31:39.000,27.6
2026-03-14 04:31:41.000,27.6
2026-03-14 04:31:41.000,21.6
2026-03-14 04:31:43.000,21.6
2026-03-14 04:31:43.000,25.2
2026-03-14 04:31:45.000,25.2
2026-03-14 04:31:45.000,21.6
2026-03-14 04:31:47.000,21.6
2026-03-14 04:31:47.000,24
2026-03-14 04:31:49.000,24
2026-03-14 04:31:49.000,25.2
2026-03-14 04:31:51.000,25.2
2026-03-14 04:31:51.000,27.6
2026-03-14 04:31:53.000,27.6
2026-03-14 04:31:53.000,28.8
2026-03-14 04:31:55.000,28.8
2026-03-14 04:31:55.000,30
2026-03-14 04:31:59.000,30
2026-03-14 04:31:59.000,31.2
2026-03-14 04:32:03.000,31.2
2026-03-14 04:32:03.000,32.4
2026-03-14 04:32:13.000,32.4
2026-03-14 04:32:13.000,33.6
2026-03-14 04:32:23.000,33.6
2026-03-14 04:32:23.000,34.8
2026-03-14 04:32:59.000,34.8
2026-03-14 04:32:59.000,36
2026-03-14 04:33:13.000,36
2026-03-14 04:33:13.000,34.8
2026-03-14 04:33:15.000,34.8
2026-03-14 04:33:15.000,31.2
2026-03-14 04:33:17.000,31.2
2026-03-14 04:33:17.000,30
2026-03-14 04:33:19.000,30
2026-03-14 04:33:19.000,24
2026-03-14 04:33:21.000,24
2026-03-14 04:33:21.000,25.2
2026-03-14 04:33:23.000,25.2
2026-03-14 04:33:23.000,22.8
2026-03-14 04:33:25.000,22.8
2026-03-14 04:33:25.000,24
2026-03-14 04:33:27.000,24
2026-03-14 04:33:27.000,22.8
2026-03-14 04:33:29.000,22.8
2026-03-14 04:33:29.000,24
2026-03-14 04:33:31.000,24
2026-03-14 04:33:31.000,22.8
2026-03-14 04:33:37.000,22.8
2026-03-14 04:33:37.000,24
2026-03-14 04:33:41.000,24
2026-03-14 04:33:41.000,22.8
2026-03-14 04:33:43.000,22.8
2026-03-14 04:33:43.000,21.6
2026-03-14 04:33:45.000,21.6
2026-03-14 04:33:45.000,13.2
2026-03-14 04:33:47.000,13.2
2026-03-14 04:33:47.000,14.4
2026-03-14 04:33:49.000,14.4
2026-03-14 04:33:49.000,12
2026-03-14 04:34:01.000,12
2026-03-14 04:34:01.000,10.8
2026-03-14 04:34:09.000,10.8
2026-03-14 04:34:09.000,12
2026-03-14 04:34:13.000,12
2026-03-14 04:34:13.000,14.4
2026-03-14 04:34:15.000,14.4
2026-03-14 04:34:15.000,13.2
2026-03-14 04:34:17.000,13.2
2026-03-14 04:34:17.000,14.4
2026-03-14 04:34:19.000,14.4
2026-03-14 04:34:19.000,13.2
2026-03-14 04:34:23.000,13.2
2026-03-14 04:34:23.000,12
2026-03-14 04:34:27.000,12
2026-03-14 04:34:27.000,10.8
2026-03-14 04:34:45.000,10.8
2026-03-14 04:34:45.000,12
2026-03-14 04:40:37.000,12
2026-03-14 04:40:37.000,10.8
2026-03-14 04:40:41.000,10.8
2026-03-14 04:40:41.000,12
2026-03-14 04:41:43.000,12
2026-03-14 04:41:43.000,13.2
2026-03-14 04:41:45.000,13.2
2026-03-14 04:41:45.000,12
2026-03-14 04:41:47.000,12
2026-03-14 04:41:47.000,13.2
2026-03-14 04:41:53.000,13.2
2026-03-14 04:41:53.000,12
2026-03-14 04:42:03.000,12
2026-03-14 04:42:03.000,13.2
2026-03-14 04:42:07.000,13.2
2026-03-14 04:42:07.000,12
2026-03-14 04:42:21.000,12
2026-03-14 04:42:21.000,13.2
2026-03-14 04:42:23.000,13.2
2026-03-14 04:42:23.000,12
2026-03-14 04:42:25.000,12
2026-03-14 04:42:25.000,13.2
2026-03-14 04:44:09.000,13.2
2026-03-14 04:44:09.000,14.4
2026-03-14 04:44:11.000,14.4
2026-03-14 04:44:11.000,13.2
2026-03-14 04:44:23.000,13.2
2026-03-14 04:44:23.000,14.4
2026-03-14 04:44:49.000,14.4
2026-03-14 04:44:49.000,15.6
2026-03-14 04:44:59.000,15.6
2026-03-14 04:44:59.000,16.8
2026-03-14 04:45:01.000,16.8
2026-03-14 04:45:01.000,15.6
2026-03-14 04:45:03.000,15.6
2026-03-14 04:45:03.000,14.4
2026-03-14 04:45:05.000,14.4
2026-03-14 04:45:05.000,13.2
2026-03-14 04:45:07.000,13.2
2026-03-14 04:45:07.000,10.8
2026-03-14 04:45:11.000,10.8
2026-03-14 04:45:11.000,13.2
2026-03-14 04:45:13.000,13.2
2026-03-14 04:45:13.000,19.2
2026-03-14 04:45:15.000,19.2
2026-03-14 04:45:15.000,20.4
2026-03-14 04:45:17.000,20.4
2026-03-14 04:45:17.000,25.2
2026-03-14 04:45:19.000,25.2
2026-03-14 04:45:19.000,22.8
2026-03-14 04:45:21.000,22.8
2026-03-14 04:45:21.000,24
2026-03-14 04:45:53.000,24
2026-03-14 04:45:53.000,25.2
2026-03-14 04:46:41.000,25.2
2026-03-14 04:46:41.000,26.4
2026-03-14 04:47:07.000,26.4
2026-03-14 04:47:07.000,25.2
2026-03-14 04:47:29.000,25.2
2026-03-14 04:47:29.000,26.4
2026-03-14 04:47:57.000,26.4
2026-03-14 04:47:57.000,25.2
2026-03-14 04:48:19.000,25.2
2026-03-14 04:48:19.000,26.4
2026-03-14 04:48:35.000,26.4
2026-03-14 04:48:35.000,25.2
2026-03-14 04:49:11.000,25.2
2026-03-14 04:49:11.000,26.4
2026-03-14 04:49:13.000,26.4
2026-03-14 04:49:13.000,25.2
2026-03-14 04:49:15.000,25.2
2026-03-14 04:49:15.000,26.4
2026-03-14 04:49:17.000,26.4
2026-03-14 04:49:17.000,25.2
2026-03-14 04:49:39.000,25.2
2026-03-14 04:49:39.000,26.4
2026-03-14 04:49:41.000,26.4
2026-03-14 04:49:41.000,25.2
2026-03-14 04:49:43.000,25.2
2026-03-14 04:49:43.000,26.4
2026-03-14 04:50:01.000,26.4
2026-03-14 04:50:01.000,25.2
2026-03-14 04:50:17.000,25.2
2026-03-14 04:50:17.000,26.4
2026-03-14 04:50:41.000,26.4
2026-03-14 04:50:41.000,25.2
2026-03-14 04:50:43.000,25.2
2026-03-14 04:50:43.000,26.4
2026-03-14 04:51:13.000,26.4
2026-03-14 04:51:13.000,25.2
2026-03-14 04:51:15.000,25.2
2026-03-14 04:51:15.000,26.4
2026-03-14 04:51:41.000,26.4
2026-03-14 04:51:41.000,33.6
2026-03-14 04:51:43.000,33.6
2026-03-14 04:51:43.000,4.8
2026-03-14 04:51:45.000,4.8
2026-03-14 04:51:45.000,10.8
2026-03-14 04:51:47.000,10.8
2026-03-14 04:51:47.000,8.4
2026-03-14 04:51:49.000,8.4
2026-03-14 04:51:49.000,10.8
2026-03-14 04:51:51.000,10.8
2026-03-14 04:51:51.000,12
2026-03-14 04:51:53.000,12
2026-03-14 04:51:53.000,13.2
2026-03-14 04:52:01.000,13.2
2026-03-14 04:52:01.000,14.4
2026-03-14 04:52:09.000,14.4
2026-03-14 04:52:09.000,15.6
2026-03-14 04:52:13.000,15.6
2026-03-14 04:52:13.000,16.8
2026-03-14 04:52:27.000,16.8
2026-03-14 04:52:27.000,15.6
2026-03-14 04:52:51.000,15.6
2026-03-14 04:52:51.000,16.8
2026-03-14 04:53:13.000,16.8
2026-03-14 04:53:13.000,15.6
2026-03-14 04:53:33.000,15.6
2026-03-14 04:53:33.000,16.8
2026-03-14 04:54:01.000,16.8
2026-03-14 04:54:01.000,15.6
2026-03-14 04:54:03.000,15.6
2026-03-14 04:54:03.000,16.8
2026-03-14 04:54:57.000,16.8
2026-03-14 04:54:57.000,18
2026-03-14 04:55:11.000,18
2026-03-14 04:55:11.000,19.2
2026-03-14 04:55:59.000,19.2
2026-03-14 04:55:59.000,18
2026-03-14 04:56:09.000,18
2026-03-14 04:56:09.000,19.2
2026-03-14 04:56:41.000,19.2
2026-03-14 04:56:41.000,20.4
2026-03-14 04:56:45.000,20.4
2026-03-14 04:56:45.000,19.2
2026-03-14 04:56:55.000,19.2
2026-03-14 04:56:55.000,20.4
2026-03-14 04:56:57.000,20.4
2026-03-14 04:56:57.000,19.2
2026-03-14 04:57:13.000,19.2
2026-03-14 04:57:13.000,20.4
2026-03-14 04:57:17.000,20.4
2026-03-14 04:57:17.000,19.2
2026-03-14 04:57:27.000,19.2
2026-03-14 04:57:27.000,20.4
2026-03-14 04:57:31.000,20.4
2026-03-14 04:57:31.000,19.2
2026-03-14 04:59:29.000,19.2
2026-03-14 04:59:29.000,20.4
2026-03-14 04:59:35.000,20.4
2026-03-14 04:59:35.000,19.2
2026-03-14 04:59:43.000,19.2
2026-03-14 04:59:43.000,20.4
2026-03-14 05:00:03.000,20.4
2026-03-14 05:00:03.000,19.2
2026-03-14 05:00:11.000,19.2
2026-03-14 05:00:11.000,20.4
2026-03-14 05:00:17.000,20.4
2026-03-14 05:00:17.000,19.2
2026-03-14 05:00:21.000,19.2
2026-03-14 05:00:21.000,20.4
2026-03-14 05:00:37.000,20.4
2026-03-14 05:00:37.000,19.2
2026-03-14 05:00:43.000,19.2
2026-03-14 05:00:43.000,20.4
2026-03-14 05:00:45.000,20.4
2026-03-14 05:00:45.000,19.2
2026-03-14 05:02:25.000,19.2
2026-03-14 05:02:25.000,20.4
2026-03-14 05:02:27.000,20.4
2026-03-14 05:02:27.000,19.2
2026-03-14 05:04:11.000,19.2
2026-03-14 05:04:11.000,20.4
2026-03-14 05:04:21.000,20.4
2026-03-14 05:04:21.000,19.2
2026-03-14 05:04:35.000,19.2
2026-03-14 05:04:35.000,20.4
2026-03-14 05:04:37.000,20.4
2026-03-14 05:04:37.000,19.2
2026-03-14 05:04:39.000,19.2
2026-03-14 05:04:39.000,20.4
2026-03-14 05:08:43.000,20.4
2026-03-14 05:08:43.000,21.6
2026-03-14 05:08:45.000,21.6
2026-03-14 05:08:45.000,20.4
2026-03-14 05:08:51.000,20.4
2026-03-14 05:08:51.000,21.6
2026-03-14 05:08:55.000,21.6
2026-03-14 05:08:55.000,20.4
2026-03-14 05:08:57.000,20.4
2026-03-14 05:08:57.000,21.6
2026-03-14 05:08:59.000,21.6
2026-03-14 05:08:59.000,20.4
2026-03-14 05:09:05.000,20.4
2026-03-14 05:09:05.000,21.6
2026-03-14 05:09:07.000,21.6
2026-03-14 05:09:07.000,20.4
2026-03-14 05:09:37.000,20.4
2026-03-14 05:09:37.000,21.6
2026-03-14 05:10:21.000,21.6
2026-03-14 05:10:21.000,22.8
2026-03-14 05:10:23.000,22.8
2026-03-14 05:10:23.000,21.6
2026-03-14 05:10:27.000,21.6
2026-03-14 05:10:27.000,22.8
2026-03-14 05:11:01.000,22.8
2026-03-14 05:11:01.000,21.6
2026-03-14 05:11:03.000,21.6
2026-03-14 05:11:03.000,22.8
2026-03-14 05:11:23.000,22.8
2026-03-14 05:11:23.000,24
2026-03-14 05:11:27.000,24
2026-03-14 05:11:27.000,25.2
2026-03-14 05:11:31.000,25.2
2026-03-14 05:11:31.000,26.4
2026-03-14 05:12:19.000,26.4
2026-03-14 05:12:19.000,25.2
2026-03-14 05:12:27.000,25.2
2026-03-14 05:12:27.000,26.4
2026-03-14 05:12:29.000,26.4
2026-03-14 05:12:29.000,25.2
2026-03-14 05:13:41.000,25.2
2026-03-14 05:13:41.000,24
2026-03-14 05:13:43.000,24
2026-03-14 05:13:43.000,25.2
2026-03-14 05:13:47.000,25.2
2026-03-14 05:13:47.000,24
2026-03-14 05:13:49.000,24
2026-03-14 05:13:49.000,25.2
2026-03-14 05:13:57.000,25.2
2026-03-14 05:13:57.000,24
2026-03-14 05:13:59.000,24
2026-03-14 05:13:59.000,25.2
2026-03-14 05:14:11.000,25.2
2026-03-14 05:14:11.000,24
2026-03-14 05:14:19.000,24
2026-03-14 05:14:19.000,25.2
2026-03-14 05:15:05.000,25.2
2026-03-14 05:15:05.000,24
2026-03-14 05:15:23.000,24
2026-03-14 05:15:23.000,25.2
2026-03-14 05:15:29.000,25.2
2026-03-14 05:15:29.000,24
2026-03-14 05:16:27.000,24
2026-03-14 05:16:27.000,25.2
2026-03-14 05:17:35.000,25.2
2026-03-14 05:17:35.000,26.4
2026-03-14 05:17:37.000,26.4
2026-03-14 05:17:37.000,25.2
2026-03-14 05:24:07.000,25.2
2026-03-14 05:24:07.000,26.4
2026-03-14 05:24:19.000,26.4
2026-03-14 05:24:19.000,25.2
2026-03-14 05:24:25.000,25.2
2026-03-14 05:24:25.000,26.4
2026-03-14 05:25:25.000,26.4
2026-03-14 05:25:25.000,27.6
2026-03-14 05:25:31.000,27.6
2026-03-14 05:25:31.000,26.4
2026-03-14 05:25:33.000,26.4
2026-03-14 05:25:33.000,27.6
2026-03-14 05:25:37.000,27.6
2026-03-14 05:25:37.000,26.4
2026-03-14 05:25:39.000,26.4
2026-03-14 05:25:39.000,27.6
2026-03-14 05:27:37.000,27.6
2026-03-14 05:27:37.000,26.4
2026-03-14 05:27:41.000,26.4
2026-03-14 05:27:41.000,27.6
2026-03-14 05:28:15.000,27.6
2026-03-14 05:28:15.000,26.4
2026-03-14 05:28:39.000,26.4
2026-03-14 05:28:39.000,27.6
2026-03-14 05:30:09.000,27.6
2026-03-14 05:30:09.000,28.8
2026-03-14 05:31:17.000,28.8
2026-03-14 05:31:17.000,30
2026-03-14 05:34:47.000,30
2026-03-14 05:34:47.000,28.8
2026-03-14 05:34:49.000,28.8
2026-03-14 05:34:49.000,25.2
2026-03-14 05:34:51.000,25.2
2026-03-14 05:34:51.000,21.6
2026-03-14 05:34:53.000,21.6
2026-03-14 05:34:53.000,15.6
2026-03-14 05:34:55.000,15.6
2026-03-14 05:34:55.000,9.6
2026-03-14 05:34:57.000,9.6
2026-03-14 05:34:57.000,10.8
2026-03-14 05:34:59.000,10.8
2026-03-14 05:34:59.000,15.6
2026-03-14 05:35:01.000,15.6
2026-03-14 05:35:01.000,13.2
2026-03-14 05:35:03.000,13.2
2026-03-14 05:35:03.000,14.4
2026-03-14 05:35:05.000,14.4
2026-03-14 05:35:05.000,13.2
2026-03-14 05:35:07.000,13.2
2026-03-14 05:35:07.000,14.4
2026-03-14 05:35:15.000,14.4
2026-03-14 05:35:15.000,15.6
2026-03-14 05:35:21.000,15.6
2026-03-14 05:35:21.000,16.8
2026-03-14 05:35:25.000,16.8
2026-03-14 05:35:25.000,15.6
2026-03-14 05:35:37.000,15.6
2026-03-14 05:35:37.000,14.4
2026-03-14 05:35:47.000,14.4
2026-03-14 05:35:47.000,15.6
2026-03-14 05:36:47.000,15.6
2026-03-14 05:36:47.000,16.8
2026-03-14 05:36:49.000,16.8
2026-03-14 05:36:49.000,18
2026-03-14 05:36:53.000,18
2026-03-14 05:36:53.000,16.8
2026-03-14 05:36:55.000,16.8
2026-03-14 05:36:55.000,15.6
2026-03-14 05:37:21.000,15.6
2026-03-14 05:37:21.000,16.8
2026-03-14 05:37:31.000,16.8
2026-03-14 05:37:31.000,18
2026-03-14 05:37:33.000,18
2026-03-14 05:37:33.000,16.8
2026-03-14 05:37:39.000,16.8
2026-03-14 05:37:39.000,15.6
2026-03-14 05:38:07.000,15.6
2026-03-14 05:38:07.000,16.8
2026-03-14 05:38:21.000,16.8
2026-03-14 05:38:21.000,15.6
2026-03-14 05:38:47.000,15.6
2026-03-14 05:38:47.000,16.8
2026-03-14 05:38:59.000,16.8
2026-03-14 05:38:59.000,15.6
2026-03-14 05:39:15.000,15.6
2026-03-14 05:39:15.000,16.8
2026-03-14 05:39:25.000,16.8
2026-03-14 05:39:25.000,15.6
2026-03-14 05:39:27.000,15.6
2026-03-14 05:39:27.000,16.8
2026-03-14 05:39:31.000,16.8
2026-03-14 05:39:31.000,15.6
2026-03-14 05:39:43.000,15.6
2026-03-14 05:39:43.000,16.8
2026-03-14 05:39:53.000,16.8
2026-03-14 05:39:53.000,15.6
2026-03-14 05:39:55.000,15.6
2026-03-14 05:39:55.000,16.8
2026-03-14 05:40:01.000,16.8
2026-03-14 05:40:01.000,15.6
2026-03-14 05:40:03.000,15.6
2026-03-14 05:40:03.000,16.8
2026-03-14 05:40:05.000,16.8
2026-03-14 05:40:05.000,15.6
2026-03-14 05:40:09.000,15.6
2026-03-14 05:40:09.000,16.8
2026-03-14 05:40:17.000,16.8
2026-03-14 05:40:17.000,15.6
2026-03-14 05:40:21.000,15.6
2026-03-14 05:40:21.000,16.8
2026-03-14 05:40:23.000,16.8
2026-03-14 05:40:23.000,15.6
2026-03-14 05:40:43.000,15.6
2026-03-14 05:40:43.000,16.8
2026-03-14 05:41:09.000,16.8
2026-03-14 05:41:09.000,15.6
2026-03-14 05:41:21.000,15.6
2026-03-14 05:41:21.000,16.8
2026-03-14 05:41:25.000,16.8
2026-03-14 05:41:25.000,15.6
2026-03-14 05:41:29.000,15.6
2026-03-14 05:41:29.000,16.8
2026-03-14 05:41:53.000,16.8
2026-03-14 05:41:53.000,18
2026-03-14 05:41:55.000,18
2026-03-14 05:41:55.000,20.4
2026-03-14 05:41:57.000,20.4
2026-03-14 05:41:57.000,19.2
2026-03-14 05:41:59.000,19.2
2026-03-14 05:41:59.000,18
2026-03-14 05:42:01.000,18
2026-03-14 05:42:01.000,15.6
2026-03-14 05:42:03.000,15.6
2026-03-14 05:42:03.000,12
2026-03-14 05:42:07.000,12
2026-03-14 05:42:07.000,8.4
2026-03-14 05:42:09.000,8.4
2026-03-14 05:42:09.000,9.6
2026-03-14 05:42:11.000,9.6
2026-03-14 05:42:11.000,10.8
2026-03-14 05:42:23.000,10.8
2026-03-14 05:42:23.000,12
2026-03-14 05:42:25.000,12
2026-03-14 05:42:25.000,10.8
2026-03-14 05:43:13.000,10.8
2026-03-14 05:43:13.000,12
2026-03-14 05:43:15.000,12
2026-03-14 05:43:15.000,13.2
2026-03-14 05:43:19.000,13.2
2026-03-14 05:43:19.000,15.6
2026-03-14 05:43:23.000,15.6
2026-03-14 05:43:23.000,16.8
2026-03-14 05:43:27.000,16.8
2026-03-14 05:43:27.000,18
2026-03-14 05:43:35.000,18
2026-03-14 05:43:35.000,19.2
2026-03-14 05:43:39.000,19.2
2026-03-14 05:43:39.000,20.4
2026-03-14 05:43:41.000,20.4
2026-03-14 05:43:41.000,22.8
2026-03-14 05:43:43.000,22.8
2026-03-14 05:43:43.000,24
2026-03-14 05:43:45.000,24
2026-03-14 05:43:45.000,26.4
2026-03-14 05:43:49.000,26.4
2026-03-14 05:43:49.000,27.6
2026-03-14 05:43:53.000,27.6
2026-03-14 05:43:53.000,28.8
2026-03-14 05:43:57.000,28.8
2026-03-14 05:43:57.000,30
2026-03-14 05:44:01.000,30
2026-03-14 05:44:01.000,31.2
2026-03-14 05:44:17.000,31.2
2026-03-14 05:44:17.000,32.4
2026-03-14 05:44:31.000,32.4
2026-03-14 05:44:31.000,31.2
2026-03-14 05:44:39.000,31.2
2026-03-14 05:44:39.000,32.4
2026-03-14 05:44:45.000,32.4
2026-03-14 05:44:45.000,33.6
2026-03-14 05:44:51.000,33.6
2026-03-14 05:44:51.000,34.8
2026-03-14 05:44:53.000,34.8
2026-03-14 05:44:53.000,36
2026-03-14 05:44:59.000,36
2026-03-14 05:44:59.000,37.2
2026-03-14 05:45:03.000,37.2
2026-03-14 05:45:03.000,34.8
2026-03-14 05:45:05.000,34.8
2026-03-14 05:45:05.000,27.6
2026-03-14 05:45:07.000,27.6
2026-03-14 05:45:07.000,16.8
2026-03-14 05:45:09.000,16.8
2026-03-14 05:45:09.000,20.4
2026-03-14 05:45:11.000,20.4
2026-03-14 05:45:11.000,10.8
2026-03-14 05:45:13.000,10.8
2026-03-14 05:45:13.000,18
2026-03-14 05:45:15.000,18
2026-03-14 05:45:15.000,12
2026-03-14 05:45:19.000,12
2026-03-14 05:45:19.000,10.8
2026-03-14 05:45:43.000,10.8
2026-03-14 05:45:43.000,12
2026-03-14 05:46:13.000,12
2026-03-14 05:46:13.000,10.8
2026-03-14 05:46:15.000,10.8
2026-03-14 05:46:15.000,12
2026-03-14 05:46:19.000,12
2026-03-14 05:46:19.000,10.8
2026-03-14 05:46:21.000,10.8
2026-03-14 05:46:21.000,12
2026-03-14 05:46:27.000,12
2026-03-14 05:46:27.000,10.8
2026-03-14 05:46:31.000,10.8
2026-03-14 05:46:31.000,12
2026-03-14 05:46:53.000,12
2026-03-14 05:46:53.000,10.8
2026-03-14 05:46:55.000,10.8
2026-03-14 05:46:55.000,12
2026-03-14 05:46:57.000,12
2026-03-14 05:46:57.000,10.8
2026-03-14 05:46:59.000,10.8
2026-03-14 05:46:59.000,12
2026-03-14 05:47:43.000,12
2026-03-14 05:47:43.000,13.2
2026-03-14 05:47:49.000,13.2
2026-03-14 05:47:49.000,14.4
2026-03-14 05:47:51.000,14.4
2026-03-14 05:47:51.000,15.6
2026-03-14 05:47:53.000,15.6
2026-03-14 05:47:53.000,16.8
2026-03-14 05:47:55.000,16.8
2026-03-14 05:47:55.000,19.2
2026-03-14 05:47:59.000,19.2
2026-03-14 05:47:59.000,20.4
2026-03-14 05:48:03.000,20.4
2026-03-14 05:48:03.000,21.6
2026-03-14 05:48:09.000,21.6
2026-03-14 05:48:09.000,22.8
2026-03-14 05:48:25.000,22.8
2026-03-14 05:48:25.000,21.6
2026-03-14 05:48:27.000,21.6
2026-03-14 05:48:27.000,22.8
2026-03-14 05:48:29.000,22.8
2026-03-14 05:48:29.000,21.6
2026-03-14 05:48:35.000,21.6
2026-03-14 05:48:35.000,20.4
2026-03-14 05:48:37.000,20.4
2026-03-14 05:48:37.000,21.6
2026-03-14 05:48:41.000,21.6
2026-03-14 05:48:41.000,20.4
2026-03-14 05:48:53.000,20.4
2026-03-14 05:48:53.000,19.2
2026-03-14 05:49:09.000,19.2
2026-03-14 05:49:09.000,18
2026-03-14 05:49:13.000,18
2026-03-14 05:49:13.000,16.8
2026-03-14 05:49:17.000,16.8
2026-03-14 05:49:17.000,15.6
2026-03-14 05:49:39.000,15.6
2026-03-14 05:49:39.000,16.8
2026-03-14 05:50:01.000,16.8
2026-03-14 05:50:01.000,15.6
2026-03-14 05:50:05.000,15.6
2026-03-14 05:50:05.000,14.4
2026-03-14 05:50:19.000,14.4
2026-03-14 05:50:19.000,16.8
2026-03-14 05:50:21.000,16.8
2026-03-14 05:50:21.000,18
2026-03-14 05:50:23.000,18
2026-03-14 05:50:23.000,12
2026-03-14 05:50:27.000,12
2026-03-14 05:50:27.000,8.4
2026-03-14 05:50:29.000,8.4
2026-03-14 05:50:29.000,10.8
2026-03-14 05:50:31.000,10.8
2026-03-14 05:50:31.000,12
2026-03-14 05:50:33.000,12
2026-03-14 05:50:33.000,15.6
2026-03-14 05:50:35.000,15.6
2026-03-14 05:50:35.000,19.2
2026-03-14 05:50:37.000,19.2
2026-03-14 05:50:37.000,26.4
2026-03-14 05:50:39.000,26.4
2026-03-14 05:50:39.000,28.8
2026-03-14 05:50:41.000,28.8
2026-03-14 05:50:41.000,37.2
2026-03-14 05:50:43.000,37.2
2026-03-14 05:50:43.000,30
2026-03-14 05:50:45.000,30
2026-03-14 05:50:45.000,33.6
2026-03-14 05:50:47.000,33.6
2026-03-14 05:50:47.000,32.4
2026-03-14 05:50:51.000,32.4
2026-03-14 05:50:51.000,33.6
2026-03-14 05:50:55.000,33.6
2026-03-14 05:50:55.000,34.8
2026-03-14 05:50:59.000,34.8
2026-03-14 05:50:59.000,36
2026-03-14 05:51:09.000,36
2026-03-14 05:51:09.000,37.2
2026-03-14 05:51:19.000,37.2
2026-03-14 05:51:19.000,38.4
2026-03-14 05:51:31.000,38.4
2026-03-14 05:51:31.000,37.2
2026-03-14 05:51:37.000,37.2
2026-03-14 05:51:37.000,38.4
2026-03-14 05:51:51.000,38.4
2026-03-14 05:51:51.000,37.2
2026-03-14 05:52:11.000,37.2
2026-03-14 05:52:11.000,36
2026-03-14 05:52:17.000,36
2026-03-14 05:52:17.000,34.8
2026-03-14 05:52:19.000,34.8
2026-03-14 05:52:19.000,26.4
2026-03-14 05:52:21.000,26.4
2026-03-14 05:52:21.000,34.8
2026-03-14 05:52:25.000,34.8
2026-03-14 05:52:25.000,37.2
2026-03-14 05:52:27.000,37.2
2026-03-14 05:52:27.000,38.4
2026-03-14 05:52:29.000,38.4
2026-03-14 05:52:29.000,40.8
2026-03-14 05:52:33.000,40.8
2026-03-14 05:52:33.000,42
2026-03-14 05:52:35.000,42
2026-03-14 05:52:35.000,43.2
2026-03-14 05:52:41.000,43.2
2026-03-14 05:52:41.000,44.4
2026-03-14 05:52:49.000,44.4
2026-03-14 05:52:49.000,43.2
2026-03-14 05:52:55.000,43.2
2026-03-14 05:52:55.000,44.4
2026-03-14 05:52:57.000,44.4
2026-03-14 05:52:57.000,43.2
2026-03-14 05:53:01.000,43.2
2026-03-14 05:53:01.000,42
2026-03-14 05:53:07.000,42
2026-03-14 05:53:07.000,43.2
2026-03-14 05:53:11.000,43.2
2026-03-14 05:53:11.000,42
2026-03-14 05:53:27.000,42
2026-03-14 05:53:27.000,40.8
2026-03-14 05:53:31.000,40.8
2026-03-14 05:53:31.000,42
2026-03-14 05:53:33.000,42
2026-03-14 05:53:33.000,40.8
2026-03-14 05:53:35.000,40.8
2026-03-14 05:53:35.000,33.6
2026-03-14 05:53:37.000,33.6
2026-03-14 05:53:37.000,26.4
2026-03-14 05:53:39.000,26.4
2026-03-14 05:53:39.000,13.2
2026-03-14 05:53:47.000,13.2
2026-03-14 05:53:47.000,14.4
2026-03-14 05:53:53.000,14.4
2026-03-14 05:53:53.000,15.6
2026-03-14 05:53:55.000,15.6
2026-03-14 05:53:55.000,16.8
2026-03-14 05:53:57.000,16.8
2026-03-14 05:53:57.000,19.2
2026-03-14 05:53:59.000,19.2
2026-03-14 05:53:59.000,24
2026-03-14 05:54:01.000,24
2026-03-14 05:54:01.000,22.8
2026-03-14 05:54:03.000,22.8
2026-03-14 05:54:03.000,26.4
2026-03-14 05:54:07.000,26.4
2026-03-14 05:54:07.000,27.6
2026-03-14 05:54:11.000,27.6
2026-03-14 05:54:11.000,28.8
2026-03-14 05:54:15.000,28.8
2026-03-14 05:54:15.000,30
2026-03-14 05:54:17.000,30
2026-03-14 05:54:17.000,31.2
2026-03-14 05:54:21.000,31.2
2026-03-14 05:54:21.000,32.4
2026-03-14 05:54:27.000,32.4
2026-03-14 05:54:27.000,33.6
2026-03-14 05:54:33.000,33.6
2026-03-14 05:54:33.000,34.8
2026-03-14 05:54:59.000,34.8
2026-03-14 05:54:59.000,36
2026-03-14 05:55:13.000,36
2026-03-14 05:55:13.000,37.2
2026-03-14 05:55:23.000,37.2
2026-03-14 05:55:23.000,38.4
2026-03-14 05:55:33.000,38.4
2026-03-14 05:55:33.000,39.6
2026-03-14 05:55:37.000,39.6
2026-03-14 05:55:37.000,34.8
2026-03-14 05:55:39.000,34.8
2026-03-14 05:55:39.000,16.8
2026-03-14 05:55:43.000,16.8
2026-03-14 05:55:43.000,9.6
2026-03-14 05:55:45.000,9.6
2026-03-14 05:55:45.000,12
2026-03-14 05:55:47.000,12
2026-03-14 05:55:47.000,13.2
2026-03-14 05:55:49.000,13.2
2026-03-14 05:55:49.000,15.6
2026-03-14 05:55:53.000,15.6
2026-03-14 05:55:53.000,14.4
2026-03-14 05:55:59.000,14.4
2026-03-14 05:55:59.000,15.6
2026-03-14 05:56:07.000,15.6
2026-03-14 05:56:07.000,16.8
2026-03-14 05:56:13.000,16.8
2026-03-14 05:56:13.000,18
2026-03-14 05:56:25.000,18
2026-03-14 05:56:25.000,19.2
2026-03-14 05:56:39.000,19.2
2026-03-14 05:56:39.000,20.4
2026-03-14 05:56:59.000,20.4
2026-03-14 05:56:59.000,21.6
2026-03-14 05:57:25.000,21.6
2026-03-14 05:57:25.000,22.8
2026-03-14 05:57:49.000,22.8
2026-03-14 05:57:49.000,24
2026-03-14 05:57:53.000,24
2026-03-14 05:57:53.000,22.8
2026-03-14 05:57:55.000,22.8
2026-03-14 05:57:55.000,24
2026-03-14 05:58:15.000,24
2026-03-14 05:58:15.000,22.8
2026-03-14 05:58:17.000,22.8
2026-03-14 05:58:17.000,24
2026-03-14 05:58:21.000,24
2026-03-14 05:58:21.000,19.2
2026-03-14 05:58:25.000,19.2
2026-03-14 05:58:25.000,9.6
2026-03-14 05:58:29.000,9.6
2026-03-14 05:58:29.000,13.2
2026-03-14 05:58:31.000,13.2
2026-03-14 05:58:31.000,12
2026-03-14 05:58:35.000,12
2026-03-14 05:58:35.000,13.2
2026-03-14 05:58:39.000,13.2
2026-03-14 05:58:39.000,14.4
2026-03-14 05:58:45.000,14.4
2026-03-14 05:58:45.000,13.2
2026-03-14 05:58:51.000,13.2
2026-03-14 05:58:51.000,12
2026-03-14 05:58:53.000,12
2026-03-14 05:58:53.000,13.2
2026-03-14 05:58:59.000,13.2
2026-03-14 05:58:59.000,14.4
2026-03-14 05:59:03.000,14.4
2026-03-14 05:59:03.000,15.6
2026-03-14 05:59:05.000,15.6
2026-03-14 05:59:05.000,20.4
2026-03-14 05:59:07.000,20.4
2026-03-14 05:59:07.000,13.2
2026-03-14 05:59:09.000,13.2
2026-03-14 05:59:09.000,14.4
2026-03-14 05:59:11.000,14.4
2026-03-14 05:59:11.000,10.8
2026-03-14 05:59:13.000,10.8
2026-03-14 05:59:13.000,9.6
2026-03-14 05:59:15.000,9.6
2026-03-14 05:59:15.000,10.8
2026-03-14 05:59:21.000,10.8
2026-03-14 05:59:21.000,12
2026-03-14 05:59:23.000,12
2026-03-14 05:59:23.000,13.2
2026-03-14 05:59:27.000,13.2
2026-03-14 05:59:27.000,14.4
2026-03-14 05:59:35.000,14.4
2026-03-14 05:59:35.000,15.6
2026-03-14 05:59:39.000,15.6
2026-03-14 05:59:39.000,14.4
2026-03-14 05:59:53.000,14.4
2026-03-14 05:59:53.000,13.2
2026-03-14 06:00:03.000,13.2
2026-03-14 06:00:03.000,14.4
2026-03-14 06:01:05.000,14.4
2026-03-14 06:01:05.000,15.6
2026-03-14 06:01:09.000,15.6
2026-03-14 06:01:09.000,21.6
2026-03-14 06:01:11.000,21.6
2026-03-14 06:01:11.000,14.4
2026-03-14 06:01:13.000,14.4
2026-03-14 06:01:13.000,3.6
2026-03-14 06:01:15.000,3.6
2026-03-14 06:01:15.000,1.2
2026-03-14 06:01:17.000,1.2
2026-03-14 06:01:17.000,6
2026-03-14 06:01:19.000,6
2026-03-14 06:01:19.000,8.4
2026-03-14 06:01:21.000,8.4
2026-03-14 06:01:21.000,10.8
2026-03-14 06:01:29.000,10.8
2026-03-14 06:01:29.000,12
2026-03-14 06:01:35.000,12
2026-03-14 06:01:35.000,13.2
2026-03-14 06:01:37.000,13.2
2026-03-14 06:01:37.000,14.4
2026-03-14 06:01:41.000,14.4
2026-03-14 06:01:41.000,15.6
2026-03-14 06:01:43.000,15.6
2026-03-14 06:01:43.000,14.4
2026-03-14 06:01:49.000,14.4
2026-03-14 06:01:49.000,13.2
2026-03-14 06:01:55.000,13.2
2026-03-14 06:01:55.000,12
2026-03-14 06:02:07.000,12
2026-03-14 06:02:07.000,13.2
2026-03-14 06:02:19.000,13.2
2026-03-14 06:02:19.000,14.4
2026-03-14 06:02:21.000,14.4
2026-03-14 06:02:21.000,13.2
2026-03-14 06:02:23.000,13.2
2026-03-14 06:02:23.000,14.4
2026-03-14 06:02:27.000,14.4
2026-03-14 06:02:27.000,13.2
2026-03-14 06:03:33.000,13.2
2026-03-14 06:03:33.000,12
2026-03-14 06:03:39.000,12
2026-03-14 06:03:39.000,13.2
2026-03-14 06:03:41.000,13.2
2026-03-14 06:03:41.000,15.6
2026-03-14 06:03:43.000,15.6
2026-03-14 06:03:43.000,14.4
2026-03-14 06:03:45.000,14.4
2026-03-14 06:03:45.000,15.6
2026-03-14 06:03:47.000,15.6
2026-03-14 06:03:47.000,16.8
2026-03-14 06:03:49.000,16.8
2026-03-14 06:03:49.000,15.6
2026-03-14 06:03:57.000,15.6
2026-03-14 06:03:57.000,13.2
2026-03-14 06:03:59.000,13.2
2026-03-14 06:03:59.000,15.6
2026-03-14 06:04:01.000,15.6
2026-03-14 06:04:01.000,14.4
2026-03-14 06:04:05.000,14.4
2026-03-14 06:04:05.000,13.2
2026-03-14 06:04:07.000,13.2
2026-03-14 06:04:07.000,15.6
2026-03-14 06:04:09.000,15.6
2026-03-14 06:04:09.000,28.8
2026-03-14 06:04:11.000,28.8
2026-03-14 06:04:11.000,0
2026-03-14 06:04:13.000,0
2026-03-14 06:04:13.000,13.2
2026-03-14 06:04:15.000,13.2
2026-03-14 06:04:15.000,24
2026-03-14 06:04:17.000,24
2026-03-14 06:04:17.000,19.2
2026-03-14 06:04:19.000,19.2
2026-03-14 06:04:19.000,21.6
2026-03-14 06:04:21.000,21.6
2026-03-14 06:04:21.000,19.2
2026-03-14 06:04:23.000,19.2
2026-03-14 06:04:23.000,20.4
2026-03-14 06:04:31.000,20.4
2026-03-14 06:04:31.000,19.2
2026-03-14 06:04:35.000,19.2
2026-03-14 06:04:35.000,20.4
2026-03-14 06:04:37.000,20.4
2026-03-14 06:04:37.000,21.6
2026-03-14 06:04:47.000,21.6
2026-03-14 06:04:47.000,20.4
2026-03-14 06:04:57.000,20.4
2026-03-14 06:04:57.000,21.6
2026-03-14 06:05:31.000,21.6
2026-03-14 06:05:31.000,22.8
2026-03-14 06:05:33.000,22.8
2026-03-14 06:05:33.000,21.6
2026-03-14 06:05:35.000,21.6
2026-03-14 06:05:35.000,22.8
2026-03-14 06:05:37.000,22.8
2026-03-14 06:05:37.000,20.4
2026-03-14 06:05:39.000,20.4
2026-03-14 06:05:39.000,21.6
2026-03-14 06:05:49.000,21.6
2026-03-14 06:05:49.000,22.8
2026-03-14 06:05:51.000,22.8
2026-03-14 06:05:51.000,21.6
2026-03-14 06:06:05.000,21.6
2026-03-14 06:06:05.000,22.8
2026-03-14 06:06:15.000,22.8
2026-03-14 06:06:15.000,21.6
2026-03-14 06:06:33.000,21.6
2026-03-14 06:06:33.000,22.8
2026-03-14 06:06:47.000,22.8
2026-03-14 06:06:47.000,21.6
2026-03-14 06:06:51.000,21.6
2026-03-14 06:06:51.000,22.8
2026-03-14 06:06:55.000,22.8
2026-03-14 06:06:55.000,21.6
2026-03-14 06:07:01.000,21.6
2026-03-14 06:07:01.000,22.8
2026-03-14 06:07:17.000,22.8
2026-03-14 06:07:17.000,24
2026-03-14 06:07:27.000,24
2026-03-14 06:07:27.000,22.8
2026-03-14 06:07:31.000,22.8
2026-03-14 06:07:31.000,21.6
2026-03-14 06:07:33.000,21.6
2026-03-14 06:07:33.000,22.8
2026-03-14 06:07:35.000,22.8
2026-03-14 06:07:35.000,21.6
2026-03-14 06:07:37.000,21.6
2026-03-14 06:07:37.000,22.8
2026-03-14 06:07:43.000,22.8
2026-03-14 06:07:43.000,21.6
2026-03-14 06:07:45.000,21.6
2026-03-14 06:07:45.000,22.8
2026-03-14 06:08:05.000,22.8
2026-03-14 06:08:05.000,24
2026-03-14 06:08:15.000,24
2026-03-14 06:08:15.000,22.8
2026-03-14 06:08:39.000,22.8
2026-03-14 06:08:39.000,24
2026-03-14 06:08:51.000,24
2026-03-14 06:08:51.000,22.8
2026-03-14 06:09:07.000,22.8
2026-03-14 06:09:07.000,24
2026-03-14 06:09:15.000,24
2026-03-14 06:09:15.000,22.8
2026-03-14 06:09:51.000,22.8
2026-03-14 06:09:51.000,24
2026-03-14 06:09:55.000,24
2026-03-14 06:09:55.000,22.8
2026-03-14 06:10:01.000,22.8
2026-03-14 06:10:01.000,24
2026-03-14 06:10:13.000,24
2026-03-14 06:10:13.000,22.8
2026-03-14 06:10:37.000,22.8
2026-03-14 06:10:37.000,24
2026-03-14 06:10:55.000,24
2026-03-14 06:10:55.000,22.8
2026-03-14 06:11:15.000,22.8
2026-03-14 06:11:15.000,24
2026-03-14 06:11:47.000,24
2026-03-14 06:11:47.000,22.8
2026-03-14 06:11:49.000,22.8
2026-03-14 06:11:49.000,24
2026-03-14 06:11:59.000,24
2026-03-14 06:11:59.000,22.8
2026-03-14 06:12:01.000,22.8
2026-03-14 06:12:01.000,24
2026-03-14 06:12:35.000,24
2026-03-14 06:12:35.000,22.8
2026-03-14 06:12:47.000,22.8
2026-03-14 06:12:47.000,24
2026-03-14 06:12:53.000,24
2026-03-14 06:12:53.000,25.2
2026-03-14 06:12:59.000,25.2
2026-03-14 06:12:59.000,27.6
2026-03-14 06:13:01.000,27.6
2026-03-14 06:13:01.000,26.4
2026-03-14 06:13:03.000,26.4
2026-03-14 06:13:03.000,19.2
2026-03-14 06:13:07.000,19.2
2026-03-14 06:13:07.000,8.4
2026-03-14 06:13:09.000,8.4
2026-03-14 06:13:09.000,12
2026-03-14 06:13:11.000,12
2026-03-14 06:13:11.000,21.6
2026-03-14 06:13:13.000,21.6
2026-03-14 06:13:13.000,15.6
2026-03-14 06:13:17.000,15.6
2026-03-14 06:13:17.000,18
2026-03-14 06:13:19.000,18
2026-03-14 06:13:19.000,16.8
2026-03-14 06:13:23.000,16.8
2026-03-14 06:13:23.000,19.2
2026-03-14 06:13:25.000,19.2
2026-03-14 06:13:25.000,16.8
2026-03-14 06:13:27.000,16.8
2026-03-14 06:13:27.000,18
2026-03-14 06:13:29.000,18
2026-03-14 06:13:29.000,16.8
2026-03-14 06:13:45.000,16.8
2026-03-14 06:13:45.000,18
2026-03-14 06:13:47.000,18
2026-03-14 06:13:47.000,16.8
2026-03-14 06:13:51.000,16.8
2026-03-14 06:13:51.000,18
2026-03-14 06:13:57.000,18
2026-03-14 06:13:57.000,16.8
2026-03-14 06:14:23.000,16.8
2026-03-14 06:14:23.000,18
2026-03-14 06:14:25.000,18
2026-03-14 06:14:25.000,16.8
2026-03-14 06:14:27.000,16.8
2026-03-14 06:14:27.000,18
2026-03-14 06:14:41.000,18
2026-03-14 06:14:41.000,16.8
2026-03-14 06:15:13.000,16.8
2026-03-14 06:15:13.000,18
2026-03-14 06:15:39.000,18
2026-03-14 06:15:39.000,16.8
2026-03-14 06:16:07.000,16.8
2026-03-14 06:16:07.000,18
2026-03-14 06:16:13.000,18
2026-03-14 06:16:13.000,19.2
2026-03-14 06:16:17.000,19.2
2026-03-14 06:16:17.000,18
2026-03-14 06:16:21.000,18
2026-03-14 06:16:21.000,21.6
2026-03-14 06:16:23.000,21.6
2026-03-14 06:16:23.000,3.6
2026-03-14 06:16:25.000,3.6
2026-03-14 06:16:25.000,10.8
2026-03-14 06:16:27.000,10.8
2026-03-14 06:16:27.000,9.6
2026-03-14 06:16:29.000,9.6
2026-03-14 06:16:29.000,10.8
2026-03-14 06:16:31.000,10.8
2026-03-14 06:16:31.000,13.2
2026-03-14 06:16:33.000,13.2
2026-03-14 06:16:33.000,14.4
2026-03-14 06:16:39.000,14.4
2026-03-14 06:16:39.000,15.6
2026-03-14 06:16:51.000,15.6
2026-03-14 06:16:51.000,16.8
2026-03-14 06:16:59.000,16.8
2026-03-14 06:16:59.000,18
2026-03-14 06:17:05.000,18
2026-03-14 06:17:05.000,19.2
2026-03-14 06:17:09.000,19.2
2026-03-14 06:17:09.000,20.4
2026-03-14 06:17:11.000,20.4
2026-03-14 06:17:11.000,21.6
2026-03-14 06:17:13.000,21.6
2026-03-14 06:17:13.000,19.2
2026-03-14 06:17:29.000,19.2
2026-03-14 06:17:29.000,20.4
2026-03-14 06:17:43.000,20.4
2026-03-14 06:17:43.000,21.6
2026-03-14 06:17:47.000,21.6
2026-03-14 06:17:47.000,22.8
2026-03-14 06:17:57.000,22.8
2026-03-14 06:17:57.000,24
2026-03-14 06:17:59.000,24
2026-03-14 06:17:59.000,27.6
2026-03-14 06:18:01.000,27.6
2026-03-14 06:18:01.000,20.4
2026-03-14 06:18:03.000,20.4
2026-03-14 06:18:03.000,16.8
2026-03-14 06:18:05.000,16.8
2026-03-14 06:18:05.000,13.2
2026-03-14 06:18:07.000,13.2
2026-03-14 06:18:07.000,12
2026-03-14 06:18:09.000,12
2026-03-14 06:18:09.000,13.2
2026-03-14 06:18:11.000,13.2
2026-03-14 06:18:11.000,16.8
2026-03-14 06:18:13.000,16.8
2026-03-14 06:18:13.000,15.6
2026-03-14 06:18:15.000,15.6
2026-03-14 06:18:15.000,16.8
2026-03-14 06:18:17.000,16.8
2026-03-14 06:18:17.000,18
2026-03-14 06:18:19.000,18
2026-03-14 06:18:19.000,16.8
2026-03-14 06:18:29.000,16.8
2026-03-14 06:18:29.000,18
2026-03-14 06:18:31.000,18
2026-03-14 06:18:31.000,19.2
2026-03-14 06:18:33.000,19.2
2026-03-14 06:18:33.000,20.4
2026-03-14 06:18:39.000,20.4
2026-03-14 06:18:39.000,19.2
2026-03-14 06:18:43.000,19.2
2026-03-14 06:18:43.000,16.8
2026-03-14 06:18:47.000,16.8
2026-03-14 06:18:47.000,15.6
2026-03-14 06:18:51.000,15.6
2026-03-14 06:18:51.000,16.8
2026-03-14 06:18:57.000,16.8
2026-03-14 06:18:57.000,18
2026-03-14 06:19:15.000,18
2026-03-14 06:19:15.000,16.8
2026-03-14 06:19:17.000,16.8
2026-03-14 06:19:17.000,18
2026-03-14 06:19:41.000,18
2026-03-14 06:19:41.000,19.2
2026-03-14 06:19:45.000,19.2
2026-03-14 06:19:45.000,18
2026-03-14 06:19:57.000,18
2026-03-14 06:19:57.000,16.8
2026-03-14 06:19:59.000,16.8
2026-03-14 06:19:59.000,18
2026-03-14 06:20:15.000,18
2026-03-14 06:20:15.000,19.2
2026-03-14 06:20:25.000,19.2
2026-03-14 06:20:25.000,18
2026-03-14 06:20:39.000,18
2026-03-14 06:20:39.000,19.2
2026-03-14 06:20:45.000,19.2
2026-03-14 06:20:45.000,18
2026-03-14 06:21:03.000,18
2026-03-14 06:21:03.000,21.6
2026-03-14 06:21:05.000,21.6
2026-03-14 06:21:05.000,1.2
2026-03-14 06:21:07.000,1.2
2026-03-14 06:21:07.000,8.4
2026-03-14 06:21:09.000,8.4
2026-03-14 06:21:09.000,12
2026-03-14 06:21:11.000,12
2026-03-14 06:21:11.000,15.6
2026-03-14 06:21:13.000,15.6
2026-03-14 06:21:13.000,22.8
2026-03-14 06:21:15.000,22.8
2026-03-14 06:21:15.000,14.4
2026-03-14 06:21:17.000,14.4
2026-03-14 06:21:17.000,15.6
2026-03-14 06:21:19.000,15.6
2026-03-14 06:21:19.000,16.8
2026-03-14 06:21:21.000,16.8
2026-03-14 06:21:21.000,18
2026-03-14 06:21:27.000,18
2026-03-14 06:21:27.000,19.2
2026-03-14 06:21:33.000,19.2
2026-03-14 06:21:33.000,20.4
2026-03-14 06:21:37.000,20.4
2026-03-14 06:21:37.000,21.6
2026-03-14 06:21:39.000,21.6
2026-03-14 06:21:39.000,20.4
2026-03-14 06:21:41.000,20.4
2026-03-14 06:21:41.000,22.8
2026-03-14 06:21:43.000,22.8
2026-03-14 06:21:43.000,21.6
2026-03-14 06:21:47.000,21.6
2026-03-14 06:21:47.000,20.4
2026-03-14 06:21:53.000,20.4
2026-03-14 06:21:53.000,21.6
2026-03-14 06:21:55.000,21.6
2026-03-14 06:21:55.000,20.4
2026-03-14 06:22:01.000,20.4
2026-03-14 06:22:01.000,21.6
2026-03-14 06:22:17.000,21.6
2026-03-14 06:22:17.000,20.4
2026-03-14 06:22:19.000,20.4
2026-03-14 06:22:19.000,21.6
2026-03-14 06:22:25.000,21.6
2026-03-14 06:22:25.000,19.2
2026-03-14 06:22:29.000,19.2
2026-03-14 06:22:29.000,18
2026-03-14 06:22:45.000,18
2026-03-14 06:22:45.000,19.2
2026-03-14 06:23:03.000,19.2
2026-03-14 06:23:03.000,18
2026-03-14 06:23:45.000,18
2026-03-14 06:23:45.000,19.2
2026-03-14 06:23:51.000,19.2
2026-03-14 06:23:51.000,18
2026-03-14 06:23:55.000,18
2026-03-14 06:23:55.000,19.2
2026-03-14 06:23:59.000,19.2
2026-03-14 06:23:59.000,18
2026-03-14 06:24:19.000,18
2026-03-14 06:24:19.000,19.2
2026-03-14 06:24:25.000,19.2
2026-03-14 06:24:25.000,18
2026-03-14 06:24:27.000,18
2026-03-14 06:24:27.000,19.2
2026-03-14 06:24:33.000,19.2
2026-03-14 06:24:33.000,18
2026-03-14 06:25:07.000,18
2026-03-14 06:25:07.000,19.2
2026-03-14 06:25:21.000,19.2
2026-03-14 06:25:21.000,18
2026-03-14 06:25:53.000,18
2026-03-14 06:25:53.000,19.2
2026-03-14 06:26:05.000,19.2
2026-03-14 06:26:05.000,18
2026-03-14 06:26:23.000,18
2026-03-14 06:26:23.000,19.2
2026-03-14 06:26:29.000,19.2
2026-03-14 06:26:29.000,20.4
2026-03-14 06:26:35.000,20.4
2026-03-14 06:26:35.000,19.2
2026-03-14 06:26:37.000,19.2
2026-03-14 06:26:37.000,20.4
2026-03-14 06:26:39.000,20.4
2026-03-14 06:26:39.000,21.6
2026-03-14 06:26:41.000,21.6
2026-03-14 06:26:41.000,20.4
2026-03-14 06:26:43.000,20.4
2026-03-14 06:26:43.000,21.6
2026-03-14 06:27:07.000,21.6
2026-03-14 06:27:07.000,22.8
2026-03-14 06:27:23.000,22.8
2026-03-14 06:27:23.000,24
2026-03-14 06:27:25.000,24
2026-03-14 06:27:25.000,22.8
2026-03-14 06:27:31.000,22.8
2026-03-14 06:27:31.000,16.8
2026-03-14 06:27:33.000,16.8
2026-03-14 06:27:33.000,28.8
2026-03-14 06:27:35.000,28.8
2026-03-14 06:27:35.000,4.8
2026-03-14 06:27:37.000,4.8
2026-03-14 06:27:37.000,18
2026-03-14 06:27:39.000,18
2026-03-14 06:27:39.000,9.6
2026-03-14 06:27:41.000,9.6
2026-03-14 06:27:41.000,12
2026-03-14 06:27:43.000,12
2026-03-14 06:27:43.000,14.4
2026-03-14 06:27:45.000,14.4
2026-03-14 06:27:45.000,10.8
2026-03-14 06:27:47.000,10.8
2026-03-14 06:27:47.000,9.6
2026-03-14 06:27:49.000,9.6
2026-03-14 06:27:49.000,7.2
2026-03-14 06:27:51.000,7.2
2026-03-14 06:27:51.000,8.4
2026-03-14 06:27:55.000,8.4
2026-03-14 06:27:55.000,9.6
2026-03-14 06:27:59.000,9.6
2026-03-14 06:27:59.000,10.8
2026-03-14 06:28:01.000,10.8
2026-03-14 06:28:01.000,13.2
2026-03-14 06:28:03.000,13.2
2026-03-14 06:28:03.000,8.4
2026-03-14 06:28:05.000,8.4
2026-03-14 06:28:05.000,12
2026-03-14 06:28:07.000,12
2026-03-14 06:28:07.000,16.8
2026-03-14 06:28:11.000,16.8
2026-03-14 06:28:11.000,20.4
2026-03-14 06:28:13.000,20.4
2026-03-14 06:28:13.000,13.2
2026-03-14 06:28:15.000,13.2
2026-03-14 06:28:15.000,10.8
2026-03-14 06:28:17.000,10.8
2026-03-14 06:28:17.000,8.4
2026-03-14 06:28:19.000,8.4
2026-03-14 06:28:19.000,7.2
2026-03-14 06:28:21.000,7.2
2026-03-14 06:28:21.000,8.4
2026-03-14 06:28:23.000,8.4
2026-03-14 06:28:23.000,9.6
2026-03-14 06:28:27.000,9.6
2026-03-14 06:28:27.000,10.8
2026-03-14 06:28:29.000,10.8
2026-03-14 06:28:29.000,9.6
2026-03-14 06:28:35.000,9.6
2026-03-14 06:28:35.000,12
2026-03-14 06:28:41.000,12
2026-03-14 06:28:41.000,13.2
2026-03-14 06:28:45.000,13.2
2026-03-14 06:28:45.000,14.4
2026-03-14 06:28:49.000,14.4
2026-03-14 06:28:49.000,16.8
2026-03-14 06:28:53.000,16.8
2026-03-14 06:28:53.000,15.6
2026-03-14 06:28:55.000,15.6
2026-03-14 06:28:55.000,14.4
2026-03-14 06:28:57.000,14.4
2026-03-14 06:28:57.000,13.2
2026-03-14 06:29:03.000,13.2
2026-03-14 06:29:03.000,12
2026-03-14 06:29:07.000,12
2026-03-14 06:29:07.000,10.8
2026-03-14 06:29:09.000,10.8
2026-03-14 06:29:09.000,12
2026-03-14 06:29:11.000,12
2026-03-14 06:29:11.000,9.6
2026-03-14 06:29:13.000,9.6
2026-03-14 06:29:13.000,8.4
2026-03-14 06:29:17.000,8.4
2026-03-14 06:29:17.000,9.6
2026-03-14 06:29:21.000,9.6
2026-03-14 06:29:21.000,10.8
2026-03-14 06:29:25.000,10.8
2026-03-14 06:29:25.000,9.6
2026-03-14 06:29:47.000,9.6
2026-03-14 06:29:47.000,10.8
2026-03-14 06:29:53.000,10.8
2026-03-14 06:29:53.000,9.6
2026-03-14 06:29:59.000,9.6
2026-03-14 06:29:59.000,8.4
2026-03-14 06:30:03.000,8.4
2026-03-14 06:30:03.000,9.6
2026-03-14 06:30:09.000,9.6
2026-03-14 06:30:09.000,8.4
2026-03-14 06:30:21.000,8.4
2026-03-14 06:30:21.000,9.6
2026-03-14 06:30:33.000,9.6
2026-03-14 06:30:33.000,10.8
2026-03-14 06:30:35.000,10.8
2026-03-14 06:30:35.000,9.6
2026-03-14 06:30:47.000,9.6
2026-03-14 06:30:47.000,8.4
2026-03-14 06:30:57.000,8.4
2026-03-14 06:30:57.000,9.6
2026-03-14 06:31:17.000,9.6
2026-03-14 06:31:17.000,8.4
2026-03-14 06:31:29.000,8.4
2026-03-14 06:31:29.000,9.6
2026-03-14 06:31:37.000,9.6
2026-03-14 06:31:37.000,10.8
2026-03-14 06:31:39.000,10.8
2026-03-14 06:31:39.000,9.6
2026-03-14 06:31:41.000,9.6
2026-03-14 06:31:41.000,12
2026-03-14 06:31:43.000,12
2026-03-14 06:31:43.000,9.6
2026-03-14 06:31:47.000,9.6
2026-03-14 06:31:47.000,8.4
2026-03-14 06:32:09.000,8.4
2026-03-14 06:32:09.000,9.6
2026-03-14 06:32:11.000,9.6
2026-03-14 06:32:11.000,8.4
2026-03-14 06:32:13.000,8.4
2026-03-14 06:32:13.000,9.6
2026-03-14 06:32:21.000,9.6
2026-03-14 06:32:21.000,13.2
2026-03-14 06:32:25.000,13.2
2026-03-14 06:32:25.000,14.4
2026-03-14 06:32:27.000,14.4
2026-03-14 06:32:27.000,13.2
2026-03-14 06:32:41.000,13.2
2026-03-14 06:32:41.000,12
2026-03-14 06:32:59.000,12
2026-03-14 06:32:59.000,10.8
2026-03-14 06:33:01.000,10.8
2026-03-14 06:33:01.000,12
2026-03-14 06:33:09.000,12
2026-03-14 06:33:09.000,14.4
2026-03-14 06:33:11.000,14.4
2026-03-14 06:33:11.000,12
2026-03-14 06:33:13.000,12
2026-03-14 06:33:13.000,13.2
2026-03-14 06:33:15.000,13.2
2026-03-14 06:33:15.000,12
2026-03-14 06:33:21.000,12
2026-03-14 06:33:21.000,10.8
2026-03-14 06:33:27.000,10.8
2026-03-14 06:33:27.000,9.6
2026-03-14 06:33:31.000,9.6
2026-03-14 06:33:31.000,10.8
2026-03-14 06:33:43.000,10.8
2026-03-14 06:33:43.000,12
2026-03-14 06:33:45.000,12
2026-03-14 06:33:45.000,13.2
2026-03-14 06:33:49.000,13.2
2026-03-14 06:33:49.000,15.6
2026-03-14 06:33:53.000,15.6
2026-03-14 06:33:53.000,16.8
2026-03-14 06:34:01.000,16.8
2026-03-14 06:34:01.000,15.6
2026-03-14 06:34:07.000,15.6
2026-03-14 06:34:07.000,14.4
2026-03-14 06:34:09.000,14.4
2026-03-14 06:34:09.000,13.2
2026-03-14 06:34:11.000,13.2
2026-03-14 06:34:11.000,12
2026-03-14 06:34:15.000,12
2026-03-14 06:34:15.000,10.8
2026-03-14 06:34:29.000,10.8
2026-03-14 06:34:29.000,14.4
2026-03-14 06:34:31.000,14.4
2026-03-14 06:34:31.000,13.2
2026-03-14 06:34:41.000,13.2
2026-03-14 06:34:41.000,12
2026-03-14 06:34:43.000,12
2026-03-14 06:34:43.000,13.2
2026-03-14 06:34:45.000,13.2
2026-03-14 06:34:45.000,9.6
2026-03-14 06:34:47.000,9.6
2026-03-14 06:34:47.000,10.8
2026-03-14 06:34:49.000,10.8
2026-03-14 06:34:49.000,8.4
2026-03-14 06:34:53.000,8.4
2026-03-14 06:34:53.000,9.6
2026-03-14 06:34:57.000,9.6
2026-03-14 06:34:57.000,10.8
2026-03-14 06:34:59.000,10.8
2026-03-14 06:34:59.000,13.2
2026-03-14 06:35:01.000,13.2
2026-03-14 06:35:01.000,15.6
2026-03-14 06:35:03.000,15.6
2026-03-14 06:35:03.000,19.2
2026-03-14 06:35:05.000,19.2
2026-03-14 06:35:05.000,21.6
2026-03-14 06:35:07.000,21.6
2026-03-14 06:35:07.000,16.8
2026-03-14 06:35:09.000,16.8
2026-03-14 06:35:09.000,14.4
2026-03-14 06:35:11.000,14.4
2026-03-14 06:35:11.000,12
2026-03-14 06:35:13.000,12
2026-03-14 06:35:13.000,9.6
2026-03-14 06:35:25.000,9.6
2026-03-14 06:35:25.000,8.4
2026-03-14 06:35:27.000,8.4
2026-03-14 06:35:27.000,9.6
2026-03-14 06:35:37.000,9.6
2026-03-14 06:35:37.000,10.8
2026-03-14 06:35:43.000,10.8
2026-03-14 06:35:43.000,12
2026-03-14 06:35:49.000,12
2026-03-14 06:35:49.000,10.8
2026-03-14 06:35:53.000,10.8
2026-03-14 06:35:53.000,9.6
2026-03-14 06:35:57.000,9.6
2026-03-14 06:35:57.000,8.4
2026-03-14 06:36:11.000,8.4
2026-03-14 06:36:11.000,10.8
2026-03-14 06:36:13.000,10.8
2026-03-14 06:36:13.000,12
2026-03-14 06:36:17.000,12
2026-03-14 06:36:17.000,10.8
2026-03-14 06:36:23.000,10.8
2026-03-14 06:36:23.000,12
2026-03-14 06:36:25.000,12
2026-03-14 06:36:25.000,10.8
2026-03-14 06:36:27.000,10.8
2026-03-14 06:36:27.000,9.6
2026-03-14 06:36:29.000,9.6
2026-03-14 06:36:29.000,13.2
2026-03-14 06:36:31.000,13.2
2026-03-14 06:36:31.000,10.8
2026-03-14 06:36:33.000,10.8
2026-03-14 06:36:33.000,14.4
2026-03-14 06:36:35.000,14.4
2026-03-14 06:36:35.000,12
2026-03-14 06:36:37.000,12
2026-03-14 06:36:37.000,10.8
2026-03-14 06:36:39.000,10.8
2026-03-14 06:36:39.000,9.6
2026-03-14 06:36:49.000,9.6
2026-03-14 06:36:49.000,10.8
2026-03-14 06:36:51.000,10.8
2026-03-14 06:36:51.000,12
2026-03-14 06:37:01.000,12
2026-03-14 06:37:01.000,8.4
2026-03-14 06:37:13.000,8.4
2026-03-14 06:37:13.000,9.6
2026-03-14 06:37:31.000,9.6
2026-03-14 06:37:31.000,10.8
2026-03-14 06:37:37.000,10.8
2026-03-14 06:37:37.000,12
2026-03-14 06:37:39.000,12
2026-03-14 06:37:39.000,13.2
2026-03-14 06:37:41.000,13.2
2026-03-14 06:37:41.000,19.2
2026-03-14 06:37:43.000,19.2
2026-03-14 06:37:43.000,13.2
2026-03-14 06:37:45.000,13.2
2026-03-14 06:37:45.000,19.2
2026-03-14 06:37:47.000,19.2
2026-03-14 06:37:47.000,18
2026-03-14 06:37:49.000,18
2026-03-14 06:37:49.000,14.4
2026-03-14 06:37:51.000,14.4
2026-03-14 06:37:51.000,21.6
2026-03-14 06:37:53.000,21.6
2026-03-14 06:37:53.000,7.2
2026-03-14 06:37:55.000,7.2
2026-03-14 06:37:55.000,10.8
2026-03-14 06:37:57.000,10.8
2026-03-14 06:37:57.000,9.6
2026-03-14 06:37:59.000,9.6
2026-03-14 06:37:59.000,8.4
2026-03-14 06:38:03.000,8.4
2026-03-14 06:38:03.000,9.6
2026-03-14 06:38:05.000,9.6
2026-03-14 06:38:05.000,10.8
2026-03-14 06:38:13.000,10.8
2026-03-14 06:38:13.000,12
2026-03-14 06:38:21.000,12
2026-03-14 06:38:21.000,13.2
2026-03-14 06:38:23.000,13.2
2026-03-14 06:38:23.000,14.4
2026-03-14 06:38:27.000,14.4
2026-03-14 06:38:27.000,15.6
2026-03-14 06:38:31.000,15.6
2026-03-14 06:38:31.000,16.8
2026-03-14 06:38:33.000,16.8
2026-03-14 06:38:33.000,15.6
2026-03-14 06:38:37.000,15.6
2026-03-14 06:38:37.000,14.4
2026-03-14 06:38:41.000,14.4
2026-03-14 06:38:41.000,12
2026-03-14 06:38:45.000,12
2026-03-14 06:38:45.000,10.8
2026-03-14 06:38:47.000,10.8
2026-03-14 06:38:47.000,12
2026-03-14 06:38:55.000,12
2026-03-14 06:38:55.000,13.2
2026-03-14 06:39:05.000,13.2
2026-03-14 06:39:05.000,14.4
2026-03-14 06:39:09.000,14.4
2026-03-14 06:39:09.000,15.6
2026-03-14 06:39:13.000,15.6
2026-03-14 06:39:13.000,18
2026-03-14 06:39:15.000,18
2026-03-14 06:39:15.000,19.2
2026-03-14 06:39:19.000,19.2
2026-03-14 06:39:19.000,20.4
2026-03-14 06:39:25.000,20.4
2026-03-14 06:39:25.000,21.6
2026-03-14 06:39:35.000,21.6
2026-03-14 06:39:35.000,22.8
2026-03-14 06:39:39.000,22.8
2026-03-14 06:39:39.000,24
2026-03-14 06:39:43.000,24
2026-03-14 06:39:43.000,25.2
2026-03-14 06:39:57.000,25.2
2026-03-14 06:39:57.000,26.4
2026-03-14 06:40:17.000,26.4
2026-03-14 06:40:17.000,24
2026-03-14 06:40:19.000,24
2026-03-14 06:40:19.000,25.2
2026-03-14 06:40:21.000,25.2
2026-03-14 06:40:21.000,24
2026-03-14 06:40:23.000,24
2026-03-14 06:40:23.000,22.8
2026-03-14 06:40:25.000,22.8
2026-03-14 06:40:25.000,24
2026-03-14 06:40:39.000,24
2026-03-14 06:40:39.000,25.2
2026-03-14 06:40:59.000,25.2
2026-03-14 06:40:59.000,24
2026-03-14 06:41:05.000,24
2026-03-14 06:41:05.000,25.2
2026-03-14 06:41:13.000,25.2
2026-03-14 06:41:13.000,26.4
2026-03-14 06:41:29.000,26.4
2026-03-14 06:41:29.000,27.6
2026-03-14 06:41:37.000,27.6
2026-03-14 06:41:37.000,28.8
2026-03-14 06:41:41.000,28.8
2026-03-14 06:41:41.000,27.6
2026-03-14 06:42:01.000,27.6
2026-03-14 06:42:01.000,28.8
2026-03-14 06:42:09.000,28.8
2026-03-14 06:42:09.000,30
2026-03-14 06:42:13.000,30
2026-03-14 06:42:13.000,31.2
2026-03-14 06:42:15.000,31.2
2026-03-14 06:42:15.000,32.4
2026-03-14 06:42:17.000,32.4
2026-03-14 06:42:17.000,33.6
2026-03-14 06:42:19.000,33.6
2026-03-14 06:42:19.000,34.8
2026-03-14 06:42:49.000,34.8
2026-03-14 06:42:49.000,36
2026-03-14 06:42:51.000,36
2026-03-14 06:42:51.000,34.8
2026-03-14 06:43:05.000,34.8
2026-03-14 06:43:05.000,33.6
2026-03-14 06:43:07.000,33.6
2026-03-14 06:43:07.000,34.8
2026-03-14 06:43:09.000,34.8
2026-03-14 06:43:09.000,33.6
2026-03-14 06:43:33.000,33.6
2026-03-14 06:43:33.000,32.4
2026-03-14 06:43:37.000,32.4
2026-03-14 06:43:37.000,33.6
2026-03-14 06:43:39.000,33.6
2026-03-14 06:43:39.000,32.4
2026-03-14 06:43:41.000,32.4
2026-03-14 06:43:41.000,33.6
2026-03-14 06:44:05.000,33.6
2026-03-14 06:44:05.000,32.4
2026-03-14 06:44:07.000,32.4
2026-03-14 06:44:07.000,31.2
2026-03-14 06:44:09.000,31.2
2026-03-14 06:44:09.000,27.6
2026-03-14 06:44:11.000,27.6
2026-03-14 06:44:11.000,20.4
2026-03-14 06:44:13.000,20.4
2026-03-14 06:44:13.000,21.6
2026-03-14 06:44:15.000,21.6
2026-03-14 06:44:15.000,16.8
2026-03-14 06:44:17.000,16.8
2026-03-14 06:44:17.000,15.6
2026-03-14 06:44:21.000,15.6
2026-03-14 06:44:21.000,18
2026-03-14 06:44:23.000,18
2026-03-14 06:44:23.000,15.6
2026-03-14 06:44:25.000,15.6
2026-03-14 06:44:25.000,16.8
2026-03-14 06:44:31.000,16.8
2026-03-14 06:44:31.000,18
2026-03-14 06:44:33.000,18
2026-03-14 06:44:33.000,16.8
2026-03-14 06:44:39.000,16.8
2026-03-14 06:44:39.000,15.6
2026-03-14 06:44:43.000,15.6
2026-03-14 06:44:43.000,14.4
2026-03-14 06:44:49.000,14.4
2026-03-14 06:44:49.000,15.6
2026-03-14 06:44:51.000,15.6
2026-03-14 06:44:51.000,14.4
2026-03-14 06:45:01.000,14.4
2026-03-14 06:45:01.000,15.6
2026-03-14 06:45:05.000,15.6
2026-03-14 06:45:05.000,18
2026-03-14 06:45:07.000,18
2026-03-14 06:45:07.000,24
2026-03-14 06:45:11.000,24
2026-03-14 06:45:11.000,20.4
2026-03-14 06:45:13.000,20.4
2026-03-14 06:45:13.000,19.2
2026-03-14 06:45:15.000,19.2
2026-03-14 06:45:15.000,18
2026-03-14 06:45:25.000,18
2026-03-14 06:45:25.000,16.8
2026-03-14 06:45:35.000,16.8
2026-03-14 06:45:35.000,18
2026-03-14 06:45:37.000,18
2026-03-14 06:45:37.000,19.2
2026-03-14 06:45:39.000,19.2
2026-03-14 06:45:39.000,16.8
2026-03-14 06:45:41.000,16.8
2026-03-14 06:45:41.000,19.2
2026-03-14 06:45:43.000,19.2
2026-03-14 06:45:43.000,18
2026-03-14 06:45:45.000,18
2026-03-14 06:45:45.000,16.8
2026-03-14 06:45:49.000,16.8
2026-03-14 06:45:49.000,15.6
2026-03-14 06:45:59.000,15.6
2026-03-14 06:45:59.000,16.8
2026-03-14 06:46:09.000,16.8
2026-03-14 06:46:09.000,18
2026-03-14 06:46:13.000,18
2026-03-14 06:46:13.000,20.4
2026-03-14 06:46:15.000,20.4
2026-03-14 06:46:15.000,22.8
2026-03-14 06:46:17.000,22.8
2026-03-14 06:46:17.000,20.4
2026-03-14 06:46:19.000,20.4
2026-03-14 06:46:19.000,21.6
2026-03-14 06:46:21.000,21.6
2026-03-14 06:46:21.000,20.4
2026-03-14 06:46:23.000,20.4
2026-03-14 06:46:23.000,21.6
2026-03-14 06:46:25.000,21.6
2026-03-14 06:46:25.000,22.8
2026-03-14 06:46:27.000,22.8
2026-03-14 06:46:27.000,25.2
2026-03-14 06:46:31.000,25.2
2026-03-14 06:46:31.000,24
2026-03-14 06:46:41.000,24
2026-03-14 06:46:41.000,26.4
2026-03-14 06:46:43.000,26.4
2026-03-14 06:46:43.000,30
2026-03-14 06:46:45.000,30
2026-03-14 06:46:45.000,32.4
2026-03-14 06:46:47.000,32.4
2026-03-14 06:46:47.000,33.6
2026-03-14 06:46:53.000,33.6
2026-03-14 06:46:53.000,32.4
2026-03-14 06:46:57.000,32.4
2026-03-14 06:46:57.000,31.2
2026-03-14 06:47:01.000,31.2
2026-03-14 06:47:01.000,30
2026-03-14 06:47:05.000,30
2026-03-14 06:47:05.000,31.2
2026-03-14 06:47:15.000,31.2
2026-03-14 06:47:15.000,32.4
2026-03-14 06:47:23.000,32.4
2026-03-14 06:47:23.000,33.6
2026-03-14 06:47:29.000,33.6
2026-03-14 06:47:29.000,34.8
2026-03-14 06:47:39.000,34.8
2026-03-14 06:47:39.000,31.2
2026-03-14 06:47:41.000,31.2
2026-03-14 06:47:41.000,25.2
2026-03-14 06:47:43.000,25.2
2026-03-14 06:47:43.000,19.2
2026-03-14 06:47:45.000,19.2
2026-03-14 06:47:45.000,18
2026-03-14 06:47:47.000,18
2026-03-14 06:47:47.000,16.8
2026-03-14 06:47:49.000,16.8
2026-03-14 06:47:49.000,19.2
2026-03-14 06:47:51.000,19.2
2026-03-14 06:47:51.000,18
2026-03-14 06:48:15.000,18
2026-03-14 06:48:15.000,19.2
2026-03-14 06:48:27.000,19.2
2026-03-14 06:48:27.000,18
2026-03-14 06:48:33.000,18
2026-03-14 06:48:33.000,16.8
2026-03-14 06:48:35.000,16.8
2026-03-14 06:48:35.000,18
2026-03-14 06:48:37.000,18
2026-03-14 06:48:37.000,16.8
2026-03-14 06:48:45.000,16.8
2026-03-14 06:48:45.000,18
2026-03-14 06:48:47.000,18
2026-03-14 06:48:47.000,20.4
2026-03-14 06:48:49.000,20.4
2026-03-14 06:48:49.000,22.8
2026-03-14 06:48:51.000,22.8
2026-03-14 06:48:51.000,24
2026-03-14 06:48:53.000,24
2026-03-14 06:48:53.000,27.6
2026-03-14 06:48:55.000,27.6
2026-03-14 06:48:55.000,25.2
2026-03-14 06:48:57.000,25.2
2026-03-14 06:48:57.000,27.6
2026-03-14 06:49:09.000,27.6
2026-03-14 06:49:09.000,28.8
2026-03-14 06:49:19.000,28.8
2026-03-14 06:49:19.000,30
2026-03-14 06:49:25.000,30
2026-03-14 06:49:25.000,31.2
2026-03-14 06:49:31.000,31.2
2026-03-14 06:49:31.000,32.4
2026-03-14 06:49:37.000,32.4
2026-03-14 06:49:37.000,33.6
2026-03-14 06:49:47.000,33.6
2026-03-14 06:49:47.000,34.8
2026-03-14 06:49:57.000,34.8
2026-03-14 06:49:57.000,32.4
2026-03-14 06:49:59.000,32.4
2026-03-14 06:49:59.000,28.8
2026-03-14 06:50:01.000,28.8
2026-03-14 06:50:01.000,30
2026-03-14 06:50:03.000,30
2026-03-14 06:50:03.000,27.6
2026-03-14 06:50:05.000,27.6
2026-03-14 06:50:05.000,28.8
2026-03-14 06:50:07.000,28.8
2026-03-14 06:50:07.000,27.6
2026-03-14 06:50:13.000,27.6
2026-03-14 06:50:13.000,28.8
2026-03-14 06:50:21.000,28.8
2026-03-14 06:50:21.000,30
2026-03-14 06:50:27.000,30
2026-03-14 06:50:27.000,31.2
2026-03-14 06:50:31.000,31.2
2026-03-14 06:50:31.000,32.4
2026-03-14 06:50:35.000,32.4
2026-03-14 06:50:35.000,33.6
2026-03-14 06:50:37.000,33.6
2026-03-14 06:50:37.000,32.4
2026-03-14 06:50:39.000,32.4
2026-03-14 06:50:39.000,28.8
2026-03-14 06:50:41.000,28.8
2026-03-14 06:50:41.000,25.2
2026-03-14 06:50:43.000,25.2
2026-03-14 06:50:43.000,16.8
2026-03-14 06:50:45.000,16.8
2026-03-14 06:50:45.000,18
2026-03-14 06:50:47.000,18
2026-03-14 06:50:47.000,15.6
2026-03-14 06:50:49.000,15.6
2026-03-14 06:50:49.000,16.8
2026-03-14 06:50:51.000,16.8
2026-03-14 06:50:51.000,18
2026-03-14 06:50:53.000,18
2026-03-14 06:50:53.000,16.8
2026-03-14 06:50:57.000,16.8
2026-03-14 06:50:57.000,14.4
2026-03-14 06:51:01.000,14.4
2026-03-14 06:51:01.000,13.2
2026-03-14 06:51:09.000,13.2
2026-03-14 06:51:09.000,14.4
2026-03-14 06:51:11.000,14.4
2026-03-14 06:51:11.000,13.2
2026-03-14 06:51:17.000,13.2
2026-03-14 06:51:17.000,14.4
2026-03-14 06:51:19.000,14.4
2026-03-14 06:51:19.000,16.8
2026-03-14 06:51:23.000,16.8
2026-03-14 06:51:23.000,15.6
2026-03-14 06:51:25.000,15.6
2026-03-14 06:51:25.000,13.2
2026-03-14 06:51:57.000,13.2
2026-03-14 06:51:57.000,12
2026-03-14 06:52:21.000,12
2026-03-14 06:52:21.000,13.2
2026-03-14 06:52:29.000,13.2
2026-03-14 06:52:29.000,12
2026-03-14 06:52:39.000,12
2026-03-14 06:52:39.000,13.2
2026-03-14 06:52:49.000,13.2
2026-03-14 06:52:49.000,12
2026-03-14 06:52:55.000,12
2026-03-14 06:52:55.000,14.4
2026-03-14 06:52:57.000,14.4
2026-03-14 06:52:57.000,16.8
2026-03-14 06:52:59.000,16.8
2026-03-14 06:52:59.000,18
2026-03-14 06:53:01.000,18
2026-03-14 06:53:01.000,20.4
2026-03-14 06:53:03.000,20.4
2026-03-14 06:53:03.000,21.6
2026-03-14 06:53:07.000,21.6
2026-03-14 06:53:07.000,22.8
2026-03-14 06:53:09.000,22.8
2026-03-14 06:53:09.000,25.2
2026-03-14 06:53:11.000,25.2
2026-03-14 06:53:11.000,26.4
2026-03-14 06:53:15.000,26.4
2026-03-14 06:53:15.000,27.6
2026-03-14 06:53:19.000,27.6
2026-03-14 06:53:19.000,28.8
2026-03-14 06:53:21.000,28.8
2026-03-14 06:53:21.000,30
2026-03-14 06:53:23.000,30
2026-03-14 06:53:23.000,28.8
2026-03-14 06:53:25.000,28.8
2026-03-14 06:53:25.000,30
2026-03-14 06:53:29.000,30
2026-03-14 06:53:29.000,31.2
2026-03-14 06:53:31.000,31.2
2026-03-14 06:53:31.000,24
2026-03-14 06:53:33.000,24
2026-03-14 06:53:33.000,22.8
2026-03-14 06:53:35.000,22.8
2026-03-14 06:53:35.000,9.6
2026-03-14 06:53:37.000,9.6
2026-03-14 06:53:37.000,15.6
2026-03-14 06:53:39.000,15.6
2026-03-14 06:53:39.000,12
2026-03-14 06:53:41.000,12
2026-03-14 06:53:41.000,13.2
2026-03-14 06:53:45.000,13.2
2026-03-14 06:53:45.000,14.4
2026-03-14 06:53:47.000,14.4
2026-03-14 06:53:47.000,16.8
2026-03-14 06:53:49.000,16.8
2026-03-14 06:53:49.000,20.4
2026-03-14 06:53:51.000,20.4
2026-03-14 06:53:51.000,25.2
2026-03-14 06:53:53.000,25.2
2026-03-14 06:53:53.000,28.8
2026-03-14 06:53:55.000,28.8
2026-03-14 06:53:55.000,32.4
2026-03-14 06:53:57.000,32.4
2026-03-14 06:53:57.000,33.6
2026-03-14 06:53:59.000,33.6
2026-03-14 06:53:59.000,34.8
2026-03-14 06:54:03.000,34.8
2026-03-14 06:54:03.000,36
2026-03-14 06:54:25.000,36
2026-03-14 06:54:25.000,34.8
2026-03-14 06:54:39.000,34.8
2026-03-14 06:54:39.000,33.6
2026-03-14 06:54:41.000,33.6
2026-03-14 06:54:41.000,32.4
2026-03-14 06:54:43.000,32.4
2026-03-14 06:54:43.000,31.2
2026-03-14 06:54:45.000,31.2
2026-03-14 06:54:45.000,27.6
2026-03-14 06:54:47.000,27.6
2026-03-14 06:54:47.000,28.8
2026-03-14 06:54:49.000,28.8
2026-03-14 06:54:49.000,25.2
2026-03-14 06:54:53.000,25.2
2026-03-14 06:54:53.000,22.8
2026-03-14 06:54:55.000,22.8
2026-03-14 06:54:55.000,21.6
2026-03-14 06:55:01.000,21.6
2026-03-14 06:55:01.000,22.8
2026-03-14 06:55:03.000,22.8
2026-03-14 06:55:03.000,25.2
2026-03-14 06:55:05.000,25.2
2026-03-14 06:55:05.000,27.6
2026-03-14 06:55:07.000,27.6
2026-03-14 06:55:07.000,28.8
2026-03-14 06:55:09.000,28.8
2026-03-14 06:55:09.000,30
2026-03-14 06:55:11.000,30
2026-03-14 06:55:11.000,31.2
2026-03-14 06:55:15.000,31.2
2026-03-14 06:55:15.000,30
2026-03-14 06:55:21.000,30
2026-03-14 06:55:21.000,28.8
2026-03-14 06:55:23.000,28.8
2026-03-14 06:55:23.000,30
2026-03-14 06:55:25.000,30
2026-03-14 06:55:25.000,28.8
2026-03-14 06:55:31.000,28.8
2026-03-14 06:55:31.000,27.6
2026-03-14 06:55:41.000,27.6
2026-03-14 06:55:41.000,28.8
2026-03-14 06:55:43.000,28.8
2026-03-14 06:55:43.000,27.6
2026-03-14 06:55:47.000,27.6
2026-03-14 06:55:47.000,26.4
2026-03-14 06:55:51.000,26.4
2026-03-14 06:55:51.000,20.4
2026-03-14 06:55:53.000,20.4
2026-03-14 06:55:53.000,22.8
2026-03-14 06:55:55.000,22.8
2026-03-14 06:55:55.000,20.4
2026-03-14 06:55:59.000,20.4
2026-03-14 06:55:59.000,19.2
2026-03-14 06:56:01.000,19.2
2026-03-14 06:56:01.000,20.4
2026-03-14 06:56:05.000,20.4
2026-03-14 06:56:05.000,21.6
2026-03-14 06:56:07.000,21.6
2026-03-14 06:56:07.000,22.8
2026-03-14 06:56:09.000,22.8
2026-03-14 06:56:09.000,24
2026-03-14 06:56:11.000,24
2026-03-14 06:56:11.000,25.2
2026-03-14 06:56:13.000,25.2
2026-03-14 06:56:13.000,27.6
2026-03-14 06:56:17.000,27.6
2026-03-14 06:56:17.000,28.8
2026-03-14 06:56:21.000,28.8
2026-03-14 06:56:21.000,30
2026-03-14 06:56:33.000,30
2026-03-14 06:56:33.000,28.8
2026-03-14 06:56:39.000,28.8
2026-03-14 06:56:39.000,30
2026-03-14 06:56:45.000,30
2026-03-14 06:56:45.000,28.8
2026-03-14 06:56:49.000,28.8
2026-03-14 06:56:49.000,30
2026-03-14 06:56:51.000,30
2026-03-14 06:56:51.000,28.8
2026-03-14 06:56:53.000,28.8
2026-03-14 06:56:53.000,27.6
2026-03-14 06:56:57.000,27.6
2026-03-14 06:56:57.000,26.4
2026-03-14 06:57:09.000,26.4
2026-03-14 06:57:09.000,27.6
2026-03-14 06:57:29.000,27.6
2026-03-14 06:57:29.000,28.8
2026-03-14 06:57:33.000,28.8
2026-03-14 06:57:33.000,27.6
2026-03-14 06:57:53.000,27.6
2026-03-14 06:57:53.000,28.8
2026-03-14 06:58:25.000,28.8
2026-03-14 06:58:25.000,31.2
2026-03-14 06:58:27.000,31.2
2026-03-14 06:58:27.000,27.6
2026-03-14 06:58:29.000,27.6
2026-03-14 06:58:29.000,20.4
2026-03-14 06:58:31.000,20.4
2026-03-14 06:58:31.000,30
2026-03-14 06:58:33.000,30
2026-03-14 06:58:33.000,6
2026-03-14 06:58:35.000,6
2026-03-14 06:58:35.000,14.4
2026-03-14 06:58:37.000,14.4
2026-03-14 06:58:37.000,10.8
2026-03-14 06:58:39.000,10.8
2026-03-14 06:58:39.000,13.2
2026-03-14 06:58:41.000,13.2
2026-03-14 06:58:41.000,14.4
2026-03-14 06:58:53.000,14.4
2026-03-14 06:58:53.000,15.6
2026-03-14 06:58:59.000,15.6
2026-03-14 06:58:59.000,16.8
2026-03-14 06:59:05.000,16.8
2026-03-14 06:59:05.000,15.6
2026-03-14 06:59:07.000,15.6
2026-03-14 06:59:07.000,16.8
2026-03-14 06:59:09.000,16.8
2026-03-14 06:59:09.000,19.2
2026-03-14 06:59:11.000,19.2
2026-03-14 06:59:11.000,24
2026-03-14 06:59:15.000,24
2026-03-14 06:59:15.000,26.4
2026-03-14 06:59:21.000,26.4
2026-03-14 06:59:21.000,27.6
2026-03-14 06:59:29.000,27.6
2026-03-14 06:59:29.000,28.8
2026-03-14 06:59:39.000,28.8
2026-03-14 06:59:39.000,30
2026-03-14 06:59:51.000,30
2026-03-14 06:59:51.000,31.2
2026-03-14 07:00:01.000,31.2
2026-03-14 07:00:01.000,30
2026-03-14 07:00:07.000,30
2026-03-14 07:00:07.000,31.2
2026-03-14 07:00:19.000,31.2
2026-03-14 07:00:19.000,32.4
2026-03-14 07:00:25.000,32.4
2026-03-14 07:00:25.000,31.2
2026-03-14 07:00:31.000,31.2
2026-03-14 07:00:31.000,28.8
2026-03-14 07:00:33.000,28.8
2026-03-14 07:00:33.000,30
2026-03-14 07:00:35.000,30
2026-03-14 07:00:35.000,28.8
2026-03-14 07:00:39.000,28.8
2026-03-14 07:00:39.000,27.6
2026-03-14 07:00:41.000,27.6
2026-03-14 07:00:41.000,28.8
2026-03-14 07:00:45.000,28.8
2026-03-14 07:00:45.000,30
2026-03-14 07:00:49.000,30
2026-03-14 07:00:49.000,31.2
2026-03-14 07:00:53.000,31.2
2026-03-14 07:00:53.000,32.4
2026-03-14 07:00:57.000,32.4
2026-03-14 07:00:57.000,33.6
2026-03-14 07:01:07.000,33.6
2026-03-14 07:01:07.000,34.8
2026-03-14 07:01:19.000,34.8
2026-03-14 07:01:19.000,33.6
2026-03-14 07:01:23.000,33.6
2026-03-14 07:01:23.000,32.4
2026-03-14 07:01:33.000,32.4
2026-03-14 07:01:33.000,33.6
2026-03-14 07:01:45.000,33.6
2026-03-14 07:01:45.000,34.8
2026-03-14 07:01:47.000,34.8
2026-03-14 07:01:47.000,32.4
2026-03-14 07:01:49.000,32.4
2026-03-14 07:01:49.000,27.6
2026-03-14 07:01:53.000,27.6
2026-03-14 07:01:53.000,25.2
2026-03-14 07:01:55.000,25.2
2026-03-14 07:01:55.000,26.4
2026-03-14 07:01:57.000,26.4
2026-03-14 07:01:57.000,25.2
2026-03-14 07:02:07.000,25.2
2026-03-14 07:02:07.000,26.4
2026-03-14 07:02:15.000,26.4
2026-03-14 07:02:15.000,27.6
2026-03-14 07:02:29.000,27.6
2026-03-14 07:02:29.000,26.4
2026-03-14 07:02:31.000,26.4
2026-03-14 07:02:31.000,27.6
2026-03-14 07:02:35.000,27.6
2026-03-14 07:02:35.000,28.8
2026-03-14 07:03:05.000,28.8
2026-03-14 07:03:05.000,30
2026-03-14 07:03:25.000,30
2026-03-14 07:03:25.000,28.8
2026-03-14 07:03:35.000,28.8
2026-03-14 07:03:35.000,30
2026-03-14 07:03:53.000,30
2026-03-14 07:03:53.000,31.2
2026-03-14 07:03:55.000,31.2
2026-03-14 07:03:55.000,28.8
2026-03-14 07:03:57.000,28.8
2026-03-14 07:03:57.000,18
2026-03-14 07:03:59.000,18
2026-03-14 07:03:59.000,21.6
2026-03-14 07:04:01.000,21.6
2026-03-14 07:04:01.000,10.8
2026-03-14 07:04:03.000,10.8
2026-03-14 07:04:03.000,16.8
2026-03-14 07:04:05.000,16.8
2026-03-14 07:04:05.000,13.2
2026-03-14 07:04:09.000,13.2
2026-03-14 07:04:09.000,12
2026-03-14 07:04:11.000,12
2026-03-14 07:04:11.000,10.8
2026-03-14 07:04:15.000,10.8
2026-03-14 07:04:15.000,12
2026-03-14 07:04:19.000,12
2026-03-14 07:04:19.000,10.8
2026-03-14 07:04:21.000,10.8
2026-03-14 07:04:21.000,12
2026-03-14 07:04:29.000,12
2026-03-14 07:04:29.000,13.2
2026-03-14 07:04:31.000,13.2
2026-03-14 07:04:31.000,10.8
2026-03-14 07:04:33.000,10.8
2026-03-14 07:04:33.000,14.4
2026-03-14 07:04:35.000,14.4
2026-03-14 07:04:35.000,13.2
2026-03-14 07:04:37.000,13.2
2026-03-14 07:04:37.000,10.8
2026-03-14 07:04:39.000,10.8
2026-03-14 07:04:39.000,12
2026-03-14 07:04:41.000,12
2026-03-14 07:04:41.000,10.8
2026-03-14 07:04:43.000,10.8
2026-03-14 07:04:43.000,12
2026-03-14 07:04:47.000,12
2026-03-14 07:04:47.000,10.8
2026-03-14 07:04:49.000,10.8
2026-03-14 07:04:49.000,12
2026-03-14 07:04:53.000,12
2026-03-14 07:04:53.000,10.8
2026-03-14 07:04:57.000,10.8
2026-03-14 07:04:57.000,12
2026-03-14 07:05:29.000,12
2026-03-14 07:05:29.000,10.8
2026-03-14 07:05:31.000,10.8
2026-03-14 07:05:31.000,13.2
2026-03-14 07:05:33.000,13.2
2026-03-14 07:05:33.000,14.4
2026-03-14 07:05:35.000,14.4
2026-03-14 07:05:35.000,16.8
2026-03-14 07:05:37.000,16.8
2026-03-14 07:05:37.000,19.2
2026-03-14 07:05:39.000,19.2
2026-03-14 07:05:39.000,20.4
2026-03-14 07:05:41.000,20.4
2026-03-14 07:05:41.000,21.6
2026-03-14 07:05:43.000,21.6
2026-03-14 07:05:43.000,24
2026-03-14 07:05:49.000,24
2026-03-14 07:05:49.000,25.2
2026-03-14 07:05:51.000,25.2
2026-03-14 07:05:51.000,24
2026-03-14 07:06:07.000,24
2026-03-14 07:06:07.000,22.8
2026-03-14 07:06:11.000,22.8
2026-03-14 07:06:11.000,24
2026-03-14 07:06:17.000,24
2026-03-14 07:06:17.000,22.8
2026-03-14 07:06:19.000,22.8
2026-03-14 07:06:19.000,24
2026-03-14 07:06:37.000,24
2026-03-14 07:06:37.000,22.8
2026-03-14 07:06:43.000,22.8
2026-03-14 07:06:43.000,24
2026-03-14 07:06:57.000,24
2026-03-14 07:06:57.000,22.8
2026-03-14 07:07:05.000,22.8
2026-03-14 07:07:05.000,24
2026-03-14 07:07:07.000,24
2026-03-14 07:07:07.000,22.8
2026-03-14 07:07:09.000,22.8
2026-03-14 07:07:09.000,18
2026-03-14 07:07:11.000,18
2026-03-14 07:07:11.000,19.2
2026-03-14 07:07:13.000,19.2
2026-03-14 07:07:13.000,14.4
2026-03-14 07:07:15.000,14.4
2026-03-14 07:07:15.000,15.6
2026-03-14 07:07:31.000,15.6
2026-03-14 07:07:31.000,16.8
2026-03-14 07:07:35.000,16.8
2026-03-14 07:07:35.000,15.6
2026-03-14 07:07:39.000,15.6
2026-03-14 07:07:39.000,14.4
2026-03-14 07:07:43.000,14.4
2026-03-14 07:07:43.000,16.8
2026-03-14 07:07:45.000,16.8
2026-03-14 07:07:45.000,19.2
2026-03-14 07:07:47.000,19.2
2026-03-14 07:07:47.000,22.8
2026-03-14 07:07:51.000,22.8
2026-03-14 07:07:51.000,25.2
2026-03-14 07:07:53.000,25.2
2026-03-14 07:07:53.000,26.4
2026-03-14 07:07:55.000,26.4
2026-03-14 07:07:55.000,27.6
2026-03-14 07:07:59.000,27.6
2026-03-14 07:07:59.000,28.8
2026-03-14 07:08:01.000,28.8
2026-03-14 07:08:01.000,30
2026-03-14 07:08:09.000,30
2026-03-14 07:08:09.000,31.2
2026-03-14 07:08:17.000,31.2
2026-03-14 07:08:17.000,30
2026-03-14 07:08:21.000,30
2026-03-14 07:08:21.000,28.8
2026-03-14 07:08:33.000,28.8
2026-03-14 07:08:33.000,30
2026-03-14 07:08:35.000,30
2026-03-14 07:08:35.000,28.8
2026-03-14 07:08:37.000,28.8
2026-03-14 07:08:37.000,24
2026-03-14 07:08:39.000,24
2026-03-14 07:08:39.000,22.8
2026-03-14 07:08:41.000,22.8
2026-03-14 07:08:41.000,27.6
2026-03-14 07:08:43.000,27.6
2026-03-14 07:08:43.000,26.4
2026-03-14 07:08:45.000,26.4
2026-03-14 07:08:45.000,27.6
2026-03-14 07:08:57.000,27.6
2026-03-14 07:08:57.000,28.8
2026-03-14 07:08:59.000,28.8
2026-03-14 07:08:59.000,30
2026-03-14 07:09:01.000,30
2026-03-14 07:09:01.000,26.4
2026-03-14 07:09:05.000,26.4
2026-03-14 07:09:05.000,22.8
2026-03-14 07:09:07.000,22.8
2026-03-14 07:09:07.000,18
2026-03-14 07:09:09.000,18
2026-03-14 07:09:09.000,15.6
2026-03-14 07:09:15.000,15.6
2026-03-14 07:09:15.000,14.4
2026-03-14 07:09:17.000,14.4
2026-03-14 07:09:17.000,15.6
2026-03-14 07:09:19.000,15.6
2026-03-14 07:09:19.000,14.4
2026-03-14 07:09:25.000,14.4
2026-03-14 07:09:25.000,15.6
2026-03-14 07:09:49.000,15.6
2026-03-14 07:09:49.000,16.8
2026-03-14 07:09:51.000,16.8
2026-03-14 07:09:51.000,15.6
2026-03-14 07:09:55.000,15.6
2026-03-14 07:09:55.000,16.8
2026-03-14 07:10:01.000,16.8
2026-03-14 07:10:01.000,15.6
2026-03-14 07:10:17.000,15.6
2026-03-14 07:10:17.000,18
2026-03-14 07:10:19.000,18
2026-03-14 07:10:19.000,19.2
2026-03-14 07:10:21.000,19.2
2026-03-14 07:10:21.000,20.4
2026-03-14 07:10:23.000,20.4
2026-03-14 07:10:23.000,22.8
2026-03-14 07:10:25.000,22.8
2026-03-14 07:10:25.000,21.6
2026-03-14 07:10:29.000,21.6
2026-03-14 07:10:29.000,22.8
2026-03-14 07:10:31.000,22.8
2026-03-14 07:10:31.000,24
2026-03-14 07:10:53.000,24
2026-03-14 07:10:53.000,22.8
2026-03-14 07:11:11.000,22.8
2026-03-14 07:11:11.000,24
2026-03-14 07:11:15.000,24
2026-03-14 07:11:15.000,22.8
2026-03-14 07:11:17.000,22.8
2026-03-14 07:11:17.000,24
2026-03-14 07:11:25.000,24
2026-03-14 07:11:25.000,25.2
2026-03-14 07:11:27.000,25.2
2026-03-14 07:11:27.000,24
2026-03-14 07:11:35.000,24
2026-03-14 07:11:35.000,22.8
2026-03-14 07:11:47.000,22.8
2026-03-14 07:11:47.000,21.6
2026-03-14 07:11:49.000,21.6
2026-03-14 07:11:49.000,20.4
2026-03-14 07:11:51.000,20.4
2026-03-14 07:11:51.000,19.2
2026-03-14 07:11:55.000,19.2
2026-03-14 07:11:55.000,18
2026-03-14 07:11:59.000,18
2026-03-14 07:11:59.000,16.8
2026-03-14 07:12:01.000,16.8
2026-03-14 07:12:01.000,15.6
2026-03-14 07:12:03.000,15.6
2026-03-14 07:12:03.000,16.8
2026-03-14 07:12:05.000,16.8
2026-03-14 07:12:05.000,15.6
2026-03-14 07:12:07.000,15.6
2026-03-14 07:12:07.000,16.8
2026-03-14 07:12:09.000,16.8
2026-03-14 07:12:09.000,15.6
2026-03-14 07:12:13.000,15.6
2026-03-14 07:12:13.000,16.8
2026-03-14 07:12:19.000,16.8
2026-03-14 07:12:19.000,18
2026-03-14 07:12:21.000,18
2026-03-14 07:12:21.000,16.8
2026-03-14 07:12:23.000,16.8
2026-03-14 07:12:23.000,18
2026-03-14 07:12:25.000,18
2026-03-14 07:12:25.000,16.8
2026-03-14 07:12:29.000,16.8
2026-03-14 07:12:29.000,15.6
2026-03-14 07:12:39.000,15.6
2026-03-14 07:12:39.000,16.8
2026-03-14 07:12:51.000,16.8
2026-03-14 07:12:51.000,18
2026-03-14 07:12:53.000,18
2026-03-14 07:12:53.000,19.2
2026-03-14 07:12:55.000,19.2
2026-03-14 07:12:55.000,21.6
2026-03-14 07:12:57.000,21.6
2026-03-14 07:12:57.000,22.8
2026-03-14 07:12:59.000,22.8
2026-03-14 07:12:59.000,25.2
2026-03-14 07:13:03.000,25.2
2026-03-14 07:13:03.000,27.6
2026-03-14 07:13:07.000,27.6
2026-03-14 07:13:07.000,28.8
2026-03-14 07:13:09.000,28.8
2026-03-14 07:13:09.000,30
2026-03-14 07:13:13.000,30
2026-03-14 07:13:13.000,32.4
2026-03-14 07:13:15.000,32.4
2026-03-14 07:13:15.000,31.2
2026-03-14 07:13:21.000,31.2
2026-03-14 07:13:21.000,30
2026-03-14 07:13:29.000,30
2026-03-14 07:13:29.000,31.2
2026-03-14 07:13:33.000,31.2
2026-03-14 07:13:33.000,32.4
2026-03-14 07:13:37.000,32.4
2026-03-14 07:13:37.000,33.6
2026-03-14 07:13:39.000,33.6
2026-03-14 07:13:39.000,34.8
2026-03-14 07:13:47.000,34.8
2026-03-14 07:13:47.000,33.6
2026-03-14 07:13:53.000,33.6
2026-03-14 07:13:53.000,32.4
2026-03-14 07:13:55.000,32.4
2026-03-14 07:13:55.000,31.2
2026-03-14 07:13:57.000,31.2
2026-03-14 07:13:57.000,25.2
2026-03-14 07:13:59.000,25.2
2026-03-14 07:13:59.000,21.6
2026-03-14 07:14:01.000,21.6
2026-03-14 07:14:01.000,14.4
2026-03-14 07:14:03.000,14.4
2026-03-14 07:14:03.000,16.8
2026-03-14 07:14:05.000,16.8
2026-03-14 07:14:05.000,13.2
2026-03-14 07:14:07.000,13.2
2026-03-14 07:14:07.000,14.4
2026-03-14 07:14:09.000,14.4
2026-03-14 07:14:09.000,13.2
2026-03-14 07:14:13.000,13.2
2026-03-14 07:14:13.000,12
2026-03-14 07:14:15.000,12
2026-03-14 07:14:15.000,13.2
2026-03-14 07:14:23.000,13.2
2026-03-14 07:14:23.000,14.4
2026-03-14 07:14:25.000,14.4
2026-03-14 07:14:25.000,18
2026-03-14 07:14:29.000,18
2026-03-14 07:14:29.000,12
2026-03-14 07:14:31.000,12
2026-03-14 07:14:31.000,9.6
2026-03-14 07:14:33.000,9.6
2026-03-14 07:14:33.000,7.2
2026-03-14 07:14:35.000,7.2
2026-03-14 07:14:35.000,8.4
2026-03-14 07:14:37.000,8.4
2026-03-14 07:14:37.000,12
2026-03-14 07:14:41.000,12
2026-03-14 07:14:41.000,13.2
2026-03-14 07:14:43.000,13.2
2026-03-14 07:14:43.000,14.4
2026-03-14 07:14:45.000,14.4
2026-03-14 07:14:45.000,13.2
2026-03-14 07:14:47.000,13.2
2026-03-14 07:14:47.000,16.8
2026-03-14 07:14:51.000,16.8
2026-03-14 07:14:51.000,14.4
2026-03-14 07:14:55.000,14.4
2026-03-14 07:14:55.000,13.2
2026-03-14 07:14:57.000,13.2
2026-03-14 07:14:57.000,12
2026-03-14 07:14:59.000,12
2026-03-14 07:14:59.000,13.2
2026-03-14 07:15:03.000,13.2
2026-03-14 07:15:03.000,15.6
2026-03-14 07:15:05.000,15.6
2026-03-14 07:15:05.000,13.2
2026-03-14 07:15:07.000,13.2
2026-03-14 07:15:07.000,16.8
2026-03-14 07:15:09.000,16.8
2026-03-14 07:15:09.000,15.6
2026-03-14 07:15:13.000,15.6
2026-03-14 07:15:13.000,12
2026-03-14 07:15:27.000,12
2026-03-14 07:15:27.000,13.2
2026-03-14 07:15:31.000,13.2
2026-03-14 07:15:31.000,14.4
2026-03-14 07:15:35.000,14.4
2026-03-14 07:15:35.000,13.2
2026-03-14 07:15:43.000,13.2
2026-03-14 07:15:43.000,12
2026-03-14 07:16:03.000,12
2026-03-14 07:16:03.000,13.2
2026-03-14 07:16:05.000,13.2
2026-03-14 07:16:05.000,12
2026-03-14 07:16:07.000,12
2026-03-14 07:16:07.000,13.2
2026-03-14 07:16:09.000,13.2
2026-03-14 07:16:09.000,14.4
2026-03-14 07:16:15.000,14.4
2026-03-14 07:16:15.000,15.6
2026-03-14 07:16:17.000,15.6
2026-03-14 07:16:17.000,14.4
2026-03-14 07:16:21.000,14.4
2026-03-14 07:16:21.000,15.6
2026-03-14 07:16:27.000,15.6
2026-03-14 07:16:27.000,16.8
2026-03-14 07:16:35.000,16.8
2026-03-14 07:16:35.000,19.2
2026-03-14 07:16:37.000,19.2
2026-03-14 07:16:37.000,18
2026-03-14 07:16:39.000,18
2026-03-14 07:16:39.000,19.2
2026-03-14 07:16:53.000,19.2
2026-03-14 07:16:53.000,18
2026-03-14 07:17:11.000,18
2026-03-14 07:17:11.000,19.2
2026-03-14 07:17:13.000,19.2
2026-03-14 07:17:13.000,18
2026-03-14 07:17:27.000,18
2026-03-14 07:17:27.000,19.2
2026-03-14 07:17:29.000,19.2
2026-03-14 07:17:29.000,18
2026-03-14 07:17:31.000,18
2026-03-14 07:17:31.000,19.2
2026-03-14 07:17:33.000,19.2
2026-03-14 07:17:33.000,18
2026-03-14 07:17:39.000,18
2026-03-14 07:17:39.000,19.2
2026-03-14 07:17:53.000,19.2
2026-03-14 07:17:53.000,18
2026-03-14 07:18:09.000,18
2026-03-14 07:18:09.000,19.2
2026-03-14 07:18:13.000,19.2
2026-03-14 07:18:13.000,18
2026-03-14 07:18:15.000,18
2026-03-14 07:18:15.000,19.2
2026-03-14 07:20:43.000,19.2
2026-03-14 07:20:43.000,20.4
2026-03-14 07:20:45.000,20.4
2026-03-14 07:20:45.000,19.2
2026-03-14 07:21:27.000,19.2
2026-03-14 07:21:27.000,20.4
2026-03-14 07:21:31.000,20.4
2026-03-14 07:21:31.000,19.2
2026-03-14 07:22:01.000,19.2
2026-03-14 07:22:01.000,20.4
2026-03-14 07:22:05.000,20.4
2026-03-14 07:22:05.000,21.6
2026-03-14 07:22:11.000,21.6
2026-03-14 07:22:11.000,20.4
2026-03-14 07:22:15.000,20.4
2026-03-14 07:22:15.000,21.6
2026-03-14 07:22:21.000,21.6
2026-03-14 07:22:21.000,19.2
2026-03-14 07:22:23.000,19.2
2026-03-14 07:22:23.000,8.4
2026-03-14 07:22:25.000,8.4
2026-03-14 07:22:25.000,27.6
2026-03-14 07:22:27.000,27.6
2026-03-14 07:22:27.000,6
2026-03-14 07:22:29.000,6
2026-03-14 07:22:29.000,9.6
2026-03-14 07:22:31.000,9.6
2026-03-14 07:22:31.000,10.8
2026-03-14 07:22:33.000,10.8
2026-03-14 07:22:33.000,12
2026-03-14 07:22:35.000,12
2026-03-14 07:22:35.000,13.2
2026-03-14 07:22:37.000,13.2
2026-03-14 07:22:37.000,14.4
2026-03-14 07:22:39.000,14.4
2026-03-14 07:22:39.000,13.2
2026-03-14 07:22:41.000,13.2
2026-03-14 07:22:41.000,20.4
2026-03-14 07:22:43.000,20.4
2026-03-14 07:22:43.000,15.6
2026-03-14 07:22:45.000,15.6
2026-03-14 07:22:45.000,18
2026-03-14 07:22:47.000,18
2026-03-14 07:22:47.000,15.6
2026-03-14 07:22:51.000,15.6
2026-03-14 07:22:51.000,14.4
2026-03-14 07:23:01.000,14.4
2026-03-14 07:23:01.000,13.2
2026-03-14 07:23:07.000,13.2
2026-03-14 07:23:07.000,14.4
2026-03-14 07:23:19.000,14.4
2026-03-14 07:23:19.000,15.6
2026-03-14 07:23:29.000,15.6
2026-03-14 07:23:29.000,14.4
2026-03-14 07:23:35.000,14.4
2026-03-14 07:23:35.000,15.6
2026-03-14 07:23:37.000,15.6
2026-03-14 07:23:37.000,16.8
2026-03-14 07:23:39.000,16.8
2026-03-14 07:23:39.000,14.4
2026-03-14 07:23:41.000,14.4
2026-03-14 07:23:41.000,18
2026-03-14 07:23:43.000,18
2026-03-14 07:23:43.000,16.8
2026-03-14 07:23:47.000,16.8
2026-03-14 07:23:47.000,15.6
2026-03-14 07:23:51.000,15.6
2026-03-14 07:23:51.000,14.4
2026-03-14 07:23:55.000,14.4
2026-03-14 07:23:55.000,15.6
2026-03-14 07:24:07.000,15.6
2026-03-14 07:24:07.000,14.4
2026-03-14 07:24:09.000,14.4
2026-03-14 07:24:09.000,15.6
2026-03-14 07:24:13.000,15.6
2026-03-14 07:24:13.000,16.8
2026-03-14 07:24:21.000,16.8
2026-03-14 07:24:21.000,15.6
2026-03-14 07:24:25.000,15.6
2026-03-14 07:24:25.000,14.4
2026-03-14 07:24:29.000,14.4
2026-03-14 07:24:29.000,15.6
2026-03-14 07:24:33.000,15.6
2026-03-14 07:24:33.000,16.8
2026-03-14 07:24:35.000,16.8
2026-03-14 07:24:35.000,14.4
2026-03-14 07:24:37.000,14.4
2026-03-14 07:24:37.000,15.6
2026-03-14 07:24:39.000,15.6
2026-03-14 07:24:39.000,13.2
2026-03-14 07:24:41.000,13.2
2026-03-14 07:24:41.000,12
2026-03-14 07:24:51.000,12
2026-03-14 07:24:51.000,13.2
2026-03-14 07:24:55.000,13.2
2026-03-14 07:24:55.000,14.4
2026-03-14 07:24:57.000,14.4
2026-03-14 07:24:57.000,15.6
2026-03-14 07:24:59.000,15.6
2026-03-14 07:24:59.000,16.8
2026-03-14 07:25:01.000,16.8
2026-03-14 07:25:01.000,18
2026-03-14 07:25:03.000,18
2026-03-14 07:25:03.000,19.2
2026-03-14 07:25:05.000,19.2
2026-03-14 07:25:05.000,20.4
2026-03-14 07:25:11.000,20.4
2026-03-14 07:25:11.000,19.2
2026-03-14 07:25:21.000,19.2
2026-03-14 07:25:21.000,18
2026-03-14 07:25:33.000,18
2026-03-14 07:25:33.000,19.2
2026-03-14 07:25:37.000,19.2
2026-03-14 07:25:37.000,20.4
2026-03-14 07:25:41.000,20.4
2026-03-14 07:25:41.000,21.6
2026-03-14 07:25:43.000,21.6
2026-03-14 07:25:43.000,20.4
2026-03-14 07:25:49.000,20.4
2026-03-14 07:25:49.000,19.2
2026-03-14 07:25:51.000,19.2
2026-03-14 07:25:51.000,18
2026-03-14 07:25:55.000,18
2026-03-14 07:25:55.000,16.8
2026-03-14 07:26:03.000,16.8
2026-03-14 07:26:03.000,18
2026-03-14 07:26:19.000,18
2026-03-14 07:26:19.000,19.2
2026-03-14 07:26:29.000,19.2
2026-03-14 07:26:29.000,18
2026-03-14 07:26:43.000,18
2026-03-14 07:26:43.000,19.2
2026-03-14 07:26:49.000,19.2
2026-03-14 07:26:49.000,20.4
2026-03-14 07:26:55.000,20.4
2026-03-14 07:26:55.000,21.6
2026-03-14 07:27:01.000,21.6
2026-03-14 07:27:01.000,22.8
2026-03-14 07:27:05.000,22.8
2026-03-14 07:27:05.000,25.2
2026-03-14 07:27:07.000,25.2
2026-03-14 07:27:07.000,21.6
2026-03-14 07:27:09.000,21.6
2026-03-14 07:27:09.000,25.2
2026-03-14 07:27:11.000,25.2
2026-03-14 07:27:11.000,22.8
2026-03-14 07:27:15.000,22.8
2026-03-14 07:27:15.000,21.6
2026-03-14 07:27:17.000,21.6
2026-03-14 07:27:17.000,20.4
2026-03-14 07:27:19.000,20.4
2026-03-14 07:27:19.000,19.2
2026-03-14 07:27:23.000,19.2
2026-03-14 07:27:23.000,18
2026-03-14 07:27:25.000,18
2026-03-14 07:27:25.000,16.8
2026-03-14 07:27:27.000,16.8
2026-03-14 07:27:27.000,15.6
2026-03-14 07:27:31.000,15.6
2026-03-14 07:27:31.000,14.4
2026-03-14 07:27:39.000,14.4
2026-03-14 07:27:39.000,13.2
2026-03-14 07:27:41.000,13.2
2026-03-14 07:27:41.000,14.4
2026-03-14 07:27:43.000,14.4
2026-03-14 07:27:43.000,13.2
2026-03-14 07:27:57.000,13.2
2026-03-14 07:27:57.000,12
2026-03-14 07:28:09.000,12
2026-03-14 07:28:09.000,13.2
2026-03-14 07:28:17.000,13.2
2026-03-14 07:28:17.000,14.4
2026-03-14 07:28:25.000,14.4
2026-03-14 07:28:25.000,15.6
2026-03-14 07:28:27.000,15.6
2026-03-14 07:28:27.000,16.8
2026-03-14 07:28:31.000,16.8
2026-03-14 07:28:31.000,15.6
2026-03-14 07:28:33.000,15.6
2026-03-14 07:28:33.000,14.4
2026-03-14 07:28:35.000,14.4
2026-03-14 07:28:35.000,13.2
2026-03-14 07:28:37.000,13.2
2026-03-14 07:28:37.000,12
2026-03-14 07:28:43.000,12
2026-03-14 07:28:43.000,13.2
2026-03-14 07:28:49.000,13.2
2026-03-14 07:28:49.000,14.4
2026-03-14 07:28:51.000,14.4
2026-03-14 07:28:51.000,16.8
2026-03-14 07:28:53.000,16.8
2026-03-14 07:28:53.000,12
2026-03-14 07:28:55.000,12
2026-03-14 07:28:55.000,14.4
2026-03-14 07:28:57.000,14.4
2026-03-14 07:28:57.000,15.6
2026-03-14 07:29:01.000,15.6
2026-03-14 07:29:01.000,16.8
2026-03-14 07:29:03.000,16.8
2026-03-14 07:29:03.000,18
2026-03-14 07:29:05.000,18
2026-03-14 07:29:05.000,16.8
2026-03-14 07:29:25.000,16.8
2026-03-14 07:29:25.000,18
2026-03-14 07:29:27.000,18
2026-03-14 07:29:27.000,21.6
2026-03-14 07:29:31.000,21.6
2026-03-14 07:29:31.000,20.4
2026-03-14 07:29:33.000,20.4
2026-03-14 07:29:33.000,22.8
2026-03-14 07:29:41.000,22.8
2026-03-14 07:29:41.000,21.6
2026-03-14 07:29:43.000,21.6
2026-03-14 07:29:43.000,19.2
2026-03-14 07:29:45.000,19.2
2026-03-14 07:29:45.000,18
2026-03-14 07:29:47.000,18
2026-03-14 07:29:47.000,16.8
2026-03-14 07:29:53.000,16.8
2026-03-14 07:29:53.000,15.6
2026-03-14 07:29:59.000,15.6
2026-03-14 07:29:59.000,14.4
2026-03-14 07:30:03.000,14.4
2026-03-14 07:30:03.000,15.6
2026-03-14 07:30:07.000,15.6
2026-03-14 07:30:07.000,14.4
2026-03-14 07:30:11.000,14.4
2026-03-14 07:30:11.000,15.6
2026-03-14 07:30:15.000,15.6
2026-03-14 07:30:15.000,14.4
2026-03-14 07:30:19.000,14.4
2026-03-14 07:30:19.000,15.6
2026-03-14 07:30:21.000,15.6
2026-03-14 07:30:21.000,16.8
2026-03-14 07:30:25.000,16.8
2026-03-14 07:30:25.000,15.6
2026-03-14 07:30:29.000,15.6
2026-03-14 07:30:29.000,14.4
2026-03-14 07:30:43.000,14.4
2026-03-14 07:30:43.000,15.6
2026-03-14 07:30:55.000,15.6
2026-03-14 07:30:55.000,14.4
2026-03-14 07:31:07.000,14.4
2026-03-14 07:31:07.000,13.2
2026-03-14 07:31:09.000,13.2
2026-03-14 07:31:09.000,14.4
2026-03-14 07:31:25.000,14.4
2026-03-14 07:31:25.000,15.6
2026-03-14 07:31:37.000,15.6
2026-03-14 07:31:37.000,14.4
2026-03-14 07:31:41.000,14.4
2026-03-14 07:31:41.000,18
2026-03-14 07:31:49.000,18
2026-03-14 07:31:49.000,16.8
2026-03-14 07:31:55.000,16.8
2026-03-14 07:31:55.000,15.6
2026-03-14 07:32:19.000,15.6
2026-03-14 07:32:19.000,14.4
2026-03-14 07:38:25.000,14.4
2026-03-14 07:38:25.000,15.6
2026-03-14 07:38:31.000,15.6
2026-03-14 07:38:31.000,14.4
2026-03-14 07:38:39.000,14.4
2026-03-14 07:38:39.000,15.6
2026-03-14 07:38:41.000,15.6
2026-03-14 07:38:41.000,13.2
2026-03-14 07:38:43.000,13.2
2026-03-14 07:38:43.000,14.4
2026-03-14 07:38:45.000,14.4
2026-03-14 07:38:45.000,10.8
2026-03-14 07:38:47.000,10.8
2026-03-14 07:38:47.000,12
2026-03-14 07:38:49.000,12
2026-03-14 07:38:49.000,10.8
2026-03-14 07:38:55.000,10.8
2026-03-14 07:38:55.000,12
2026-03-14 07:39:01.000,12
2026-03-14 07:39:01.000,8.4
2026-03-14 07:39:03.000,8.4
2026-03-14 07:39:03.000,13.2
2026-03-14 07:39:05.000,13.2
2026-03-14 07:39:05.000,21.6
2026-03-14 07:39:07.000,21.6
2026-03-14 07:39:07.000,13.2
2026-03-14 07:39:09.000,13.2
2026-03-14 07:39:09.000,20.4
2026-03-14 07:39:11.000,20.4
2026-03-14 07:39:11.000,16.8
2026-03-14 07:39:13.000,16.8
2026-03-14 07:39:13.000,15.6
2026-03-14 07:39:15.000,15.6
2026-03-14 07:39:15.000,10.8
2026-03-14 07:39:19.000,10.8
2026-03-14 07:39:19.000,9.6
2026-03-14 07:39:21.000,9.6
2026-03-14 07:39:21.000,10.8
2026-03-14 07:39:31.000,10.8
2026-03-14 07:39:31.000,12
2026-03-14 07:39:43.000,12
2026-03-14 07:39:43.000,10.8
2026-03-14 07:39:51.000,10.8
2026-03-14 07:39:51.000,9.6
2026-03-14 07:40:03.000,9.6
2026-03-14 07:40:03.000,10.8
2026-03-14 07:40:15.000,10.8
2026-03-14 07:40:15.000,9.6
2026-03-14 07:40:19.000,9.6
2026-03-14 07:40:19.000,13.2
2026-03-14 07:40:21.000,13.2
2026-03-14 07:40:21.000,12
2026-03-14 07:40:25.000,12
2026-03-14 07:40:25.000,14.4
2026-03-14 07:40:29.000,14.4
2026-03-14 07:40:29.000,15.6
2026-03-14 07:40:33.000,15.6
2026-03-14 07:40:33.000,14.4
2026-03-14 07:40:35.000,14.4
2026-03-14 07:40:35.000,13.2
2026-03-14 07:40:39.000,13.2
2026-03-14 07:40:39.000,12
2026-03-14 07:40:57.000,12
2026-03-14 07:40:57.000,13.2
2026-03-14 07:41:15.000,13.2
2026-03-14 07:41:15.000,12
2026-03-14 07:41:21.000,12
2026-03-14 07:41:21.000,13.2
2026-03-14 07:41:29.000,13.2
2026-03-14 07:41:29.000,14.4
2026-03-14 07:41:37.000,14.4
2026-03-14 07:41:37.000,15.6
2026-03-14 07:41:45.000,15.6
2026-03-14 07:41:45.000,14.4
2026-03-14 07:41:49.000,14.4
2026-03-14 07:41:49.000,13.2
2026-03-14 07:41:57.000,13.2
2026-03-14 07:41:57.000,14.4
2026-03-14 07:42:09.000,14.4
2026-03-14 07:42:09.000,15.6
2026-03-14 07:42:21.000,15.6
2026-03-14 07:42:21.000,14.4
2026-03-14 07:42:39.000,14.4
2026-03-14 07:42:39.000,15.6
2026-03-14 07:44:19.000,15.6
2026-03-14 07:44:19.000,16.8
2026-03-14 07:44:35.000,16.8
2026-03-14 07:44:35.000,15.6
2026-03-14 07:44:47.000,15.6
2026-03-14 07:44:47.000,16.8
2026-03-14 07:44:53.000,16.8
2026-03-14 07:44:53.000,15.6
2026-03-14 07:44:55.000,15.6
2026-03-14 07:44:55.000,16.8
2026-03-14 07:45:11.000,16.8
2026-03-14 07:45:11.000,15.6
2026-03-14 07:45:13.000,15.6
2026-03-14 07:45:13.000,16.8
2026-03-14 07:45:35.000,16.8
2026-03-14 07:45:35.000,15.6
2026-03-14 07:45:47.000,15.6
2026-03-14 07:45:47.000,16.8
2026-03-14 07:46:09.000,16.8
2026-03-14 07:46:09.000,15.6
2026-03-14 07:46:23.000,15.6
2026-03-14 07:46:23.000,16.8
2026-03-14 07:46:31.000,16.8
2026-03-14 07:46:31.000,18
2026-03-14 07:46:33.000,18
2026-03-14 07:46:33.000,16.8
2026-03-14 07:46:43.000,16.8
2026-03-14 07:46:43.000,15.6
2026-03-14 07:46:55.000,15.6
2026-03-14 07:46:55.000,16.8
2026-03-14 07:47:07.000,16.8
2026-03-14 07:47:07.000,18
2026-03-14 07:47:11.000,18
2026-03-14 07:47:11.000,16.8
2026-03-14 07:47:21.000,16.8
2026-03-14 07:47:21.000,15.6
2026-03-14 07:47:35.000,15.6
2026-03-14 07:47:35.000,16.8
2026-03-14 07:47:57.000,16.8
2026-03-14 07:47:57.000,15.6
2026-03-14 07:48:17.000,15.6
2026-03-14 07:48:17.000,16.8
2026-03-14 07:48:39.000,16.8
2026-03-14 07:48:39.000,15.6
2026-03-14 07:48:55.000,15.6
2026-03-14 07:48:55.000,16.8
2026-03-14 07:49:15.000,16.8
2026-03-14 07:49:15.000,15.6
2026-03-14 07:49:33.000,15.6
2026-03-14 07:49:33.000,16.8
2026-03-14 07:50:01.000,16.8
2026-03-14 07:50:01.000,15.6
2026-03-14 07:50:17.000,15.6
2026-03-14 07:50:17.000,16.8
2026-03-14 07:50:45.000,16.8
2026-03-14 07:50:45.000,15.6
2026-03-14 07:50:57.000,15.6
2026-03-14 07:50:57.000,16.8
2026-03-14 07:51:29.000,16.8
2026-03-14 07:51:29.000,15.6
2026-03-14 07:51:41.000,15.6
2026-03-14 07:51:41.000,16.8
2026-03-14 07:52:11.000,16.8
2026-03-14 07:52:11.000,15.6
2026-03-14 07:52:31.000,15.6
2026-03-14 07:52:31.000,16.8
2026-03-14 07:52:33.000,16.8
2026-03-14 07:52:33.000,22.8
2026-03-14 07:52:35.000,22.8
2026-03-14 07:52:35.000,7.2
2026-03-14 07:52:37.000,7.2
2026-03-14 07:52:37.000,14.4
2026-03-14 07:52:39.000,14.4
2026-03-14 07:52:39.000,12
2026-03-14 07:52:41.000,12
2026-03-14 07:52:41.000,13.2
2026-03-14 07:52:49.000,13.2
2026-03-14 07:52:49.000,14.4
2026-03-14 07:53:01.000,14.4
2026-03-14 07:53:01.000,15.6
2026-03-14 07:53:03.000,15.6
2026-03-14 07:53:03.000,16.8
2026-03-14 07:53:19.000,16.8
2026-03-14 07:53:19.000,15.6
2026-03-14 07:53:35.000,15.6
2026-03-14 07:53:35.000,16.8
2026-03-14 07:53:37.000,16.8
2026-03-14 07:53:37.000,15.6
2026-03-14 07:53:39.000,15.6
2026-03-14 07:53:39.000,16.8
2026-03-14 07:53:59.000,16.8
2026-03-14 07:53:59.000,15.6
2026-03-14 07:54:17.000,15.6
2026-03-14 07:54:17.000,16.8
2026-03-14 07:54:25.000,16.8
2026-03-14 07:54:25.000,18
2026-03-14 07:54:29.000,18
2026-03-14 07:54:29.000,16.8
2026-03-14 07:54:35.000,16.8
2026-03-14 07:54:35.000,15.6
2026-03-14 07:54:37.000,15.6
2026-03-14 07:54:37.000,16.8
2026-03-14 07:54:39.000,16.8
2026-03-14 07:54:39.000,15.6
2026-03-14 07:54:55.000,15.6
2026-03-14 07:54:55.000,16.8
2026-03-14 07:54:57.000,16.8
2026-03-14 07:54:57.000,18
2026-03-14 07:54:59.000,18
2026-03-14 07:54:59.000,16.8
2026-03-14 07:55:09.000,16.8
2026-03-14 07:55:09.000,15.6
2026-03-14 07:55:23.000,15.6
2026-03-14 07:55:23.000,16.8
2026-03-14 07:55:47.000,16.8
2026-03-14 07:55:47.000,15.6
2026-03-14 07:56:09.000,15.6
2026-03-14 07:56:09.000,16.8
2026-03-14 07:56:25.000,16.8
2026-03-14 07:56:25.000,15.6
2026-03-14 07:56:43.000,15.6
2026-03-14 07:56:43.000,16.8
2026-03-14 07:57:11.000,16.8
2026-03-14 07:57:11.000,15.6
2026-03-14 07:57:19.000,15.6
2026-03-14 07:57:19.000,16.8
2026-03-14 07:57:27.000,16.8
2026-03-14 07:57:27.000,15.6
2026-03-14 07:57:45.000,15.6
2026-03-14 07:57:45.000,16.8
2026-03-14 07:58:05.000,16.8
2026-03-14 07:58:05.000,15.6
2026-03-14 07:58:27.000,15.6
2026-03-14 07:58:27.000,16.8
2026-03-14 07:58:31.000,16.8
2026-03-14 07:58:31.000,15.6
2026-03-14 07:58:33.000,15.6
2026-03-14 07:58:33.000,16.8
2026-03-14 07:58:39.000,16.8
2026-03-14 07:58:39.000,15.6
2026-03-14 07:58:41.000,15.6
2026-03-14 07:58:41.000,16.8
2026-03-14 07:58:45.000,16.8
2026-03-14 07:58:45.000,15.6
2026-03-14 07:58:49.000,15.6
2026-03-14 07:58:49.000,16.8
2026-03-14 07:58:53.000,16.8
2026-03-14 07:58:53.000,15.6
2026-03-14 07:58:55.000,15.6
2026-03-14 07:58:55.000,16.8
2026-03-14 07:59:03.000,16.8
2026-03-14 07:59:03.000,15.6
2026-03-14 07:59:21.000,15.6
2026-03-14 07:59:21.000,16.8
2026-03-14 07:59:39.000,16.8
2026-03-14 07:59:39.000,15.6
2026-03-14 07:59:55.000,15.6
2026-03-14 07:59:55.000,16.8
2026-03-14 07:59:57.000,16.8
2026-03-14 07:59:57.000,15.6
2026-03-14 08:00:25.000,15.6
2026-03-14 08:00:25.000,16.8
2026-03-14 08:00:41.000,16.8
2026-03-14 08:00:41.000,15.6
2026-03-14 08:00:43.000,15.6
2026-03-14 08:00:43.000,16.8
2026-03-14 08:00:47.000,16.8
2026-03-14 08:00:47.000,15.6
2026-03-14 08:01:03.000,15.6
2026-03-14 08:01:03.000,16.8
2026-03-14 08:01:17.000,16.8
2026-03-14 08:01:17.000,15.6
2026-03-14 08:01:35.000,15.6
2026-03-14 08:01:35.000,16.8
2026-03-14 08:01:39.000,16.8
2026-03-14 08:01:39.000,15.6
2026-03-14 08:01:55.000,15.6
2026-03-14 08:01:55.000,16.8
2026-03-14 08:02:17.000,16.8
2026-03-14 08:02:17.000,15.6
2026-03-14 08:02:37.000,15.6
2026-03-14 08:02:37.000,16.8
2026-03-14 08:02:41.000,16.8
2026-03-14 08:02:41.000,18
2026-03-14 08:02:43.000,18
2026-03-14 08:02:43.000,24
2026-03-14 08:02:45.000,24
2026-03-14 08:02:45.000,14.4
2026-03-14 08:02:47.000,14.4
2026-03-14 08:02:47.000,13.2
2026-03-14 08:02:49.000,13.2
2026-03-14 08:02:49.000,10.8
2026-03-14 08:02:51.000,10.8
2026-03-14 08:02:51.000,14.4
2026-03-14 08:02:53.000,14.4
2026-03-14 08:02:53.000,12
2026-03-14 08:02:57.000,12
2026-03-14 08:02:57.000,10.8
2026-03-14 08:02:59.000,10.8
2026-03-14 08:02:59.000,12
2026-03-14 08:03:01.000,12
2026-03-14 08:03:01.000,10.8
2026-03-14 08:03:03.000,10.8
2026-03-14 08:03:03.000,12
2026-03-14 08:03:07.000,12
2026-03-14 08:03:07.000,9.6
2026-03-14 08:03:11.000,9.6
2026-03-14 08:03:11.000,8.4
2026-03-14 08:03:37.000,8.4
2026-03-14 08:03:37.000,9.6
2026-03-14 08:03:41.000,9.6
2026-03-14 08:03:41.000,8.4
2026-03-14 08:03:45.000,8.4
2026-03-14 08:03:45.000,7.2
2026-03-14 08:03:49.000,7.2
2026-03-14 08:03:49.000,8.4
2026-03-14 08:03:51.000,8.4
2026-03-14 08:03:51.000,9.6
2026-03-14 08:03:53.000,9.6
2026-03-14 08:03:53.000,10.8
2026-03-14 08:03:57.000,10.8
2026-03-14 08:03:57.000,9.6
2026-03-14 08:03:59.000,9.6
2026-03-14 08:03:59.000,10.8
2026-03-14 08:04:03.000,10.8
2026-03-14 08:04:03.000,12
2026-03-14 08:04:11.000,12
2026-03-14 08:04:11.000,14.4
2026-03-14 08:04:13.000,14.4
2026-03-14 08:04:13.000,13.2
2026-03-14 08:04:15.000,13.2
2026-03-14 08:04:15.000,14.4
2026-03-14 08:04:17.000,14.4
2026-03-14 08:04:17.000,13.2
2026-03-14 08:04:21.000,13.2
2026-03-14 08:04:21.000,12
2026-03-14 08:04:25.000,12
2026-03-14 08:04:25.000,13.2
2026-03-14 08:04:27.000,13.2
2026-03-14 08:04:27.000,14.4
2026-03-14 08:04:29.000,14.4
2026-03-14 08:04:29.000,13.2
2026-03-14 08:04:33.000,13.2
2026-03-14 08:04:33.000,12
2026-03-14 08:04:39.000,12
2026-03-14 08:04:39.000,10.8
2026-03-14 08:04:41.000,10.8
2026-03-14 08:04:41.000,12
2026-03-14 08:04:43.000,12
2026-03-14 08:04:43.000,13.2
2026-03-14 08:04:47.000,13.2
2026-03-14 08:04:47.000,12
2026-03-14 08:04:53.000,12
2026-03-14 08:04:53.000,14.4
2026-03-14 08:04:55.000,14.4
2026-03-14 08:04:55.000,13.2
2026-03-14 08:04:57.000,13.2
2026-03-14 08:04:57.000,12
2026-03-14 08:05:03.000,12
2026-03-14 08:05:03.000,14.4
2026-03-14 08:05:07.000,14.4
2026-03-14 08:05:07.000,15.6
2026-03-14 08:05:09.000,15.6
2026-03-14 08:05:09.000,14.4
2026-03-14 08:05:11.000,14.4
2026-03-14 08:05:11.000,13.2
2026-03-14 08:05:13.000,13.2
2026-03-14 08:05:13.000,12
2026-03-14 08:05:31.000,12
2026-03-14 08:05:31.000,13.2
2026-03-14 08:05:39.000,13.2
2026-03-14 08:05:39.000,12
2026-03-14 08:05:45.000,12
2026-03-14 08:05:45.000,13.2
2026-03-14 08:05:49.000,13.2
2026-03-14 08:05:49.000,12
2026-03-14 08:05:55.000,12
2026-03-14 08:05:55.000,13.2
2026-03-14 08:06:01.000,13.2
2026-03-14 08:06:01.000,14.4
2026-03-14 08:06:07.000,14.4
2026-03-14 08:06:07.000,13.2
2026-03-14 08:06:17.000,13.2
2026-03-14 08:06:17.000,10.8
2026-03-14 08:06:19.000,10.8
2026-03-14 08:06:19.000,9.6
2026-03-14 08:06:25.000,9.6
2026-03-14 08:06:25.000,8.4
2026-03-14 08:06:27.000,8.4
2026-03-14 08:06:27.000,9.6
2026-03-14 08:06:33.000,9.6
2026-03-14 08:06:33.000,8.4
2026-03-14 08:06:39.000,8.4
2026-03-14 08:06:39.000,9.6
2026-03-14 08:06:43.000,9.6
2026-03-14 08:06:43.000,8.4
2026-03-14 08:06:47.000,8.4
2026-03-14 08:06:47.000,7.2
2026-03-14 08:06:49.000,7.2
2026-03-14 08:06:49.000,8.4
2026-03-14 08:07:01.000,8.4
2026-03-14 08:07:01.000,9.6
2026-03-14 08:07:03.000,9.6
2026-03-14 08:07:03.000,8.4
2026-03-14 08:07:05.000,8.4
2026-03-14 08:07:05.000,9.6
2026-03-14 08:07:09.000,9.6
2026-03-14 08:07:09.000,8.4
2026-03-14 08:07:15.000,8.4
2026-03-14 08:07:15.000,7.2
2026-03-14 08:07:41.000,7.2
2026-03-14 08:07:41.000,8.4
2026-03-14 08:07:45.000,8.4
2026-03-14 08:07:45.000,9.6
2026-03-14 08:07:47.000,9.6
2026-03-14 08:07:47.000,8.4
2026-03-14 08:07:49.000,8.4
2026-03-14 08:07:49.000,9.6
2026-03-14 08:07:53.000,9.6
2026-03-14 08:07:53.000,8.4
2026-03-14 08:07:59.000,8.4
2026-03-14 08:07:59.000,9.6
2026-03-14 08:08:01.000,9.6
2026-03-14 08:08:01.000,10.8
2026-03-14 08:08:03.000,10.8
2026-03-14 08:08:03.000,12
2026-03-14 08:08:07.000,12
2026-03-14 08:08:07.000,13.2
2026-03-14 08:08:09.000,13.2
2026-03-14 08:08:09.000,12
2026-03-14 08:08:11.000,12
2026-03-14 08:08:11.000,15.6
2026-03-14 08:08:13.000,15.6
2026-03-14 08:08:13.000,14.4
2026-03-14 08:08:17.000,14.4
2026-03-14 08:08:17.000,12
2026-03-14 08:08:19.000,12
2026-03-14 08:08:19.000,10.8
2026-03-14 08:08:21.000,10.8
2026-03-14 08:08:21.000,9.6
2026-03-14 08:08:37.000,9.6
2026-03-14 08:08:37.000,12
2026-03-14 08:08:39.000,12
2026-03-14 08:08:39.000,8.4
2026-03-14 08:08:41.000,8.4
2026-03-14 08:08:41.000,16.8
2026-03-14 08:08:43.000,16.8
2026-03-14 08:08:43.000,12
2026-03-14 08:08:45.000,12
2026-03-14 08:08:45.000,14.4
2026-03-14 08:08:47.000,14.4
2026-03-14 08:08:47.000,12
2026-03-14 08:08:51.000,12
2026-03-14 08:08:51.000,10.8
2026-03-14 08:08:53.000,10.8
2026-03-14 08:08:53.000,9.6
2026-03-14 08:08:55.000,9.6
2026-03-14 08:08:55.000,8.4
2026-03-14 08:08:57.000,8.4
2026-03-14 08:08:57.000,9.6
2026-03-14 08:09:09.000,9.6
2026-03-14 08:09:09.000,10.8
2026-03-14 08:09:13.000,10.8
2026-03-14 08:09:13.000,12
2026-03-14 08:09:21.000,12
2026-03-14 08:09:21.000,13.2
2026-03-14 08:09:23.000,13.2
2026-03-14 08:09:23.000,12
2026-03-14 08:09:27.000,12
2026-03-14 08:09:27.000,10.8
2026-03-14 08:09:49.000,10.8
2026-03-14 08:09:49.000,12
2026-03-14 08:09:53.000,12
2026-03-14 08:09:53.000,13.2
2026-03-14 08:09:55.000,13.2
2026-03-14 08:09:55.000,14.4
2026-03-14 08:09:57.000,14.4
2026-03-14 08:09:57.000,13.2
2026-03-14 08:09:59.000,13.2
2026-03-14 08:09:59.000,14.4
2026-03-14 08:10:01.000,14.4
2026-03-14 08:10:01.000,12
2026-03-14 08:10:05.000,12
2026-03-14 08:10:05.000,10.8
2026-03-14 08:10:27.000,10.8
2026-03-14 08:10:27.000,12
2026-03-14 08:10:31.000,12
2026-03-14 08:10:31.000,13.2
2026-03-14 08:10:41.000,13.2
2026-03-14 08:10:41.000,10.8
2026-03-14 08:10:49.000,10.8
2026-03-14 08:10:49.000,9.6
2026-03-14 08:10:51.000,9.6
2026-03-14 08:10:51.000,10.8
2026-03-14 08:11:03.000,10.8
2026-03-14 08:11:03.000,12
2026-03-14 08:11:19.000,12
2026-03-14 08:11:19.000,10.8
2026-03-14 08:11:33.000,10.8
2026-03-14 08:11:33.000,12
2026-03-14 08:11:35.000,12
2026-03-14 08:11:35.000,10.8
2026-03-14 08:11:37.000,10.8
2026-03-14 08:11:37.000,12
2026-03-14 08:11:43.000,12
2026-03-14 08:11:43.000,13.2
2026-03-14 08:11:49.000,13.2
2026-03-14 08:11:49.000,12
2026-03-14 08:11:55.000,12
2026-03-14 08:11:55.000,10.8
2026-03-14 08:12:15.000,10.8
2026-03-14 08:12:15.000,12
2026-03-14 08:12:17.000,12
2026-03-14 08:12:17.000,13.2
2026-03-14 08:12:37.000,13.2
2026-03-14 08:12:37.000,14.4
2026-03-14 08:12:39.000,14.4
2026-03-14 08:12:39.000,16.8
2026-03-14 08:12:41.000,16.8
2026-03-14 08:12:41.000,18
2026-03-14 08:12:43.000,18
2026-03-14 08:12:43.000,20.4
2026-03-14 08:12:45.000,20.4
2026-03-14 08:12:45.000,19.2
2026-03-14 08:12:49.000,19.2
2026-03-14 08:12:49.000,18
2026-03-14 08:12:51.000,18
2026-03-14 08:12:51.000,16.8
2026-03-14 08:12:59.000,16.8
2026-03-14 08:12:59.000,18
2026-03-14 08:13:01.000,18
2026-03-14 08:13:01.000,16.8
2026-03-14 08:13:03.000,16.8
2026-03-14 08:13:03.000,22.8
2026-03-14 08:13:05.000,22.8
2026-03-14 08:13:05.000,18
2026-03-14 08:13:07.000,18
2026-03-14 08:13:07.000,20.4
2026-03-14 08:13:09.000,20.4
2026-03-14 08:13:09.000,15.6
2026-03-14 08:13:11.000,15.6
2026-03-14 08:13:11.000,16.8
2026-03-14 08:13:13.000,16.8
2026-03-14 08:13:13.000,13.2
2026-03-14 08:13:15.000,13.2
2026-03-14 08:13:15.000,14.4
2026-03-14 08:13:31.000,14.4
2026-03-14 08:13:31.000,15.6
2026-03-14 08:13:35.000,15.6
2026-03-14 08:13:35.000,16.8
2026-03-14 08:13:39.000,16.8
2026-03-14 08:13:39.000,18
2026-03-14 08:13:43.000,18
2026-03-14 08:13:43.000,19.2
2026-03-14 08:13:45.000,19.2
2026-03-14 08:13:45.000,18
2026-03-14 08:13:51.000,18
2026-03-14 08:13:51.000,16.8
2026-03-14 08:14:01.000,16.8
2026-03-14 08:14:01.000,15.6
2026-03-14 08:14:13.000,15.6
2026-03-14 08:14:13.000,16.8
2026-03-14 08:14:21.000,16.8
2026-03-14 08:14:21.000,18
2026-03-14 08:14:25.000,18
2026-03-14 08:14:25.000,20.4
2026-03-14 08:14:27.000,20.4
2026-03-14 08:14:27.000,19.2
2026-03-14 08:14:31.000,19.2
2026-03-14 08:14:31.000,18
2026-03-14 08:14:35.000,18
2026-03-14 08:14:35.000,16.8
2026-03-14 08:14:37.000,16.8
2026-03-14 08:14:37.000,18
2026-03-14 08:14:41.000,18
2026-03-14 08:14:41.000,16.8
2026-03-14 08:15:01.000,16.8
2026-03-14 08:15:01.000,18
2026-03-14 08:15:09.000,18
2026-03-14 08:15:09.000,19.2
2026-03-14 08:15:17.000,19.2
2026-03-14 08:15:17.000,18
2026-03-14 08:15:23.000,18
2026-03-14 08:15:23.000,16.8
2026-03-14 08:15:29.000,16.8
2026-03-14 08:15:29.000,18
2026-03-14 08:15:47.000,18
2026-03-14 08:15:47.000,19.2
2026-03-14 08:15:57.000,19.2
2026-03-14 08:15:57.000,18
2026-03-14 08:16:07.000,18
2026-03-14 08:16:07.000,16.8
2026-03-14 08:16:11.000,16.8
2026-03-14 08:16:11.000,18
2026-03-14 08:16:21.000,18
2026-03-14 08:16:21.000,19.2
2026-03-14 08:16:37.000,19.2
2026-03-14 08:16:37.000,18
2026-03-14 08:16:59.000,18
2026-03-14 08:16:59.000,19.2
2026-03-14 08:17:05.000,19.2
2026-03-14 08:17:05.000,20.4
2026-03-14 08:17:09.000,20.4
2026-03-14 08:17:09.000,19.2
2026-03-14 08:17:19.000,19.2
2026-03-14 08:17:19.000,18
2026-03-14 08:17:25.000,18
2026-03-14 08:17:25.000,19.2
2026-03-14 08:17:29.000,19.2
2026-03-14 08:17:29.000,18
2026-03-14 08:17:49.000,18
2026-03-14 08:17:49.000,19.2
2026-03-14 08:17:57.000,19.2
2026-03-14 08:17:57.000,20.4
2026-03-14 08:18:05.000,20.4
2026-03-14 08:18:05.000,19.2
2026-03-14 08:18:09.000,19.2
2026-03-14 08:18:09.000,18
2026-03-14 08:18:29.000,18
2026-03-14 08:18:29.000,19.2
2026-03-14 08:18:47.000,19.2
2026-03-14 08:18:47.000,18
2026-03-14 08:18:49.000,18
2026-03-14 08:18:49.000,19.2
2026-03-14 08:18:57.000,19.2
2026-03-14 08:18:57.000,20.4
2026-03-14 08:19:01.000,20.4
2026-03-14 08:19:01.000,19.2
2026-03-14 08:19:07.000,19.2
2026-03-14 08:19:07.000,18
2026-03-14 08:19:09.000,18
2026-03-14 08:19:09.000,19.2
2026-03-14 08:19:13.000,19.2
2026-03-14 08:19:13.000,18
2026-03-14 08:19:31.000,18
2026-03-14 08:19:31.000,19.2
2026-03-14 08:19:49.000,19.2
2026-03-14 08:19:49.000,18
2026-03-14 08:19:57.000,18
2026-03-14 08:19:57.000,19.2
2026-03-14 08:19:59.000,19.2
2026-03-14 08:19:59.000,20.4
2026-03-14 08:20:01.000,20.4
2026-03-14 08:20:01.000,19.2
2026-03-14 08:20:03.000,19.2
2026-03-14 08:20:03.000,20.4
2026-03-14 08:20:07.000,20.4
2026-03-14 08:20:07.000,21.6
2026-03-14 08:20:15.000,21.6
2026-03-14 08:20:15.000,22.8
2026-03-14 08:20:19.000,22.8
2026-03-14 08:20:19.000,21.6
2026-03-14 08:20:21.000,21.6
2026-03-14 08:20:21.000,22.8
2026-03-14 08:20:23.000,22.8
2026-03-14 08:20:23.000,21.6
2026-03-14 08:20:27.000,21.6
2026-03-14 08:20:27.000,22.8
2026-03-14 08:20:33.000,22.8
2026-03-14 08:20:33.000,24
2026-03-14 08:20:39.000,24
2026-03-14 08:20:39.000,21.6
2026-03-14 08:20:41.000,21.6
2026-03-14 08:20:41.000,14.4
2026-03-14 08:20:43.000,14.4
2026-03-14 08:20:43.000,15.6
2026-03-14 08:20:45.000,15.6
2026-03-14 08:20:45.000,13.2
2026-03-14 08:20:57.000,13.2
2026-03-14 08:20:57.000,18
2026-03-14 08:20:59.000,18
2026-03-14 08:20:59.000,20.4
2026-03-14 08:21:01.000,20.4
2026-03-14 08:21:01.000,21.6
2026-03-14 08:21:03.000,21.6
2026-03-14 08:21:03.000,25.2
2026-03-14 08:21:07.000,25.2
2026-03-14 08:21:07.000,27.6
2026-03-14 08:21:11.000,27.6
2026-03-14 08:21:11.000,28.8
2026-03-14 08:21:13.000,28.8
2026-03-14 08:21:13.000,30
2026-03-14 08:21:17.000,30
2026-03-14 08:21:17.000,31.2
2026-03-14 08:21:19.000,31.2
2026-03-14 08:21:19.000,32.4
2026-03-14 08:21:23.000,32.4
2026-03-14 08:21:23.000,33.6
2026-03-14 08:21:25.000,33.6
2026-03-14 08:21:25.000,34.8
2026-03-14 08:21:29.000,34.8
2026-03-14 08:21:29.000,36
2026-03-14 08:21:35.000,36
2026-03-14 08:21:35.000,37.2
2026-03-14 08:22:03.000,37.2
2026-03-14 08:22:03.000,36
2026-03-14 08:22:05.000,36
2026-03-14 08:22:05.000,37.2
2026-03-14 08:22:17.000,37.2
2026-03-14 08:22:17.000,36
2026-03-14 08:22:23.000,36
2026-03-14 08:22:23.000,37.2
2026-03-14 08:22:39.000,37.2
2026-03-14 08:22:39.000,38.4
2026-03-14 08:22:59.000,38.4
2026-03-14 08:22:59.000,37.2
2026-03-14 08:23:05.000,37.2
2026-03-14 08:23:05.000,38.4
2026-03-14 08:23:13.000,38.4
2026-03-14 08:23:13.000,37.2
2026-03-14 08:23:19.000,37.2
2026-03-14 08:23:19.000,34.8
2026-03-14 08:23:21.000,34.8
2026-03-14 08:23:21.000,36
2026-03-14 08:23:39.000,36
2026-03-14 08:23:39.000,37.2
2026-03-14 08:23:49.000,37.2
2026-03-14 08:23:49.000,36
2026-03-14 08:23:53.000,36
2026-03-14 08:23:53.000,37.2
2026-03-14 08:23:55.000,37.2
2026-03-14 08:23:55.000,36
2026-03-14 08:23:59.000,36
2026-03-14 08:23:59.000,37.2
2026-03-14 08:24:01.000,37.2
2026-03-14 08:24:01.000,36
2026-03-14 08:24:07.000,36
2026-03-14 08:24:07.000,37.2
2026-03-14 08:24:23.000,37.2
2026-03-14 08:24:23.000,38.4
2026-03-14 08:24:37.000,38.4
2026-03-14 08:24:37.000,39.6
2026-03-14 08:25:19.000,39.6
2026-03-14 08:25:19.000,40.8
2026-03-14 08:25:21.000,40.8
2026-03-14 08:25:21.000,39.6
2026-03-14 08:25:37.000,39.6
2026-03-14 08:25:37.000,40.8
2026-03-14 08:25:53.000,40.8
2026-03-14 08:25:53.000,42
2026-03-14 08:26:01.000,42
2026-03-14 08:26:01.000,40.8
2026-03-14 08:26:09.000,40.8
2026-03-14 08:26:09.000,42
2026-03-14 08:26:23.000,42
2026-03-14 08:26:23.000,43.2
2026-03-14 08:26:27.000,43.2
2026-03-14 08:26:27.000,42
2026-03-14 08:26:31.000,42
2026-03-14 08:26:31.000,40.8
2026-03-14 08:26:47.000,40.8
2026-03-14 08:26:47.000,42
2026-03-14 08:26:59.000,42
2026-03-14 08:26:59.000,40.8
2026-03-14 08:27:05.000,40.8
2026-03-14 08:27:05.000,38.4
2026-03-14 08:27:09.000,38.4
2026-03-14 08:27:09.000,16.8
2026-03-14 08:27:11.000,16.8
2026-03-14 08:27:11.000,22.8
2026-03-14 08:27:13.000,22.8
2026-03-14 08:27:13.000,18
2026-03-14 08:27:15.000,18
2026-03-14 08:27:15.000,19.2
2026-03-14 08:27:17.000,19.2
2026-03-14 08:27:17.000,20.4
2026-03-14 08:27:21.000,20.4
2026-03-14 08:27:21.000,21.6
2026-03-14 08:27:27.000,21.6
2026-03-14 08:27:27.000,22.8
2026-03-14 08:27:29.000,22.8
2026-03-14 08:27:29.000,24
2026-03-14 08:27:33.000,24
2026-03-14 08:27:33.000,26.4
2026-03-14 08:27:37.000,26.4
2026-03-14 08:27:37.000,28.8
2026-03-14 08:27:43.000,28.8
2026-03-14 08:27:43.000,30
2026-03-14 08:27:49.000,30
2026-03-14 08:27:49.000,31.2
2026-03-14 08:27:51.000,31.2
2026-03-14 08:27:51.000,34.8
2026-03-14 08:27:53.000,34.8
2026-03-14 08:27:53.000,37.2
2026-03-14 08:27:55.000,37.2
2026-03-14 08:27:55.000,40.8
2026-03-14 08:27:57.000,40.8
2026-03-14 08:27:57.000,42
2026-03-14 08:27:59.000,42
2026-03-14 08:27:59.000,43.2
2026-03-14 08:28:03.000,43.2
2026-03-14 08:28:03.000,45.6
2026-03-14 08:28:05.000,45.6
2026-03-14 08:28:05.000,34.8
2026-03-14 08:28:07.000,34.8
2026-03-14 08:28:07.000,20.4
2026-03-14 08:28:09.000,20.4
2026-03-14 08:28:09.000,21.6
2026-03-14 08:28:11.000,21.6
2026-03-14 08:28:11.000,13.2
2026-03-14 08:28:13.000,13.2
2026-03-14 08:28:13.000,15.6
2026-03-14 08:28:19.000,15.6
2026-03-14 08:28:19.000,16.8
2026-03-14 08:28:31.000,16.8
2026-03-14 08:28:31.000,20.4
2026-03-14 08:28:33.000,20.4
2026-03-14 08:28:33.000,22.8
2026-03-14 08:28:35.000,22.8
2026-03-14 08:28:35.000,34.8
2026-03-14 08:28:37.000,34.8
2026-03-14 08:28:37.000,21.6
2026-03-14 08:28:39.000,21.6
2026-03-14 08:28:39.000,27.6
2026-03-14 08:28:41.000,27.6
2026-03-14 08:28:41.000,18
2026-03-14 08:28:43.000,18
2026-03-14 08:28:43.000,20.4
2026-03-14 08:28:45.000,20.4
2026-03-14 08:28:45.000,15.6
2026-03-14 08:28:47.000,15.6
2026-03-14 08:28:47.000,16.8
2026-03-14 08:28:51.000,16.8
2026-03-14 08:28:51.000,18
2026-03-14 08:28:53.000,18
2026-03-14 08:28:53.000,19.2
2026-03-14 08:28:57.000,19.2
2026-03-14 08:28:57.000,20.4
2026-03-14 08:28:59.000,20.4
2026-03-14 08:28:59.000,22.8
2026-03-14 08:29:01.000,22.8
2026-03-14 08:29:01.000,26.4
2026-03-14 08:29:03.000,26.4
2026-03-14 08:29:03.000,28.8
2026-03-14 08:29:05.000,28.8
2026-03-14 08:29:05.000,30
2026-03-14 08:29:07.000,30
2026-03-14 08:29:07.000,33.6
2026-03-14 08:29:11.000,33.6
2026-03-14 08:29:11.000,36
2026-03-14 08:29:15.000,36
2026-03-14 08:29:15.000,38.4
2026-03-14 08:29:17.000,38.4
2026-03-14 08:29:17.000,37.2
2026-03-14 08:29:19.000,37.2
2026-03-14 08:29:19.000,36
2026-03-14 08:29:23.000,36
2026-03-14 08:29:23.000,37.2
2026-03-14 08:29:25.000,37.2
2026-03-14 08:29:25.000,38.4
2026-03-14 08:29:27.000,38.4
2026-03-14 08:29:27.000,39.6
2026-03-14 08:29:29.000,39.6
2026-03-14 08:29:29.000,40.8
2026-03-14 08:29:39.000,40.8
2026-03-14 08:29:39.000,42
2026-03-14 08:29:41.000,42
2026-03-14 08:29:41.000,40.8
2026-03-14 08:29:43.000,40.8
2026-03-14 08:29:43.000,37.2
2026-03-14 08:29:45.000,37.2
2026-03-14 08:29:45.000,31.2
2026-03-14 08:29:47.000,31.2
2026-03-14 08:29:47.000,21.6
2026-03-14 08:29:49.000,21.6
2026-03-14 08:29:49.000,20.4
2026-03-14 08:29:53.000,20.4
2026-03-14 08:29:53.000,21.6
2026-03-14 08:30:03.000,21.6
2026-03-14 08:30:03.000,22.8
2026-03-14 08:30:05.000,22.8
2026-03-14 08:30:05.000,21.6
2026-03-14 08:30:07.000,21.6
2026-03-14 08:30:07.000,25.2
2026-03-14 08:30:09.000,25.2
2026-03-14 08:30:09.000,24
2026-03-14 08:30:11.000,24
2026-03-14 08:30:11.000,22.8
2026-03-14 08:30:13.000,22.8
2026-03-14 08:30:13.000,21.6
2026-03-14 08:30:19.000,21.6
2026-03-14 08:30:19.000,22.8
2026-03-14 08:30:27.000,22.8
2026-03-14 08:30:27.000,24
2026-03-14 08:30:33.000,24
2026-03-14 08:30:33.000,25.2
2026-03-14 08:30:35.000,25.2
2026-03-14 08:30:35.000,26.4
2026-03-14 08:30:41.000,26.4
2026-03-14 08:30:41.000,25.2
2026-03-14 08:30:45.000,25.2
2026-03-14 08:30:45.000,24
2026-03-14 08:31:03.000,24
2026-03-14 08:31:03.000,25.2
2026-03-14 08:31:07.000,25.2
2026-03-14 08:31:07.000,26.4
2026-03-14 08:31:15.000,26.4
2026-03-14 08:31:15.000,25.2
2026-03-14 08:31:23.000,25.2
2026-03-14 08:31:23.000,24
2026-03-14 08:31:25.000,24
2026-03-14 08:31:25.000,22.8
2026-03-14 08:31:33.000,22.8
2026-03-14 08:31:33.000,24
2026-03-14 08:31:45.000,24
2026-03-14 08:31:45.000,25.2
2026-03-14 08:31:47.000,25.2
2026-03-14 08:31:47.000,26.4
2026-03-14 08:31:55.000,26.4
2026-03-14 08:31:55.000,25.2
2026-03-14 08:31:59.000,25.2
2026-03-14 08:31:59.000,22.8
2026-03-14 08:32:01.000,22.8
2026-03-14 08:32:01.000,24
2026-03-14 08:32:15.000,24
2026-03-14 08:32:15.000,25.2
2026-03-14 08:32:41.000,25.2
2026-03-14 08:32:41.000,24
2026-03-14 08:32:57.000,24
2026-03-14 08:32:57.000,25.2
2026-03-14 08:33:05.000,25.2
2026-03-14 08:33:05.000,26.4
2026-03-14 08:33:09.000,26.4
2026-03-14 08:33:09.000,25.2
2026-03-14 08:33:17.000,25.2
2026-03-14 08:33:17.000,24
2026-03-14 08:33:21.000,24
2026-03-14 08:33:21.000,25.2
2026-03-14 08:33:49.000,25.2
2026-03-14 08:33:49.000,24
2026-03-14 08:33:51.000,24
2026-03-14 08:33:51.000,25.2
2026-03-14 08:34:13.000,25.2
2026-03-14 08:34:13.000,26.4
2026-03-14 08:34:19.000,26.4
2026-03-14 08:34:19.000,25.2
2026-03-14 08:34:25.000,25.2
2026-03-14 08:34:25.000,24
2026-03-14 08:34:37.000,24
2026-03-14 08:34:37.000,25.2
2026-03-14 08:34:47.000,25.2
2026-03-14 08:34:47.000,26.4
2026-03-14 08:34:53.000,26.4
2026-03-14 08:34:53.000,25.2
2026-03-14 08:34:55.000,25.2
2026-03-14 08:34:55.000,26.4
2026-03-14 08:34:57.000,26.4
2026-03-14 08:34:57.000,25.2
2026-03-14 08:34:59.000,25.2
2026-03-14 08:34:59.000,24
2026-03-14 08:35:13.000,24
2026-03-14 08:35:13.000,25.2
2026-03-14 08:35:27.000,25.2
2026-03-14 08:35:27.000,26.4
2026-03-14 08:35:29.000,26.4
2026-03-14 08:35:29.000,25.2
2026-03-14 08:35:33.000,25.2
2026-03-14 08:35:33.000,26.4
2026-03-14 08:35:37.000,26.4
2026-03-14 08:35:37.000,25.2
2026-03-14 08:35:43.000,25.2
2026-03-14 08:35:43.000,26.4
2026-03-14 08:35:59.000,26.4
2026-03-14 08:35:59.000,27.6
2026-03-14 08:36:03.000,27.6
2026-03-14 08:36:03.000,28.8
2026-03-14 08:36:07.000,28.8
2026-03-14 08:36:07.000,30
2026-03-14 08:36:09.000,30
2026-03-14 08:36:09.000,28.8
2026-03-14 08:36:21.000,28.8
2026-03-14 08:36:21.000,27.6
2026-03-14 08:36:27.000,27.6
2026-03-14 08:36:27.000,28.8
2026-03-14 08:36:35.000,28.8
2026-03-14 08:36:35.000,30
2026-03-14 08:36:47.000,30
2026-03-14 08:36:47.000,28.8
2026-03-14 08:36:59.000,28.8
2026-03-14 08:36:59.000,30
2026-03-14 08:37:01.000,30
2026-03-14 08:37:01.000,31.2
2026-03-14 08:37:03.000,31.2
2026-03-14 08:37:03.000,32.4
2026-03-14 08:37:07.000,32.4
2026-03-14 08:37:07.000,33.6
2026-03-14 08:37:13.000,33.6
2026-03-14 08:37:13.000,34.8
2026-03-14 08:37:19.000,34.8
2026-03-14 08:37:19.000,33.6
2026-03-14 08:37:23.000,33.6
2026-03-14 08:37:23.000,32.4
2026-03-14 08:37:31.000,32.4
2026-03-14 08:37:31.000,31.2
2026-03-14 08:37:37.000,31.2
2026-03-14 08:37:37.000,32.4
2026-03-14 08:37:41.000,32.4
2026-03-14 08:37:41.000,33.6
2026-03-14 08:37:51.000,33.6
2026-03-14 08:37:51.000,34.8
2026-03-14 08:37:53.000,34.8
2026-03-14 08:37:53.000,33.6
2026-03-14 08:38:01.000,33.6
2026-03-14 08:38:01.000,32.4
2026-03-14 08:38:05.000,32.4
2026-03-14 08:38:05.000,33.6
2026-03-14 08:38:07.000,33.6
2026-03-14 08:38:07.000,32.4
2026-03-14 08:38:11.000,32.4
2026-03-14 08:38:11.000,33.6
2026-03-14 08:38:23.000,33.6
2026-03-14 08:38:23.000,34.8
2026-03-14 08:38:47.000,34.8
2026-03-14 08:38:47.000,36
2026-03-14 08:38:55.000,36
2026-03-14 08:38:55.000,37.2
2026-03-14 08:39:29.000,37.2
2026-03-14 08:39:29.000,36
2026-03-14 08:39:33.000,36
2026-03-14 08:39:33.000,37.2
2026-03-14 08:39:41.000,37.2
2026-03-14 08:39:41.000,38.4
2026-03-14 08:39:43.000,38.4
2026-03-14 08:39:43.000,37.2
2026-03-14 08:39:51.000,37.2
2026-03-14 08:39:51.000,36
2026-03-14 08:40:00.000,36
