Timestamp_ET,LeakRate_Lpm
2026-03-20 20:47:13.000,1.2
2026-03-20 20:47:17.000,1.2
2026-03-20 20:47:17.000,6
2026-03-20 20:47:19.000,6
2026-03-20 20:47:19.000,4.8
2026-03-20 20:47:21.000,4.8
2026-03-20 20:47:21.000,12
2026-03-20 20:47:23.000,12
2026-03-20 20:47:23.000,7.2
2026-03-20 20:47:25.000,7.2
2026-03-20 20:47:25.000,10.8
2026-03-20 20:47:27.000,10.8
2026-03-20 20:47:27.000,15.6
2026-03-20 20:47:29.000,15.6
2026-03-20 20:47:29.000,9.6
2026-03-20 20:47:31.000,9.6
2026-03-20 20:47:31.000,10.8
2026-03-20 20:47:33.000,10.8
2026-03-20 20:47:33.000,12
2026-03-20 20:47:35.000,12
2026-03-20 20:47:35.000,8.4
2026-03-20 20:47:37.000,8.4
2026-03-20 20:47:37.000,9.6
2026-03-20 20:47:41.000,9.6
2026-03-20 20:47:41.000,8.4
2026-03-20 20:47:43.000,8.4
2026-03-20 20:47:43.000,9.6
2026-03-20 20:47:45.000,9.6
2026-03-20 20:47:45.000,8.4
2026-03-20 20:47:51.000,8.4
2026-03-20 20:47:51.000,9.6
2026-03-20 20:47:53.000,9.6
2026-03-20 20:47:53.000,8.4
2026-03-20 20:48:01.000,8.4
2026-03-20 20:48:01.000,9.6
2026-03-20 20:48:03.000,9.6
2026-03-20 20:48:03.000,8.4
2026-03-20 20:48:05.000,8.4
2026-03-20 20:48:05.000,9.6
2026-03-20 20:48:13.000,9.6
2026-03-20 20:48:13.000,7.2
2026-03-20 20:48:19.000,7.2
2026-03-20 20:48:19.000,8.4
2026-03-20 20:48:23.000,8.4
2026-03-20 20:48:23.000,7.2
2026-03-20 20:48:31.000,7.2
2026-03-20 20:48:31.000,8.4
2026-03-20 20:48:33.000,8.4
2026-03-20 20:48:33.000,13.2
2026-03-20 20:48:35.000,13.2
2026-03-20 20:48:35.000,2.4
2026-03-20 20:48:39.000,2.4
2026-03-20 20:48:39.000,1.2
2026-03-20 20:48:41.000,1.2
2026-03-20 20:48:41.000,3.6
2026-03-20 20:48:43.000,3.6
2026-03-20 20:48:43.000,6
2026-03-20 20:48:45.000,6
2026-03-20 20:48:45.000,8.4
2026-03-20 20:48:47.000,8.4
2026-03-20 20:48:47.000,6
2026-03-20 20:48:49.000,6
2026-03-20 20:48:49.000,7.2
2026-03-20 20:48:51.000,7.2
2026-03-20 20:48:51.000,6
2026-03-20 20:48:53.000,6
2026-03-20 20:48:53.000,7.2
2026-03-20 20:48:55.000,7.2
2026-03-20 20:48:55.000,8.4
2026-03-20 20:48:57.000,8.4
2026-03-20 20:48:57.000,9.6
2026-03-20 20:48:59.000,9.6
2026-03-20 20:48:59.000,8.4
2026-03-20 20:49:01.000,8.4
2026-03-20 20:49:01.000,9.6
2026-03-20 20:49:05.000,9.6
2026-03-20 20:49:05.000,8.4
2026-03-20 20:49:11.000,8.4
2026-03-20 20:49:11.000,7.2
2026-03-20 20:49:13.000,7.2
2026-03-20 20:49:13.000,9.6
2026-03-20 20:49:15.000,9.6
2026-03-20 20:49:15.000,7.2
2026-03-20 20:49:17.000,7.2
2026-03-20 20:49:17.000,8.4
2026-03-20 20:49:19.000,8.4
2026-03-20 20:49:19.000,7.2
2026-03-20 20:49:25.000,7.2
2026-03-20 20:49:25.000,9.6
2026-03-20 20:49:27.000,9.6
2026-03-20 20:49:27.000,12
2026-03-20 20:49:29.000,12
2026-03-20 20:49:29.000,9.6
2026-03-20 20:49:31.000,9.6
2026-03-20 20:49:31.000,8.4
2026-03-20 20:49:37.000,8.4
2026-03-20 20:49:37.000,7.2
2026-03-20 20:49:39.000,7.2
2026-03-20 20:49:39.000,8.4
2026-03-20 20:49:41.000,8.4
2026-03-20 20:49:41.000,9.6
2026-03-20 20:49:43.000,9.6
2026-03-20 20:49:43.000,8.4
2026-03-20 20:49:45.000,8.4
2026-03-20 20:49:45.000,10.8
2026-03-20 20:49:49.000,10.8
2026-03-20 20:49:49.000,8.4
2026-03-20 20:49:51.000,8.4
2026-03-20 20:49:51.000,10.8
2026-03-20 20:49:53.000,10.8
2026-03-20 20:49:53.000,12
2026-03-20 20:49:55.000,12
2026-03-20 20:49:55.000,8.4
2026-03-20 20:50:01.000,8.4
2026-03-20 20:50:01.000,10.8
2026-03-20 20:50:07.000,10.8
2026-03-20 20:50:07.000,9.6
2026-03-20 20:50:11.000,9.6
2026-03-20 20:50:11.000,10.8
2026-03-20 20:50:17.000,10.8
2026-03-20 20:50:17.000,12
2026-03-20 20:50:19.000,12
2026-03-20 20:50:19.000,10.8
2026-03-20 20:50:23.000,10.8
2026-03-20 20:50:23.000,8.4
2026-03-20 20:50:25.000,8.4
2026-03-20 20:50:25.000,9.6
2026-03-20 20:50:27.000,9.6
2026-03-20 20:50:27.000,10.8
2026-03-20 20:50:29.000,10.8
2026-03-20 20:50:29.000,9.6
2026-03-20 20:50:33.000,9.6
2026-03-20 20:50:33.000,8.4
2026-03-20 20:50:37.000,8.4
2026-03-20 20:50:37.000,7.2
2026-03-20 20:50:41.000,7.2
2026-03-20 20:50:41.000,9.6
2026-03-20 20:50:47.000,9.6
2026-03-20 20:50:47.000,8.4
2026-03-20 20:50:49.000,8.4
2026-03-20 20:50:49.000,9.6
2026-03-20 20:50:51.000,9.6
2026-03-20 20:50:51.000,10.8
2026-03-20 20:50:53.000,10.8
2026-03-20 20:50:53.000,9.6
2026-03-20 20:50:55.000,9.6
2026-03-20 20:50:55.000,8.4
2026-03-20 20:50:57.000,8.4
2026-03-20 20:50:57.000,9.6
2026-03-20 20:50:59.000,9.6
2026-03-20 20:50:59.000,8.4
2026-03-20 20:51:09.000,8.4
2026-03-20 20:51:09.000,9.6
2026-03-20 20:51:13.000,9.6
2026-03-20 20:51:13.000,8.4
2026-03-20 20:51:15.000,8.4
2026-03-20 20:51:15.000,9.6
2026-03-20 20:51:19.000,9.6
2026-03-20 20:51:19.000,8.4
2026-03-20 20:51:21.000,8.4
2026-03-20 20:51:21.000,7.2
2026-03-20 20:51:23.000,7.2
2026-03-20 20:51:23.000,8.4
2026-03-20 20:51:31.000,8.4
2026-03-20 20:51:31.000,7.2
2026-03-20 20:51:35.000,7.2
2026-03-20 20:51:35.000,8.4
2026-03-20 20:51:37.000,8.4
2026-03-20 20:51:37.000,9.6
2026-03-20 20:51:41.000,9.6
2026-03-20 20:51:41.000,8.4
2026-03-20 20:51:49.000,8.4
2026-03-20 20:51:49.000,9.6
2026-03-20 20:51:53.000,9.6
2026-03-20 20:51:53.000,8.4
2026-03-20 20:52:07.000,8.4
2026-03-20 20:52:07.000,7.2
2026-03-20 20:52:11.000,7.2
2026-03-20 20:52:11.000,8.4
2026-03-20 20:52:13.000,8.4
2026-03-20 20:52:13.000,9.6
2026-03-20 20:52:15.000,9.6
2026-03-20 20:52:15.000,8.4
2026-03-20 20:52:17.000,8.4
2026-03-20 20:52:17.000,9.6
2026-03-20 20:52:19.000,9.6
2026-03-20 20:52:19.000,8.4
2026-03-20 20:52:27.000,8.4
2026-03-20 20:52:27.000,7.2
2026-03-20 20:52:31.000,7.2
2026-03-20 20:52:31.000,8.4
2026-03-20 20:52:33.000,8.4
2026-03-20 20:52:33.000,6
2026-03-20 20:52:35.000,6
2026-03-20 20:52:35.000,7.2
2026-03-20 20:52:37.000,7.2
2026-03-20 20:52:37.000,4.8
2026-03-20 20:52:39.000,4.8
2026-03-20 20:52:39.000,6
2026-03-20 20:52:43.000,6
2026-03-20 20:52:43.000,7.2
2026-03-20 20:52:47.000,7.2
2026-03-20 20:52:47.000,8.4
2026-03-20 20:52:49.000,8.4
2026-03-20 20:52:49.000,7.2
2026-03-20 20:52:51.000,7.2
2026-03-20 20:52:51.000,8.4
2026-03-20 20:52:53.000,8.4
2026-03-20 20:52:53.000,7.2
2026-03-20 20:52:57.000,7.2
2026-03-20 20:52:57.000,8.4
2026-03-20 20:53:01.000,8.4
2026-03-20 20:53:01.000,7.2
2026-03-20 20:53:05.000,7.2
2026-03-20 20:53:05.000,9.6
2026-03-20 20:53:07.000,9.6
2026-03-20 20:53:07.000,8.4
2026-03-20 20:53:09.000,8.4
2026-03-20 20:53:09.000,6
2026-03-20 20:53:11.000,6
2026-03-20 20:53:11.000,7.2
2026-03-20 20:53:31.000,7.2
2026-03-20 20:53:31.000,8.4
2026-03-20 20:53:41.000,8.4
2026-03-20 20:53:41.000,7.2
2026-03-20 20:53:45.000,7.2
2026-03-20 20:53:45.000,8.4
2026-03-20 20:53:47.000,8.4
2026-03-20 20:53:47.000,9.6
2026-03-20 20:53:49.000,9.6
2026-03-20 20:53:49.000,10.8
2026-03-20 20:53:59.000,10.8
2026-03-20 20:53:59.000,9.6
2026-03-20 20:54:01.000,9.6
2026-03-20 20:54:01.000,12
2026-03-20 20:54:05.000,12
2026-03-20 20:54:05.000,13.2
2026-03-20 20:54:07.000,13.2
2026-03-20 20:54:07.000,14.4
2026-03-20 20:54:11.000,14.4
2026-03-20 20:54:11.000,12
2026-03-20 20:54:13.000,12
2026-03-20 20:54:13.000,10.8
2026-03-20 20:54:15.000,10.8
2026-03-20 20:54:15.000,8.4
2026-03-20 20:54:17.000,8.4
2026-03-20 20:54:17.000,9.6
2026-03-20 20:54:19.000,9.6
2026-03-20 20:54:19.000,8.4
2026-03-20 20:54:23.000,8.4
2026-03-20 20:54:23.000,7.2
2026-03-20 20:54:25.000,7.2
2026-03-20 20:54:25.000,8.4
2026-03-20 20:54:27.000,8.4
2026-03-20 20:54:27.000,9.6
2026-03-20 20:54:29.000,9.6
2026-03-20 20:54:29.000,10.8
2026-03-20 20:54:31.000,10.8
2026-03-20 20:54:31.000,19.2
2026-03-20 20:54:33.000,19.2
2026-03-20 20:54:33.000,9.6
2026-03-20 20:54:35.000,9.6
2026-03-20 20:54:35.000,0
2026-03-20 20:54:37.000,0
2026-03-20 20:54:37.000,2.4
2026-03-20 20:54:39.000,2.4
2026-03-20 20:54:39.000,6
2026-03-20 20:54:41.000,6
2026-03-20 20:54:41.000,7.2
2026-03-20 20:54:49.000,7.2
2026-03-20 20:54:49.000,8.4
2026-03-20 20:54:51.000,8.4
2026-03-20 20:54:51.000,14.4
2026-03-20 20:54:53.000,14.4
2026-03-20 20:54:53.000,0
2026-03-20 20:54:55.000,0
2026-03-20 20:54:55.000,10.8
2026-03-20 20:54:57.000,10.8
2026-03-20 20:54:57.000,3.6
2026-03-20 20:54:59.000,3.6
2026-03-20 20:54:59.000,7.2
2026-03-20 20:55:01.000,7.2
2026-03-20 20:55:01.000,6
2026-03-20 20:55:07.000,6
2026-03-20 20:55:07.000,7.2
2026-03-20 20:55:13.000,7.2
2026-03-20 20:55:13.000,8.4
2026-03-20 20:55:21.000,8.4
2026-03-20 20:55:21.000,9.6
2026-03-20 20:55:23.000,9.6
2026-03-20 20:55:23.000,8.4
2026-03-20 20:55:25.000,8.4
2026-03-20 20:55:25.000,9.6
2026-03-20 20:55:27.000,9.6
2026-03-20 20:55:27.000,8.4
2026-03-20 20:55:35.000,8.4
2026-03-20 20:55:35.000,7.2
2026-03-20 20:55:39.000,7.2
2026-03-20 20:55:39.000,8.4
2026-03-20 20:55:47.000,8.4
2026-03-20 20:55:47.000,9.6
2026-03-20 20:55:51.000,9.6
2026-03-20 20:55:51.000,8.4
2026-03-20 20:55:53.000,8.4
2026-03-20 20:55:53.000,9.6
2026-03-20 20:55:55.000,9.6
2026-03-20 20:55:55.000,10.8
2026-03-20 20:56:01.000,10.8
2026-03-20 20:56:01.000,9.6
2026-03-20 20:56:23.000,9.6
2026-03-20 20:56:23.000,8.4
2026-03-20 20:56:27.000,8.4
2026-03-20 20:56:27.000,9.6
2026-03-20 20:56:29.000,9.6
2026-03-20 20:56:29.000,8.4
2026-03-20 20:56:39.000,8.4
2026-03-20 20:56:39.000,7.2
2026-03-20 20:56:45.000,7.2
2026-03-20 20:56:45.000,10.8
2026-03-20 20:56:47.000,10.8
2026-03-20 20:56:47.000,9.6
2026-03-20 20:56:51.000,9.6
2026-03-20 20:56:51.000,8.4
2026-03-20 20:56:57.000,8.4
2026-03-20 20:56:57.000,7.2
2026-03-20 20:57:01.000,7.2
2026-03-20 20:57:01.000,6
2026-03-20 20:57:03.000,6
2026-03-20 20:57:03.000,7.2
2026-03-20 20:57:05.000,7.2
2026-03-20 20:57:05.000,8.4
2026-03-20 20:57:09.000,8.4
2026-03-20 20:57:09.000,12
2026-03-20 20:57:11.000,12
2026-03-20 20:57:11.000,9.6
2026-03-20 20:57:13.000,9.6
2026-03-20 20:57:13.000,10.8
2026-03-20 20:57:15.000,10.8
2026-03-20 20:57:15.000,9.6
2026-03-20 20:57:25.000,9.6
2026-03-20 20:57:25.000,10.8
2026-03-20 20:57:35.000,10.8
2026-03-20 20:57:35.000,9.6
2026-03-20 20:57:37.000,9.6
2026-03-20 20:57:37.000,8.4
2026-03-20 20:57:41.000,8.4
2026-03-20 20:57:41.000,7.2
2026-03-20 20:57:47.000,7.2
2026-03-20 20:57:47.000,8.4
2026-03-20 20:57:55.000,8.4
2026-03-20 20:57:55.000,7.2
2026-03-20 20:58:01.000,7.2
2026-03-20 20:58:01.000,8.4
2026-03-20 20:58:09.000,8.4
2026-03-20 20:58:09.000,7.2
2026-03-20 20:58:11.000,7.2
2026-03-20 20:58:11.000,9.6
2026-03-20 20:58:13.000,9.6
2026-03-20 20:58:13.000,8.4
2026-03-20 20:58:19.000,8.4
2026-03-20 20:58:19.000,7.2
2026-03-20 20:58:25.000,7.2
2026-03-20 20:58:25.000,8.4
2026-03-20 20:58:29.000,8.4
2026-03-20 20:58:29.000,9.6
2026-03-20 20:58:31.000,9.6
2026-03-20 20:58:31.000,10.8
2026-03-20 20:58:33.000,10.8
2026-03-20 20:58:33.000,8.4
2026-03-20 20:58:35.000,8.4
2026-03-20 20:58:35.000,9.6
2026-03-20 20:58:37.000,9.6
2026-03-20 20:58:37.000,8.4
2026-03-20 20:58:43.000,8.4
2026-03-20 20:58:43.000,7.2
2026-03-20 20:58:45.000,7.2
2026-03-20 20:58:45.000,8.4
2026-03-20 20:58:51.000,8.4
2026-03-20 20:58:51.000,7.2
2026-03-20 20:58:59.000,7.2
2026-03-20 20:58:59.000,8.4
2026-03-20 20:59:03.000,8.4
2026-03-20 20:59:03.000,7.2
2026-03-20 20:59:09.000,7.2
2026-03-20 20:59:09.000,8.4
2026-03-20 20:59:11.000,8.4
2026-03-20 20:59:11.000,6
2026-03-20 20:59:13.000,6
2026-03-20 20:59:13.000,7.2
2026-03-20 20:59:15.000,7.2
2026-03-20 20:59:15.000,6
2026-03-20 20:59:17.000,6
2026-03-20 20:59:17.000,7.2
2026-03-20 20:59:33.000,7.2
2026-03-20 20:59:33.000,8.4
2026-03-20 20:59:35.000,8.4
2026-03-20 20:59:35.000,6
2026-03-20 20:59:37.000,6
2026-03-20 20:59:37.000,7.2
2026-03-20 20:59:39.000,7.2
2026-03-20 20:59:39.000,6
2026-03-20 20:59:45.000,6
2026-03-20 20:59:45.000,7.2
2026-03-20 20:59:55.000,7.2
2026-03-20 20:59:55.000,8.4
2026-03-20 20:59:59.000,8.4
2026-03-20 20:59:59.000,9.6
2026-03-20 21:00:01.000,9.6
2026-03-20 21:00:01.000,8.4
2026-03-20 21:00:07.000,8.4
2026-03-20 21:00:07.000,7.2
2026-03-20 21:00:09.000,7.2
2026-03-20 21:00:09.000,8.4
2026-03-20 21:00:15.000,8.4
2026-03-20 21:00:15.000,9.6
2026-03-20 21:00:25.000,9.6
2026-03-20 21:00:25.000,8.4
2026-03-20 21:00:31.000,8.4
2026-03-20 21:00:31.000,9.6
2026-03-20 21:00:37.000,9.6
2026-03-20 21:00:37.000,8.4
2026-03-20 21:00:41.000,8.4
2026-03-20 21:00:41.000,9.6
2026-03-20 21:00:45.000,9.6
2026-03-20 21:00:45.000,8.4
2026-03-20 21:00:53.000,8.4
2026-03-20 21:00:53.000,10.8
2026-03-20 21:01:05.000,10.8
2026-03-20 21:01:05.000,8.4
2026-03-20 21:01:07.000,8.4
2026-03-20 21:01:07.000,9.6
2026-03-20 21:01:09.000,9.6
2026-03-20 21:01:09.000,10.8
2026-03-20 21:01:11.000,10.8
2026-03-20 21:01:11.000,9.6
2026-03-20 21:01:15.000,9.6
2026-03-20 21:01:15.000,8.4
2026-03-20 21:01:21.000,8.4
2026-03-20 21:01:21.000,10.8
2026-03-20 21:01:25.000,10.8
2026-03-20 21:01:25.000,9.6
2026-03-20 21:01:27.000,9.6
2026-03-20 21:01:27.000,10.8
2026-03-20 21:01:33.000,10.8
2026-03-20 21:01:33.000,9.6
2026-03-20 21:01:37.000,9.6
2026-03-20 21:01:37.000,10.8
2026-03-20 21:01:41.000,10.8
2026-03-20 21:01:41.000,9.6
2026-03-20 21:01:49.000,9.6
2026-03-20 21:01:49.000,10.8
2026-03-20 21:01:53.000,10.8
2026-03-20 21:01:53.000,9.6
2026-03-20 21:01:55.000,9.6
2026-03-20 21:01:55.000,10.8
2026-03-20 21:02:05.000,10.8
2026-03-20 21:02:05.000,9.6
2026-03-20 21:02:07.000,9.6
2026-03-20 21:02:07.000,8.4
2026-03-20 21:02:09.000,8.4
2026-03-20 21:02:09.000,9.6
2026-03-20 21:02:11.000,9.6
2026-03-20 21:02:11.000,8.4
2026-03-20 21:02:21.000,8.4
2026-03-20 21:02:21.000,7.2
2026-03-20 21:02:31.000,7.2
2026-03-20 21:02:31.000,6
2026-03-20 21:02:33.000,6
2026-03-20 21:02:33.000,7.2
2026-03-20 21:02:35.000,7.2
2026-03-20 21:02:35.000,8.4
2026-03-20 21:02:37.000,8.4
2026-03-20 21:02:37.000,6
2026-03-20 21:02:39.000,6
2026-03-20 21:02:39.000,8.4
2026-03-20 21:02:41.000,8.4
2026-03-20 21:02:41.000,7.2
2026-03-20 21:02:45.000,7.2
2026-03-20 21:02:45.000,6
2026-03-20 21:02:47.000,6
2026-03-20 21:02:47.000,7.2
2026-03-20 21:02:55.000,7.2
2026-03-20 21:02:55.000,9.6
2026-03-20 21:02:57.000,9.6
2026-03-20 21:02:57.000,3.6
2026-03-20 21:02:59.000,3.6
2026-03-20 21:02:59.000,4.8
2026-03-20 21:03:01.000,4.8
2026-03-20 21:03:01.000,2.4
2026-03-20 21:03:03.000,2.4
2026-03-20 21:03:03.000,4.8
2026-03-20 21:03:05.000,4.8
2026-03-20 21:03:05.000,6
2026-03-20 21:03:13.000,6
2026-03-20 21:03:13.000,7.2
2026-03-20 21:03:15.000,7.2
2026-03-20 21:03:15.000,8.4
2026-03-20 21:03:17.000,8.4
2026-03-20 21:03:17.000,9.6
2026-03-20 21:03:25.000,9.6
2026-03-20 21:03:25.000,10.8
2026-03-20 21:03:29.000,10.8
2026-03-20 21:03:29.000,12
2026-03-20 21:03:33.000,12
2026-03-20 21:03:33.000,10.8
2026-03-20 21:03:47.000,10.8
2026-03-20 21:03:47.000,12
2026-03-20 21:03:51.000,12
2026-03-20 21:03:51.000,10.8
2026-03-20 21:03:59.000,10.8
2026-03-20 21:03:59.000,9.6
2026-03-20 21:04:01.000,9.6
2026-03-20 21:04:01.000,8.4
2026-03-20 21:04:07.000,8.4
2026-03-20 21:04:07.000,9.6
2026-03-20 21:04:17.000,9.6
2026-03-20 21:04:17.000,10.8
2026-03-20 21:04:21.000,10.8
2026-03-20 21:04:21.000,9.6
2026-03-20 21:04:35.000,9.6
2026-03-20 21:04:35.000,10.8
2026-03-20 21:04:43.000,10.8
2026-03-20 21:04:43.000,9.6
2026-03-20 21:04:53.000,9.6
2026-03-20 21:04:53.000,10.8
2026-03-20 21:04:59.000,10.8
2026-03-20 21:04:59.000,9.6
2026-03-20 21:05:09.000,9.6
2026-03-20 21:05:09.000,10.8
2026-03-20 21:05:31.000,10.8
2026-03-20 21:05:31.000,9.6
2026-03-20 21:05:33.000,9.6
2026-03-20 21:05:33.000,10.8
2026-03-20 21:05:41.000,10.8
2026-03-20 21:05:41.000,9.6
2026-03-20 21:05:45.000,9.6
2026-03-20 21:05:45.000,6
2026-03-20 21:05:47.000,6
2026-03-20 21:05:47.000,8.4
2026-03-20 21:05:49.000,8.4
2026-03-20 21:05:49.000,20.4
2026-03-20 21:05:51.000,20.4
2026-03-20 21:05:51.000,0
2026-03-20 21:05:55.000,0
2026-03-20 21:05:55.000,2.4
2026-03-20 21:05:57.000,2.4
2026-03-20 21:05:57.000,6
2026-03-20 21:05:59.000,6
2026-03-20 21:05:59.000,1.2
2026-03-20 21:06:01.000,1.2
2026-03-20 21:06:01.000,2.4
2026-03-20 21:06:03.000,2.4
2026-03-20 21:06:03.000,3.6
2026-03-20 21:06:05.000,3.6
2026-03-20 21:06:05.000,7.2
2026-03-20 21:06:07.000,7.2
2026-03-20 21:06:07.000,6
2026-03-20 21:06:09.000,6
2026-03-20 21:06:09.000,3.6
2026-03-20 21:06:11.000,3.6
2026-03-20 21:06:11.000,4.8
2026-03-20 21:06:13.000,4.8
2026-03-20 21:06:13.000,6
2026-03-20 21:06:17.000,6
2026-03-20 21:06:17.000,7.2
2026-03-20 21:06:25.000,7.2
2026-03-20 21:06:25.000,8.4
2026-03-20 21:06:29.000,8.4
2026-03-20 21:06:29.000,7.2
2026-03-20 21:06:31.000,7.2
2026-03-20 21:06:31.000,8.4
2026-03-20 21:06:33.000,8.4
2026-03-20 21:06:33.000,7.2
2026-03-20 21:06:35.000,7.2
2026-03-20 21:06:35.000,9.6
2026-03-20 21:06:37.000,9.6
2026-03-20 21:06:37.000,10.8
2026-03-20 21:06:39.000,10.8
2026-03-20 21:06:39.000,9.6
2026-03-20 21:06:41.000,9.6
2026-03-20 21:06:41.000,8.4
2026-03-20 21:06:43.000,8.4
2026-03-20 21:06:43.000,7.2
2026-03-20 21:06:45.000,7.2
2026-03-20 21:06:45.000,9.6
2026-03-20 21:06:47.000,9.6
2026-03-20 21:06:47.000,7.2
2026-03-20 21:06:51.000,7.2
2026-03-20 21:06:51.000,8.4
2026-03-20 21:06:53.000,8.4
2026-03-20 21:06:53.000,7.2
2026-03-20 21:06:55.000,7.2
2026-03-20 21:06:55.000,8.4
2026-03-20 21:07:01.000,8.4
2026-03-20 21:07:01.000,7.2
2026-03-20 21:07:07.000,7.2
2026-03-20 21:07:07.000,9.6
2026-03-20 21:07:09.000,9.6
2026-03-20 21:07:09.000,8.4
2026-03-20 21:07:33.000,8.4
2026-03-20 21:07:33.000,9.6
2026-03-20 21:07:37.000,9.6
2026-03-20 21:07:37.000,8.4
2026-03-20 21:07:39.000,8.4
2026-03-20 21:07:39.000,7.2
2026-03-20 21:07:43.000,7.2
2026-03-20 21:07:43.000,8.4
2026-03-20 21:07:51.000,8.4
2026-03-20 21:07:51.000,7.2
2026-03-20 21:07:55.000,7.2
2026-03-20 21:07:55.000,9.6
2026-03-20 21:07:57.000,9.6
2026-03-20 21:07:57.000,8.4
2026-03-20 21:07:59.000,8.4
2026-03-20 21:07:59.000,9.6
2026-03-20 21:08:01.000,9.6
2026-03-20 21:08:01.000,8.4
2026-03-20 21:08:25.000,8.4
2026-03-20 21:08:25.000,9.6
2026-03-20 21:08:27.000,9.6
2026-03-20 21:08:27.000,8.4
2026-03-20 21:08:29.000,8.4
2026-03-20 21:08:29.000,7.2
2026-03-20 21:08:31.000,7.2
2026-03-20 21:08:31.000,9.6
2026-03-20 21:08:33.000,9.6
2026-03-20 21:08:33.000,7.2
2026-03-20 21:08:41.000,7.2
2026-03-20 21:08:41.000,8.4
2026-03-20 21:09:21.000,8.4
2026-03-20 21:09:21.000,7.2
2026-03-20 21:09:23.000,7.2
2026-03-20 21:09:23.000,8.4
2026-03-20 21:09:25.000,8.4
2026-03-20 21:09:25.000,7.2
2026-03-20 21:09:43.000,7.2
2026-03-20 21:09:43.000,8.4
2026-03-20 21:09:45.000,8.4
2026-03-20 21:09:45.000,7.2
2026-03-20 21:09:55.000,7.2
2026-03-20 21:09:55.000,9.6
2026-03-20 21:09:59.000,9.6
2026-03-20 21:09:59.000,8.4
2026-03-20 21:10:03.000,8.4
2026-03-20 21:10:03.000,7.2
2026-03-20 21:10:05.000,7.2
2026-03-20 21:10:05.000,6
2026-03-20 21:10:11.000,6
2026-03-20 21:10:11.000,7.2
2026-03-20 21:10:17.000,7.2
2026-03-20 21:10:17.000,8.4
2026-03-20 21:10:19.000,8.4
2026-03-20 21:10:19.000,7.2
2026-03-20 21:10:27.000,7.2
2026-03-20 21:10:27.000,8.4
2026-03-20 21:10:29.000,8.4
2026-03-20 21:10:29.000,9.6
2026-03-20 21:10:31.000,9.6
2026-03-20 21:10:31.000,19.2
2026-03-20 21:10:33.000,19.2
2026-03-20 21:10:33.000,0
2026-03-20 21:10:39.000,0
2026-03-20 21:10:39.000,12
2026-03-20 21:10:41.000,12
2026-03-20 21:10:41.000,3.6
2026-03-20 21:10:43.000,3.6
2026-03-20 21:10:43.000,0
2026-03-20 21:10:45.000,0
2026-03-20 21:10:45.000,4.8
2026-03-20 21:10:47.000,4.8
2026-03-20 21:10:47.000,9.6
2026-03-20 21:10:49.000,9.6
2026-03-20 21:10:49.000,4.8
2026-03-20 21:10:51.000,4.8
2026-03-20 21:10:51.000,3.6
2026-03-20 21:10:53.000,3.6
2026-03-20 21:10:53.000,7.2
2026-03-20 21:10:55.000,7.2
2026-03-20 21:10:55.000,9.6
2026-03-20 21:10:57.000,9.6
2026-03-20 21:10:57.000,7.2
2026-03-20 21:10:59.000,7.2
2026-03-20 21:10:59.000,6
2026-03-20 21:11:01.000,6
2026-03-20 21:11:01.000,8.4
2026-03-20 21:11:03.000,8.4
2026-03-20 21:11:03.000,7.2
2026-03-20 21:11:13.000,7.2
2026-03-20 21:11:13.000,8.4
2026-03-20 21:11:17.000,8.4
2026-03-20 21:11:17.000,9.6
2026-03-20 21:11:21.000,9.6
2026-03-20 21:11:21.000,10.8
2026-03-20 21:11:23.000,10.8
2026-03-20 21:11:23.000,9.6
2026-03-20 21:11:25.000,9.6
2026-03-20 21:11:25.000,8.4
2026-03-20 21:11:31.000,8.4
2026-03-20 21:11:31.000,9.6
2026-03-20 21:11:35.000,9.6
2026-03-20 21:11:35.000,10.8
2026-03-20 21:11:39.000,10.8
2026-03-20 21:11:39.000,9.6
2026-03-20 21:11:41.000,9.6
2026-03-20 21:11:41.000,10.8
2026-03-20 21:11:43.000,10.8
2026-03-20 21:11:43.000,9.6
2026-03-20 21:11:45.000,9.6
2026-03-20 21:11:45.000,10.8
2026-03-20 21:11:51.000,10.8
2026-03-20 21:11:51.000,9.6
2026-03-20 21:11:59.000,9.6
2026-03-20 21:11:59.000,8.4
2026-03-20 21:12:01.000,8.4
2026-03-20 21:12:01.000,9.6
2026-03-20 21:12:05.000,9.6
2026-03-20 21:12:05.000,8.4
2026-03-20 21:12:09.000,8.4
2026-03-20 21:12:09.000,7.2
2026-03-20 21:12:11.000,7.2
2026-03-20 21:12:11.000,8.4
2026-03-20 21:12:15.000,8.4
2026-03-20 21:12:15.000,6
2026-03-20 21:12:17.000,6
2026-03-20 21:12:17.000,7.2
2026-03-20 21:12:19.000,7.2
2026-03-20 21:12:19.000,6
2026-03-20 21:12:21.000,6
2026-03-20 21:12:21.000,7.2
2026-03-20 21:12:35.000,7.2
2026-03-20 21:12:35.000,6
2026-03-20 21:12:39.000,6
2026-03-20 21:12:39.000,7.2
2026-03-20 21:12:45.000,7.2
2026-03-20 21:12:45.000,8.4
2026-03-20 21:12:53.000,8.4
2026-03-20 21:12:53.000,7.2
2026-03-20 21:13:01.000,7.2
2026-03-20 21:13:01.000,8.4
2026-03-20 21:13:25.000,8.4
2026-03-20 21:13:25.000,9.6
2026-03-20 21:13:29.000,9.6
2026-03-20 21:13:29.000,14.4
2026-03-20 21:13:31.000,14.4
2026-03-20 21:13:31.000,9.6
2026-03-20 21:13:33.000,9.6
2026-03-20 21:13:33.000,6
2026-03-20 21:13:35.000,6
2026-03-20 21:13:35.000,4.8
2026-03-20 21:13:37.000,4.8
2026-03-20 21:13:37.000,8.4
2026-03-20 21:13:39.000,8.4
2026-03-20 21:13:39.000,9.6
2026-03-20 21:13:41.000,9.6
2026-03-20 21:13:41.000,6
2026-03-20 21:13:43.000,6
2026-03-20 21:13:43.000,4.8
2026-03-20 21:13:47.000,4.8
2026-03-20 21:13:47.000,7.2
2026-03-20 21:13:51.000,7.2
2026-03-20 21:13:51.000,8.4
2026-03-20 21:13:53.000,8.4
2026-03-20 21:13:53.000,9.6
2026-03-20 21:13:55.000,9.6
2026-03-20 21:13:55.000,12
2026-03-20 21:13:57.000,12
2026-03-20 21:13:57.000,10.8
2026-03-20 21:14:03.000,10.8
2026-03-20 21:14:03.000,9.6
2026-03-20 21:14:11.000,9.6
2026-03-20 21:14:11.000,8.4
2026-03-20 21:14:15.000,8.4
2026-03-20 21:14:15.000,9.6
2026-03-20 21:14:17.000,9.6
2026-03-20 21:14:17.000,8.4
2026-03-20 21:14:23.000,8.4
2026-03-20 21:14:23.000,9.6
2026-03-20 21:14:31.000,9.6
2026-03-20 21:14:31.000,10.8
2026-03-20 21:14:33.000,10.8
2026-03-20 21:14:33.000,9.6
2026-03-20 21:14:37.000,9.6
2026-03-20 21:14:37.000,8.4
2026-03-20 21:14:43.000,8.4
2026-03-20 21:14:43.000,7.2
2026-03-20 21:14:49.000,7.2
2026-03-20 21:14:49.000,6
2026-03-20 21:14:51.000,6
2026-03-20 21:14:51.000,7.2
2026-03-20 21:15:03.000,7.2
2026-03-20 21:15:03.000,8.4
2026-03-20 21:15:05.000,8.4
2026-03-20 21:15:05.000,9.6
2026-03-20 21:15:07.000,9.6
2026-03-20 21:15:07.000,8.4
2026-03-20 21:15:19.000,8.4
2026-03-20 21:15:19.000,7.2
2026-03-20 21:15:25.000,7.2
2026-03-20 21:15:25.000,8.4
2026-03-20 21:15:35.000,8.4
2026-03-20 21:15:35.000,7.2
2026-03-20 21:15:41.000,7.2
2026-03-20 21:15:41.000,8.4
2026-03-20 21:15:49.000,8.4
2026-03-20 21:15:49.000,7.2
2026-03-20 21:16:03.000,7.2
2026-03-20 21:16:03.000,8.4
2026-03-20 21:16:09.000,8.4
2026-03-20 21:16:09.000,7.2
2026-03-20 21:16:13.000,7.2
2026-03-20 21:16:13.000,4.8
2026-03-20 21:16:15.000,4.8
2026-03-20 21:16:15.000,6
2026-03-20 21:16:21.000,6
2026-03-20 21:16:21.000,7.2
2026-03-20 21:16:39.000,7.2
2026-03-20 21:16:39.000,8.4
2026-03-20 21:16:43.000,8.4
2026-03-20 21:16:43.000,6
2026-03-20 21:16:45.000,6
2026-03-20 21:16:45.000,7.2
2026-03-20 21:16:49.000,7.2
2026-03-20 21:16:49.000,8.4
2026-03-20 21:16:51.000,8.4
2026-03-20 21:16:51.000,9.6
2026-03-20 21:16:53.000,9.6
2026-03-20 21:16:53.000,8.4
2026-03-20 21:17:11.000,8.4
2026-03-20 21:17:11.000,7.2
2026-03-20 21:17:13.000,7.2
2026-03-20 21:17:13.000,6
2026-03-20 21:17:15.000,6
2026-03-20 21:17:15.000,7.2
2026-03-20 21:17:17.000,7.2
2026-03-20 21:17:17.000,8.4
2026-03-20 21:17:29.000,8.4
2026-03-20 21:17:29.000,9.6
2026-03-20 21:17:33.000,9.6
2026-03-20 21:17:33.000,8.4
2026-03-20 21:17:37.000,8.4
2026-03-20 21:17:37.000,7.2
2026-03-20 21:17:39.000,7.2
2026-03-20 21:17:39.000,8.4
2026-03-20 21:17:41.000,8.4
2026-03-20 21:17:41.000,10.8
2026-03-20 21:17:45.000,10.8
2026-03-20 21:17:45.000,9.6
2026-03-20 21:17:51.000,9.6
2026-03-20 21:17:51.000,8.4
2026-03-20 21:18:03.000,8.4
2026-03-20 21:18:03.000,9.6
2026-03-20 21:18:09.000,9.6
2026-03-20 21:18:09.000,8.4
2026-03-20 21:18:11.000,8.4
2026-03-20 21:18:11.000,9.6
2026-03-20 21:18:13.000,9.6
2026-03-20 21:18:13.000,8.4
2026-03-20 21:18:23.000,8.4
2026-03-20 21:18:23.000,9.6
2026-03-20 21:18:29.000,9.6
2026-03-20 21:18:29.000,10.8
2026-03-20 21:18:31.000,10.8
2026-03-20 21:18:31.000,9.6
2026-03-20 21:18:33.000,9.6
2026-03-20 21:18:33.000,8.4
2026-03-20 21:18:37.000,8.4
2026-03-20 21:18:37.000,9.6
2026-03-20 21:18:43.000,9.6
2026-03-20 21:18:43.000,8.4
2026-03-20 21:18:51.000,8.4
2026-03-20 21:18:51.000,9.6
2026-03-20 21:19:07.000,9.6
2026-03-20 21:19:07.000,8.4
2026-03-20 21:19:11.000,8.4
2026-03-20 21:19:11.000,9.6
2026-03-20 21:19:19.000,9.6
2026-03-20 21:19:19.000,8.4
2026-03-20 21:19:23.000,8.4
2026-03-20 21:19:23.000,9.6
2026-03-20 21:19:47.000,9.6
2026-03-20 21:19:47.000,10.8
2026-03-20 21:19:49.000,10.8
2026-03-20 21:19:49.000,9.6
2026-03-20 21:19:59.000,9.6
2026-03-20 21:19:59.000,8.4
2026-03-20 21:20:03.000,8.4
2026-03-20 21:20:03.000,9.6
2026-03-20 21:20:07.000,9.6
2026-03-20 21:20:07.000,10.8
2026-03-20 21:20:17.000,10.8
2026-03-20 21:20:17.000,9.6
2026-03-20 21:20:25.000,9.6
2026-03-20 21:20:25.000,10.8
2026-03-20 21:20:31.000,10.8
2026-03-20 21:20:31.000,16.8
2026-03-20 21:20:33.000,16.8
2026-03-20 21:20:33.000,2.4
2026-03-20 21:20:35.000,2.4
2026-03-20 21:20:35.000,1.2
2026-03-20 21:20:37.000,1.2
2026-03-20 21:20:37.000,4.8
2026-03-20 21:20:39.000,4.8
2026-03-20 21:20:39.000,3.6
2026-03-20 21:20:41.000,3.6
2026-03-20 21:20:41.000,6
2026-03-20 21:20:43.000,6
2026-03-20 21:20:43.000,7.2
2026-03-20 21:20:45.000,7.2
2026-03-20 21:20:45.000,8.4
2026-03-20 21:20:47.000,8.4
2026-03-20 21:20:47.000,9.6
2026-03-20 21:20:53.000,9.6
2026-03-20 21:20:53.000,10.8
2026-03-20 21:20:57.000,10.8
2026-03-20 21:20:57.000,8.4
2026-03-20 21:20:59.000,8.4
2026-03-20 21:20:59.000,7.2
2026-03-20 21:21:01.000,7.2
2026-03-20 21:21:01.000,6
2026-03-20 21:21:11.000,6
2026-03-20 21:21:11.000,8.4
2026-03-20 21:21:13.000,8.4
2026-03-20 21:21:13.000,9.6
2026-03-20 21:21:15.000,9.6
2026-03-20 21:21:15.000,8.4
2026-03-20 21:21:19.000,8.4
2026-03-20 21:21:19.000,7.2
2026-03-20 21:21:21.000,7.2
2026-03-20 21:21:21.000,8.4
2026-03-20 21:21:27.000,8.4
2026-03-20 21:21:27.000,7.2
2026-03-20 21:21:29.000,7.2
2026-03-20 21:21:29.000,8.4
2026-03-20 21:21:31.000,8.4
2026-03-20 21:21:31.000,7.2
2026-03-20 21:21:43.000,7.2
2026-03-20 21:21:43.000,10.8
2026-03-20 21:21:45.000,10.8
2026-03-20 21:21:45.000,9.6
2026-03-20 21:21:49.000,9.6
2026-03-20 21:21:49.000,8.4
2026-03-20 21:21:53.000,8.4
2026-03-20 21:21:53.000,7.2
2026-03-20 21:21:57.000,7.2
2026-03-20 21:21:57.000,8.4
2026-03-20 21:22:13.000,8.4
2026-03-20 21:22:13.000,9.6
2026-03-20 21:22:15.000,9.6
2026-03-20 21:22:15.000,8.4
2026-03-20 21:22:25.000,8.4
2026-03-20 21:22:25.000,9.6
2026-03-20 21:22:29.000,9.6
2026-03-20 21:22:29.000,8.4
2026-03-20 21:22:35.000,8.4
2026-03-20 21:22:35.000,9.6
2026-03-20 21:22:45.000,9.6
2026-03-20 21:22:45.000,8.4
2026-03-20 21:22:59.000,8.4
2026-03-20 21:22:59.000,7.2
2026-03-20 21:23:01.000,7.2
2026-03-20 21:23:01.000,8.4
2026-03-20 21:23:09.000,8.4
2026-03-20 21:23:09.000,10.8
2026-03-20 21:23:11.000,10.8
2026-03-20 21:23:11.000,8.4
2026-03-20 21:23:25.000,8.4
2026-03-20 21:23:25.000,7.2
2026-03-20 21:23:27.000,7.2
2026-03-20 21:23:27.000,8.4
2026-03-20 21:23:49.000,8.4
2026-03-20 21:23:49.000,7.2
2026-03-20 21:23:51.000,7.2
2026-03-20 21:23:51.000,8.4
2026-03-20 21:24:03.000,8.4
2026-03-20 21:24:03.000,7.2
2026-03-20 21:24:07.000,7.2
2026-03-20 21:24:07.000,8.4
2026-03-20 21:24:11.000,8.4
2026-03-20 21:24:11.000,7.2
2026-03-20 21:24:21.000,7.2
2026-03-20 21:24:21.000,8.4
2026-03-20 21:24:29.000,8.4
2026-03-20 21:24:29.000,7.2
2026-03-20 21:24:33.000,7.2
2026-03-20 21:24:33.000,8.4
2026-03-20 21:24:41.000,8.4
2026-03-20 21:24:41.000,7.2
2026-03-20 21:24:53.000,7.2
2026-03-20 21:24:53.000,8.4
2026-03-20 21:24:57.000,8.4
2026-03-20 21:24:57.000,7.2
2026-03-20 21:25:03.000,7.2
2026-03-20 21:25:03.000,8.4
2026-03-20 21:25:07.000,8.4
2026-03-20 21:25:07.000,9.6
2026-03-20 21:25:13.000,9.6
2026-03-20 21:25:13.000,8.4
2026-03-20 21:25:17.000,8.4
2026-03-20 21:25:17.000,9.6
2026-03-20 21:25:25.000,9.6
2026-03-20 21:25:25.000,10.8
2026-03-20 21:25:31.000,10.8
2026-03-20 21:25:31.000,9.6
2026-03-20 21:25:37.000,9.6
2026-03-20 21:25:37.000,8.4
2026-03-20 21:25:39.000,8.4
2026-03-20 21:25:39.000,9.6
2026-03-20 21:25:43.000,9.6
2026-03-20 21:25:43.000,10.8
2026-03-20 21:25:45.000,10.8
2026-03-20 21:25:45.000,9.6
2026-03-20 21:25:49.000,9.6
2026-03-20 21:25:49.000,8.4
2026-03-20 21:25:51.000,8.4
2026-03-20 21:25:51.000,9.6
2026-03-20 21:25:59.000,9.6
2026-03-20 21:25:59.000,8.4
2026-03-20 21:26:03.000,8.4
2026-03-20 21:26:03.000,9.6
2026-03-20 21:26:13.000,9.6
2026-03-20 21:26:13.000,8.4
2026-03-20 21:26:21.000,8.4
2026-03-20 21:26:21.000,7.2
2026-03-20 21:26:25.000,7.2
2026-03-20 21:26:25.000,6
2026-03-20 21:26:27.000,6
2026-03-20 21:26:27.000,7.2
2026-03-20 21:26:35.000,7.2
2026-03-20 21:26:35.000,8.4
2026-03-20 21:26:49.000,8.4
2026-03-20 21:26:49.000,9.6
2026-03-20 21:26:51.000,9.6
2026-03-20 21:26:51.000,8.4
2026-03-20 21:26:57.000,8.4
2026-03-20 21:26:57.000,9.6
2026-03-20 21:27:07.000,9.6
2026-03-20 21:27:07.000,8.4
2026-03-20 21:27:29.000,8.4
2026-03-20 21:27:29.000,9.6
2026-03-20 21:27:39.000,9.6
2026-03-20 21:27:39.000,12
2026-03-20 21:27:41.000,12
2026-03-20 21:27:41.000,6
2026-03-20 21:27:43.000,6
2026-03-20 21:27:43.000,7.2
2026-03-20 21:27:45.000,7.2
2026-03-20 21:27:45.000,6
2026-03-20 21:27:51.000,6
2026-03-20 21:27:51.000,7.2
2026-03-20 21:27:55.000,7.2
2026-03-20 21:27:55.000,8.4
2026-03-20 21:28:03.000,8.4
2026-03-20 21:28:03.000,9.6
2026-03-20 21:28:07.000,9.6
2026-03-20 21:28:07.000,10.8
2026-03-20 21:28:11.000,10.8
2026-03-20 21:28:11.000,13.2
2026-03-20 21:28:13.000,13.2
2026-03-20 21:28:13.000,12
2026-03-20 21:28:17.000,12
2026-03-20 21:28:17.000,10.8
2026-03-20 21:28:21.000,10.8
2026-03-20 21:28:21.000,9.6
2026-03-20 21:28:27.000,9.6
2026-03-20 21:28:27.000,8.4
2026-03-20 21:28:39.000,8.4
2026-03-20 21:28:39.000,9.6
2026-03-20 21:28:41.000,9.6
2026-03-20 21:28:41.000,8.4
2026-03-20 21:28:51.000,8.4
2026-03-20 21:28:51.000,9.6
2026-03-20 21:28:53.000,9.6
2026-03-20 21:28:53.000,8.4
2026-03-20 21:28:59.000,8.4
2026-03-20 21:28:59.000,9.6
2026-03-20 21:29:05.000,9.6
2026-03-20 21:29:05.000,8.4
2026-03-20 21:29:07.000,8.4
2026-03-20 21:29:07.000,9.6
2026-03-20 21:29:11.000,9.6
2026-03-20 21:29:11.000,8.4
2026-03-20 21:29:13.000,8.4
2026-03-20 21:29:13.000,9.6
2026-03-20 21:29:15.000,9.6
2026-03-20 21:29:15.000,8.4
2026-03-20 21:29:19.000,8.4
2026-03-20 21:29:19.000,7.2
2026-03-20 21:29:27.000,7.2
2026-03-20 21:29:27.000,9.6
2026-03-20 21:29:29.000,9.6
2026-03-20 21:29:29.000,8.4
2026-03-20 21:29:45.000,8.4
2026-03-20 21:29:45.000,7.2
2026-03-20 21:29:59.000,7.2
2026-03-20 21:29:59.000,8.4
2026-03-20 21:30:01.000,8.4
2026-03-20 21:30:01.000,7.2
2026-03-20 21:30:23.000,7.2
2026-03-20 21:30:23.000,6
2026-03-20 21:30:27.000,6
2026-03-20 21:30:27.000,7.2
2026-03-20 21:30:31.000,7.2
2026-03-20 21:30:31.000,8.4
2026-03-20 21:30:43.000,8.4
2026-03-20 21:30:43.000,7.2
2026-03-20 21:30:45.000,7.2
2026-03-20 21:30:45.000,8.4
2026-03-20 21:30:53.000,8.4
2026-03-20 21:30:53.000,9.6
2026-03-20 21:31:07.000,9.6
2026-03-20 21:31:07.000,8.4
2026-03-20 21:31:35.000,8.4
2026-03-20 21:31:35.000,9.6
2026-03-20 21:31:39.000,9.6
2026-03-20 21:31:39.000,8.4
2026-03-20 21:32:01.000,8.4
2026-03-20 21:32:01.000,9.6
2026-03-20 21:32:13.000,9.6
2026-03-20 21:32:13.000,10.8
2026-03-20 21:32:17.000,10.8
2026-03-20 21:32:17.000,13.2
2026-03-20 21:32:19.000,13.2
2026-03-20 21:32:19.000,10.8
2026-03-20 21:32:23.000,10.8
2026-03-20 21:32:23.000,9.6
2026-03-20 21:32:27.000,9.6
2026-03-20 21:32:27.000,10.8
2026-03-20 21:32:29.000,10.8
2026-03-20 21:32:29.000,9.6
2026-03-20 21:32:37.000,9.6
2026-03-20 21:32:37.000,8.4
2026-03-20 21:32:39.000,8.4
2026-03-20 21:32:39.000,9.6
2026-03-20 21:32:41.000,9.6
2026-03-20 21:32:41.000,10.8
2026-03-20 21:32:47.000,10.8
2026-03-20 21:32:47.000,9.6
2026-03-20 21:32:57.000,9.6
2026-03-20 21:32:57.000,8.4
2026-03-20 21:33:01.000,8.4
2026-03-20 21:33:01.000,9.6
2026-03-20 21:33:13.000,9.6
2026-03-20 21:33:13.000,10.8
2026-03-20 21:33:17.000,10.8
2026-03-20 21:33:17.000,9.6
2026-03-20 21:33:25.000,9.6
2026-03-20 21:33:25.000,10.8
2026-03-20 21:33:29.000,10.8
2026-03-20 21:33:29.000,6
2026-03-20 21:33:31.000,6
2026-03-20 21:33:31.000,8.4
2026-03-20 21:33:33.000,8.4
2026-03-20 21:33:33.000,6
2026-03-20 21:33:35.000,6
2026-03-20 21:33:35.000,7.2
2026-03-20 21:33:39.000,7.2
2026-03-20 21:33:39.000,8.4
2026-03-20 21:33:47.000,8.4
2026-03-20 21:33:47.000,9.6
2026-03-20 21:33:57.000,9.6
2026-03-20 21:33:57.000,10.8
2026-03-20 21:33:59.000,10.8
2026-03-20 21:33:59.000,9.6
2026-03-20 21:34:09.000,9.6
2026-03-20 21:34:09.000,10.8
2026-03-20 21:34:13.000,10.8
2026-03-20 21:34:13.000,9.6
2026-03-20 21:34:33.000,9.6
2026-03-20 21:34:33.000,10.8
2026-03-20 21:34:37.000,10.8
2026-03-20 21:34:37.000,9.6
2026-03-20 21:34:43.000,9.6
2026-03-20 21:34:43.000,10.8
2026-03-20 21:34:47.000,10.8
2026-03-20 21:34:47.000,9.6
2026-03-20 21:34:51.000,9.6
2026-03-20 21:34:51.000,10.8
2026-03-20 21:34:55.000,10.8
2026-03-20 21:34:55.000,9.6
2026-03-20 21:34:59.000,9.6
2026-03-20 21:34:59.000,10.8
2026-03-20 21:35:07.000,10.8
2026-03-20 21:35:07.000,9.6
2026-03-20 21:35:15.000,9.6
2026-03-20 21:35:15.000,10.8
2026-03-20 21:35:19.000,10.8
2026-03-20 21:35:19.000,9.6
2026-03-20 21:35:31.000,9.6
2026-03-20 21:35:31.000,8.4
2026-03-20 21:35:33.000,8.4
2026-03-20 21:35:33.000,9.6
2026-03-20 21:35:47.000,9.6
2026-03-20 21:35:47.000,8.4
2026-03-20 21:35:49.000,8.4
2026-03-20 21:35:49.000,9.6
2026-03-20 21:36:07.000,9.6
2026-03-20 21:36:07.000,8.4
2026-03-20 21:36:09.000,8.4
2026-03-20 21:36:09.000,9.6
2026-03-20 21:36:19.000,9.6
2026-03-20 21:36:19.000,8.4
2026-03-20 21:36:37.000,8.4
2026-03-20 21:36:37.000,9.6
2026-03-20 21:36:41.000,9.6
2026-03-20 21:36:41.000,8.4
2026-03-20 21:36:45.000,8.4
2026-03-20 21:36:45.000,9.6
2026-03-20 21:36:51.000,9.6
2026-03-20 21:36:51.000,8.4
2026-03-20 21:36:53.000,8.4
2026-03-20 21:36:53.000,9.6
2026-03-20 21:37:05.000,9.6
2026-03-20 21:37:05.000,10.8
2026-03-20 21:37:17.000,10.8
2026-03-20 21:37:17.000,9.6
2026-03-20 21:37:19.000,9.6
2026-03-20 21:37:19.000,10.8
2026-03-20 21:37:25.000,10.8
2026-03-20 21:37:25.000,9.6
2026-03-20 21:37:29.000,9.6
2026-03-20 21:37:29.000,10.8
2026-03-20 21:37:59.000,10.8
2026-03-20 21:37:59.000,9.6
2026-03-20 21:38:23.000,9.6
2026-03-20 21:38:23.000,8.4
2026-03-20 21:38:27.000,8.4
2026-03-20 21:38:27.000,7.2
2026-03-20 21:38:29.000,7.2
2026-03-20 21:38:29.000,8.4
2026-03-20 21:38:35.000,8.4
2026-03-20 21:38:35.000,7.2
2026-03-20 21:38:43.000,7.2
2026-03-20 21:38:43.000,8.4
2026-03-20 21:38:53.000,8.4
2026-03-20 21:38:53.000,7.2
2026-03-20 21:39:07.000,7.2
2026-03-20 21:39:07.000,8.4
2026-03-20 21:39:17.000,8.4
2026-03-20 21:39:17.000,7.2
2026-03-20 21:39:25.000,7.2
2026-03-20 21:39:25.000,8.4
2026-03-20 21:39:35.000,8.4
2026-03-20 21:39:35.000,9.6
2026-03-20 21:39:37.000,9.6
2026-03-20 21:39:37.000,8.4
2026-03-20 21:39:39.000,8.4
2026-03-20 21:39:39.000,4.8
2026-03-20 21:39:41.000,4.8
2026-03-20 21:39:41.000,3.6
2026-03-20 21:39:43.000,3.6
2026-03-20 21:39:43.000,4.8
2026-03-20 21:39:45.000,4.8
2026-03-20 21:39:45.000,7.2
2026-03-20 21:39:47.000,7.2
2026-03-20 21:39:47.000,9.6
2026-03-20 21:39:49.000,9.6
2026-03-20 21:39:49.000,8.4
2026-03-20 21:39:53.000,8.4
2026-03-20 21:39:53.000,9.6
2026-03-20 21:39:57.000,9.6
2026-03-20 21:39:57.000,10.8
2026-03-20 21:39:59.000,10.8
2026-03-20 21:39:59.000,9.6
2026-03-20 21:40:01.000,9.6
2026-03-20 21:40:01.000,10.8
2026-03-20 21:40:03.000,10.8
2026-03-20 21:40:03.000,9.6
2026-03-20 21:40:07.000,9.6
2026-03-20 21:40:07.000,10.8
2026-03-20 21:40:11.000,10.8
2026-03-20 21:40:11.000,12
2026-03-20 21:40:13.000,12
2026-03-20 21:40:13.000,10.8
2026-03-20 21:40:17.000,10.8
2026-03-20 21:40:17.000,9.6
2026-03-20 21:40:21.000,9.6
2026-03-20 21:40:21.000,10.8
2026-03-20 21:40:27.000,10.8
2026-03-20 21:40:27.000,8.4
2026-03-20 21:40:33.000,8.4
2026-03-20 21:40:33.000,9.6
2026-03-20 21:40:47.000,9.6
2026-03-20 21:40:47.000,10.8
2026-03-20 21:40:51.000,10.8
2026-03-20 21:40:51.000,12
2026-03-20 21:40:55.000,12
2026-03-20 21:40:55.000,13.2
2026-03-20 21:40:59.000,13.2
2026-03-20 21:40:59.000,10.8
2026-03-20 21:41:07.000,10.8
2026-03-20 21:41:07.000,9.6
2026-03-20 21:41:11.000,9.6
2026-03-20 21:41:11.000,10.8
2026-03-20 21:41:21.000,10.8
2026-03-20 21:41:21.000,12
2026-03-20 21:41:23.000,12
2026-03-20 21:41:23.000,10.8
2026-03-20 21:41:27.000,10.8
2026-03-20 21:41:27.000,9.6
2026-03-20 21:41:29.000,9.6
2026-03-20 21:41:29.000,8.4
2026-03-20 21:41:37.000,8.4
2026-03-20 21:41:37.000,9.6
2026-03-20 21:41:39.000,9.6
2026-03-20 21:41:39.000,8.4
2026-03-20 21:41:43.000,8.4
2026-03-20 21:41:43.000,9.6
2026-03-20 21:42:05.000,9.6
2026-03-20 21:42:05.000,14.4
2026-03-20 21:42:07.000,14.4
2026-03-20 21:42:07.000,4.8
2026-03-20 21:42:09.000,4.8
2026-03-20 21:42:09.000,8.4
2026-03-20 21:42:11.000,8.4
2026-03-20 21:42:11.000,6
2026-03-20 21:42:13.000,6
2026-03-20 21:42:13.000,7.2
2026-03-20 21:42:17.000,7.2
2026-03-20 21:42:17.000,8.4
2026-03-20 21:42:21.000,8.4
2026-03-20 21:42:21.000,9.6
2026-03-20 21:42:27.000,9.6
2026-03-20 21:42:27.000,10.8
2026-03-20 21:42:29.000,10.8
2026-03-20 21:42:29.000,9.6
2026-03-20 21:42:37.000,9.6
2026-03-20 21:42:37.000,10.8
2026-03-20 21:42:45.000,10.8
2026-03-20 21:42:45.000,12
2026-03-20 21:42:49.000,12
2026-03-20 21:42:49.000,10.8
2026-03-20 21:42:53.000,10.8
2026-03-20 21:42:53.000,12
2026-03-20 21:43:03.000,12
2026-03-20 21:43:03.000,10.8
2026-03-20 21:43:07.000,10.8
2026-03-20 21:43:07.000,9.6
2026-03-20 21:43:09.000,9.6
2026-03-20 21:43:09.000,13.2
2026-03-20 21:43:11.000,13.2
2026-03-20 21:43:11.000,12
2026-03-20 21:43:13.000,12
2026-03-20 21:43:13.000,13.2
2026-03-20 21:43:19.000,13.2
2026-03-20 21:43:19.000,10.8
2026-03-20 21:43:21.000,10.8
2026-03-20 21:43:21.000,12
2026-03-20 21:43:37.000,12
2026-03-20 21:43:37.000,10.8
2026-03-20 21:43:41.000,10.8
2026-03-20 21:43:41.000,12
2026-03-20 21:43:57.000,12
2026-03-20 21:43:57.000,13.2
2026-03-20 21:43:59.000,13.2
2026-03-20 21:43:59.000,12
2026-03-20 21:44:01.000,12
2026-03-20 21:44:01.000,13.2
2026-03-20 21:44:05.000,13.2
2026-03-20 21:44:05.000,12
2026-03-20 21:44:25.000,12
2026-03-20 21:44:25.000,13.2
2026-03-20 21:44:33.000,13.2
2026-03-20 21:44:33.000,12
2026-03-20 21:44:39.000,12
2026-03-20 21:44:39.000,13.2
2026-03-20 21:44:41.000,13.2
2026-03-20 21:44:41.000,12
2026-03-20 21:44:49.000,12
2026-03-20 21:44:49.000,13.2
2026-03-20 21:44:51.000,13.2
2026-03-20 21:44:51.000,12
2026-03-20 21:45:01.000,12
2026-03-20 21:45:01.000,13.2
2026-03-20 21:45:05.000,13.2
2026-03-20 21:45:05.000,12
2026-03-20 21:45:07.000,12
2026-03-20 21:45:07.000,10.8
2026-03-20 21:45:09.000,10.8
2026-03-20 21:45:09.000,9.6
2026-03-20 21:45:15.000,9.6
2026-03-20 21:45:15.000,8.4
2026-03-20 21:45:17.000,8.4
2026-03-20 21:45:17.000,7.2
2026-03-20 21:45:21.000,7.2
2026-03-20 21:45:21.000,3.6
2026-03-20 21:45:23.000,3.6
2026-03-20 21:45:23.000,8.4
2026-03-20 21:45:25.000,8.4
2026-03-20 21:45:25.000,7.2
2026-03-20 21:45:27.000,7.2
2026-03-20 21:45:27.000,9.6
2026-03-20 21:45:33.000,9.6
2026-03-20 21:45:33.000,10.8
2026-03-20 21:45:35.000,10.8
2026-03-20 21:45:35.000,15.6
2026-03-20 21:45:37.000,15.6
2026-03-20 21:45:37.000,1.2
2026-03-20 21:45:39.000,1.2
2026-03-20 21:45:39.000,3.6
2026-03-20 21:45:41.000,3.6
2026-03-20 21:45:41.000,6
2026-03-20 21:45:43.000,6
2026-03-20 21:45:43.000,8.4
2026-03-20 21:45:45.000,8.4
2026-03-20 21:45:45.000,9.6
2026-03-20 21:45:47.000,9.6
2026-03-20 21:45:47.000,12
2026-03-20 21:45:49.000,12
2026-03-20 21:45:49.000,15.6
2026-03-20 21:45:51.000,15.6
2026-03-20 21:45:51.000,10.8
2026-03-20 21:45:53.000,10.8
2026-03-20 21:45:53.000,9.6
2026-03-20 21:45:55.000,9.6
2026-03-20 21:45:55.000,14.4
2026-03-20 21:45:57.000,14.4
2026-03-20 21:45:57.000,10.8
2026-03-20 21:45:59.000,10.8
2026-03-20 21:45:59.000,8.4
2026-03-20 21:46:03.000,8.4
2026-03-20 21:46:03.000,12
2026-03-20 21:46:05.000,12
2026-03-20 21:46:05.000,10.8
2026-03-20 21:46:07.000,10.8
2026-03-20 21:46:07.000,14.4
2026-03-20 21:46:09.000,14.4
2026-03-20 21:46:09.000,10.8
2026-03-20 21:46:15.000,10.8
2026-03-20 21:46:15.000,9.6
2026-03-20 21:46:17.000,9.6
2026-03-20 21:46:17.000,10.8
2026-03-20 21:46:19.000,10.8
2026-03-20 21:46:19.000,9.6
2026-03-20 21:46:21.000,9.6
2026-03-20 21:46:21.000,8.4
2026-03-20 21:46:23.000,8.4
2026-03-20 21:46:23.000,7.2
2026-03-20 21:46:25.000,7.2
2026-03-20 21:46:25.000,8.4
2026-03-20 21:46:27.000,8.4
2026-03-20 21:46:27.000,9.6
2026-03-20 21:46:29.000,9.6
2026-03-20 21:46:29.000,7.2
2026-03-20 21:46:31.000,7.2
2026-03-20 21:46:31.000,6
2026-03-20 21:46:33.000,6
2026-03-20 21:46:33.000,8.4
2026-03-20 21:46:35.000,8.4
2026-03-20 21:46:35.000,9.6
2026-03-20 21:46:37.000,9.6
2026-03-20 21:46:37.000,8.4
2026-03-20 21:46:39.000,8.4
2026-03-20 21:46:39.000,6
2026-03-20 21:46:43.000,6
2026-03-20 21:46:43.000,7.2
2026-03-20 21:46:47.000,7.2
2026-03-20 21:46:47.000,6
2026-03-20 21:46:49.000,6
2026-03-20 21:46:49.000,7.2
2026-03-20 21:46:55.000,7.2
2026-03-20 21:46:55.000,6
2026-03-20 21:46:57.000,6
2026-03-20 21:46:57.000,7.2
2026-03-20 21:46:59.000,7.2
2026-03-20 21:46:59.000,6
2026-03-20 21:47:05.000,6
2026-03-20 21:47:05.000,4.8
2026-03-20 21:47:15.000,4.8
2026-03-20 21:47:15.000,6
2026-03-20 21:47:17.000,6
2026-03-20 21:47:17.000,7.2
2026-03-20 21:47:19.000,7.2
2026-03-20 21:47:19.000,6
2026-03-20 21:47:21.000,6
2026-03-20 21:47:21.000,7.2
2026-03-20 21:47:31.000,7.2
2026-03-20 21:47:31.000,6
2026-03-20 21:47:39.000,6
2026-03-20 21:47:39.000,7.2
2026-03-20 21:47:49.000,7.2
2026-03-20 21:47:49.000,8.4
2026-03-20 21:47:51.000,8.4
2026-03-20 21:47:51.000,9.6
2026-03-20 21:47:53.000,9.6
2026-03-20 21:47:53.000,10.8
2026-03-20 21:47:55.000,10.8
2026-03-20 21:47:55.000,12
2026-03-20 21:47:57.000,12
2026-03-20 21:47:57.000,10.8
2026-03-20 21:47:59.000,10.8
2026-03-20 21:47:59.000,7.2
2026-03-20 21:48:01.000,7.2
2026-03-20 21:48:01.000,8.4
2026-03-20 21:48:03.000,8.4
2026-03-20 21:48:03.000,9.6
2026-03-20 21:48:11.000,9.6
2026-03-20 21:48:11.000,8.4
2026-03-20 21:48:15.000,8.4
2026-03-20 21:48:15.000,7.2
2026-03-20 21:48:19.000,7.2
2026-03-20 21:48:19.000,8.4
2026-03-20 21:48:27.000,8.4
2026-03-20 21:48:27.000,7.2
2026-03-20 21:48:29.000,7.2
2026-03-20 21:48:29.000,8.4
2026-03-20 21:48:31.000,8.4
2026-03-20 21:48:31.000,10.8
2026-03-20 21:48:33.000,10.8
2026-03-20 21:48:33.000,8.4
2026-03-20 21:48:37.000,8.4
2026-03-20 21:48:37.000,6
2026-03-20 21:48:41.000,6
2026-03-20 21:48:41.000,7.2
2026-03-20 21:48:43.000,7.2
2026-03-20 21:48:43.000,8.4
2026-03-20 21:48:45.000,8.4
2026-03-20 21:48:45.000,7.2
2026-03-20 21:48:47.000,7.2
2026-03-20 21:48:47.000,6
2026-03-20 21:48:49.000,6
2026-03-20 21:48:49.000,7.2
2026-03-20 21:48:51.000,7.2
2026-03-20 21:48:51.000,6
2026-03-20 21:49:17.000,6
2026-03-20 21:49:17.000,7.2
2026-03-20 21:49:19.000,7.2
2026-03-20 21:49:19.000,8.4
2026-03-20 21:49:21.000,8.4
2026-03-20 21:49:21.000,9.6
2026-03-20 21:49:23.000,9.6
2026-03-20 21:49:23.000,8.4
2026-03-20 21:49:25.000,8.4
2026-03-20 21:49:25.000,7.2
2026-03-20 21:49:31.000,7.2
2026-03-20 21:49:31.000,8.4
2026-03-20 21:49:33.000,8.4
2026-03-20 21:49:33.000,9.6
2026-03-20 21:49:43.000,9.6
2026-03-20 21:49:43.000,8.4
2026-03-20 21:49:45.000,8.4
2026-03-20 21:49:45.000,9.6
2026-03-20 21:49:53.000,9.6
2026-03-20 21:49:53.000,8.4
2026-03-20 21:50:01.000,8.4
2026-03-20 21:50:01.000,7.2
2026-03-20 21:50:03.000,7.2
2026-03-20 21:50:03.000,8.4
2026-03-20 21:50:05.000,8.4
2026-03-20 21:50:05.000,10.8
2026-03-20 21:50:07.000,10.8
2026-03-20 21:50:07.000,12
2026-03-20 21:50:09.000,12
2026-03-20 21:50:09.000,10.8
2026-03-20 21:50:11.000,10.8
2026-03-20 21:50:11.000,9.6
2026-03-20 21:50:13.000,9.6
2026-03-20 21:50:13.000,8.4
2026-03-20 21:50:15.000,8.4
2026-03-20 21:50:15.000,10.8
2026-03-20 21:50:17.000,10.8
2026-03-20 21:50:17.000,8.4
2026-03-20 21:50:19.000,8.4
2026-03-20 21:50:19.000,6
2026-03-20 21:50:21.000,6
2026-03-20 21:50:21.000,4.8
2026-03-20 21:50:23.000,4.8
2026-03-20 21:50:23.000,7.2
2026-03-20 21:50:25.000,7.2
2026-03-20 21:50:25.000,9.6
2026-03-20 21:50:27.000,9.6
2026-03-20 21:50:27.000,8.4
2026-03-20 21:50:37.000,8.4
2026-03-20 21:50:37.000,7.2
2026-03-20 21:50:53.000,7.2
2026-03-20 21:50:53.000,8.4
2026-03-20 21:50:57.000,8.4
2026-03-20 21:50:57.000,7.2
2026-03-20 21:51:07.000,7.2
2026-03-20 21:51:07.000,8.4
2026-03-20 21:51:13.000,8.4
2026-03-20 21:51:13.000,12
2026-03-20 21:51:15.000,12
2026-03-20 21:51:15.000,9.6
2026-03-20 21:51:17.000,9.6
2026-03-20 21:51:17.000,8.4
2026-03-20 21:51:19.000,8.4
2026-03-20 21:51:19.000,7.2
2026-03-20 21:51:23.000,7.2
2026-03-20 21:51:23.000,9.6
2026-03-20 21:51:41.000,9.6
2026-03-20 21:51:41.000,8.4
2026-03-20 21:51:43.000,8.4
2026-03-20 21:51:43.000,7.2
2026-03-20 21:51:47.000,7.2
2026-03-20 21:51:47.000,6
2026-03-20 21:51:49.000,6
2026-03-20 21:51:49.000,8.4
2026-03-20 21:51:51.000,8.4
2026-03-20 21:51:51.000,9.6
2026-03-20 21:51:53.000,9.6
2026-03-20 21:51:53.000,8.4
2026-03-20 21:51:55.000,8.4
2026-03-20 21:51:55.000,7.2
2026-03-20 21:52:05.000,7.2
2026-03-20 21:52:05.000,8.4
2026-03-20 21:52:13.000,8.4
2026-03-20 21:52:13.000,7.2
2026-03-20 21:52:15.000,7.2
2026-03-20 21:52:15.000,9.6
2026-03-20 21:52:17.000,9.6
2026-03-20 21:52:17.000,8.4
2026-03-20 21:52:19.000,8.4
2026-03-20 21:52:19.000,7.2
2026-03-20 21:52:23.000,7.2
2026-03-20 21:52:23.000,6
2026-03-20 21:52:27.000,6
2026-03-20 21:52:27.000,4.8
2026-03-20 21:52:31.000,4.8
2026-03-20 21:52:31.000,6
2026-03-20 21:53:13.000,6
2026-03-20 21:53:13.000,8.4
2026-03-20 21:53:15.000,8.4
2026-03-20 21:53:15.000,9.6
2026-03-20 21:53:21.000,9.6
2026-03-20 21:53:21.000,8.4
2026-03-20 21:53:25.000,8.4
2026-03-20 21:53:25.000,10.8
2026-03-20 21:53:27.000,10.8
2026-03-20 21:53:27.000,8.4
2026-03-20 21:53:33.000,8.4
2026-03-20 21:53:33.000,7.2
2026-03-20 21:53:35.000,7.2
2026-03-20 21:53:35.000,6
2026-03-20 21:53:37.000,6
2026-03-20 21:53:37.000,4.8
2026-03-20 21:53:39.000,4.8
2026-03-20 21:53:39.000,3.6
2026-03-20 21:53:41.000,3.6
2026-03-20 21:53:41.000,4.8
2026-03-20 21:53:43.000,4.8
2026-03-20 21:53:43.000,3.6
2026-03-20 21:53:47.000,3.6
2026-03-20 21:53:47.000,4.8
2026-03-20 21:53:53.000,4.8
2026-03-20 21:53:53.000,6
2026-03-20 21:53:57.000,6
2026-03-20 21:53:57.000,7.2
2026-03-20 21:54:07.000,7.2
2026-03-20 21:54:07.000,8.4
2026-03-20 21:54:13.000,8.4
2026-03-20 21:54:13.000,7.2
2026-03-20 21:54:27.000,7.2
2026-03-20 21:54:27.000,8.4
2026-03-20 21:54:35.000,8.4
2026-03-20 21:54:35.000,7.2
2026-03-20 21:54:47.000,7.2
2026-03-20 21:54:47.000,8.4
2026-03-20 21:54:53.000,8.4
2026-03-20 21:54:53.000,7.2
2026-03-20 21:55:09.000,7.2
2026-03-20 21:55:09.000,8.4
2026-03-20 21:55:11.000,8.4
2026-03-20 21:55:11.000,9.6
2026-03-20 21:55:15.000,9.6
2026-03-20 21:55:15.000,10.8
2026-03-20 21:55:17.000,10.8
2026-03-20 21:55:17.000,9.6
2026-03-20 21:55:19.000,9.6
2026-03-20 21:55:19.000,8.4
2026-03-20 21:55:29.000,8.4
2026-03-20 21:55:29.000,7.2
2026-03-20 21:55:37.000,7.2
2026-03-20 21:55:37.000,6
2026-03-20 21:55:41.000,6
2026-03-20 21:55:41.000,7.2
2026-03-20 21:55:53.000,7.2
2026-03-20 21:55:53.000,8.4
2026-03-20 21:55:55.000,8.4
2026-03-20 21:55:55.000,10.8
2026-03-20 21:56:01.000,10.8
2026-03-20 21:56:01.000,8.4
2026-03-20 21:56:03.000,8.4
2026-03-20 21:56:03.000,7.2
2026-03-20 21:56:13.000,7.2
2026-03-20 21:56:13.000,8.4
2026-03-20 21:56:15.000,8.4
2026-03-20 21:56:15.000,9.6
2026-03-20 21:56:19.000,9.6
2026-03-20 21:56:19.000,10.8
2026-03-20 21:56:21.000,10.8
2026-03-20 21:56:21.000,9.6
2026-03-20 21:56:23.000,9.6
2026-03-20 21:56:23.000,7.2
2026-03-20 21:56:41.000,7.2
2026-03-20 21:56:41.000,8.4
2026-03-20 21:56:47.000,8.4
2026-03-20 21:56:47.000,7.2
2026-03-20 21:56:55.000,7.2
2026-03-20 21:56:55.000,6
2026-03-20 21:57:09.000,6
2026-03-20 21:57:09.000,7.2
2026-03-20 21:57:11.000,7.2
2026-03-20 21:57:11.000,8.4
2026-03-20 21:57:13.000,8.4
2026-03-20 21:57:13.000,10.8
2026-03-20 21:57:15.000,10.8
2026-03-20 21:57:15.000,8.4
2026-03-20 21:57:17.000,8.4
2026-03-20 21:57:17.000,7.2
2026-03-20 21:57:25.000,7.2
2026-03-20 21:57:25.000,6
2026-03-20 21:57:37.000,6
2026-03-20 21:57:37.000,7.2
2026-03-20 21:57:39.000,7.2
2026-03-20 21:57:39.000,9.6
2026-03-20 21:57:45.000,9.6
2026-03-20 21:57:45.000,8.4
2026-03-20 21:57:53.000,8.4
2026-03-20 21:57:53.000,7.2
2026-03-20 21:58:07.000,7.2
2026-03-20 21:58:07.000,8.4
2026-03-20 21:58:09.000,8.4
2026-03-20 21:58:09.000,9.6
2026-03-20 21:58:13.000,9.6
2026-03-20 21:58:13.000,10.8
2026-03-20 21:58:19.000,10.8
2026-03-20 21:58:19.000,9.6
2026-03-20 21:58:23.000,9.6
2026-03-20 21:58:23.000,12
2026-03-20 21:58:25.000,12
2026-03-20 21:58:25.000,13.2
2026-03-20 21:58:27.000,13.2
2026-03-20 21:58:27.000,14.4
2026-03-20 21:58:29.000,14.4
2026-03-20 21:58:29.000,16.8
2026-03-20 21:58:37.000,16.8
2026-03-20 21:58:37.000,18
2026-03-20 21:58:39.000,18
2026-03-20 21:58:39.000,19.2
2026-03-20 21:58:43.000,19.2
2026-03-20 21:58:43.000,20.4
2026-03-20 21:58:47.000,20.4
2026-03-20 21:58:47.000,19.2
2026-03-20 21:58:49.000,19.2
2026-03-20 21:58:49.000,18
2026-03-20 21:58:51.000,18
2026-03-20 21:58:51.000,15.6
2026-03-20 21:58:53.000,15.6
2026-03-20 21:58:53.000,14.4
2026-03-20 21:58:57.000,14.4
2026-03-20 21:58:57.000,13.2
2026-03-20 21:58:59.000,13.2
2026-03-20 21:58:59.000,12
2026-03-20 21:59:03.000,12
2026-03-20 21:59:03.000,10.8
2026-03-20 21:59:05.000,10.8
2026-03-20 21:59:05.000,9.6
2026-03-20 21:59:07.000,9.6
2026-03-20 21:59:07.000,8.4
2026-03-20 21:59:21.000,8.4
2026-03-20 21:59:21.000,9.6
2026-03-20 21:59:25.000,9.6
2026-03-20 21:59:25.000,10.8
2026-03-20 21:59:27.000,10.8
2026-03-20 21:59:27.000,9.6
2026-03-20 21:59:31.000,9.6
2026-03-20 21:59:31.000,7.2
2026-03-20 21:59:39.000,7.2
2026-03-20 21:59:39.000,8.4
2026-03-20 21:59:47.000,8.4
2026-03-20 21:59:47.000,9.6
2026-03-20 22:00:05.000,9.6
2026-03-20 22:00:05.000,10.8
2026-03-20 22:00:13.000,10.8
2026-03-20 22:00:13.000,12
2026-03-20 22:00:21.000,12
2026-03-20 22:00:21.000,13.2
2026-03-20 22:00:43.000,13.2
2026-03-20 22:00:43.000,14.4
2026-03-20 22:01:09.000,14.4
2026-03-20 22:01:09.000,13.2
2026-03-20 22:01:11.000,13.2
2026-03-20 22:01:11.000,12
2026-03-20 22:01:13.000,12
2026-03-20 22:01:13.000,10.8
2026-03-20 22:01:17.000,10.8
2026-03-20 22:01:17.000,9.6
2026-03-20 22:01:21.000,9.6
2026-03-20 22:01:21.000,8.4
2026-03-20 22:01:37.000,8.4
2026-03-20 22:01:37.000,9.6
2026-03-20 22:01:39.000,9.6
2026-03-20 22:01:39.000,10.8
2026-03-20 22:01:41.000,10.8
2026-03-20 22:01:41.000,9.6
2026-03-20 22:01:47.000,9.6
2026-03-20 22:01:47.000,8.4
2026-03-20 22:01:53.000,8.4
2026-03-20 22:01:53.000,9.6
2026-03-20 22:01:55.000,9.6
2026-03-20 22:01:55.000,7.2
2026-03-20 22:01:57.000,7.2
2026-03-20 22:01:57.000,6
2026-03-20 22:01:59.000,6
2026-03-20 22:01:59.000,3.6
2026-03-20 22:02:01.000,3.6
2026-03-20 22:02:01.000,7.2
2026-03-20 22:02:03.000,7.2
2026-03-20 22:02:03.000,10.8
2026-03-20 22:02:05.000,10.8
2026-03-20 22:02:05.000,4.8
2026-03-20 22:02:07.000,4.8
2026-03-20 22:02:07.000,8.4
2026-03-20 22:02:09.000,8.4
2026-03-20 22:02:09.000,9.6
2026-03-20 22:02:11.000,9.6
2026-03-20 22:02:11.000,10.8
2026-03-20 22:02:13.000,10.8
2026-03-20 22:02:13.000,4.8
2026-03-20 22:02:15.000,4.8
2026-03-20 22:02:15.000,8.4
2026-03-20 22:02:17.000,8.4
2026-03-20 22:02:17.000,9.6
2026-03-20 22:02:19.000,9.6
2026-03-20 22:02:19.000,4.8
2026-03-20 22:02:21.000,4.8
2026-03-20 22:02:21.000,6
2026-03-20 22:02:25.000,6
2026-03-20 22:02:25.000,7.2
2026-03-20 22:02:27.000,7.2
2026-03-20 22:02:27.000,4.8
2026-03-20 22:02:29.000,4.8
2026-03-20 22:02:29.000,6
2026-03-20 22:02:31.000,6
2026-03-20 22:02:31.000,7.2
2026-03-20 22:02:37.000,7.2
2026-03-20 22:02:37.000,8.4
2026-03-20 22:02:39.000,8.4
2026-03-20 22:02:39.000,9.6
2026-03-20 22:02:41.000,9.6
2026-03-20 22:02:41.000,8.4
2026-03-20 22:02:45.000,8.4
2026-03-20 22:02:45.000,7.2
2026-03-20 22:03:03.000,7.2
2026-03-20 22:03:03.000,8.4
2026-03-20 22:03:05.000,8.4
2026-03-20 22:03:05.000,9.6
2026-03-20 22:03:09.000,9.6
2026-03-20 22:03:09.000,10.8
2026-03-20 22:03:11.000,10.8
2026-03-20 22:03:11.000,9.6
2026-03-20 22:03:13.000,9.6
2026-03-20 22:03:13.000,8.4
2026-03-20 22:03:15.000,8.4
2026-03-20 22:03:15.000,7.2
2026-03-20 22:03:33.000,7.2
2026-03-20 22:03:33.000,8.4
2026-03-20 22:03:39.000,8.4
2026-03-20 22:03:39.000,9.6
2026-03-20 22:03:51.000,9.6
2026-03-20 22:03:51.000,10.8
2026-03-20 22:03:55.000,10.8
2026-03-20 22:03:55.000,9.6
2026-03-20 22:03:59.000,9.6
2026-03-20 22:03:59.000,8.4
2026-03-20 22:04:17.000,8.4
2026-03-20 22:04:17.000,13.2
2026-03-20 22:04:19.000,13.2
2026-03-20 22:04:19.000,10.8
2026-03-20 22:04:21.000,10.8
2026-03-20 22:04:21.000,14.4
2026-03-20 22:04:23.000,14.4
2026-03-20 22:04:23.000,10.8
2026-03-20 22:04:25.000,10.8
2026-03-20 22:04:25.000,9.6
2026-03-20 22:04:27.000,9.6
2026-03-20 22:04:27.000,8.4
2026-03-20 22:04:31.000,8.4
2026-03-20 22:04:31.000,7.2
2026-03-20 22:04:37.000,7.2
2026-03-20 22:04:37.000,8.4
2026-03-20 22:04:47.000,8.4
2026-03-20 22:04:47.000,9.6
2026-03-20 22:04:49.000,9.6
2026-03-20 22:04:49.000,8.4
2026-03-20 22:04:51.000,8.4
2026-03-20 22:04:51.000,13.2
2026-03-20 22:04:53.000,13.2
2026-03-20 22:04:53.000,10.8
2026-03-20 22:04:57.000,10.8
2026-03-20 22:04:57.000,7.2
2026-03-20 22:05:07.000,7.2
2026-03-20 22:05:07.000,8.4
2026-03-20 22:05:17.000,8.4
2026-03-20 22:05:17.000,9.6
2026-03-20 22:05:51.000,9.6
2026-03-20 22:05:51.000,8.4
2026-03-20 22:05:53.000,8.4
2026-03-20 22:05:53.000,9.6
2026-03-20 22:06:01.000,9.6
2026-03-20 22:06:01.000,10.8
2026-03-20 22:06:03.000,10.8
2026-03-20 22:06:03.000,12
2026-03-20 22:06:13.000,12
2026-03-20 22:06:13.000,10.8
2026-03-20 22:06:15.000,10.8
2026-03-20 22:06:15.000,9.6
2026-03-20 22:06:33.000,9.6
2026-03-20 22:06:33.000,10.8
2026-03-20 22:06:43.000,10.8
2026-03-20 22:06:43.000,9.6
2026-03-20 22:07:07.000,9.6
2026-03-20 22:07:07.000,10.8
2026-03-20 22:07:15.000,10.8
2026-03-20 22:07:15.000,9.6
2026-03-20 22:07:19.000,9.6
2026-03-20 22:07:19.000,10.8
2026-03-20 22:07:23.000,10.8
2026-03-20 22:07:23.000,9.6
2026-03-20 22:07:45.000,9.6
2026-03-20 22:07:45.000,10.8
2026-03-20 22:07:55.000,10.8
2026-03-20 22:07:55.000,9.6
2026-03-20 22:07:57.000,9.6
2026-03-20 22:07:57.000,8.4
2026-03-20 22:08:05.000,8.4
2026-03-20 22:08:05.000,9.6
2026-03-20 22:08:15.000,9.6
2026-03-20 22:08:15.000,10.8
2026-03-20 22:08:19.000,10.8
2026-03-20 22:08:19.000,12
2026-03-20 22:08:25.000,12
2026-03-20 22:08:25.000,13.2
2026-03-20 22:08:31.000,13.2
2026-03-20 22:08:31.000,14.4
2026-03-20 22:08:37.000,14.4
2026-03-20 22:08:37.000,15.6
2026-03-20 22:08:49.000,15.6
2026-03-20 22:08:49.000,16.8
2026-03-20 22:08:55.000,16.8
2026-03-20 22:08:55.000,15.6
2026-03-20 22:08:59.000,15.6
2026-03-20 22:08:59.000,16.8
2026-03-20 22:09:13.000,16.8
2026-03-20 22:09:13.000,18
2026-03-20 22:09:21.000,18
2026-03-20 22:09:21.000,16.8
2026-03-20 22:09:33.000,16.8
2026-03-20 22:09:33.000,18
2026-03-20 22:09:35.000,18
2026-03-20 22:09:35.000,16.8
2026-03-20 22:09:37.000,16.8
2026-03-20 22:09:37.000,18
2026-03-20 22:09:49.000,18
2026-03-20 22:09:49.000,19.2
2026-03-20 22:09:51.000,19.2
2026-03-20 22:09:51.000,18
2026-03-20 22:10:01.000,18
2026-03-20 22:10:01.000,19.2
2026-03-20 22:10:03.000,19.2
2026-03-20 22:10:03.000,18
2026-03-20 22:10:19.000,18
2026-03-20 22:10:19.000,19.2
2026-03-20 22:10:57.000,19.2
2026-03-20 22:10:57.000,20.4
2026-03-20 22:11:05.000,20.4
2026-03-20 22:11:05.000,19.2
2026-03-20 22:11:21.000,19.2
2026-03-20 22:11:21.000,20.4
2026-03-20 22:11:37.000,20.4
2026-03-20 22:11:37.000,19.2
2026-03-20 22:11:45.000,19.2
2026-03-20 22:11:45.000,20.4
2026-03-20 22:11:55.000,20.4
2026-03-20 22:11:55.000,21.6
2026-03-20 22:12:13.000,21.6
2026-03-20 22:12:13.000,22.8
2026-03-20 22:12:45.000,22.8
2026-03-20 22:12:45.000,24
2026-03-20 22:13:03.000,24
2026-03-20 22:13:03.000,25.2
2026-03-20 22:13:09.000,25.2
2026-03-20 22:13:09.000,26.4
2026-03-20 22:13:11.000,26.4
2026-03-20 22:13:11.000,28.8
2026-03-20 22:13:15.000,28.8
2026-03-20 22:13:15.000,32.4
2026-03-20 22:13:17.000,32.4
2026-03-20 22:13:17.000,31.2
2026-03-20 22:13:19.000,31.2
2026-03-20 22:13:19.000,32.4
2026-03-20 22:13:23.000,32.4
2026-03-20 22:13:23.000,33.6
2026-03-20 22:13:31.000,33.6
2026-03-20 22:13:31.000,34.8
2026-03-20 22:13:37.000,34.8
2026-03-20 22:13:37.000,36
2026-03-20 22:14:43.000,36
2026-03-20 22:14:43.000,37.2
2026-03-20 22:15:05.000,37.2
2026-03-20 22:15:05.000,36
2026-03-20 22:15:11.000,36
2026-03-20 22:15:11.000,37.2
2026-03-20 22:15:29.000,37.2
2026-03-20 22:15:29.000,36
2026-03-20 22:15:37.000,36
2026-03-20 22:15:37.000,37.2
2026-03-20 22:15:57.000,37.2
2026-03-20 22:15:57.000,38.4
2026-03-20 22:16:27.000,38.4
2026-03-20 22:16:27.000,39.6
2026-03-20 22:17:07.000,39.6
2026-03-20 22:17:07.000,40.8
2026-03-20 22:17:15.000,40.8
2026-03-20 22:17:15.000,39.6
2026-03-20 22:17:17.000,39.6
2026-03-20 22:17:17.000,40.8
2026-03-20 22:17:19.000,40.8
2026-03-20 22:17:19.000,39.6
2026-03-20 22:17:23.000,39.6
2026-03-20 22:17:23.000,40.8
2026-03-20 22:17:25.000,40.8
2026-03-20 22:17:25.000,39.6
2026-03-20 22:17:27.000,39.6
2026-03-20 22:17:27.000,40.8
2026-03-20 22:19:29.000,40.8
2026-03-20 22:19:29.000,42
2026-03-20 22:19:31.000,42
2026-03-20 22:19:31.000,40.8
2026-03-20 22:19:45.000,40.8
2026-03-20 22:19:45.000,42
2026-03-20 22:19:53.000,42
2026-03-20 22:19:53.000,43.2
2026-03-20 22:20:03.000,43.2
2026-03-20 22:20:03.000,42
2026-03-20 22:20:05.000,42
2026-03-20 22:20:05.000,43.2
2026-03-20 22:20:07.000,43.2
2026-03-20 22:20:07.000,42
2026-03-20 22:20:09.000,42
2026-03-20 22:20:09.000,43.2
2026-03-20 22:20:11.000,43.2
2026-03-20 22:20:11.000,42
2026-03-20 22:20:17.000,42
2026-03-20 22:20:17.000,43.2
2026-03-20 22:21:33.000,43.2
2026-03-20 22:21:33.000,44.4
2026-03-20 22:21:35.000,44.4
2026-03-20 22:21:35.000,43.2
2026-03-20 22:21:53.000,43.2
2026-03-20 22:21:53.000,44.4
2026-03-20 22:21:55.000,44.4
2026-03-20 22:21:55.000,43.2
2026-03-20 22:22:43.000,43.2
2026-03-20 22:22:43.000,44.4
2026-03-20 22:25:19.000,44.4
2026-03-20 22:25:19.000,45.6
2026-03-20 22:25:43.000,45.6
2026-03-20 22:25:43.000,44.4
2026-03-20 22:25:45.000,44.4
2026-03-20 22:25:45.000,45.6
2026-03-20 22:25:55.000,45.6
2026-03-20 22:25:55.000,44.4
2026-03-20 22:25:57.000,44.4
2026-03-20 22:25:57.000,45.6
2026-03-20 22:26:45.000,45.6
2026-03-20 22:26:45.000,46.8
2026-03-20 22:26:51.000,46.8
2026-03-20 22:26:51.000,45.6
2026-03-20 22:28:35.000,45.6
2026-03-20 22:28:35.000,46.8
2026-03-20 22:28:37.000,46.8
2026-03-20 22:28:37.000,45.6
2026-03-20 22:28:43.000,45.6
2026-03-20 22:28:43.000,46.8
2026-03-20 22:28:45.000,46.8
2026-03-20 22:28:45.000,45.6
2026-03-20 22:28:49.000,45.6
2026-03-20 22:28:49.000,46.8
2026-03-20 22:29:01.000,46.8
2026-03-20 22:29:01.000,45.6
2026-03-20 22:29:33.000,45.6
2026-03-20 22:29:33.000,46.8
2026-03-20 22:29:39.000,46.8
2026-03-20 22:29:39.000,45.6
2026-03-20 22:29:47.000,45.6
2026-03-20 22:29:47.000,46.8
2026-03-20 22:31:33.000,46.8
2026-03-20 22:31:33.000,45.6
2026-03-20 22:31:49.000,45.6
2026-03-20 22:31:49.000,46.8
2026-03-20 22:31:53.000,46.8
2026-03-20 22:31:53.000,45.6
2026-03-20 22:31:55.000,45.6
2026-03-20 22:31:55.000,46.8
2026-03-20 22:32:07.000,46.8
2026-03-20 22:32:07.000,45.6
2026-03-20 22:33:55.000,45.6
2026-03-20 22:33:55.000,46.8
2026-03-20 22:33:57.000,46.8
2026-03-20 22:33:57.000,45.6
2026-03-20 22:34:07.000,45.6
2026-03-20 22:34:07.000,44.4
2026-03-20 22:34:09.000,44.4
2026-03-20 22:34:09.000,45.6
2026-03-20 22:34:11.000,45.6
2026-03-20 22:34:11.000,44.4
2026-03-20 22:34:23.000,44.4
2026-03-20 22:34:23.000,43.2
2026-03-20 22:34:35.000,43.2
2026-03-20 22:34:35.000,44.4
2026-03-20 22:34:37.000,44.4
2026-03-20 22:34:37.000,43.2
2026-03-20 22:34:39.000,43.2
2026-03-20 22:34:39.000,44.4
2026-03-20 22:34:41.000,44.4
2026-03-20 22:34:41.000,43.2
2026-03-20 22:34:55.000,43.2
2026-03-20 22:34:55.000,44.4
2026-03-20 22:35:33.000,44.4
2026-03-20 22:35:33.000,43.2
2026-03-20 22:35:39.000,43.2
2026-03-20 22:35:39.000,44.4
2026-03-20 22:35:51.000,44.4
2026-03-20 22:35:51.000,43.2
2026-03-20 22:35:59.000,43.2
2026-03-20 22:35:59.000,44.4
2026-03-20 22:36:27.000,44.4
2026-03-20 22:36:27.000,43.2
2026-03-20 22:36:31.000,43.2
2026-03-20 22:36:31.000,44.4
2026-03-20 22:36:33.000,44.4
2026-03-20 22:36:33.000,43.2
2026-03-20 22:36:37.000,43.2
2026-03-20 22:36:37.000,44.4
2026-03-20 22:37:45.000,44.4
2026-03-20 22:37:45.000,45.6
2026-03-20 22:38:23.000,45.6
2026-03-20 22:38:23.000,44.4
2026-03-20 22:38:25.000,44.4
2026-03-20 22:38:25.000,45.6
2026-03-20 22:38:57.000,45.6
2026-03-20 22:38:57.000,46.8
2026-03-20 22:38:59.000,46.8
2026-03-20 22:38:59.000,45.6
2026-03-20 22:40:19.000,45.6
2026-03-20 22:40:19.000,46.8
2026-03-20 22:40:39.000,46.8
2026-03-20 22:40:39.000,48
2026-03-20 22:40:57.000,48
2026-03-20 22:40:57.000,46.8
2026-03-20 22:40:59.000,46.8
2026-03-20 22:40:59.000,48
2026-03-20 22:41:03.000,48
2026-03-20 22:41:03.000,46.8
2026-03-20 22:41:05.000,46.8
2026-03-20 22:41:05.000,48
2026-03-20 22:41:19.000,48
2026-03-20 22:41:19.000,46.8
2026-03-20 22:41:47.000,46.8
2026-03-20 22:41:47.000,48
2026-03-20 22:42:07.000,48
2026-03-20 22:42:07.000,46.8
2026-03-20 22:42:31.000,46.8
2026-03-20 22:42:31.000,48
2026-03-20 22:45:15.000,48
2026-03-20 22:45:15.000,49.2
2026-03-20 22:45:17.000,49.2
2026-03-20 22:45:17.000,48
2026-03-20 22:45:19.000,48
2026-03-20 22:45:19.000,49.2
2026-03-20 22:45:23.000,49.2
2026-03-20 22:45:23.000,48
2026-03-20 22:47:17.000,48
2026-03-20 22:47:17.000,49.2
2026-03-20 22:47:19.000,49.2
2026-03-20 22:47:19.000,48
2026-03-20 22:47:21.000,48
2026-03-20 22:47:21.000,49.2
2026-03-20 22:47:23.000,49.2
2026-03-20 22:47:23.000,48
2026-03-20 22:47:33.000,48
2026-03-20 22:47:33.000,49.2
2026-03-20 22:47:51.000,49.2
2026-03-20 22:47:51.000,48
2026-03-20 22:48:15.000,48
2026-03-20 22:48:15.000,49.2
2026-03-20 22:48:21.000,49.2
2026-03-20 22:48:21.000,48
2026-03-20 22:48:57.000,48
2026-03-20 22:48:57.000,49.2
2026-03-20 22:49:01.000,49.2
2026-03-20 22:49:01.000,48
2026-03-20 22:49:05.000,48
2026-03-20 22:49:05.000,49.2
2026-03-20 22:49:07.000,49.2
2026-03-20 22:49:07.000,48
2026-03-20 22:49:15.000,48
2026-03-20 22:49:15.000,49.2
2026-03-20 22:49:19.000,49.2
2026-03-20 22:49:19.000,48
2026-03-20 22:49:31.000,48
2026-03-20 22:49:31.000,49.2
2026-03-20 22:49:33.000,49.2
2026-03-20 22:49:33.000,48
2026-03-20 22:49:35.000,48
2026-03-20 22:49:35.000,49.2
2026-03-20 22:49:39.000,49.2
2026-03-20 22:49:39.000,48
2026-03-20 22:49:47.000,48
2026-03-20 22:49:47.000,49.2
2026-03-20 22:49:51.000,49.2
2026-03-20 22:49:51.000,48
2026-03-20 22:50:23.000,48
2026-03-20 22:50:23.000,49.2
2026-03-20 22:50:27.000,49.2
2026-03-20 22:50:27.000,48
2026-03-20 22:50:55.000,48
2026-03-20 22:50:55.000,43.2
2026-03-20 22:50:57.000,43.2
2026-03-20 22:50:57.000,22.8
2026-03-20 22:50:59.000,22.8
2026-03-20 22:50:59.000,10.8
2026-03-20 22:51:01.000,10.8
2026-03-20 22:51:01.000,28.8
2026-03-20 22:51:03.000,28.8
2026-03-20 22:51:03.000,6
2026-03-20 22:51:05.000,6
2026-03-20 22:51:05.000,10.8
2026-03-20 22:51:09.000,10.8
2026-03-20 22:51:09.000,9.6
2026-03-20 22:51:11.000,9.6
2026-03-20 22:51:11.000,10.8
2026-03-20 22:51:17.000,10.8
2026-03-20 22:51:17.000,9.6
2026-03-20 22:51:23.000,9.6
2026-03-20 22:51:23.000,10.8
2026-03-20 22:51:51.000,10.8
2026-03-20 22:51:51.000,9.6
2026-03-20 22:51:55.000,9.6
2026-03-20 22:51:55.000,10.8
2026-03-20 22:51:57.000,10.8
2026-03-20 22:51:57.000,9.6
2026-03-20 22:52:01.000,9.6
2026-03-20 22:52:01.000,10.8
2026-03-20 22:52:15.000,10.8
2026-03-20 22:52:15.000,12
2026-03-20 22:52:17.000,12
2026-03-20 22:52:17.000,10.8
2026-03-20 22:52:21.000,10.8
2026-03-20 22:52:21.000,12
2026-03-20 22:52:23.000,12
2026-03-20 22:52:23.000,9.6
2026-03-20 22:52:43.000,9.6
2026-03-20 22:52:43.000,10.8
2026-03-20 22:53:03.000,10.8
2026-03-20 22:53:03.000,9.6
2026-03-20 22:53:19.000,9.6
2026-03-20 22:53:19.000,10.8
2026-03-20 22:53:33.000,10.8
2026-03-20 22:53:33.000,9.6
2026-03-20 22:54:13.000,9.6
2026-03-20 22:54:13.000,10.8
2026-03-20 22:54:17.000,10.8
2026-03-20 22:54:17.000,9.6
2026-03-20 22:55:05.000,9.6
2026-03-20 22:55:05.000,10.8
2026-03-20 22:55:13.000,10.8
2026-03-20 22:55:13.000,9.6
2026-03-20 22:55:53.000,9.6
2026-03-20 22:55:53.000,10.8
2026-03-20 22:55:55.000,10.8
2026-03-20 22:55:55.000,9.6
2026-03-20 22:56:13.000,9.6
2026-03-20 22:56:13.000,10.8
2026-03-20 22:56:15.000,10.8
2026-03-20 22:56:15.000,9.6
2026-03-20 22:56:17.000,9.6
2026-03-20 22:56:17.000,10.8
2026-03-20 22:56:19.000,10.8
2026-03-20 22:56:19.000,9.6
2026-03-20 22:59:09.000,9.6
2026-03-20 22:59:09.000,10.8
2026-03-20 22:59:11.000,10.8
2026-03-20 22:59:11.000,9.6
2026-03-20 23:00:29.000,9.6
2026-03-20 23:00:29.000,10.8
2026-03-20 23:00:31.000,10.8
2026-03-20 23:00:31.000,9.6
2026-03-20 23:00:33.000,9.6
2026-03-20 23:00:33.000,10.8
2026-03-20 23:00:35.000,10.8
2026-03-20 23:00:35.000,9.6
2026-03-20 23:02:05.000,9.6
2026-03-20 23:02:05.000,13.2
2026-03-20 23:02:07.000,13.2
2026-03-20 23:02:07.000,12
2026-03-20 23:02:09.000,12
2026-03-20 23:02:09.000,10.8
2026-03-20 23:02:13.000,10.8
2026-03-20 23:02:13.000,13.2
2026-03-20 23:02:15.000,13.2
2026-03-20 23:02:15.000,4.8
2026-03-20 23:02:17.000,4.8
2026-03-20 23:02:17.000,7.2
2026-03-20 23:02:19.000,7.2
2026-03-20 23:02:19.000,6
2026-03-20 23:02:21.000,6
2026-03-20 23:02:21.000,7.2
2026-03-20 23:02:31.000,7.2
2026-03-20 23:02:31.000,8.4
2026-03-20 23:02:37.000,8.4
2026-03-20 23:02:37.000,9.6
2026-03-20 23:02:41.000,9.6
2026-03-20 23:02:41.000,10.8
2026-03-20 23:02:49.000,10.8
2026-03-20 23:02:49.000,9.6
2026-03-20 23:03:19.000,9.6
2026-03-20 23:03:19.000,10.8
2026-03-20 23:03:29.000,10.8
2026-03-20 23:03:29.000,9.6
2026-03-20 23:03:43.000,9.6
2026-03-20 23:03:43.000,8.4
2026-03-20 23:03:47.000,8.4
2026-03-20 23:03:47.000,9.6
2026-03-20 23:04:15.000,9.6
2026-03-20 23:04:15.000,10.8
2026-03-20 23:04:21.000,10.8
2026-03-20 23:04:21.000,9.6
2026-03-20 23:04:23.000,9.6
2026-03-20 23:04:23.000,10.8
2026-03-20 23:04:27.000,10.8
2026-03-20 23:04:27.000,12
2026-03-20 23:04:29.000,12
2026-03-20 23:04:29.000,13.2
2026-03-20 23:04:31.000,13.2
2026-03-20 23:04:31.000,14.4
2026-03-20 23:04:33.000,14.4
2026-03-20 23:04:33.000,15.6
2026-03-20 23:04:35.000,15.6
2026-03-20 23:04:35.000,18
2026-03-20 23:04:37.000,18
2026-03-20 23:04:37.000,21.6
2026-03-20 23:04:39.000,21.6
2026-03-20 23:04:39.000,22.8
2026-03-20 23:04:41.000,22.8
2026-03-20 23:04:41.000,24
2026-03-20 23:04:43.000,24
2026-03-20 23:04:43.000,26.4
2026-03-20 23:04:47.000,26.4
2026-03-20 23:04:47.000,27.6
2026-03-20 23:04:51.000,27.6
2026-03-20 23:04:51.000,28.8
2026-03-20 23:04:53.000,28.8
2026-03-20 23:04:53.000,27.6
2026-03-20 23:04:55.000,27.6
2026-03-20 23:04:55.000,28.8
2026-03-20 23:04:59.000,28.8
2026-03-20 23:04:59.000,27.6
2026-03-20 23:05:15.000,27.6
2026-03-20 23:05:15.000,30
2026-03-20 23:05:17.000,30
2026-03-20 23:05:17.000,27.6
2026-03-20 23:05:19.000,27.6
2026-03-20 23:05:19.000,26.4
2026-03-20 23:05:21.000,26.4
2026-03-20 23:05:21.000,25.2
2026-03-20 23:05:23.000,25.2
2026-03-20 23:05:23.000,22.8
2026-03-20 23:05:25.000,22.8
2026-03-20 23:05:25.000,24
2026-03-20 23:05:27.000,24
2026-03-20 23:05:27.000,21.6
2026-03-20 23:05:31.000,21.6
2026-03-20 23:05:31.000,20.4
2026-03-20 23:05:41.000,20.4
2026-03-20 23:05:41.000,19.2
2026-03-20 23:05:43.000,19.2
2026-03-20 23:05:43.000,18
2026-03-20 23:05:45.000,18
2026-03-20 23:05:45.000,15.6
2026-03-20 23:05:47.000,15.6
2026-03-20 23:05:47.000,12
2026-03-20 23:05:49.000,12
2026-03-20 23:05:49.000,13.2
2026-03-20 23:05:51.000,13.2
2026-03-20 23:05:51.000,14.4
2026-03-20 23:05:53.000,14.4
2026-03-20 23:05:53.000,16.8
2026-03-20 23:05:55.000,16.8
2026-03-20 23:05:55.000,18
2026-03-20 23:05:57.000,18
2026-03-20 23:05:57.000,20.4
2026-03-20 23:06:05.000,20.4
2026-03-20 23:06:05.000,19.2
2026-03-20 23:06:07.000,19.2
2026-03-20 23:06:07.000,18
2026-03-20 23:06:09.000,18
2026-03-20 23:06:09.000,16.8
2026-03-20 23:06:11.000,16.8
2026-03-20 23:06:11.000,14.4
2026-03-20 23:06:13.000,14.4
2026-03-20 23:06:13.000,13.2
2026-03-20 23:06:15.000,13.2
2026-03-20 23:06:15.000,12
2026-03-20 23:06:23.000,12
2026-03-20 23:06:23.000,10.8
2026-03-20 23:06:29.000,10.8
2026-03-20 23:06:29.000,9.6
2026-03-20 23:07:17.000,9.6
2026-03-20 23:07:17.000,8.4
2026-03-20 23:07:21.000,8.4
2026-03-20 23:07:21.000,9.6
2026-03-20 23:07:53.000,9.6
2026-03-20 23:07:53.000,8.4
2026-03-20 23:08:05.000,8.4
2026-03-20 23:08:05.000,9.6
2026-03-20 23:08:15.000,9.6
2026-03-20 23:08:15.000,10.8
2026-03-20 23:08:17.000,10.8
2026-03-20 23:08:17.000,9.6
2026-03-20 23:08:25.000,9.6
2026-03-20 23:08:25.000,10.8
2026-03-20 23:08:29.000,10.8
2026-03-20 23:08:29.000,12
2026-03-20 23:08:33.000,12
2026-03-20 23:08:33.000,14.4
2026-03-20 23:08:35.000,14.4
2026-03-20 23:08:35.000,15.6
2026-03-20 23:08:37.000,15.6
2026-03-20 23:08:37.000,16.8
2026-03-20 23:08:41.000,16.8
2026-03-20 23:08:41.000,18
2026-03-20 23:08:45.000,18
2026-03-20 23:08:45.000,19.2
2026-03-20 23:09:19.000,19.2
2026-03-20 23:09:19.000,18
2026-03-20 23:09:23.000,18
2026-03-20 23:09:23.000,16.8
2026-03-20 23:09:29.000,16.8
2026-03-20 23:09:29.000,18
2026-03-20 23:09:33.000,18
2026-03-20 23:09:33.000,16.8
2026-03-20 23:09:37.000,16.8
2026-03-20 23:09:37.000,18
2026-03-20 23:09:55.000,18
2026-03-20 23:09:55.000,19.2
2026-03-20 23:10:13.000,19.2
2026-03-20 23:10:13.000,18
2026-03-20 23:10:29.000,18
2026-03-20 23:10:29.000,19.2
2026-03-20 23:10:37.000,19.2
2026-03-20 23:10:37.000,18
2026-03-20 23:11:33.000,18
2026-03-20 23:11:33.000,19.2
2026-03-20 23:11:39.000,19.2
2026-03-20 23:11:39.000,20.4
2026-03-20 23:11:41.000,20.4
2026-03-20 23:11:41.000,19.2
2026-03-20 23:12:03.000,19.2
2026-03-20 23:12:03.000,18
2026-03-20 23:12:09.000,18
2026-03-20 23:12:09.000,15.6
2026-03-20 23:12:31.000,15.6
2026-03-20 23:12:31.000,16.8
2026-03-20 23:12:47.000,16.8
2026-03-20 23:12:47.000,15.6
2026-03-20 23:12:49.000,15.6
2026-03-20 23:12:49.000,12
2026-03-20 23:12:51.000,12
2026-03-20 23:12:51.000,13.2
2026-03-20 23:12:53.000,13.2
2026-03-20 23:12:53.000,12
2026-03-20 23:12:55.000,12
2026-03-20 23:12:55.000,10.8
2026-03-20 23:13:01.000,10.8
2026-03-20 23:13:01.000,9.6
2026-03-20 23:13:13.000,9.6
2026-03-20 23:13:13.000,12
2026-03-20 23:13:15.000,12
2026-03-20 23:13:15.000,18
2026-03-20 23:13:17.000,18
2026-03-20 23:13:17.000,26.4
2026-03-20 23:13:19.000,26.4
2026-03-20 23:13:19.000,25.2
2026-03-20 23:13:21.000,25.2
2026-03-20 23:13:21.000,32.4
2026-03-20 23:13:23.000,32.4
2026-03-20 23:13:23.000,28.8
2026-03-20 23:13:25.000,28.8
2026-03-20 23:13:25.000,32.4
2026-03-20 23:13:27.000,32.4
2026-03-20 23:13:27.000,30
2026-03-20 23:13:31.000,30
2026-03-20 23:13:31.000,26.4
2026-03-20 23:13:33.000,26.4
2026-03-20 23:13:33.000,27.6
2026-03-20 23:13:35.000,27.6
2026-03-20 23:13:35.000,28.8
2026-03-20 23:13:37.000,28.8
2026-03-20 23:13:37.000,30
2026-03-20 23:13:39.000,30
2026-03-20 23:13:39.000,31.2
2026-03-20 23:13:41.000,31.2
2026-03-20 23:13:41.000,30
2026-03-20 23:13:43.000,30
2026-03-20 23:13:43.000,25.2
2026-03-20 23:13:45.000,25.2
2026-03-20 23:13:45.000,21.6
2026-03-20 23:13:49.000,21.6
2026-03-20 23:13:49.000,25.2
2026-03-20 23:13:53.000,25.2
2026-03-20 23:13:53.000,27.6
2026-03-20 23:13:55.000,27.6
2026-03-20 23:13:55.000,28.8
2026-03-20 23:13:57.000,28.8
2026-03-20 23:13:57.000,30
2026-03-20 23:13:59.000,30
2026-03-20 23:13:59.000,31.2
2026-03-20 23:14:07.000,31.2
2026-03-20 23:14:07.000,32.4
2026-03-20 23:14:09.000,32.4
2026-03-20 23:14:09.000,30
2026-03-20 23:14:11.000,30
2026-03-20 23:14:11.000,28.8
2026-03-20 23:14:13.000,28.8
2026-03-20 23:14:13.000,24
2026-03-20 23:14:15.000,24
2026-03-20 23:14:15.000,27.6
2026-03-20 23:14:17.000,27.6
2026-03-20 23:14:17.000,26.4
2026-03-20 23:14:19.000,26.4
2026-03-20 23:14:19.000,28.8
2026-03-20 23:14:23.000,28.8
2026-03-20 23:14:23.000,31.2
2026-03-20 23:14:25.000,31.2
2026-03-20 23:14:25.000,28.8
2026-03-20 23:14:27.000,28.8
2026-03-20 23:14:27.000,24
2026-03-20 23:14:29.000,24
2026-03-20 23:14:29.000,18
2026-03-20 23:14:31.000,18
2026-03-20 23:14:31.000,15.6
2026-03-20 23:14:33.000,15.6
2026-03-20 23:14:33.000,16.8
2026-03-20 23:14:35.000,16.8
2026-03-20 23:14:35.000,20.4
2026-03-20 23:14:39.000,20.4
2026-03-20 23:14:39.000,21.6
2026-03-20 23:14:41.000,21.6
2026-03-20 23:14:41.000,22.8
2026-03-20 23:14:47.000,22.8
2026-03-20 23:14:47.000,24
2026-03-20 23:14:57.000,24
2026-03-20 23:14:57.000,25.2
2026-03-20 23:14:59.000,25.2
2026-03-20 23:14:59.000,24
2026-03-20 23:15:03.000,24
2026-03-20 23:15:03.000,25.2
2026-03-20 23:15:21.000,25.2
2026-03-20 23:15:21.000,26.4
2026-03-20 23:15:29.000,26.4
2026-03-20 23:15:29.000,27.6
2026-03-20 23:15:33.000,27.6
2026-03-20 23:15:33.000,26.4
2026-03-20 23:15:39.000,26.4
2026-03-20 23:15:39.000,27.6
2026-03-20 23:15:53.000,27.6
2026-03-20 23:15:53.000,28.8
2026-03-20 23:16:07.000,28.8
2026-03-20 23:16:07.000,30
2026-03-20 23:16:15.000,30
2026-03-20 23:16:15.000,28.8
2026-03-20 23:16:17.000,28.8
2026-03-20 23:16:17.000,21.6
2026-03-20 23:16:19.000,21.6
2026-03-20 23:16:19.000,24
2026-03-20 23:16:21.000,24
2026-03-20 23:16:21.000,20.4
2026-03-20 23:16:23.000,20.4
2026-03-20 23:16:23.000,22.8
2026-03-20 23:16:27.000,22.8
2026-03-20 23:16:27.000,24
2026-03-20 23:16:33.000,24
2026-03-20 23:16:33.000,25.2
2026-03-20 23:16:39.000,25.2
2026-03-20 23:16:39.000,26.4
2026-03-20 23:16:57.000,26.4
2026-03-20 23:16:57.000,27.6
2026-03-20 23:17:17.000,27.6
2026-03-20 23:17:17.000,28.8
2026-03-20 23:17:23.000,28.8
2026-03-20 23:17:23.000,27.6
2026-03-20 23:17:27.000,27.6
2026-03-20 23:17:27.000,28.8
2026-03-20 23:17:47.000,28.8
2026-03-20 23:17:47.000,30
2026-03-20 23:17:49.000,30
2026-03-20 23:17:49.000,28.8
2026-03-20 23:17:51.000,28.8
2026-03-20 23:17:51.000,30
2026-03-20 23:17:53.000,30
2026-03-20 23:17:53.000,31.2
2026-03-20 23:17:55.000,31.2
2026-03-20 23:17:55.000,33.6
2026-03-20 23:17:57.000,33.6
2026-03-20 23:17:57.000,36
2026-03-20 23:18:01.000,36
2026-03-20 23:18:01.000,38.4
2026-03-20 23:18:05.000,38.4
2026-03-20 23:18:05.000,39.6
2026-03-20 23:18:29.000,39.6
2026-03-20 23:18:29.000,40.8
2026-03-20 23:20:27.000,40.8
2026-03-20 23:20:27.000,42
2026-03-20 23:20:31.000,42
2026-03-20 23:20:31.000,40.8
2026-03-20 23:20:41.000,40.8
2026-03-20 23:20:41.000,42
2026-03-20 23:24:11.000,42
2026-03-20 23:24:11.000,43.2
2026-03-20 23:24:13.000,43.2
2026-03-20 23:24:13.000,42
2026-03-20 23:24:17.000,42
2026-03-20 23:24:17.000,40.8
2026-03-20 23:24:19.000,40.8
2026-03-20 23:24:19.000,42
2026-03-20 23:24:39.000,42
2026-03-20 23:24:39.000,43.2
2026-03-20 23:24:53.000,43.2
2026-03-20 23:24:53.000,42
2026-03-20 23:25:17.000,42
2026-03-20 23:25:17.000,43.2
2026-03-20 23:25:35.000,43.2
2026-03-20 23:25:35.000,42
2026-03-20 23:25:39.000,42
2026-03-20 23:25:39.000,43.2
2026-03-20 23:25:45.000,43.2
2026-03-20 23:25:45.000,42
2026-03-20 23:25:51.000,42
2026-03-20 23:25:51.000,43.2
2026-03-20 23:29:33.000,43.2
2026-03-20 23:29:33.000,44.4
2026-03-20 23:29:35.000,44.4
2026-03-20 23:29:35.000,43.2
2026-03-20 23:29:45.000,43.2
2026-03-20 23:29:45.000,44.4
2026-03-20 23:29:57.000,44.4
2026-03-20 23:29:57.000,43.2
2026-03-20 23:30:37.000,43.2
2026-03-20 23:30:37.000,44.4
2026-03-20 23:30:39.000,44.4
2026-03-20 23:30:39.000,43.2
2026-03-20 23:30:41.000,43.2
2026-03-20 23:30:41.000,44.4
2026-03-20 23:30:45.000,44.4
2026-03-20 23:30:45.000,43.2
2026-03-20 23:30:49.000,43.2
2026-03-20 23:30:49.000,44.4
2026-03-20 23:32:41.000,44.4
2026-03-20 23:32:41.000,45.6
2026-03-20 23:32:43.000,45.6
2026-03-20 23:32:43.000,44.4
2026-03-20 23:32:45.000,44.4
2026-03-20 23:32:45.000,45.6
2026-03-20 23:32:49.000,45.6
2026-03-20 23:32:49.000,44.4
2026-03-20 23:33:21.000,44.4
2026-03-20 23:33:21.000,45.6
2026-03-20 23:33:47.000,45.6
2026-03-20 23:33:47.000,46.8
2026-03-20 23:36:25.000,46.8
2026-03-20 23:36:25.000,45.6
2026-03-20 23:40:03.000,45.6
2026-03-20 23:40:03.000,48
2026-03-20 23:40:05.000,48
2026-03-20 23:40:05.000,38.4
2026-03-20 23:40:07.000,38.4
2026-03-20 23:40:07.000,27.6
2026-03-20 23:40:09.000,27.6
2026-03-20 23:40:09.000,9.6
2026-03-20 23:40:11.000,9.6
2026-03-20 23:40:11.000,10.8
2026-03-20 23:40:13.000,10.8
2026-03-20 23:40:13.000,3.6
2026-03-20 23:40:15.000,3.6
2026-03-20 23:40:15.000,22.8
2026-03-20 23:40:17.000,22.8
2026-03-20 23:40:17.000,10.8
2026-03-20 23:40:19.000,10.8
2026-03-20 23:40:19.000,12
2026-03-20 23:40:21.000,12
2026-03-20 23:40:21.000,10.8
2026-03-20 23:40:23.000,10.8
2026-03-20 23:40:23.000,9.6
2026-03-20 23:40:25.000,9.6
2026-03-20 23:40:25.000,10.8
2026-03-20 23:40:27.000,10.8
2026-03-20 23:40:27.000,12
2026-03-20 23:40:29.000,12
2026-03-20 23:40:29.000,13.2
2026-03-20 23:40:33.000,13.2
2026-03-20 23:40:33.000,16.8
2026-03-20 23:40:35.000,16.8
2026-03-20 23:40:35.000,13.2
2026-03-20 23:40:37.000,13.2
2026-03-20 23:40:37.000,14.4
2026-03-20 23:40:39.000,14.4
2026-03-20 23:40:39.000,13.2
2026-03-20 23:41:47.000,13.2
2026-03-20 23:41:47.000,14.4
2026-03-20 23:41:59.000,14.4
2026-03-20 23:41:59.000,13.2
2026-03-20 23:42:47.000,13.2
2026-03-20 23:42:47.000,14.4
2026-03-20 23:42:51.000,14.4
2026-03-20 23:42:51.000,13.2
2026-03-20 23:42:53.000,13.2
2026-03-20 23:42:53.000,14.4
2026-03-20 23:42:55.000,14.4
2026-03-20 23:42:55.000,13.2
2026-03-20 23:43:29.000,13.2
2026-03-20 23:43:29.000,14.4
2026-03-20 23:43:35.000,14.4
2026-03-20 23:43:35.000,13.2
2026-03-20 23:44:13.000,13.2
2026-03-20 23:44:13.000,14.4
2026-03-20 23:44:23.000,14.4
2026-03-20 23:44:23.000,13.2
2026-03-20 23:44:51.000,13.2
2026-03-20 23:44:51.000,14.4
2026-03-20 23:44:53.000,14.4
2026-03-20 23:44:53.000,13.2
2026-03-20 23:44:55.000,13.2
2026-03-20 23:44:55.000,14.4
2026-03-20 23:45:09.000,14.4
2026-03-20 23:45:09.000,13.2
2026-03-20 23:45:25.000,13.2
2026-03-20 23:45:25.000,14.4
2026-03-20 23:45:27.000,14.4
2026-03-20 23:45:27.000,13.2
2026-03-20 23:45:29.000,13.2
2026-03-20 23:45:29.000,14.4
2026-03-20 23:45:35.000,14.4
2026-03-20 23:45:35.000,15.6
2026-03-20 23:45:39.000,15.6
2026-03-20 23:45:39.000,14.4
2026-03-20 23:45:41.000,14.4
2026-03-20 23:45:41.000,12
2026-03-20 23:45:43.000,12
2026-03-20 23:45:43.000,10.8
2026-03-20 23:45:45.000,10.8
2026-03-20 23:45:45.000,13.2
2026-03-20 23:45:47.000,13.2
2026-03-20 23:45:47.000,12
2026-03-20 23:45:51.000,12
2026-03-20 23:45:51.000,10.8
2026-03-20 23:46:11.000,10.8
2026-03-20 23:46:11.000,12
2026-03-20 23:46:13.000,12
2026-03-20 23:46:13.000,13.2
2026-03-20 23:46:19.000,13.2
2026-03-20 23:46:19.000,12
2026-03-20 23:46:23.000,12
2026-03-20 23:46:23.000,10.8
2026-03-20 23:46:31.000,10.8
2026-03-20 23:46:31.000,9.6
2026-03-20 23:46:39.000,9.6
2026-03-20 23:46:39.000,10.8
2026-03-20 23:46:55.000,10.8
2026-03-20 23:46:55.000,12
2026-03-20 23:46:59.000,12
2026-03-20 23:46:59.000,10.8
2026-03-20 23:54:43.000,10.8
2026-03-20 23:54:43.000,12
2026-03-20 23:54:45.000,12
2026-03-20 23:54:45.000,13.2
2026-03-20 23:54:47.000,13.2
2026-03-20 23:54:47.000,12
2026-03-20 23:54:53.000,12
2026-03-20 23:54:53.000,10.8
2026-03-20 23:55:01.000,10.8
2026-03-20 23:55:01.000,12
2026-03-20 23:55:11.000,12
2026-03-20 23:55:11.000,13.2
2026-03-20 23:55:25.000,13.2
2026-03-20 23:55:25.000,16.8
2026-03-20 23:55:27.000,16.8
2026-03-20 23:55:27.000,6
2026-03-20 23:55:29.000,6
2026-03-20 23:55:29.000,8.4
2026-03-20 23:55:33.000,8.4
2026-03-20 23:55:33.000,9.6
2026-03-20 23:55:35.000,9.6
2026-03-20 23:55:35.000,10.8
2026-03-20 23:55:43.000,10.8
2026-03-20 23:55:43.000,12
2026-03-20 23:55:51.000,12
2026-03-20 23:55:51.000,13.2
2026-03-20 23:55:57.000,13.2
2026-03-20 23:55:57.000,14.4
2026-03-20 23:56:01.000,14.4
2026-03-20 23:56:01.000,13.2
2026-03-21 00:01:41.000,13.2
2026-03-21 00:01:41.000,14.4
2026-03-21 00:01:43.000,14.4
2026-03-21 00:01:43.000,15.6
2026-03-21 00:01:45.000,15.6
2026-03-21 00:01:45.000,18
2026-03-21 00:01:49.000,18
2026-03-21 00:01:49.000,19.2
2026-03-21 00:01:51.000,19.2
2026-03-21 00:01:51.000,15.6
2026-03-21 00:01:53.000,15.6
2026-03-21 00:01:53.000,13.2
2026-03-21 00:01:57.000,13.2
2026-03-21 00:01:57.000,12
2026-03-21 00:01:59.000,12
2026-03-21 00:01:59.000,10.8
2026-03-21 00:02:05.000,10.8
2026-03-21 00:02:05.000,12
2026-03-21 00:02:13.000,12
2026-03-21 00:02:13.000,13.2
2026-03-21 00:02:17.000,13.2
2026-03-21 00:02:17.000,14.4
2026-03-21 00:02:19.000,14.4
2026-03-21 00:02:19.000,13.2
2026-03-21 00:02:27.000,13.2
2026-03-21 00:02:27.000,12
2026-03-21 00:02:33.000,12
2026-03-21 00:02:33.000,10.8
2026-03-21 00:02:35.000,10.8
2026-03-21 00:02:35.000,12
2026-03-21 00:02:55.000,12
2026-03-21 00:02:55.000,13.2
2026-03-21 00:02:59.000,13.2
2026-03-21 00:02:59.000,12
2026-03-21 00:07:13.000,12
2026-03-21 00:07:13.000,13.2
2026-03-21 00:07:15.000,13.2
2026-03-21 00:07:15.000,14.4
2026-03-21 00:07:17.000,14.4
2026-03-21 00:07:17.000,13.2
2026-03-21 00:07:19.000,13.2
2026-03-21 00:07:19.000,12
2026-03-21 00:07:23.000,12
2026-03-21 00:07:23.000,10.8
2026-03-21 00:07:27.000,10.8
2026-03-21 00:07:27.000,8.4
2026-03-21 00:07:29.000,8.4
2026-03-21 00:07:29.000,9.6
2026-03-21 00:07:33.000,9.6
2026-03-21 00:07:33.000,8.4
2026-03-21 00:07:47.000,8.4
2026-03-21 00:07:47.000,9.6
2026-03-21 00:07:49.000,9.6
2026-03-21 00:07:49.000,10.8
2026-03-21 00:07:53.000,10.8
2026-03-21 00:07:53.000,12
2026-03-21 00:07:57.000,12
2026-03-21 00:07:57.000,10.8
2026-03-21 00:08:03.000,10.8
2026-03-21 00:08:03.000,9.6
2026-03-21 00:08:27.000,9.6
2026-03-21 00:08:27.000,10.8
2026-03-21 00:08:43.000,10.8
2026-03-21 00:08:43.000,9.6
2026-03-21 00:08:59.000,9.6
2026-03-21 00:08:59.000,10.8
2026-03-21 00:09:03.000,10.8
2026-03-21 00:09:03.000,12
2026-03-21 00:09:09.000,12
2026-03-21 00:09:09.000,10.8
2026-03-21 00:09:11.000,10.8
2026-03-21 00:09:11.000,12
2026-03-21 00:09:13.000,12
2026-03-21 00:09:13.000,10.8
2026-03-21 00:09:17.000,10.8
2026-03-21 00:09:17.000,9.6
2026-03-21 00:09:31.000,9.6
2026-03-21 00:09:31.000,10.8
2026-03-21 00:09:37.000,10.8
2026-03-21 00:09:37.000,12
2026-03-21 00:09:43.000,12
2026-03-21 00:09:43.000,10.8
2026-03-21 00:09:51.000,10.8
2026-03-21 00:09:51.000,9.6
2026-03-21 00:10:09.000,9.6
2026-03-21 00:10:09.000,10.8
2026-03-21 00:10:21.000,10.8
2026-03-21 00:10:21.000,12
2026-03-21 00:10:23.000,12
2026-03-21 00:10:23.000,10.8
2026-03-21 00:10:31.000,10.8
2026-03-21 00:10:31.000,9.6
2026-03-21 00:10:45.000,9.6
2026-03-21 00:10:45.000,10.8
2026-03-21 00:10:49.000,10.8
2026-03-21 00:10:49.000,13.2
2026-03-21 00:10:51.000,13.2
2026-03-21 00:10:51.000,10.8
2026-03-21 00:10:55.000,10.8
2026-03-21 00:10:55.000,9.6
2026-03-21 00:10:57.000,9.6
2026-03-21 00:10:57.000,10.8
2026-03-21 00:11:03.000,10.8
2026-03-21 00:11:03.000,9.6
2026-03-21 00:11:05.000,9.6
2026-03-21 00:11:05.000,10.8
2026-03-21 00:11:19.000,10.8
2026-03-21 00:11:19.000,12
2026-03-21 00:11:23.000,12
2026-03-21 00:11:23.000,13.2
2026-03-21 00:11:27.000,13.2
2026-03-21 00:11:27.000,16.8
2026-03-21 00:11:29.000,16.8
2026-03-21 00:11:29.000,18
2026-03-21 00:11:31.000,18
2026-03-21 00:11:31.000,16.8
2026-03-21 00:11:33.000,16.8
2026-03-21 00:11:33.000,13.2
2026-03-21 00:11:35.000,13.2
2026-03-21 00:11:35.000,10.8
2026-03-21 00:11:37.000,10.8
2026-03-21 00:11:37.000,14.4
2026-03-21 00:11:39.000,14.4
2026-03-21 00:11:39.000,13.2
2026-03-21 00:11:41.000,13.2
2026-03-21 00:11:41.000,15.6
2026-03-21 00:11:45.000,15.6
2026-03-21 00:11:45.000,16.8
2026-03-21 00:11:49.000,16.8
2026-03-21 00:11:49.000,18
2026-03-21 00:11:55.000,18
2026-03-21 00:11:55.000,19.2
2026-03-21 00:11:59.000,19.2
2026-03-21 00:11:59.000,20.4
2026-03-21 00:12:09.000,20.4
2026-03-21 00:12:09.000,19.2
2026-03-21 00:12:39.000,19.2
2026-03-21 00:12:39.000,20.4
2026-03-21 00:13:09.000,20.4
2026-03-21 00:13:09.000,21.6
2026-03-21 00:13:51.000,21.6
2026-03-21 00:13:51.000,22.8
2026-03-21 00:13:53.000,22.8
2026-03-21 00:13:53.000,24
2026-03-21 00:13:59.000,24
2026-03-21 00:13:59.000,22.8
2026-03-21 00:14:03.000,22.8
2026-03-21 00:14:03.000,15.6
2026-03-21 00:14:07.000,15.6
2026-03-21 00:14:07.000,21.6
2026-03-21 00:14:09.000,21.6
2026-03-21 00:14:09.000,15.6
2026-03-21 00:14:11.000,15.6
2026-03-21 00:14:11.000,16.8
2026-03-21 00:14:13.000,16.8
2026-03-21 00:14:13.000,13.2
2026-03-21 00:14:15.000,13.2
2026-03-21 00:14:15.000,16.8
2026-03-21 00:14:17.000,16.8
2026-03-21 00:14:17.000,20.4
2026-03-21 00:14:19.000,20.4
2026-03-21 00:14:19.000,13.2
2026-03-21 00:14:23.000,13.2
2026-03-21 00:14:23.000,19.2
2026-03-21 00:14:25.000,19.2
2026-03-21 00:14:25.000,15.6
2026-03-21 00:14:27.000,15.6
2026-03-21 00:14:27.000,14.4
2026-03-21 00:14:29.000,14.4
2026-03-21 00:14:29.000,13.2
2026-03-21 00:14:31.000,13.2
2026-03-21 00:14:31.000,14.4
2026-03-21 00:14:35.000,14.4
2026-03-21 00:14:35.000,15.6
2026-03-21 00:14:37.000,15.6
2026-03-21 00:14:37.000,14.4
2026-03-21 00:14:43.000,14.4
2026-03-21 00:14:43.000,13.2
2026-03-21 00:14:45.000,13.2
2026-03-21 00:14:45.000,14.4
2026-03-21 00:14:51.000,14.4
2026-03-21 00:14:51.000,15.6
2026-03-21 00:15:01.000,15.6
2026-03-21 00:15:01.000,16.8
2026-03-21 00:15:05.000,16.8
2026-03-21 00:15:05.000,18
2026-03-21 00:15:11.000,18
2026-03-21 00:15:11.000,16.8
2026-03-21 00:15:15.000,16.8
2026-03-21 00:15:15.000,15.6
2026-03-21 00:15:43.000,15.6
2026-03-21 00:15:43.000,16.8
2026-03-21 00:15:45.000,16.8
2026-03-21 00:15:45.000,15.6
2026-03-21 00:15:47.000,15.6
2026-03-21 00:15:47.000,16.8
2026-03-21 00:15:57.000,16.8
2026-03-21 00:15:57.000,15.6
2026-03-21 00:16:03.000,15.6
2026-03-21 00:16:03.000,14.4
2026-03-21 00:16:17.000,14.4
2026-03-21 00:16:17.000,15.6
2026-03-21 00:16:27.000,15.6
2026-03-21 00:16:27.000,16.8
2026-03-21 00:16:29.000,16.8
2026-03-21 00:16:29.000,15.6
2026-03-21 00:16:57.000,15.6
2026-03-21 00:16:57.000,14.4
2026-03-21 00:16:59.000,14.4
2026-03-21 00:16:59.000,15.6
2026-03-21 00:18:59.000,15.6
2026-03-21 00:18:59.000,14.4
2026-03-21 00:19:01.000,14.4
2026-03-21 00:19:01.000,15.6
2026-03-21 00:19:49.000,15.6
2026-03-21 00:19:49.000,14.4
2026-03-21 00:19:57.000,14.4
2026-03-21 00:19:57.000,15.6
2026-03-21 00:20:21.000,15.6
2026-03-21 00:20:21.000,14.4
2026-03-21 00:20:23.000,14.4
2026-03-21 00:20:23.000,15.6
2026-03-21 00:20:27.000,15.6
2026-03-21 00:20:27.000,14.4
2026-03-21 00:20:29.000,14.4
2026-03-21 00:20:29.000,15.6
2026-03-21 00:20:33.000,15.6
2026-03-21 00:20:33.000,14.4
2026-03-21 00:20:41.000,14.4
2026-03-21 00:20:41.000,15.6
2026-03-21 00:21:01.000,15.6
2026-03-21 00:21:01.000,16.8
2026-03-21 00:21:11.000,16.8
2026-03-21 00:21:11.000,18
2026-03-21 00:21:13.000,18
2026-03-21 00:21:13.000,14.4
2026-03-21 00:21:17.000,14.4
2026-03-21 00:21:17.000,13.2
2026-03-21 00:21:23.000,13.2
2026-03-21 00:21:23.000,14.4
2026-03-21 00:21:25.000,14.4
2026-03-21 00:21:25.000,15.6
2026-03-21 00:21:27.000,15.6
2026-03-21 00:21:27.000,14.4
2026-03-21 00:21:37.000,14.4
2026-03-21 00:21:37.000,15.6
2026-03-21 00:21:45.000,15.6
2026-03-21 00:21:45.000,16.8
2026-03-21 00:22:01.000,16.8
2026-03-21 00:22:01.000,15.6
2026-03-21 00:22:19.000,15.6
2026-03-21 00:22:19.000,16.8
2026-03-21 00:22:25.000,16.8
2026-03-21 00:22:25.000,15.6
2026-03-21 00:22:31.000,15.6
2026-03-21 00:22:31.000,16.8
2026-03-21 00:23:09.000,16.8
2026-03-21 00:23:09.000,18
2026-03-21 00:23:17.000,18
2026-03-21 00:23:17.000,16.8
2026-03-21 00:23:33.000,16.8
2026-03-21 00:23:33.000,18
2026-03-21 00:23:43.000,18
2026-03-21 00:23:43.000,19.2
2026-03-21 00:23:45.000,19.2
2026-03-21 00:23:45.000,20.4
2026-03-21 00:23:47.000,20.4
2026-03-21 00:23:47.000,19.2
2026-03-21 00:23:55.000,19.2
2026-03-21 00:23:55.000,18
2026-03-21 00:23:59.000,18
2026-03-21 00:23:59.000,16.8
2026-03-21 00:24:09.000,16.8
2026-03-21 00:24:09.000,18
2026-03-21 00:24:11.000,18
2026-03-21 00:24:11.000,16.8
2026-03-21 00:24:13.000,16.8
2026-03-21 00:24:13.000,18
2026-03-21 00:24:19.000,18
2026-03-21 00:24:19.000,19.2
2026-03-21 00:24:23.000,19.2
2026-03-21 00:24:23.000,18
2026-03-21 00:24:45.000,18
2026-03-21 00:24:45.000,19.2
2026-03-21 00:24:47.000,19.2
2026-03-21 00:24:47.000,20.4
2026-03-21 00:24:49.000,20.4
2026-03-21 00:24:49.000,18
2026-03-21 00:24:53.000,18
2026-03-21 00:24:53.000,12
2026-03-21 00:25:03.000,12
2026-03-21 00:25:03.000,13.2
2026-03-21 00:25:13.000,13.2
2026-03-21 00:25:13.000,14.4
2026-03-21 00:25:21.000,14.4
2026-03-21 00:25:21.000,13.2
2026-03-21 00:25:23.000,13.2
2026-03-21 00:25:23.000,3.6
2026-03-21 00:25:25.000,3.6
2026-03-21 00:25:25.000,9.6
2026-03-21 00:25:31.000,9.6
2026-03-21 00:25:31.000,10.8
2026-03-21 00:25:33.000,10.8
2026-03-21 00:25:33.000,12
2026-03-21 00:25:41.000,12
2026-03-21 00:25:41.000,13.2
2026-03-21 00:25:53.000,13.2
2026-03-21 00:25:53.000,14.4
2026-03-21 00:25:57.000,14.4
2026-03-21 00:25:57.000,15.6
2026-03-21 00:26:05.000,15.6
2026-03-21 00:26:05.000,14.4
2026-03-21 00:26:13.000,14.4
2026-03-21 00:26:13.000,13.2
2026-03-21 00:26:29.000,13.2
2026-03-21 00:26:29.000,14.4
2026-03-21 00:26:37.000,14.4
2026-03-21 00:26:37.000,15.6
2026-03-21 00:26:45.000,15.6
2026-03-21 00:26:45.000,14.4
2026-03-21 00:27:05.000,14.4
2026-03-21 00:27:05.000,15.6
2026-03-21 00:27:13.000,15.6
2026-03-21 00:27:13.000,16.8
2026-03-21 00:27:41.000,16.8
2026-03-21 00:27:41.000,18
2026-03-21 00:27:43.000,18
2026-03-21 00:27:43.000,19.2
2026-03-21 00:27:45.000,19.2
2026-03-21 00:27:45.000,16.8
2026-03-21 00:27:47.000,16.8
2026-03-21 00:27:47.000,19.2
2026-03-21 00:27:49.000,19.2
2026-03-21 00:27:49.000,18
2026-03-21 00:27:57.000,18
2026-03-21 00:27:57.000,16.8
2026-03-21 00:28:21.000,16.8
2026-03-21 00:28:21.000,18
2026-03-21 00:28:31.000,18
2026-03-21 00:28:31.000,16.8
2026-03-21 00:29:03.000,16.8
2026-03-21 00:29:03.000,18
2026-03-21 00:29:15.000,18
2026-03-21 00:29:15.000,16.8
2026-03-21 00:29:57.000,16.8
2026-03-21 00:29:57.000,18
2026-03-21 00:29:59.000,18
2026-03-21 00:29:59.000,19.2
2026-03-21 00:30:01.000,19.2
2026-03-21 00:30:01.000,18
2026-03-21 00:30:03.000,18
2026-03-21 00:30:03.000,19.2
2026-03-21 00:30:09.000,19.2
2026-03-21 00:30:09.000,18
2026-03-21 00:30:11.000,18
2026-03-21 00:30:11.000,20.4
2026-03-21 00:30:13.000,20.4
2026-03-21 00:30:13.000,13.2
2026-03-21 00:30:15.000,13.2
2026-03-21 00:30:15.000,15.6
2026-03-21 00:30:17.000,15.6
2026-03-21 00:30:17.000,12
2026-03-21 00:30:19.000,12
2026-03-21 00:30:19.000,13.2
2026-03-21 00:30:29.000,13.2
2026-03-21 00:30:29.000,14.4
2026-03-21 00:30:37.000,14.4
2026-03-21 00:30:37.000,15.6
2026-03-21 00:30:39.000,15.6
2026-03-21 00:30:39.000,14.4
2026-03-21 00:30:41.000,14.4
2026-03-21 00:30:41.000,15.6
2026-03-21 00:30:51.000,15.6
2026-03-21 00:30:51.000,13.2
2026-03-21 00:30:53.000,13.2
2026-03-21 00:30:53.000,12
2026-03-21 00:31:13.000,12
2026-03-21 00:31:13.000,13.2
2026-03-21 00:31:17.000,13.2
2026-03-21 00:31:17.000,14.4
2026-03-21 00:31:19.000,14.4
2026-03-21 00:31:19.000,16.8
2026-03-21 00:31:21.000,16.8
2026-03-21 00:31:21.000,15.6
2026-03-21 00:31:25.000,15.6
2026-03-21 00:31:25.000,13.2
2026-03-21 00:31:33.000,13.2
2026-03-21 00:31:33.000,12
2026-03-21 00:31:51.000,12
2026-03-21 00:31:51.000,13.2
2026-03-21 00:32:01.000,13.2
2026-03-21 00:32:01.000,14.4
2026-03-21 00:32:09.000,14.4
2026-03-21 00:32:09.000,13.2
2026-03-21 00:32:13.000,13.2
2026-03-21 00:32:13.000,12
2026-03-21 00:32:33.000,12
2026-03-21 00:32:33.000,13.2
2026-03-21 00:33:05.000,13.2
2026-03-21 00:33:05.000,12
2026-03-21 00:33:13.000,12
2026-03-21 00:33:13.000,13.2
2026-03-21 00:33:37.000,13.2
2026-03-21 00:33:37.000,12
2026-03-21 00:33:45.000,12
2026-03-21 00:33:45.000,13.2
2026-03-21 00:33:47.000,13.2
2026-03-21 00:33:47.000,12
2026-03-21 00:33:51.000,12
2026-03-21 00:33:51.000,13.2
2026-03-21 00:33:53.000,13.2
2026-03-21 00:33:53.000,12
2026-03-21 00:33:55.000,12
2026-03-21 00:33:55.000,13.2
2026-03-21 00:34:21.000,13.2
2026-03-21 00:34:21.000,12
2026-03-21 00:34:23.000,12
2026-03-21 00:34:23.000,13.2
2026-03-21 00:34:59.000,13.2
2026-03-21 00:34:59.000,12
2026-03-21 00:35:09.000,12
2026-03-21 00:35:09.000,13.2
2026-03-21 00:35:31.000,13.2
2026-03-21 00:35:31.000,12
2026-03-21 00:35:35.000,12
2026-03-21 00:35:35.000,13.2
2026-03-21 00:35:39.000,13.2
2026-03-21 00:35:39.000,12
2026-03-21 00:35:41.000,12
2026-03-21 00:35:41.000,13.2
2026-03-21 00:36:17.000,13.2
2026-03-21 00:36:17.000,12
2026-03-21 00:36:25.000,12
2026-03-21 00:36:25.000,13.2
2026-03-21 00:38:39.000,13.2
2026-03-21 00:38:39.000,15.6
2026-03-21 00:38:41.000,15.6
2026-03-21 00:38:41.000,14.4
2026-03-21 00:38:45.000,14.4
2026-03-21 00:38:45.000,15.6
2026-03-21 00:38:47.000,15.6
2026-03-21 00:38:47.000,13.2
2026-03-21 00:38:51.000,13.2
2026-03-21 00:38:51.000,12
2026-03-21 00:38:59.000,12
2026-03-21 00:38:59.000,13.2
2026-03-21 00:39:11.000,13.2
2026-03-21 00:39:11.000,14.4
2026-03-21 00:39:15.000,14.4
2026-03-21 00:39:15.000,15.6
2026-03-21 00:39:19.000,15.6
2026-03-21 00:39:19.000,14.4
2026-03-21 00:39:25.000,14.4
2026-03-21 00:39:25.000,13.2
2026-03-21 00:39:29.000,13.2
2026-03-21 00:39:29.000,12
2026-03-21 00:39:31.000,12
2026-03-21 00:39:31.000,13.2
2026-03-21 00:39:45.000,13.2
2026-03-21 00:39:45.000,14.4
2026-03-21 00:39:57.000,14.4
2026-03-21 00:39:57.000,13.2
2026-03-21 00:40:15.000,13.2
2026-03-21 00:40:15.000,14.4
2026-03-21 00:40:23.000,14.4
2026-03-21 00:40:23.000,15.6
2026-03-21 00:40:31.000,15.6
2026-03-21 00:40:31.000,14.4
2026-03-21 00:42:29.000,14.4
2026-03-21 00:42:29.000,15.6
2026-03-21 00:42:31.000,15.6
2026-03-21 00:42:31.000,13.2
2026-03-21 00:42:33.000,13.2
2026-03-21 00:42:33.000,14.4
2026-03-21 00:42:39.000,14.4
2026-03-21 00:42:39.000,13.2
2026-03-21 00:42:43.000,13.2
2026-03-21 00:42:43.000,12
2026-03-21 00:42:51.000,12
2026-03-21 00:42:51.000,13.2
2026-03-21 00:42:55.000,13.2
2026-03-21 00:42:55.000,15.6
2026-03-21 00:42:57.000,15.6
2026-03-21 00:42:57.000,4.8
2026-03-21 00:43:01.000,4.8
2026-03-21 00:43:01.000,12
2026-03-21 00:43:05.000,12
2026-03-21 00:43:05.000,15.6
2026-03-21 00:43:07.000,15.6
2026-03-21 00:43:07.000,12
2026-03-21 00:43:09.000,12
2026-03-21 00:43:09.000,10.8
2026-03-21 00:43:11.000,10.8
2026-03-21 00:43:11.000,9.6
2026-03-21 00:43:21.000,9.6
2026-03-21 00:43:21.000,10.8
2026-03-21 00:43:29.000,10.8
2026-03-21 00:43:29.000,18
2026-03-21 00:43:31.000,18
2026-03-21 00:43:31.000,14.4
2026-03-21 00:43:33.000,14.4
2026-03-21 00:43:33.000,16.8
2026-03-21 00:43:35.000,16.8
2026-03-21 00:43:35.000,15.6
2026-03-21 00:43:37.000,15.6
2026-03-21 00:43:37.000,13.2
2026-03-21 00:44:01.000,13.2
2026-03-21 00:44:01.000,14.4
2026-03-21 00:44:05.000,14.4
2026-03-21 00:44:05.000,15.6
2026-03-21 00:44:15.000,15.6
2026-03-21 00:44:15.000,14.4
2026-03-21 00:44:23.000,14.4
2026-03-21 00:44:23.000,13.2
2026-03-21 00:44:25.000,13.2
2026-03-21 00:44:25.000,14.4
2026-03-21 00:44:27.000,14.4
2026-03-21 00:44:27.000,13.2
2026-03-21 00:44:35.000,13.2
2026-03-21 00:44:35.000,14.4
2026-03-21 00:44:47.000,14.4
2026-03-21 00:44:47.000,15.6
2026-03-21 00:44:55.000,15.6
2026-03-21 00:44:55.000,14.4
2026-03-21 00:45:05.000,14.4
2026-03-21 00:45:05.000,13.2
2026-03-21 00:45:07.000,13.2
2026-03-21 00:45:07.000,14.4
2026-03-21 00:45:11.000,14.4
2026-03-21 00:45:11.000,13.2
2026-03-21 00:45:21.000,13.2
2026-03-21 00:45:21.000,14.4
2026-03-21 00:45:31.000,14.4
2026-03-21 00:45:31.000,15.6
2026-03-21 00:45:35.000,15.6
2026-03-21 00:45:35.000,14.4
2026-03-21 00:45:45.000,14.4
2026-03-21 00:45:45.000,13.2
2026-03-21 00:45:47.000,13.2
2026-03-21 00:45:47.000,14.4
2026-03-21 00:45:49.000,14.4
2026-03-21 00:45:49.000,13.2
2026-03-21 00:45:51.000,13.2
2026-03-21 00:45:51.000,14.4
2026-03-21 00:46:35.000,14.4
2026-03-21 00:46:35.000,13.2
2026-03-21 00:46:39.000,13.2
2026-03-21 00:46:39.000,14.4
2026-03-21 00:47:15.000,14.4
2026-03-21 00:47:15.000,13.2
2026-03-21 00:47:17.000,13.2
2026-03-21 00:47:17.000,14.4
2026-03-21 00:47:57.000,14.4
2026-03-21 00:47:57.000,13.2
2026-03-21 00:47:59.000,13.2
2026-03-21 00:47:59.000,14.4
2026-03-21 00:48:45.000,14.4
2026-03-21 00:48:45.000,15.6
2026-03-21 00:48:49.000,15.6
2026-03-21 00:48:49.000,14.4
2026-03-21 00:48:53.000,14.4
2026-03-21 00:48:53.000,13.2
2026-03-21 00:49:07.000,13.2
2026-03-21 00:49:07.000,14.4
2026-03-21 00:49:17.000,14.4
2026-03-21 00:49:17.000,15.6
2026-03-21 00:49:25.000,15.6
2026-03-21 00:49:25.000,14.4
2026-03-21 00:49:31.000,14.4
2026-03-21 00:49:31.000,13.2
2026-03-21 00:49:49.000,13.2
2026-03-21 00:49:49.000,14.4
2026-03-21 00:50:23.000,14.4
2026-03-21 00:50:23.000,13.2
2026-03-21 00:50:31.000,13.2
2026-03-21 00:50:31.000,14.4
2026-03-21 00:51:09.000,14.4
2026-03-21 00:51:09.000,13.2
2026-03-21 00:51:19.000,13.2
2026-03-21 00:51:19.000,14.4
2026-03-21 00:51:49.000,14.4
2026-03-21 00:51:49.000,13.2
2026-03-21 00:51:51.000,13.2
2026-03-21 00:51:51.000,14.4
2026-03-21 00:52:13.000,14.4
2026-03-21 00:52:13.000,15.6
2026-03-21 00:52:15.000,15.6
2026-03-21 00:52:15.000,14.4
2026-03-21 00:52:21.000,14.4
2026-03-21 00:52:21.000,13.2
2026-03-21 00:52:37.000,13.2
2026-03-21 00:52:37.000,14.4
2026-03-21 00:52:45.000,14.4
2026-03-21 00:52:45.000,16.8
2026-03-21 00:52:47.000,16.8
2026-03-21 00:52:47.000,15.6
2026-03-21 00:52:55.000,15.6
2026-03-21 00:52:55.000,14.4
2026-03-21 00:53:01.000,14.4
2026-03-21 00:53:01.000,13.2
2026-03-21 00:53:17.000,13.2
2026-03-21 00:53:17.000,14.4
2026-03-21 00:53:45.000,14.4
2026-03-21 00:53:45.000,16.8
2026-03-21 00:53:47.000,16.8
2026-03-21 00:53:47.000,15.6
2026-03-21 00:53:51.000,15.6
2026-03-21 00:53:51.000,19.2
2026-03-21 00:53:53.000,19.2
2026-03-21 00:53:53.000,2.4
2026-03-21 00:53:55.000,2.4
2026-03-21 00:53:55.000,7.2
2026-03-21 00:53:57.000,7.2
2026-03-21 00:53:57.000,6
2026-03-21 00:53:59.000,6
2026-03-21 00:53:59.000,7.2
2026-03-21 00:54:01.000,7.2
2026-03-21 00:54:01.000,8.4
2026-03-21 00:54:03.000,8.4
2026-03-21 00:54:03.000,9.6
2026-03-21 00:54:07.000,9.6
2026-03-21 00:54:07.000,10.8
2026-03-21 00:54:11.000,10.8
2026-03-21 00:54:11.000,12
2026-03-21 00:54:17.000,12
2026-03-21 00:54:17.000,14.4
2026-03-21 00:54:21.000,14.4
2026-03-21 00:54:21.000,18
2026-03-21 00:54:25.000,18
2026-03-21 00:54:25.000,16.8
2026-03-21 00:54:29.000,16.8
2026-03-21 00:54:29.000,12
2026-03-21 00:54:31.000,12
2026-03-21 00:54:31.000,13.2
2026-03-21 00:54:33.000,13.2
2026-03-21 00:54:33.000,12
2026-03-21 00:54:51.000,12
2026-03-21 00:54:51.000,13.2
2026-03-21 00:55:27.000,13.2
2026-03-21 00:55:27.000,14.4
2026-03-21 00:55:29.000,14.4
2026-03-21 00:55:29.000,15.6
2026-03-21 00:55:35.000,15.6
2026-03-21 00:55:35.000,20.4
2026-03-21 00:55:37.000,20.4
2026-03-21 00:55:37.000,18
2026-03-21 00:55:39.000,18
2026-03-21 00:55:39.000,12
2026-03-21 00:55:41.000,12
2026-03-21 00:55:41.000,14.4
2026-03-21 00:55:43.000,14.4
2026-03-21 00:55:43.000,10.8
2026-03-21 00:55:45.000,10.8
2026-03-21 00:55:45.000,12
2026-03-21 00:55:47.000,12
2026-03-21 00:55:47.000,13.2
2026-03-21 00:55:51.000,13.2
2026-03-21 00:55:51.000,14.4
2026-03-21 00:55:55.000,14.4
2026-03-21 00:55:55.000,16.8
2026-03-21 00:55:57.000,16.8
2026-03-21 00:55:57.000,15.6
2026-03-21 00:56:01.000,15.6
2026-03-21 00:56:01.000,16.8
2026-03-21 00:56:07.000,16.8
2026-03-21 00:56:07.000,18
2026-03-21 00:56:13.000,18
2026-03-21 00:56:13.000,19.2
2026-03-21 00:56:29.000,19.2
2026-03-21 00:56:29.000,20.4
2026-03-21 00:56:31.000,20.4
2026-03-21 00:56:31.000,19.2
2026-03-21 00:56:45.000,19.2
2026-03-21 00:56:45.000,20.4
2026-03-21 00:56:51.000,20.4
2026-03-21 00:56:51.000,19.2
2026-03-21 00:56:53.000,19.2
2026-03-21 00:56:53.000,20.4
2026-03-21 00:57:31.000,20.4
2026-03-21 00:57:31.000,19.2
2026-03-21 00:57:33.000,19.2
2026-03-21 00:57:33.000,15.6
2026-03-21 00:57:35.000,15.6
2026-03-21 00:57:35.000,16.8
2026-03-21 00:57:37.000,16.8
2026-03-21 00:57:37.000,14.4
2026-03-21 00:57:39.000,14.4
2026-03-21 00:57:39.000,12
2026-03-21 00:57:41.000,12
2026-03-21 00:57:41.000,10.8
2026-03-21 00:57:43.000,10.8
2026-03-21 00:57:43.000,8.4
2026-03-21 00:57:45.000,8.4
2026-03-21 00:57:45.000,10.8
2026-03-21 00:57:47.000,10.8
2026-03-21 00:57:47.000,9.6
2026-03-21 00:58:07.000,9.6
2026-03-21 00:58:07.000,10.8
2026-03-21 00:58:19.000,10.8
2026-03-21 00:58:19.000,9.6
2026-03-21 00:58:27.000,9.6
2026-03-21 00:58:27.000,10.8
2026-03-21 00:58:29.000,10.8
2026-03-21 00:58:29.000,12
2026-03-21 00:58:31.000,12
2026-03-21 00:58:31.000,13.2
2026-03-21 00:58:35.000,13.2
2026-03-21 00:58:35.000,14.4
2026-03-21 00:58:43.000,14.4
2026-03-21 00:58:43.000,15.6
2026-03-21 00:58:49.000,15.6
2026-03-21 00:58:49.000,16.8
2026-03-21 00:58:51.000,16.8
2026-03-21 00:58:51.000,15.6
2026-03-21 00:58:55.000,15.6
2026-03-21 00:58:55.000,16.8
2026-03-21 00:58:57.000,16.8
2026-03-21 00:58:57.000,15.6
2026-03-21 00:58:59.000,15.6
2026-03-21 00:58:59.000,13.2
2026-03-21 00:59:03.000,13.2
2026-03-21 00:59:03.000,12
2026-03-21 00:59:09.000,12
2026-03-21 00:59:09.000,10.8
2026-03-21 00:59:17.000,10.8
2026-03-21 00:59:17.000,12
2026-03-21 00:59:29.000,12
2026-03-21 00:59:29.000,10.8
2026-03-21 01:00:03.000,10.8
2026-03-21 01:00:03.000,12
2026-03-21 01:00:15.000,12
2026-03-21 01:00:15.000,10.8
2026-03-21 01:00:25.000,10.8
2026-03-21 01:00:25.000,12
2026-03-21 01:00:27.000,12
2026-03-21 01:00:27.000,13.2
2026-03-21 01:00:29.000,13.2
2026-03-21 01:00:29.000,14.4
2026-03-21 01:00:31.000,14.4
2026-03-21 01:00:31.000,13.2
2026-03-21 01:00:33.000,13.2
2026-03-21 01:00:33.000,15.6
2026-03-21 01:00:37.000,15.6
2026-03-21 01:00:37.000,14.4
2026-03-21 01:00:39.000,14.4
2026-03-21 01:00:39.000,15.6
2026-03-21 01:00:47.000,15.6
2026-03-21 01:00:47.000,16.8
2026-03-21 01:00:55.000,16.8
2026-03-21 01:00:55.000,18
2026-03-21 01:00:59.000,18
2026-03-21 01:00:59.000,20.4
2026-03-21 01:01:01.000,20.4
2026-03-21 01:01:01.000,19.2
2026-03-21 01:01:03.000,19.2
2026-03-21 01:01:03.000,20.4
2026-03-21 01:01:05.000,20.4
2026-03-21 01:01:05.000,19.2
2026-03-21 01:01:11.000,19.2
2026-03-21 01:01:11.000,18
2026-03-21 01:01:17.000,18
2026-03-21 01:01:17.000,16.8
2026-03-21 01:01:19.000,16.8
2026-03-21 01:01:19.000,18
2026-03-21 01:01:21.000,18
2026-03-21 01:01:21.000,16.8
2026-03-21 01:01:23.000,16.8
2026-03-21 01:01:23.000,18
2026-03-21 01:01:43.000,18
2026-03-21 01:01:43.000,19.2
2026-03-21 01:01:51.000,19.2
2026-03-21 01:01:51.000,18
2026-03-21 01:02:27.000,18
2026-03-21 01:02:27.000,19.2
2026-03-21 01:02:29.000,19.2
2026-03-21 01:02:29.000,18
2026-03-21 01:05:47.000,18
2026-03-21 01:05:47.000,16.8
2026-03-21 01:05:49.000,16.8
2026-03-21 01:05:49.000,18
2026-03-21 01:08:43.000,18
2026-03-21 01:08:43.000,19.2
2026-03-21 01:08:45.000,19.2
2026-03-21 01:08:45.000,18
2026-03-21 01:08:57.000,18
2026-03-21 01:08:57.000,16.8
2026-03-21 01:08:59.000,16.8
2026-03-21 01:08:59.000,15.6
2026-03-21 01:09:01.000,15.6
2026-03-21 01:09:01.000,12
2026-03-21 01:09:09.000,12
2026-03-21 01:09:09.000,13.2
2026-03-21 01:09:11.000,13.2
2026-03-21 01:09:11.000,21.6
2026-03-21 01:09:13.000,21.6
2026-03-21 01:09:13.000,2.4
2026-03-21 01:09:17.000,2.4
2026-03-21 01:09:17.000,6
2026-03-21 01:09:19.000,6
2026-03-21 01:09:19.000,8.4
2026-03-21 01:09:21.000,8.4
2026-03-21 01:09:21.000,9.6
2026-03-21 01:09:23.000,9.6
2026-03-21 01:09:23.000,10.8
2026-03-21 01:09:27.000,10.8
2026-03-21 01:09:27.000,12
2026-03-21 01:09:35.000,12
2026-03-21 01:09:35.000,13.2
2026-03-21 01:09:37.000,13.2
2026-03-21 01:09:37.000,14.4
2026-03-21 01:09:41.000,14.4
2026-03-21 01:09:41.000,15.6
2026-03-21 01:09:43.000,15.6
2026-03-21 01:09:43.000,14.4
2026-03-21 01:09:49.000,14.4
2026-03-21 01:09:49.000,13.2
2026-03-21 01:10:17.000,13.2
2026-03-21 01:10:17.000,14.4
2026-03-21 01:10:33.000,14.4
2026-03-21 01:10:33.000,13.2
2026-03-21 01:10:37.000,13.2
2026-03-21 01:10:37.000,14.4
2026-03-21 01:10:39.000,14.4
2026-03-21 01:10:39.000,15.6
2026-03-21 01:10:45.000,15.6
2026-03-21 01:10:45.000,13.2
2026-03-21 01:10:47.000,13.2
2026-03-21 01:10:47.000,14.4
2026-03-21 01:10:49.000,14.4
2026-03-21 01:10:49.000,13.2
2026-03-21 01:10:55.000,13.2
2026-03-21 01:10:55.000,14.4
2026-03-21 01:10:57.000,14.4
2026-03-21 01:10:57.000,15.6
2026-03-21 01:11:01.000,15.6
2026-03-21 01:11:01.000,14.4
2026-03-21 01:11:13.000,14.4
2026-03-21 01:11:13.000,15.6
2026-03-21 01:11:17.000,15.6
2026-03-21 01:11:17.000,19.2
2026-03-21 01:11:19.000,19.2
2026-03-21 01:11:19.000,16.8
2026-03-21 01:11:23.000,16.8
2026-03-21 01:11:23.000,15.6
2026-03-21 01:11:25.000,15.6
2026-03-21 01:11:25.000,16.8
2026-03-21 01:11:27.000,16.8
2026-03-21 01:11:27.000,14.4
2026-03-21 01:11:29.000,14.4
2026-03-21 01:11:29.000,15.6
2026-03-21 01:11:47.000,15.6
2026-03-21 01:11:47.000,16.8
2026-03-21 01:11:49.000,16.8
2026-03-21 01:11:49.000,18
2026-03-21 01:11:51.000,18
2026-03-21 01:11:51.000,19.2
2026-03-21 01:11:55.000,19.2
2026-03-21 01:11:55.000,18
2026-03-21 01:11:57.000,18
2026-03-21 01:11:57.000,16.8
2026-03-21 01:11:59.000,16.8
2026-03-21 01:11:59.000,18
2026-03-21 01:12:01.000,18
2026-03-21 01:12:01.000,15.6
2026-03-21 01:12:11.000,15.6
2026-03-21 01:12:11.000,16.8
2026-03-21 01:12:21.000,16.8
2026-03-21 01:12:21.000,18
2026-03-21 01:12:23.000,18
2026-03-21 01:12:23.000,19.2
2026-03-21 01:12:25.000,19.2
2026-03-21 01:12:25.000,20.4
2026-03-21 01:12:33.000,20.4
2026-03-21 01:12:33.000,19.2
2026-03-21 01:12:43.000,19.2
2026-03-21 01:12:43.000,20.4
2026-03-21 01:12:45.000,20.4
2026-03-21 01:12:45.000,21.6
2026-03-21 01:12:47.000,21.6
2026-03-21 01:12:47.000,22.8
2026-03-21 01:12:49.000,22.8
2026-03-21 01:12:49.000,25.2
2026-03-21 01:12:51.000,25.2
2026-03-21 01:12:51.000,26.4
2026-03-21 01:12:53.000,26.4
2026-03-21 01:12:53.000,25.2
2026-03-21 01:12:55.000,25.2
2026-03-21 01:12:55.000,24
2026-03-21 01:12:57.000,24
2026-03-21 01:12:57.000,21.6
2026-03-21 01:13:01.000,21.6
2026-03-21 01:13:01.000,20.4
2026-03-21 01:13:19.000,20.4
2026-03-21 01:13:19.000,21.6
2026-03-21 01:13:41.000,21.6
2026-03-21 01:13:41.000,20.4
2026-03-21 01:13:45.000,20.4
2026-03-21 01:13:45.000,21.6
2026-03-21 01:14:03.000,21.6
2026-03-21 01:14:03.000,22.8
2026-03-21 01:14:11.000,22.8
2026-03-21 01:14:11.000,21.6
2026-03-21 01:14:15.000,21.6
2026-03-21 01:14:15.000,20.4
2026-03-21 01:14:21.000,20.4
2026-03-21 01:14:21.000,21.6
2026-03-21 01:14:57.000,21.6
2026-03-21 01:14:57.000,22.8
2026-03-21 01:14:59.000,22.8
2026-03-21 01:14:59.000,21.6
2026-03-21 01:15:41.000,21.6
2026-03-21 01:15:41.000,22.8
2026-03-21 01:16:19.000,22.8
2026-03-21 01:16:19.000,21.6
2026-03-21 01:16:21.000,21.6
2026-03-21 01:16:21.000,22.8
2026-03-21 01:18:23.000,22.8
2026-03-21 01:18:23.000,24
2026-03-21 01:18:25.000,24
2026-03-21 01:18:25.000,25.2
2026-03-21 01:18:29.000,25.2
2026-03-21 01:18:29.000,27.6
2026-03-21 01:18:33.000,27.6
2026-03-21 01:18:33.000,28.8
2026-03-21 01:18:35.000,28.8
2026-03-21 01:18:35.000,30
2026-03-21 01:18:37.000,30
2026-03-21 01:18:37.000,32.4
2026-03-21 01:18:39.000,32.4
2026-03-21 01:18:39.000,34.8
2026-03-21 01:18:41.000,34.8
2026-03-21 01:18:41.000,37.2
2026-03-21 01:18:45.000,37.2
2026-03-21 01:18:45.000,39.6
2026-03-21 01:18:49.000,39.6
2026-03-21 01:18:49.000,40.8
2026-03-21 01:18:53.000,40.8
2026-03-21 01:18:53.000,42
2026-03-21 01:18:57.000,42
2026-03-21 01:18:57.000,43.2
2026-03-21 01:19:11.000,43.2
2026-03-21 01:19:11.000,44.4
2026-03-21 01:19:13.000,44.4
2026-03-21 01:19:13.000,45.6
2026-03-21 01:19:15.000,45.6
2026-03-21 01:19:15.000,48
2026-03-21 01:19:17.000,48
2026-03-21 01:19:17.000,49.2
2026-03-21 01:19:19.000,49.2
2026-03-21 01:19:19.000,50.4
2026-03-21 01:19:21.000,50.4
2026-03-21 01:19:21.000,51.6
2026-03-21 01:19:23.000,51.6
2026-03-21 01:19:23.000,54
2026-03-21 01:19:27.000,54
2026-03-21 01:19:27.000,55.2
2026-03-21 01:19:29.000,55.2
2026-03-21 01:19:29.000,56.4
2026-03-21 01:19:33.000,56.4
2026-03-21 01:19:33.000,57.6
2026-03-21 01:19:49.000,57.6
2026-03-21 01:19:49.000,56.4
2026-03-21 01:19:51.000,56.4
2026-03-21 01:19:51.000,57.6
2026-03-21 01:19:53.000,57.6
2026-03-21 01:19:53.000,56.4
2026-03-21 01:19:55.000,56.4
2026-03-21 01:19:55.000,57.6
2026-03-21 01:20:01.000,57.6
2026-03-21 01:20:01.000,56.4
2026-03-21 01:20:07.000,56.4
2026-03-21 01:20:07.000,57.6
2026-03-21 01:20:09.000,57.6
2026-03-21 01:20:09.000,56.4
2026-03-21 01:20:19.000,56.4
2026-03-21 01:20:19.000,57.6
2026-03-21 01:20:27.000,57.6
2026-03-21 01:20:27.000,58.8
2026-03-21 01:20:39.000,58.8
2026-03-21 01:20:39.000,57.6
2026-03-21 01:20:53.000,57.6
2026-03-21 01:20:53.000,56.4
2026-03-21 01:21:31.000,56.4
2026-03-21 01:21:31.000,55.2
2026-03-21 01:21:33.000,55.2
2026-03-21 01:21:33.000,45.6
2026-03-21 01:21:35.000,45.6
2026-03-21 01:21:35.000,22.8
2026-03-21 01:21:37.000,22.8
2026-03-21 01:21:37.000,34.8
2026-03-21 01:21:39.000,34.8
2026-03-21 01:21:39.000,26.4
2026-03-21 01:21:41.000,26.4
2026-03-21 01:21:41.000,20.4
2026-03-21 01:21:43.000,20.4
2026-03-21 01:21:43.000,15.6
2026-03-21 01:21:45.000,15.6
2026-03-21 01:21:45.000,20.4
2026-03-21 01:21:47.000,20.4
2026-03-21 01:21:47.000,13.2
2026-03-21 01:21:53.000,13.2
2026-03-21 01:21:53.000,15.6
2026-03-21 01:22:05.000,15.6
2026-03-21 01:22:05.000,16.8
2026-03-21 01:22:07.000,16.8
2026-03-21 01:22:07.000,15.6
2026-03-21 01:22:09.000,15.6
2026-03-21 01:22:09.000,16.8
2026-03-21 01:22:15.000,16.8
2026-03-21 01:22:15.000,15.6
2026-03-21 01:22:29.000,15.6
2026-03-21 01:22:29.000,18
2026-03-21 01:22:31.000,18
2026-03-21 01:22:31.000,21.6
2026-03-21 01:22:33.000,21.6
2026-03-21 01:22:33.000,24
2026-03-21 01:22:35.000,24
2026-03-21 01:22:35.000,25.2
2026-03-21 01:22:37.000,25.2
2026-03-21 01:22:37.000,26.4
2026-03-21 01:22:39.000,26.4
2026-03-21 01:22:39.000,27.6
2026-03-21 01:22:43.000,27.6
2026-03-21 01:22:43.000,28.8
2026-03-21 01:22:51.000,28.8
2026-03-21 01:22:51.000,30
2026-03-21 01:23:23.000,30
2026-03-21 01:23:23.000,31.2
2026-03-21 01:23:25.000,31.2
2026-03-21 01:23:25.000,30
2026-03-21 01:23:27.000,30
2026-03-21 01:23:27.000,22.8
2026-03-21 01:23:31.000,22.8
2026-03-21 01:23:31.000,20.4
2026-03-21 01:23:39.000,20.4
2026-03-21 01:23:39.000,19.2
2026-03-21 01:23:43.000,19.2
2026-03-21 01:23:43.000,20.4
2026-03-21 01:23:45.000,20.4
2026-03-21 01:23:45.000,25.2
2026-03-21 01:23:47.000,25.2
2026-03-21 01:23:47.000,31.2
2026-03-21 01:23:49.000,31.2
2026-03-21 01:23:49.000,32.4
2026-03-21 01:23:51.000,32.4
2026-03-21 01:23:51.000,36
2026-03-21 01:23:53.000,36
2026-03-21 01:23:53.000,37.2
2026-03-21 01:23:57.000,37.2
2026-03-21 01:23:57.000,38.4
2026-03-21 01:23:59.000,38.4
2026-03-21 01:23:59.000,39.6
2026-03-21 01:24:11.000,39.6
2026-03-21 01:24:11.000,38.4
2026-03-21 01:24:17.000,38.4
2026-03-21 01:24:17.000,36
2026-03-21 01:24:19.000,36
2026-03-21 01:24:19.000,32.4
2026-03-21 01:24:25.000,32.4
2026-03-21 01:24:25.000,33.6
2026-03-21 01:24:27.000,33.6
2026-03-21 01:24:27.000,32.4
2026-03-21 01:24:31.000,32.4
2026-03-21 01:24:31.000,34.8
2026-03-21 01:24:35.000,34.8
2026-03-21 01:24:35.000,36
2026-03-21 01:24:37.000,36
2026-03-21 01:24:37.000,37.2
2026-03-21 01:24:39.000,37.2
2026-03-21 01:24:39.000,38.4
2026-03-21 01:24:45.000,38.4
2026-03-21 01:24:45.000,37.2
2026-03-21 01:24:47.000,37.2
2026-03-21 01:24:47.000,34.8
2026-03-21 01:24:49.000,34.8
2026-03-21 01:24:49.000,31.2
2026-03-21 01:24:51.000,31.2
2026-03-21 01:24:51.000,24
2026-03-21 01:24:53.000,24
2026-03-21 01:24:53.000,15.6
2026-03-21 01:24:55.000,15.6
2026-03-21 01:24:55.000,13.2
2026-03-21 01:24:57.000,13.2
2026-03-21 01:24:57.000,12
2026-03-21 01:24:59.000,12
2026-03-21 01:24:59.000,15.6
2026-03-21 01:25:01.000,15.6
2026-03-21 01:25:01.000,16.8
2026-03-21 01:25:03.000,16.8
2026-03-21 01:25:03.000,18
2026-03-21 01:25:05.000,18
2026-03-21 01:25:05.000,21.6
2026-03-21 01:25:07.000,21.6
2026-03-21 01:25:07.000,26.4
2026-03-21 01:25:09.000,26.4
2026-03-21 01:25:09.000,32.4
2026-03-21 01:25:11.000,32.4
2026-03-21 01:25:11.000,36
2026-03-21 01:25:13.000,36
2026-03-21 01:25:13.000,39.6
2026-03-21 01:25:15.000,39.6
2026-03-21 01:25:15.000,25.2
2026-03-21 01:25:17.000,25.2
2026-03-21 01:25:17.000,24
2026-03-21 01:25:19.000,24
2026-03-21 01:25:19.000,14.4
2026-03-21 01:25:23.000,14.4
2026-03-21 01:25:23.000,12
2026-03-21 01:25:27.000,12
2026-03-21 01:25:27.000,10.8
2026-03-21 01:25:29.000,10.8
2026-03-21 01:25:29.000,12
2026-03-21 01:25:31.000,12
2026-03-21 01:25:31.000,13.2
2026-03-21 01:25:33.000,13.2
2026-03-21 01:25:33.000,19.2
2026-03-21 01:25:35.000,19.2
2026-03-21 01:25:35.000,24
2026-03-21 01:25:37.000,24
2026-03-21 01:25:37.000,28.8
2026-03-21 01:25:39.000,28.8
2026-03-21 01:25:39.000,31.2
2026-03-21 01:25:43.000,31.2
2026-03-21 01:25:43.000,26.4
2026-03-21 01:25:45.000,26.4
2026-03-21 01:25:45.000,27.6
2026-03-21 01:25:49.000,27.6
2026-03-21 01:25:49.000,28.8
2026-03-21 01:25:51.000,28.8
2026-03-21 01:25:51.000,30
2026-03-21 01:25:53.000,30
2026-03-21 01:25:53.000,31.2
2026-03-21 01:25:57.000,31.2
2026-03-21 01:25:57.000,32.4
2026-03-21 01:26:01.000,32.4
2026-03-21 01:26:01.000,33.6
2026-03-21 01:26:09.000,33.6
2026-03-21 01:26:09.000,34.8
2026-03-21 01:26:23.000,34.8
2026-03-21 01:26:23.000,36
2026-03-21 01:26:41.000,36
2026-03-21 01:26:41.000,37.2
2026-03-21 01:26:53.000,37.2
2026-03-21 01:26:53.000,38.4
2026-03-21 01:26:55.000,38.4
2026-03-21 01:26:55.000,37.2
2026-03-21 01:27:17.000,37.2
2026-03-21 01:27:17.000,38.4
2026-03-21 01:27:25.000,38.4
2026-03-21 01:27:25.000,37.2
2026-03-21 01:28:37.000,37.2
2026-03-21 01:28:37.000,30
2026-03-21 01:28:39.000,30
2026-03-21 01:28:39.000,27.6
2026-03-21 01:28:41.000,27.6
2026-03-21 01:28:41.000,32.4
2026-03-21 01:28:43.000,32.4
2026-03-21 01:28:43.000,31.2
2026-03-21 01:28:45.000,31.2
2026-03-21 01:28:45.000,34.8
2026-03-21 01:28:49.000,34.8
2026-03-21 01:28:49.000,36
2026-03-21 01:28:57.000,36
2026-03-21 01:28:57.000,37.2
2026-03-21 01:29:09.000,37.2
2026-03-21 01:29:09.000,36
2026-03-21 01:29:33.000,36
2026-03-21 01:29:33.000,37.2
2026-03-21 01:29:59.000,37.2
2026-03-21 01:29:59.000,38.4
2026-03-21 01:30:09.000,38.4
2026-03-21 01:30:09.000,39.6
2026-03-21 01:30:11.000,39.6
2026-03-21 01:30:11.000,38.4
2026-03-21 01:30:21.000,38.4
2026-03-21 01:30:21.000,37.2
2026-03-21 01:30:43.000,37.2
2026-03-21 01:30:43.000,36
2026-03-21 01:30:47.000,36
2026-03-21 01:30:47.000,34.8
2026-03-21 01:30:49.000,34.8
2026-03-21 01:30:49.000,26.4
2026-03-21 01:30:51.000,26.4
2026-03-21 01:30:51.000,7.2
2026-03-21 01:30:53.000,7.2
2026-03-21 01:30:53.000,33.6
2026-03-21 01:30:55.000,33.6
2026-03-21 01:30:55.000,3.6
2026-03-21 01:30:57.000,3.6
2026-03-21 01:30:57.000,14.4
2026-03-21 01:30:59.000,14.4
2026-03-21 01:30:59.000,6
2026-03-21 01:31:01.000,6
2026-03-21 01:31:01.000,10.8
2026-03-21 01:31:05.000,10.8
2026-03-21 01:31:05.000,13.2
2026-03-21 01:31:07.000,13.2
2026-03-21 01:31:07.000,12
2026-03-21 01:31:09.000,12
2026-03-21 01:31:09.000,13.2
2026-03-21 01:31:17.000,13.2
2026-03-21 01:31:17.000,14.4
2026-03-21 01:31:35.000,14.4
2026-03-21 01:31:35.000,15.6
2026-03-21 01:31:43.000,15.6
2026-03-21 01:31:43.000,14.4
2026-03-21 01:32:13.000,14.4
2026-03-21 01:32:13.000,15.6
2026-03-21 01:32:15.000,15.6
2026-03-21 01:32:15.000,14.4
2026-03-21 01:32:19.000,14.4
2026-03-21 01:32:19.000,15.6
2026-03-21 01:32:39.000,15.6
2026-03-21 01:32:39.000,14.4
2026-03-21 01:32:57.000,14.4
2026-03-21 01:32:57.000,15.6
2026-03-21 01:33:07.000,15.6
2026-03-21 01:33:07.000,14.4
2026-03-21 01:33:09.000,14.4
2026-03-21 01:33:09.000,15.6
2026-03-21 01:33:27.000,15.6
2026-03-21 01:33:27.000,14.4
2026-03-21 01:33:31.000,14.4
2026-03-21 01:33:31.000,15.6
2026-03-21 01:33:33.000,15.6
2026-03-21 01:33:33.000,14.4
2026-03-21 01:33:35.000,14.4
2026-03-21 01:33:35.000,15.6
2026-03-21 01:33:51.000,15.6
2026-03-21 01:33:51.000,16.8
2026-03-21 01:33:53.000,16.8
2026-03-21 01:33:53.000,19.2
2026-03-21 01:33:55.000,19.2
2026-03-21 01:33:55.000,15.6
2026-03-21 01:33:59.000,15.6
2026-03-21 01:33:59.000,10.8
2026-03-21 01:34:01.000,10.8
2026-03-21 01:34:01.000,12
2026-03-21 01:34:03.000,12
2026-03-21 01:34:03.000,10.8
2026-03-21 01:34:05.000,10.8
2026-03-21 01:34:05.000,12
2026-03-21 01:34:07.000,12
2026-03-21 01:34:07.000,10.8
2026-03-21 01:34:09.000,10.8
2026-03-21 01:34:09.000,12
2026-03-21 01:34:15.000,12
2026-03-21 01:34:15.000,13.2
2026-03-21 01:34:37.000,13.2
2026-03-21 01:34:37.000,12
2026-03-21 01:34:39.000,12
2026-03-21 01:34:39.000,13.2
2026-03-21 01:35:03.000,13.2
2026-03-21 01:35:03.000,14.4
2026-03-21 01:35:11.000,14.4
2026-03-21 01:35:11.000,13.2
2026-03-21 01:35:15.000,13.2
2026-03-21 01:35:15.000,12
2026-03-21 01:35:17.000,12
2026-03-21 01:35:17.000,13.2
2026-03-21 01:35:19.000,13.2
2026-03-21 01:35:19.000,12
2026-03-21 01:35:21.000,12
2026-03-21 01:35:21.000,13.2
2026-03-21 01:35:27.000,13.2
2026-03-21 01:35:27.000,12
2026-03-21 01:35:29.000,12
2026-03-21 01:35:29.000,13.2
2026-03-21 01:36:03.000,13.2
2026-03-21 01:36:03.000,12
2026-03-21 01:36:05.000,12
2026-03-21 01:36:05.000,13.2
2026-03-21 01:36:15.000,13.2
2026-03-21 01:36:15.000,14.4
2026-03-21 01:36:25.000,14.4
2026-03-21 01:36:25.000,13.2
2026-03-21 01:36:39.000,13.2
2026-03-21 01:36:39.000,14.4
2026-03-21 01:36:49.000,14.4
2026-03-21 01:36:49.000,13.2
2026-03-21 01:37:05.000,13.2
2026-03-21 01:37:05.000,14.4
2026-03-21 01:37:21.000,14.4
2026-03-21 01:37:21.000,13.2
2026-03-21 01:37:37.000,13.2
2026-03-21 01:37:37.000,14.4
2026-03-21 01:37:39.000,14.4
2026-03-21 01:37:39.000,13.2
2026-03-21 01:37:41.000,13.2
2026-03-21 01:37:41.000,12
2026-03-21 01:37:51.000,12
2026-03-21 01:37:51.000,10.8
2026-03-21 01:38:01.000,10.8
2026-03-21 01:38:01.000,12
2026-03-21 01:38:19.000,12
2026-03-21 01:38:19.000,13.2
2026-03-21 01:38:51.000,13.2
2026-03-21 01:38:51.000,14.4
2026-03-21 01:38:59.000,14.4
2026-03-21 01:38:59.000,15.6
2026-03-21 01:39:07.000,15.6
2026-03-21 01:39:07.000,14.4
2026-03-21 01:40:11.000,14.4
2026-03-21 01:40:11.000,15.6
2026-03-21 01:40:17.000,15.6
2026-03-21 01:40:17.000,14.4
2026-03-21 01:40:23.000,14.4
2026-03-21 01:40:23.000,13.2
2026-03-21 01:40:29.000,13.2
2026-03-21 01:40:29.000,14.4
2026-03-21 01:41:23.000,14.4
2026-03-21 01:41:23.000,15.6
2026-03-21 01:41:27.000,15.6
2026-03-21 01:41:27.000,14.4
2026-03-21 01:41:45.000,14.4
2026-03-21 01:41:45.000,15.6
2026-03-21 01:41:47.000,15.6
2026-03-21 01:41:47.000,14.4
2026-03-21 01:41:51.000,14.4
2026-03-21 01:41:51.000,13.2
2026-03-21 01:41:53.000,13.2
2026-03-21 01:41:53.000,12
2026-03-21 01:41:55.000,12
2026-03-21 01:41:55.000,13.2
2026-03-21 01:41:57.000,13.2
2026-03-21 01:41:57.000,12
2026-03-21 01:42:05.000,12
2026-03-21 01:42:05.000,13.2
2026-03-21 01:42:13.000,13.2
2026-03-21 01:42:13.000,12
2026-03-21 01:42:37.000,12
2026-03-21 01:42:37.000,13.2
2026-03-21 01:42:51.000,13.2
2026-03-21 01:42:51.000,12
2026-03-21 01:43:05.000,12
2026-03-21 01:43:05.000,13.2
2026-03-21 01:43:07.000,13.2
2026-03-21 01:43:07.000,12
2026-03-21 01:43:13.000,12
2026-03-21 01:43:13.000,13.2
2026-03-21 01:43:15.000,13.2
2026-03-21 01:43:15.000,12
2026-03-21 01:43:17.000,12
2026-03-21 01:43:17.000,13.2
2026-03-21 01:43:25.000,13.2
2026-03-21 01:43:25.000,12
2026-03-21 01:43:27.000,12
2026-03-21 01:43:27.000,13.2
2026-03-21 01:43:29.000,13.2
2026-03-21 01:43:29.000,12
2026-03-21 01:43:31.000,12
2026-03-21 01:43:31.000,13.2
2026-03-21 01:43:35.000,13.2
2026-03-21 01:43:35.000,12
2026-03-21 01:43:41.000,12
2026-03-21 01:43:41.000,13.2
2026-03-21 01:44:01.000,13.2
2026-03-21 01:44:01.000,14.4
2026-03-21 01:44:11.000,14.4
2026-03-21 01:44:11.000,15.6
2026-03-21 01:44:13.000,15.6
2026-03-21 01:44:13.000,14.4
2026-03-21 01:44:15.000,14.4
2026-03-21 01:44:15.000,15.6
2026-03-21 01:44:17.000,15.6
2026-03-21 01:44:17.000,14.4
2026-03-21 01:44:19.000,14.4
2026-03-21 01:44:19.000,13.2
2026-03-21 01:44:25.000,13.2
2026-03-21 01:44:25.000,15.6
2026-03-21 01:44:27.000,15.6
2026-03-21 01:44:27.000,18
2026-03-21 01:44:29.000,18
2026-03-21 01:44:29.000,19.2
2026-03-21 01:44:31.000,19.2
2026-03-21 01:44:31.000,20.4
2026-03-21 01:44:35.000,20.4
2026-03-21 01:44:35.000,19.2
2026-03-21 01:44:39.000,19.2
2026-03-21 01:44:39.000,20.4
2026-03-21 01:44:43.000,20.4
2026-03-21 01:44:43.000,21.6
2026-03-21 01:44:45.000,21.6
2026-03-21 01:44:45.000,22.8
2026-03-21 01:44:47.000,22.8
2026-03-21 01:44:47.000,24
2026-03-21 01:44:49.000,24
2026-03-21 01:44:49.000,25.2
2026-03-21 01:44:55.000,25.2
2026-03-21 01:44:55.000,26.4
2026-03-21 01:45:05.000,26.4
2026-03-21 01:45:05.000,27.6
2026-03-21 01:45:15.000,27.6
2026-03-21 01:45:15.000,25.2
2026-03-21 01:45:17.000,25.2
2026-03-21 01:45:17.000,20.4
2026-03-21 01:45:19.000,20.4
2026-03-21 01:45:19.000,21.6
2026-03-21 01:45:21.000,21.6
2026-03-21 01:45:21.000,18
2026-03-21 01:45:23.000,18
2026-03-21 01:45:23.000,20.4
2026-03-21 01:45:25.000,20.4
2026-03-21 01:45:25.000,22.8
2026-03-21 01:45:27.000,22.8
2026-03-21 01:45:27.000,18
2026-03-21 01:45:29.000,18
2026-03-21 01:45:29.000,14.4
2026-03-21 01:45:31.000,14.4
2026-03-21 01:45:31.000,19.2
2026-03-21 01:45:33.000,19.2
2026-03-21 01:45:33.000,9.6
2026-03-21 01:45:35.000,9.6
2026-03-21 01:45:35.000,12
2026-03-21 01:45:37.000,12
2026-03-21 01:45:37.000,9.6
2026-03-21 01:45:39.000,9.6
2026-03-21 01:45:39.000,10.8
2026-03-21 01:45:43.000,10.8
2026-03-21 01:45:43.000,12
2026-03-21 01:45:49.000,12
2026-03-21 01:45:49.000,13.2
2026-03-21 01:45:55.000,13.2
2026-03-21 01:45:55.000,14.4
2026-03-21 01:46:11.000,14.4
2026-03-21 01:46:11.000,13.2
2026-03-21 01:46:25.000,13.2
2026-03-21 01:46:25.000,14.4
2026-03-21 01:46:39.000,14.4
2026-03-21 01:46:39.000,13.2
2026-03-21 01:46:47.000,13.2
2026-03-21 01:46:47.000,14.4
2026-03-21 01:46:49.000,14.4
2026-03-21 01:46:49.000,13.2
2026-03-21 01:46:53.000,13.2
2026-03-21 01:46:53.000,14.4
2026-03-21 01:47:07.000,14.4
2026-03-21 01:47:07.000,13.2
2026-03-21 01:47:09.000,13.2
2026-03-21 01:47:09.000,14.4
2026-03-21 01:47:29.000,14.4
2026-03-21 01:47:29.000,13.2
2026-03-21 01:47:41.000,13.2
2026-03-21 01:47:41.000,14.4
2026-03-21 01:47:53.000,14.4
2026-03-21 01:47:53.000,15.6
2026-03-21 01:47:55.000,15.6
2026-03-21 01:47:55.000,14.4
2026-03-21 01:48:03.000,14.4
2026-03-21 01:48:03.000,13.2
2026-03-21 01:48:05.000,13.2
2026-03-21 01:48:05.000,14.4
2026-03-21 01:48:09.000,14.4
2026-03-21 01:48:09.000,13.2
2026-03-21 01:48:11.000,13.2
2026-03-21 01:48:11.000,14.4
2026-03-21 01:48:25.000,14.4
2026-03-21 01:48:25.000,13.2
2026-03-21 01:48:33.000,13.2
2026-03-21 01:48:33.000,14.4
2026-03-21 01:48:37.000,14.4
2026-03-21 01:48:37.000,15.6
2026-03-21 01:48:43.000,15.6
2026-03-21 01:48:43.000,14.4
2026-03-21 01:48:47.000,14.4
2026-03-21 01:48:47.000,13.2
2026-03-21 01:48:51.000,13.2
2026-03-21 01:48:51.000,12
2026-03-21 01:49:13.000,12
2026-03-21 01:49:13.000,13.2
2026-03-21 01:49:19.000,13.2
2026-03-21 01:49:19.000,12
2026-03-21 01:49:23.000,12
2026-03-21 01:49:23.000,13.2
2026-03-21 01:49:35.000,13.2
2026-03-21 01:49:35.000,14.4
2026-03-21 01:49:39.000,14.4
2026-03-21 01:49:39.000,13.2
2026-03-21 01:49:51.000,13.2
2026-03-21 01:49:51.000,12
2026-03-21 01:49:59.000,12
2026-03-21 01:49:59.000,10.8
2026-03-21 01:50:03.000,10.8
2026-03-21 01:50:03.000,12
2026-03-21 01:50:13.000,12
2026-03-21 01:50:13.000,13.2
2026-03-21 01:50:15.000,13.2
2026-03-21 01:50:15.000,12
2026-03-21 01:50:17.000,12
2026-03-21 01:50:17.000,13.2
2026-03-21 01:50:21.000,13.2
2026-03-21 01:50:21.000,12
2026-03-21 01:51:07.000,12
2026-03-21 01:51:07.000,13.2
2026-03-21 01:51:09.000,13.2
2026-03-21 01:51:09.000,12
2026-03-21 01:51:37.000,12
2026-03-21 01:51:37.000,13.2
2026-03-21 01:51:47.000,13.2
2026-03-21 01:51:47.000,12
2026-03-21 01:52:19.000,12
2026-03-21 01:52:19.000,13.2
2026-03-21 01:52:21.000,13.2
2026-03-21 01:52:21.000,12
2026-03-21 01:52:37.000,12
2026-03-21 01:52:37.000,13.2
2026-03-21 01:52:39.000,13.2
2026-03-21 01:52:39.000,12
2026-03-21 01:52:47.000,12
2026-03-21 01:52:47.000,13.2
2026-03-21 01:52:49.000,13.2
2026-03-21 01:52:49.000,12
2026-03-21 01:53:01.000,12
2026-03-21 01:53:01.000,13.2
2026-03-21 01:53:03.000,13.2
2026-03-21 01:53:03.000,12
2026-03-21 01:53:05.000,12
2026-03-21 01:53:05.000,13.2
2026-03-21 01:53:17.000,13.2
2026-03-21 01:53:17.000,12
2026-03-21 01:53:39.000,12
2026-03-21 01:53:39.000,13.2
2026-03-21 01:53:51.000,13.2
2026-03-21 01:53:51.000,12
2026-03-21 01:54:01.000,12
2026-03-21 01:54:01.000,13.2
2026-03-21 01:54:07.000,13.2
2026-03-21 01:54:07.000,14.4
2026-03-21 01:54:21.000,14.4
2026-03-21 01:54:21.000,15.6
2026-03-21 01:54:27.000,15.6
2026-03-21 01:54:27.000,14.4
2026-03-21 01:54:31.000,14.4
2026-03-21 01:54:31.000,13.2
2026-03-21 01:54:37.000,13.2
2026-03-21 01:54:37.000,14.4
2026-03-21 01:54:39.000,14.4
2026-03-21 01:54:39.000,13.2
2026-03-21 01:54:43.000,13.2
2026-03-21 01:54:43.000,12
2026-03-21 01:55:03.000,12
2026-03-21 01:55:03.000,13.2
2026-03-21 01:55:17.000,13.2
2026-03-21 01:55:17.000,12
2026-03-21 01:55:53.000,12
2026-03-21 01:55:53.000,13.2
2026-03-21 01:56:05.000,13.2
2026-03-21 01:56:05.000,12
2026-03-21 01:56:33.000,12
2026-03-21 01:56:33.000,13.2
2026-03-21 01:56:45.000,13.2
2026-03-21 01:56:45.000,12
2026-03-21 01:57:05.000,12
2026-03-21 01:57:05.000,13.2
2026-03-21 01:57:07.000,13.2
2026-03-21 01:57:07.000,12
2026-03-21 01:57:15.000,12
2026-03-21 01:57:15.000,13.2
2026-03-21 01:57:17.000,13.2
2026-03-21 01:57:17.000,12
2026-03-21 01:57:43.000,12
2026-03-21 01:57:43.000,13.2
2026-03-21 01:58:23.000,13.2
2026-03-21 01:58:23.000,14.4
2026-03-21 01:58:59.000,14.4
2026-03-21 01:58:59.000,13.2
2026-03-21 01:59:07.000,13.2
2026-03-21 01:59:07.000,12
2026-03-21 01:59:09.000,12
2026-03-21 01:59:09.000,13.2
2026-03-21 01:59:39.000,13.2
2026-03-21 01:59:39.000,14.4
2026-03-21 01:59:47.000,14.4
2026-03-21 01:59:47.000,13.2
2026-03-21 02:00:31.000,13.2
2026-03-21 02:00:31.000,14.4
2026-03-21 02:00:39.000,14.4
2026-03-21 02:00:39.000,13.2
2026-03-21 02:00:45.000,13.2
2026-03-21 02:00:45.000,12
2026-03-21 02:01:03.000,12
2026-03-21 02:01:03.000,13.2
2026-03-21 02:01:05.000,13.2
2026-03-21 02:01:05.000,12
2026-03-21 02:01:07.000,12
2026-03-21 02:01:07.000,13.2
2026-03-21 02:01:41.000,13.2
2026-03-21 02:01:41.000,14.4
2026-03-21 02:01:43.000,14.4
2026-03-21 02:01:43.000,13.2
2026-03-21 02:01:45.000,13.2
2026-03-21 02:01:45.000,18
2026-03-21 02:01:47.000,18
2026-03-21 02:01:47.000,10.8
2026-03-21 02:01:49.000,10.8
2026-03-21 02:01:49.000,6
2026-03-21 02:01:51.000,6
2026-03-21 02:01:51.000,4.8
2026-03-21 02:01:53.000,4.8
2026-03-21 02:01:53.000,8.4
2026-03-21 02:01:55.000,8.4
2026-03-21 02:01:55.000,9.6
2026-03-21 02:01:59.000,9.6
2026-03-21 02:01:59.000,10.8
2026-03-21 02:02:05.000,10.8
2026-03-21 02:02:05.000,12
2026-03-21 02:02:07.000,12
2026-03-21 02:02:07.000,13.2
2026-03-21 02:02:09.000,13.2
2026-03-21 02:02:09.000,15.6
2026-03-21 02:02:11.000,15.6
2026-03-21 02:02:11.000,14.4
2026-03-21 02:02:17.000,14.4
2026-03-21 02:02:17.000,13.2
2026-03-21 02:02:21.000,13.2
2026-03-21 02:02:21.000,12
2026-03-21 02:03:17.000,12
2026-03-21 02:03:17.000,13.2
2026-03-21 02:03:25.000,13.2
2026-03-21 02:03:25.000,12
2026-03-21 02:04:07.000,12
2026-03-21 02:04:07.000,13.2
2026-03-21 02:04:17.000,13.2
2026-03-21 02:04:17.000,14.4
2026-03-21 02:04:19.000,14.4
2026-03-21 02:04:19.000,13.2
2026-03-21 02:04:21.000,13.2
2026-03-21 02:04:21.000,14.4
2026-03-21 02:04:23.000,14.4
2026-03-21 02:04:23.000,13.2
2026-03-21 02:04:29.000,13.2
2026-03-21 02:04:29.000,12
2026-03-21 02:04:39.000,12
2026-03-21 02:04:39.000,10.8
2026-03-21 02:04:41.000,10.8
2026-03-21 02:04:41.000,12
2026-03-21 02:04:51.000,12
2026-03-21 02:04:51.000,13.2
2026-03-21 02:04:59.000,13.2
2026-03-21 02:04:59.000,14.4
2026-03-21 02:05:01.000,14.4
2026-03-21 02:05:01.000,13.2
2026-03-21 02:05:11.000,13.2
2026-03-21 02:05:11.000,12
2026-03-21 02:05:39.000,12
2026-03-21 02:05:39.000,13.2
2026-03-21 02:05:53.000,13.2
2026-03-21 02:05:53.000,12
2026-03-21 02:05:55.000,12
2026-03-21 02:05:55.000,13.2
2026-03-21 02:05:57.000,13.2
2026-03-21 02:05:57.000,12
2026-03-21 02:06:15.000,12
2026-03-21 02:06:15.000,13.2
2026-03-21 02:06:21.000,13.2
2026-03-21 02:06:21.000,16.8
2026-03-21 02:06:23.000,16.8
2026-03-21 02:06:23.000,15.6
2026-03-21 02:06:25.000,15.6
2026-03-21 02:06:25.000,14.4
2026-03-21 02:06:27.000,14.4
2026-03-21 02:06:27.000,13.2
2026-03-21 02:06:33.000,13.2
2026-03-21 02:06:33.000,12
2026-03-21 02:06:35.000,12
2026-03-21 02:06:35.000,13.2
2026-03-21 02:06:37.000,13.2
2026-03-21 02:06:37.000,12
2026-03-21 02:06:39.000,12
2026-03-21 02:06:39.000,13.2
2026-03-21 02:06:41.000,13.2
2026-03-21 02:06:41.000,12
2026-03-21 02:06:43.000,12
2026-03-21 02:06:43.000,13.2
2026-03-21 02:06:47.000,13.2
2026-03-21 02:06:47.000,12
2026-03-21 02:06:53.000,12
2026-03-21 02:06:53.000,13.2
2026-03-21 02:07:01.000,13.2
2026-03-21 02:07:01.000,14.4
2026-03-21 02:07:15.000,14.4
2026-03-21 02:07:15.000,13.2
2026-03-21 02:07:19.000,13.2
2026-03-21 02:07:19.000,12
2026-03-21 02:07:43.000,12
2026-03-21 02:07:43.000,13.2
2026-03-21 02:07:53.000,13.2
2026-03-21 02:07:53.000,14.4
2026-03-21 02:08:01.000,14.4
2026-03-21 02:08:01.000,13.2
2026-03-21 02:08:15.000,13.2
2026-03-21 02:08:15.000,12
2026-03-21 02:08:17.000,12
2026-03-21 02:08:17.000,13.2
2026-03-21 02:08:25.000,13.2
2026-03-21 02:08:25.000,12
2026-03-21 02:08:29.000,12
2026-03-21 02:08:29.000,13.2
2026-03-21 02:08:43.000,13.2
2026-03-21 02:08:43.000,12
2026-03-21 02:08:55.000,12
2026-03-21 02:08:55.000,13.2
2026-03-21 02:08:57.000,13.2
2026-03-21 02:08:57.000,15.6
2026-03-21 02:08:59.000,15.6
2026-03-21 02:08:59.000,10.8
2026-03-21 02:09:01.000,10.8
2026-03-21 02:09:01.000,14.4
2026-03-21 02:09:03.000,14.4
2026-03-21 02:09:03.000,16.8
2026-03-21 02:09:05.000,16.8
2026-03-21 02:09:05.000,18
2026-03-21 02:09:07.000,18
2026-03-21 02:09:07.000,16.8
2026-03-21 02:09:09.000,16.8
2026-03-21 02:09:09.000,15.6
2026-03-21 02:09:11.000,15.6
2026-03-21 02:09:11.000,16.8
2026-03-21 02:09:15.000,16.8
2026-03-21 02:09:15.000,18
2026-03-21 02:09:19.000,18
2026-03-21 02:09:19.000,20.4
2026-03-21 02:09:21.000,20.4
2026-03-21 02:09:21.000,21.6
2026-03-21 02:09:23.000,21.6
2026-03-21 02:09:23.000,24
2026-03-21 02:09:25.000,24
2026-03-21 02:09:25.000,22.8
2026-03-21 02:09:27.000,22.8
2026-03-21 02:09:27.000,25.2
2026-03-21 02:09:29.000,25.2
2026-03-21 02:09:29.000,27.6
2026-03-21 02:09:31.000,27.6
2026-03-21 02:09:31.000,30
2026-03-21 02:09:33.000,30
2026-03-21 02:09:33.000,33.6
2026-03-21 02:09:35.000,33.6
2026-03-21 02:09:35.000,38.4
2026-03-21 02:09:37.000,38.4
2026-03-21 02:09:37.000,40.8
2026-03-21 02:09:39.000,40.8
2026-03-21 02:09:39.000,45.6
2026-03-21 02:09:43.000,45.6
2026-03-21 02:09:43.000,48
2026-03-21 02:09:45.000,48
2026-03-21 02:09:45.000,43.2
2026-03-21 02:09:47.000,43.2
2026-03-21 02:09:47.000,40.8
2026-03-21 02:09:49.000,40.8
2026-03-21 02:09:49.000,32.4
2026-03-21 02:09:51.000,32.4
2026-03-21 02:09:51.000,34.8
2026-03-21 02:09:53.000,34.8
2026-03-21 02:09:53.000,30
2026-03-21 02:09:55.000,30
2026-03-21 02:09:55.000,32.4
2026-03-21 02:09:57.000,32.4
2026-03-21 02:09:57.000,33.6
2026-03-21 02:09:59.000,33.6
2026-03-21 02:09:59.000,36
2026-03-21 02:10:01.000,36
2026-03-21 02:10:01.000,39.6
2026-03-21 02:10:03.000,39.6
2026-03-21 02:10:03.000,43.2
2026-03-21 02:10:05.000,43.2
2026-03-21 02:10:05.000,48
2026-03-21 02:10:07.000,48
2026-03-21 02:10:07.000,49.2
2026-03-21 02:10:09.000,49.2
2026-03-21 02:10:09.000,50.4
2026-03-21 02:10:17.000,50.4
2026-03-21 02:10:17.000,51.6
2026-03-21 02:10:19.000,51.6
2026-03-21 02:10:19.000,52.8
2026-03-21 02:10:21.000,52.8
2026-03-21 02:10:21.000,51.6
2026-03-21 02:10:31.000,51.6
2026-03-21 02:10:31.000,50.4
2026-03-21 02:10:33.000,50.4
2026-03-21 02:10:33.000,45.6
2026-03-21 02:10:35.000,45.6
2026-03-21 02:10:35.000,32.4
2026-03-21 02:10:37.000,32.4
2026-03-21 02:10:37.000,39.6
2026-03-21 02:10:39.000,39.6
2026-03-21 02:10:39.000,21.6
2026-03-21 02:10:41.000,21.6
2026-03-21 02:10:41.000,19.2
2026-03-21 02:10:43.000,19.2
2026-03-21 02:10:43.000,16.8
2026-03-21 02:10:45.000,16.8
2026-03-21 02:10:45.000,15.6
2026-03-21 02:10:51.000,15.6
2026-03-21 02:10:51.000,16.8
2026-03-21 02:10:57.000,16.8
2026-03-21 02:10:57.000,18
2026-03-21 02:10:59.000,18
2026-03-21 02:10:59.000,19.2
2026-03-21 02:11:01.000,19.2
2026-03-21 02:11:01.000,20.4
2026-03-21 02:11:03.000,20.4
2026-03-21 02:11:03.000,21.6
2026-03-21 02:11:05.000,21.6
2026-03-21 02:11:05.000,22.8
2026-03-21 02:11:07.000,22.8
2026-03-21 02:11:07.000,24
2026-03-21 02:11:11.000,24
2026-03-21 02:11:11.000,25.2
2026-03-21 02:11:15.000,25.2
2026-03-21 02:11:15.000,24
2026-03-21 02:11:19.000,24
2026-03-21 02:11:19.000,25.2
2026-03-21 02:11:21.000,25.2
2026-03-21 02:11:21.000,27.6
2026-03-21 02:11:23.000,27.6
2026-03-21 02:11:23.000,32.4
2026-03-21 02:11:25.000,32.4
2026-03-21 02:11:25.000,37.2
2026-03-21 02:11:27.000,37.2
2026-03-21 02:11:27.000,42
2026-03-21 02:11:29.000,42
2026-03-21 02:11:29.000,44.4
2026-03-21 02:11:31.000,44.4
2026-03-21 02:11:31.000,46.8
2026-03-21 02:11:33.000,46.8
2026-03-21 02:11:33.000,49.2
2026-03-21 02:11:35.000,49.2
2026-03-21 02:11:35.000,50.4
2026-03-21 02:11:37.000,50.4
2026-03-21 02:11:37.000,52.8
2026-03-21 02:11:43.000,52.8
2026-03-21 02:11:43.000,54
2026-03-21 02:11:55.000,54
2026-03-21 02:11:55.000,52.8
2026-03-21 02:11:57.000,52.8
2026-03-21 02:11:57.000,51.6
2026-03-21 02:11:59.000,51.6
2026-03-21 02:11:59.000,52.8
2026-03-21 02:12:03.000,52.8
2026-03-21 02:12:03.000,54
2026-03-21 02:12:25.000,54
2026-03-21 02:12:25.000,55.2
2026-03-21 02:12:49.000,55.2
2026-03-21 02:12:49.000,54
2026-03-21 02:12:51.000,54
2026-03-21 02:12:51.000,52.8
2026-03-21 02:12:53.000,52.8
2026-03-21 02:12:53.000,50.4
2026-03-21 02:12:55.000,50.4
2026-03-21 02:12:55.000,51.6
2026-03-21 02:12:57.000,51.6
2026-03-21 02:12:57.000,50.4
2026-03-21 02:12:59.000,50.4
2026-03-21 02:12:59.000,51.6
2026-03-21 02:13:01.000,51.6
2026-03-21 02:13:01.000,52.8
2026-03-21 02:13:07.000,52.8
2026-03-21 02:13:07.000,54
2026-03-21 02:13:17.000,54
2026-03-21 02:13:17.000,55.2
2026-03-21 02:13:25.000,55.2
2026-03-21 02:13:25.000,54
2026-03-21 02:13:27.000,54
2026-03-21 02:13:27.000,50.4
2026-03-21 02:13:29.000,50.4
2026-03-21 02:13:29.000,51.6
2026-03-21 02:13:31.000,51.6
2026-03-21 02:13:31.000,45.6
2026-03-21 02:13:35.000,45.6
2026-03-21 02:13:35.000,40.8
2026-03-21 02:13:39.000,40.8
2026-03-21 02:13:39.000,37.2
2026-03-21 02:13:41.000,37.2
2026-03-21 02:13:41.000,38.4
2026-03-21 02:13:43.000,38.4
2026-03-21 02:13:43.000,37.2
2026-03-21 02:13:45.000,37.2
2026-03-21 02:13:45.000,38.4
2026-03-21 02:13:49.000,38.4
2026-03-21 02:13:49.000,40.8
2026-03-21 02:13:51.000,40.8
2026-03-21 02:13:51.000,45.6
2026-03-21 02:13:53.000,45.6
2026-03-21 02:13:53.000,49.2
2026-03-21 02:13:55.000,49.2
2026-03-21 02:13:55.000,52.8
2026-03-21 02:13:57.000,52.8
2026-03-21 02:13:57.000,56.4
2026-03-21 02:14:01.000,56.4
2026-03-21 02:14:01.000,57.6
2026-03-21 02:14:05.000,57.6
2026-03-21 02:14:05.000,58.8
2026-03-21 02:14:27.000,58.8
2026-03-21 02:14:27.000,60
2026-03-21 02:14:43.000,60
2026-03-21 02:14:43.000,58.8
2026-03-21 02:14:51.000,58.8
2026-03-21 02:14:51.000,60
2026-03-21 02:15:13.000,60
2026-03-21 02:15:13.000,58.8
2026-03-21 02:15:25.000,58.8
2026-03-21 02:15:25.000,57.6
2026-03-21 02:15:29.000,57.6
2026-03-21 02:15:29.000,58.8
2026-03-21 02:15:39.000,58.8
2026-03-21 02:15:39.000,60
2026-03-21 02:15:57.000,60
2026-03-21 02:15:57.000,58.8
2026-03-21 02:16:07.000,58.8
2026-03-21 02:16:07.000,57.6
2026-03-21 02:16:09.000,57.6
2026-03-21 02:16:09.000,55.2
2026-03-21 02:16:11.000,55.2
2026-03-21 02:16:11.000,50.4
2026-03-21 02:16:13.000,50.4
2026-03-21 02:16:13.000,40.8
2026-03-21 02:16:15.000,40.8
2026-03-21 02:16:15.000,38.4
2026-03-21 02:16:19.000,38.4
2026-03-21 02:16:19.000,37.2
2026-03-21 02:16:21.000,37.2
2026-03-21 02:16:21.000,38.4
2026-03-21 02:16:23.000,38.4
2026-03-21 02:16:23.000,37.2
2026-03-21 02:16:25.000,37.2
2026-03-21 02:16:25.000,38.4
2026-03-21 02:16:27.000,38.4
2026-03-21 02:16:27.000,39.6
2026-03-21 02:16:29.000,39.6
2026-03-21 02:16:29.000,40.8
2026-03-21 02:16:31.000,40.8
2026-03-21 02:16:31.000,44.4
2026-03-21 02:16:33.000,44.4
2026-03-21 02:16:33.000,46.8
2026-03-21 02:16:35.000,46.8
2026-03-21 02:16:35.000,49.2
2026-03-21 02:16:37.000,49.2
2026-03-21 02:16:37.000,51.6
2026-03-21 02:16:39.000,51.6
2026-03-21 02:16:39.000,52.8
2026-03-21 02:16:41.000,52.8
2026-03-21 02:16:41.000,55.2
2026-03-21 02:16:47.000,55.2
2026-03-21 02:16:47.000,56.4
2026-03-21 02:16:55.000,56.4
2026-03-21 02:16:55.000,55.2
2026-03-21 02:17:13.000,55.2
2026-03-21 02:17:13.000,56.4
2026-03-21 02:17:21.000,56.4
2026-03-21 02:17:21.000,57.6
2026-03-21 02:17:27.000,57.6
2026-03-21 02:17:27.000,58.8
2026-03-21 02:17:39.000,58.8
2026-03-21 02:17:39.000,60
2026-03-21 02:17:49.000,60
2026-03-21 02:17:49.000,58.8
2026-03-21 02:17:57.000,58.8
2026-03-21 02:17:57.000,57.6
2026-03-21 02:17:59.000,57.6
2026-03-21 02:17:59.000,58.8
2026-03-21 02:18:01.000,58.8
2026-03-21 02:18:01.000,57.6
2026-03-21 02:18:03.000,57.6
2026-03-21 02:18:03.000,58.8
2026-03-21 02:18:09.000,58.8
2026-03-21 02:18:09.000,60
2026-03-21 02:18:15.000,60
2026-03-21 02:18:15.000,58.8
2026-03-21 02:18:17.000,58.8
2026-03-21 02:18:17.000,55.2
2026-03-21 02:18:19.000,55.2
2026-03-21 02:18:19.000,46.8
2026-03-21 02:18:21.000,46.8
2026-03-21 02:18:21.000,45.6
2026-03-21 02:18:23.000,45.6
2026-03-21 02:18:23.000,28.8
2026-03-21 02:18:25.000,28.8
2026-03-21 02:18:25.000,25.2
2026-03-21 02:18:27.000,25.2
2026-03-21 02:18:27.000,26.4
2026-03-21 02:18:29.000,26.4
2026-03-21 02:18:29.000,28.8
2026-03-21 02:18:31.000,28.8
2026-03-21 02:18:31.000,26.4
2026-03-21 02:18:33.000,26.4
2026-03-21 02:18:33.000,27.6
2026-03-21 02:18:45.000,27.6
2026-03-21 02:18:45.000,26.4
2026-03-21 02:19:35.000,26.4
2026-03-21 02:19:35.000,25.2
2026-03-21 02:20:05.000,25.2
2026-03-21 02:20:05.000,26.4
2026-03-21 02:20:09.000,26.4
2026-03-21 02:20:09.000,25.2
2026-03-21 02:20:15.000,25.2
2026-03-21 02:20:15.000,26.4
2026-03-21 02:20:17.000,26.4
2026-03-21 02:20:17.000,25.2
2026-03-21 02:20:39.000,25.2
2026-03-21 02:20:39.000,24
2026-03-21 02:20:41.000,24
2026-03-21 02:20:41.000,25.2
2026-03-21 02:21:13.000,25.2
2026-03-21 02:21:13.000,24
2026-03-21 02:21:15.000,24
2026-03-21 02:21:15.000,25.2
2026-03-21 02:21:27.000,25.2
2026-03-21 02:21:27.000,24
2026-03-21 02:21:37.000,24
2026-03-21 02:21:37.000,25.2
2026-03-21 02:21:45.000,25.2
2026-03-21 02:21:45.000,24
2026-03-21 02:21:51.000,24
2026-03-21 02:21:51.000,25.2
2026-03-21 02:22:01.000,25.2
2026-03-21 02:22:01.000,24
2026-03-21 02:22:11.000,24
2026-03-21 02:22:11.000,25.2
2026-03-21 02:22:19.000,25.2
2026-03-21 02:22:19.000,24
2026-03-21 02:22:31.000,24
2026-03-21 02:22:31.000,25.2
2026-03-21 02:22:33.000,25.2
2026-03-21 02:22:33.000,24
2026-03-21 02:22:39.000,24
2026-03-21 02:22:39.000,25.2
2026-03-21 02:22:49.000,25.2
2026-03-21 02:22:49.000,24
2026-03-21 02:23:07.000,24
2026-03-21 02:23:07.000,22.8
2026-03-21 02:23:09.000,22.8
2026-03-21 02:23:09.000,24
2026-03-21 02:23:11.000,24
2026-03-21 02:23:11.000,22.8
2026-03-21 02:23:19.000,22.8
2026-03-21 02:23:19.000,24
2026-03-21 02:23:21.000,24
2026-03-21 02:23:21.000,21.6
2026-03-21 02:23:27.000,21.6
2026-03-21 02:23:27.000,22.8
2026-03-21 02:23:31.000,22.8
2026-03-21 02:23:31.000,21.6
2026-03-21 02:23:33.000,21.6
2026-03-21 02:23:33.000,22.8
2026-03-21 02:23:37.000,22.8
2026-03-21 02:23:37.000,21.6
2026-03-21 02:23:47.000,21.6
2026-03-21 02:23:47.000,20.4
2026-03-21 02:23:55.000,20.4
2026-03-21 02:23:55.000,21.6
2026-03-21 02:24:15.000,21.6
2026-03-21 02:24:15.000,22.8
2026-03-21 02:24:31.000,22.8
2026-03-21 02:24:31.000,24
2026-03-21 02:24:45.000,24
2026-03-21 02:24:45.000,25.2
2026-03-21 02:25:05.000,25.2
2026-03-21 02:25:05.000,24
2026-03-21 02:25:21.000,24
2026-03-21 02:25:21.000,25.2
2026-03-21 02:25:25.000,25.2
2026-03-21 02:25:25.000,26.4
2026-03-21 02:25:27.000,26.4
2026-03-21 02:25:27.000,25.2
2026-03-21 02:25:29.000,25.2
2026-03-21 02:25:29.000,24
2026-03-21 02:25:31.000,24
2026-03-21 02:25:31.000,21.6
2026-03-21 02:25:33.000,21.6
2026-03-21 02:25:33.000,19.2
2026-03-21 02:25:35.000,19.2
2026-03-21 02:25:35.000,18
2026-03-21 02:25:37.000,18
2026-03-21 02:25:37.000,20.4
2026-03-21 02:25:39.000,20.4
2026-03-21 02:25:39.000,18
2026-03-21 02:25:41.000,18
2026-03-21 02:25:41.000,19.2
2026-03-21 02:25:45.000,19.2
2026-03-21 02:25:45.000,18
2026-03-21 02:25:47.000,18
2026-03-21 02:25:47.000,19.2
2026-03-21 02:26:39.000,19.2
2026-03-21 02:26:39.000,20.4
2026-03-21 02:27:05.000,20.4
2026-03-21 02:27:05.000,19.2
2026-03-21 02:27:07.000,19.2
2026-03-21 02:27:07.000,20.4
2026-03-21 02:27:09.000,20.4
2026-03-21 02:27:09.000,21.6
2026-03-21 02:27:11.000,21.6
2026-03-21 02:27:11.000,22.8
2026-03-21 02:27:13.000,22.8
2026-03-21 02:27:13.000,26.4
2026-03-21 02:27:19.000,26.4
2026-03-21 02:27:19.000,27.6
2026-03-21 02:27:23.000,27.6
2026-03-21 02:27:23.000,28.8
2026-03-21 02:27:51.000,28.8
2026-03-21 02:27:51.000,30
2026-03-21 02:27:53.000,30
2026-03-21 02:27:53.000,28.8
2026-03-21 02:28:01.000,28.8
2026-03-21 02:28:01.000,27.6
2026-03-21 02:28:33.000,27.6
2026-03-21 02:28:33.000,28.8
2026-03-21 02:28:37.000,28.8
2026-03-21 02:28:37.000,30
2026-03-21 02:28:39.000,30
2026-03-21 02:28:39.000,27.6
2026-03-21 02:28:47.000,27.6
2026-03-21 02:28:47.000,26.4
2026-03-21 02:29:05.000,26.4
2026-03-21 02:29:05.000,27.6
2026-03-21 02:29:23.000,27.6
2026-03-21 02:29:23.000,26.4
2026-03-21 02:29:27.000,26.4
2026-03-21 02:29:27.000,27.6
2026-03-21 02:29:29.000,27.6
2026-03-21 02:29:29.000,26.4
2026-03-21 02:30:07.000,26.4
2026-03-21 02:30:07.000,27.6
2026-03-21 02:30:21.000,27.6
2026-03-21 02:30:21.000,26.4
2026-03-21 02:30:29.000,26.4
2026-03-21 02:30:29.000,27.6
2026-03-21 02:30:31.000,27.6
2026-03-21 02:30:31.000,26.4
2026-03-21 02:30:33.000,26.4
2026-03-21 02:30:33.000,25.2
2026-03-21 02:30:35.000,25.2
2026-03-21 02:30:35.000,12
2026-03-21 02:30:37.000,12
2026-03-21 02:30:37.000,18
2026-03-21 02:30:39.000,18
2026-03-21 02:30:39.000,12
2026-03-21 02:30:41.000,12
2026-03-21 02:30:41.000,13.2
2026-03-21 02:30:43.000,13.2
2026-03-21 02:30:43.000,14.4
2026-03-21 02:30:45.000,14.4
2026-03-21 02:30:45.000,15.6
2026-03-21 02:30:51.000,15.6
2026-03-21 02:30:51.000,16.8
2026-03-21 02:30:53.000,16.8
2026-03-21 02:30:53.000,18
2026-03-21 02:30:55.000,18
2026-03-21 02:30:55.000,20.4
2026-03-21 02:30:57.000,20.4
2026-03-21 02:30:57.000,19.2
2026-03-21 02:31:03.000,19.2
2026-03-21 02:31:03.000,18
2026-03-21 02:31:07.000,18
2026-03-21 02:31:07.000,16.8
2026-03-21 02:31:29.000,16.8
2026-03-21 02:31:29.000,18
2026-03-21 02:31:51.000,18
2026-03-21 02:31:51.000,16.8
2026-03-21 02:32:09.000,16.8
2026-03-21 02:32:09.000,18
2026-03-21 02:32:15.000,18
2026-03-21 02:32:15.000,16.8
2026-03-21 02:32:19.000,16.8
2026-03-21 02:32:19.000,18
2026-03-21 02:32:41.000,18
2026-03-21 02:32:41.000,16.8
2026-03-21 02:32:53.000,16.8
2026-03-21 02:32:53.000,18
2026-03-21 02:32:57.000,18
2026-03-21 02:32:57.000,16.8
2026-03-21 02:32:59.000,16.8
2026-03-21 02:32:59.000,18
2026-03-21 02:33:17.000,18
2026-03-21 02:33:17.000,16.8
2026-03-21 02:33:19.000,16.8
2026-03-21 02:33:19.000,18
2026-03-21 02:33:21.000,18
2026-03-21 02:33:21.000,19.2
2026-03-21 02:33:23.000,19.2
2026-03-21 02:33:23.000,9.6
2026-03-21 02:33:25.000,9.6
2026-03-21 02:33:25.000,12
2026-03-21 02:33:27.000,12
2026-03-21 02:33:27.000,9.6
2026-03-21 02:33:29.000,9.6
2026-03-21 02:33:29.000,10.8
2026-03-21 02:33:31.000,10.8
2026-03-21 02:33:31.000,12
2026-03-21 02:33:35.000,12
2026-03-21 02:33:35.000,13.2
2026-03-21 02:33:41.000,13.2
2026-03-21 02:33:41.000,14.4
2026-03-21 02:33:49.000,14.4
2026-03-21 02:33:49.000,15.6
2026-03-21 02:33:59.000,15.6
2026-03-21 02:33:59.000,14.4
2026-03-21 02:34:31.000,14.4
2026-03-21 02:34:31.000,15.6
2026-03-21 02:34:41.000,15.6
2026-03-21 02:34:41.000,14.4
2026-03-21 02:34:47.000,14.4
2026-03-21 02:34:47.000,13.2
2026-03-21 02:34:49.000,13.2
2026-03-21 02:34:49.000,14.4
2026-03-21 02:35:11.000,14.4
2026-03-21 02:35:11.000,15.6
2026-03-21 02:35:23.000,15.6
2026-03-21 02:35:23.000,14.4
2026-03-21 02:35:51.000,14.4
2026-03-21 02:35:51.000,15.6
2026-03-21 02:36:03.000,15.6
2026-03-21 02:36:03.000,14.4
2026-03-21 02:38:41.000,14.4
2026-03-21 02:38:41.000,15.6
2026-03-21 02:38:43.000,15.6
2026-03-21 02:38:43.000,14.4
2026-03-21 02:38:45.000,14.4
2026-03-21 02:38:45.000,15.6
2026-03-21 02:38:49.000,15.6
2026-03-21 02:38:49.000,14.4
2026-03-21 02:39:17.000,14.4
2026-03-21 02:39:17.000,15.6
2026-03-21 02:39:29.000,15.6
2026-03-21 02:39:29.000,14.4
2026-03-21 02:39:53.000,14.4
2026-03-21 02:39:53.000,15.6
2026-03-21 02:39:59.000,15.6
2026-03-21 02:39:59.000,14.4
2026-03-21 02:40:43.000,14.4
2026-03-21 02:40:43.000,15.6
2026-03-21 02:40:47.000,15.6
2026-03-21 02:40:47.000,14.4
2026-03-21 02:41:15.000,14.4
2026-03-21 02:41:15.000,15.6
2026-03-21 02:41:23.000,15.6
2026-03-21 02:41:23.000,14.4
2026-03-21 02:41:49.000,14.4
2026-03-21 02:41:49.000,15.6
2026-03-21 02:41:55.000,15.6
2026-03-21 02:41:55.000,14.4
2026-03-21 02:41:59.000,14.4
2026-03-21 02:41:59.000,15.6
2026-03-21 02:42:01.000,15.6
2026-03-21 02:42:01.000,14.4
2026-03-21 02:42:27.000,14.4
2026-03-21 02:42:27.000,15.6
2026-03-21 02:42:29.000,15.6
2026-03-21 02:42:29.000,14.4
2026-03-21 02:42:39.000,14.4
2026-03-21 02:42:39.000,15.6
2026-03-21 02:42:43.000,15.6
2026-03-21 02:42:43.000,14.4
2026-03-21 02:42:45.000,14.4
2026-03-21 02:42:45.000,15.6
2026-03-21 02:42:47.000,15.6
2026-03-21 02:42:47.000,14.4
2026-03-21 02:43:03.000,14.4
2026-03-21 02:43:03.000,15.6
2026-03-21 02:43:17.000,15.6
2026-03-21 02:43:17.000,14.4
2026-03-21 02:43:53.000,14.4
2026-03-21 02:43:53.000,15.6
2026-03-21 02:43:55.000,15.6
2026-03-21 02:43:55.000,14.4
2026-03-21 02:44:29.000,14.4
2026-03-21 02:44:29.000,15.6
2026-03-21 02:44:37.000,15.6
2026-03-21 02:44:37.000,14.4
2026-03-21 02:45:07.000,14.4
2026-03-21 02:45:07.000,15.6
2026-03-21 02:45:11.000,15.6
2026-03-21 02:45:11.000,14.4
2026-03-21 02:45:13.000,14.4
2026-03-21 02:45:13.000,15.6
2026-03-21 02:45:17.000,15.6
2026-03-21 02:45:17.000,14.4
2026-03-21 02:45:41.000,14.4
2026-03-21 02:45:41.000,15.6
2026-03-21 02:45:53.000,15.6
2026-03-21 02:45:53.000,14.4
2026-03-21 02:46:05.000,14.4
2026-03-21 02:46:05.000,15.6
2026-03-21 02:46:09.000,15.6
2026-03-21 02:46:09.000,14.4
2026-03-21 02:46:37.000,14.4
2026-03-21 02:46:37.000,15.6
2026-03-21 02:46:39.000,15.6
2026-03-21 02:46:39.000,14.4
2026-03-21 02:46:45.000,14.4
2026-03-21 02:46:45.000,15.6
2026-03-21 02:46:49.000,15.6
2026-03-21 02:46:49.000,14.4
2026-03-21 02:46:51.000,14.4
2026-03-21 02:46:51.000,15.6
2026-03-21 02:46:53.000,15.6
2026-03-21 02:46:53.000,14.4
2026-03-21 02:46:59.000,14.4
2026-03-21 02:46:59.000,15.6
2026-03-21 02:47:01.000,15.6
2026-03-21 02:47:01.000,14.4
2026-03-21 02:47:19.000,14.4
2026-03-21 02:47:19.000,15.6
2026-03-21 02:47:29.000,15.6
2026-03-21 02:47:29.000,14.4
2026-03-21 02:47:47.000,14.4
2026-03-21 02:47:47.000,15.6
2026-03-21 02:47:49.000,15.6
2026-03-21 02:47:49.000,14.4
2026-03-21 02:47:53.000,14.4
2026-03-21 02:47:53.000,13.2
2026-03-21 02:47:55.000,13.2
2026-03-21 02:47:55.000,14.4
2026-03-21 02:48:13.000,14.4
2026-03-21 02:48:13.000,15.6
2026-03-21 02:48:29.000,15.6
2026-03-21 02:48:29.000,14.4
2026-03-21 02:48:53.000,14.4
2026-03-21 02:48:53.000,15.6
2026-03-21 02:49:13.000,15.6
2026-03-21 02:49:13.000,14.4
2026-03-21 02:49:43.000,14.4
2026-03-21 02:49:43.000,15.6
2026-03-21 02:49:51.000,15.6
2026-03-21 02:49:51.000,14.4
2026-03-21 02:50:25.000,14.4
2026-03-21 02:50:25.000,15.6
2026-03-21 02:50:39.000,15.6
2026-03-21 02:50:39.000,14.4
2026-03-21 02:50:59.000,14.4
2026-03-21 02:50:59.000,15.6
2026-03-21 02:51:07.000,15.6
2026-03-21 02:51:07.000,14.4
2026-03-21 02:51:23.000,14.4
2026-03-21 02:51:23.000,15.6
2026-03-21 02:51:27.000,15.6
2026-03-21 02:51:27.000,14.4
2026-03-21 02:51:31.000,14.4
2026-03-21 02:51:31.000,15.6
2026-03-21 02:51:35.000,15.6
2026-03-21 02:51:35.000,14.4
2026-03-21 02:51:41.000,14.4
2026-03-21 02:51:41.000,15.6
2026-03-21 02:51:47.000,15.6
2026-03-21 02:51:47.000,14.4
2026-03-21 02:51:49.000,14.4
2026-03-21 02:51:49.000,15.6
2026-03-21 02:51:53.000,15.6
2026-03-21 02:51:53.000,14.4
2026-03-21 02:51:57.000,14.4
2026-03-21 02:51:57.000,15.6
2026-03-21 02:52:07.000,15.6
2026-03-21 02:52:07.000,14.4
2026-03-21 02:52:35.000,14.4
2026-03-21 02:52:35.000,15.6
2026-03-21 02:52:39.000,15.6
2026-03-21 02:52:39.000,14.4
2026-03-21 02:52:43.000,14.4
2026-03-21 02:52:43.000,15.6
2026-03-21 02:52:49.000,15.6
2026-03-21 02:52:49.000,14.4
2026-03-21 02:52:51.000,14.4
2026-03-21 02:52:51.000,15.6
2026-03-21 02:53:01.000,15.6
2026-03-21 02:53:01.000,16.8
2026-03-21 02:53:07.000,16.8
2026-03-21 02:53:07.000,15.6
2026-03-21 02:53:13.000,15.6
2026-03-21 02:53:13.000,16.8
2026-03-21 02:53:15.000,16.8
2026-03-21 02:53:15.000,15.6
2026-03-21 02:53:17.000,15.6
2026-03-21 02:53:17.000,16.8
2026-03-21 02:53:25.000,16.8
2026-03-21 02:53:25.000,18
2026-03-21 02:53:27.000,18
2026-03-21 02:53:27.000,15.6
2026-03-21 02:53:29.000,15.6
2026-03-21 02:53:29.000,16.8
2026-03-21 02:53:31.000,16.8
2026-03-21 02:53:31.000,14.4
2026-03-21 02:53:33.000,14.4
2026-03-21 02:53:33.000,15.6
2026-03-21 02:53:35.000,15.6
2026-03-21 02:53:35.000,14.4
2026-03-21 02:53:37.000,14.4
2026-03-21 02:53:37.000,15.6
2026-03-21 02:53:51.000,15.6
2026-03-21 02:53:51.000,16.8
2026-03-21 02:53:57.000,16.8
2026-03-21 02:53:57.000,18
2026-03-21 02:54:09.000,18
2026-03-21 02:54:09.000,16.8
2026-03-21 02:54:39.000,16.8
2026-03-21 02:54:39.000,18
2026-03-21 02:54:49.000,18
2026-03-21 02:54:49.000,16.8
2026-03-21 02:57:49.000,16.8
2026-03-21 02:57:49.000,18
2026-03-21 02:57:51.000,18
2026-03-21 02:57:51.000,16.8
2026-03-21 03:00:03.000,16.8
2026-03-21 03:00:03.000,18
2026-03-21 03:00:05.000,18
2026-03-21 03:00:05.000,16.8
2026-03-21 03:00:37.000,16.8
2026-03-21 03:00:37.000,18
2026-03-21 03:00:39.000,18
2026-03-21 03:00:39.000,16.8
2026-03-21 03:01:33.000,16.8
2026-03-21 03:01:33.000,18
2026-03-21 03:01:37.000,18
2026-03-21 03:01:37.000,16.8
2026-03-21 03:01:47.000,16.8
2026-03-21 03:01:47.000,18
2026-03-21 03:01:49.000,18
2026-03-21 03:01:49.000,16.8
2026-03-21 03:02:03.000,16.8
2026-03-21 03:02:03.000,18
2026-03-21 03:02:09.000,18
2026-03-21 03:02:09.000,16.8
2026-03-21 03:02:45.000,16.8
2026-03-21 03:02:45.000,18
2026-03-21 03:02:53.000,18
2026-03-21 03:02:53.000,16.8
2026-03-21 03:03:15.000,16.8
2026-03-21 03:03:15.000,18
2026-03-21 03:03:17.000,18
2026-03-21 03:03:17.000,16.8
2026-03-21 03:03:29.000,16.8
2026-03-21 03:03:29.000,18
2026-03-21 03:03:31.000,18
2026-03-21 03:03:31.000,16.8
2026-03-21 03:03:33.000,16.8
2026-03-21 03:03:33.000,18
2026-03-21 03:03:35.000,18
2026-03-21 03:03:35.000,16.8
2026-03-21 03:04:15.000,16.8
2026-03-21 03:04:15.000,18
2026-03-21 03:04:21.000,18
2026-03-21 03:04:21.000,16.8
2026-03-21 03:04:23.000,16.8
2026-03-21 03:04:23.000,18
2026-03-21 03:04:33.000,18
2026-03-21 03:04:33.000,16.8
2026-03-21 03:04:57.000,16.8
2026-03-21 03:04:57.000,18
2026-03-21 03:05:01.000,18
2026-03-21 03:05:01.000,16.8
2026-03-21 03:05:05.000,16.8
2026-03-21 03:05:05.000,18
2026-03-21 03:05:09.000,18
2026-03-21 03:05:09.000,16.8
2026-03-21 03:05:11.000,16.8
2026-03-21 03:05:11.000,18
2026-03-21 03:05:15.000,18
2026-03-21 03:05:15.000,16.8
2026-03-21 03:05:27.000,16.8
2026-03-21 03:05:27.000,18
2026-03-21 03:05:29.000,18
2026-03-21 03:05:29.000,16.8
2026-03-21 03:05:37.000,16.8
2026-03-21 03:05:37.000,18
2026-03-21 03:05:43.000,18
2026-03-21 03:05:43.000,19.2
2026-03-21 03:05:47.000,19.2
2026-03-21 03:05:47.000,18
2026-03-21 03:05:49.000,18
2026-03-21 03:05:49.000,13.2
2026-03-21 03:05:51.000,13.2
2026-03-21 03:05:51.000,12
2026-03-21 03:05:53.000,12
2026-03-21 03:05:53.000,13.2
2026-03-21 03:05:55.000,13.2
2026-03-21 03:05:55.000,12
2026-03-21 03:05:57.000,12
2026-03-21 03:05:57.000,13.2
2026-03-21 03:06:07.000,13.2
2026-03-21 03:06:07.000,14.4
2026-03-21 03:06:09.000,14.4
2026-03-21 03:06:09.000,13.2
2026-03-21 03:06:11.000,13.2
2026-03-21 03:06:11.000,14.4
2026-03-21 03:06:15.000,14.4
2026-03-21 03:06:15.000,13.2
2026-03-21 03:09:45.000,13.2
2026-03-21 03:09:45.000,14.4
2026-03-21 03:09:51.000,14.4
2026-03-21 03:09:51.000,13.2
2026-03-21 03:10:13.000,13.2
2026-03-21 03:10:13.000,14.4
2026-03-21 03:10:19.000,14.4
2026-03-21 03:10:19.000,15.6
2026-03-21 03:10:21.000,15.6
2026-03-21 03:10:21.000,13.2
2026-03-21 03:10:23.000,13.2
2026-03-21 03:10:23.000,15.6
2026-03-21 03:10:25.000,15.6
2026-03-21 03:10:25.000,12
2026-03-21 03:10:27.000,12
2026-03-21 03:10:27.000,13.2
2026-03-21 03:10:29.000,13.2
2026-03-21 03:10:29.000,12
2026-03-21 03:10:37.000,12
2026-03-21 03:10:37.000,13.2
2026-03-21 03:10:49.000,13.2
2026-03-21 03:10:49.000,14.4
2026-03-21 03:11:03.000,14.4
2026-03-21 03:11:03.000,13.2
2026-03-21 03:11:29.000,13.2
2026-03-21 03:11:29.000,14.4
2026-03-21 03:11:37.000,14.4
2026-03-21 03:11:37.000,13.2
2026-03-21 03:12:11.000,13.2
2026-03-21 03:12:11.000,14.4
2026-03-21 03:12:17.000,14.4
2026-03-21 03:12:17.000,13.2
2026-03-21 03:14:25.000,13.2
2026-03-21 03:14:25.000,14.4
2026-03-21 03:14:29.000,14.4
2026-03-21 03:14:29.000,13.2
2026-03-21 03:17:15.000,13.2
2026-03-21 03:17:15.000,14.4
2026-03-21 03:17:17.000,14.4
2026-03-21 03:17:17.000,13.2
2026-03-21 03:17:47.000,13.2
2026-03-21 03:17:47.000,14.4
2026-03-21 03:17:49.000,14.4
2026-03-21 03:17:49.000,13.2
2026-03-21 03:17:53.000,13.2
2026-03-21 03:17:53.000,14.4
2026-03-21 03:18:05.000,14.4
2026-03-21 03:18:05.000,13.2
2026-03-21 03:18:41.000,13.2
2026-03-21 03:18:41.000,14.4
2026-03-21 03:18:43.000,14.4
2026-03-21 03:18:43.000,13.2
2026-03-21 03:19:27.000,13.2
2026-03-21 03:19:27.000,14.4
2026-03-21 03:19:29.000,14.4
2026-03-21 03:19:29.000,13.2
2026-03-21 03:19:49.000,13.2
2026-03-21 03:19:49.000,14.4
2026-03-21 03:19:53.000,14.4
2026-03-21 03:19:53.000,13.2
2026-03-21 03:20:47.000,13.2
2026-03-21 03:20:47.000,14.4
2026-03-21 03:20:55.000,14.4
2026-03-21 03:20:55.000,13.2
2026-03-21 03:21:17.000,13.2
2026-03-21 03:21:17.000,14.4
2026-03-21 03:21:33.000,14.4
2026-03-21 03:21:33.000,13.2
2026-03-21 03:22:27.000,13.2
2026-03-21 03:22:27.000,14.4
2026-03-21 03:22:35.000,14.4
2026-03-21 03:22:35.000,13.2
2026-03-21 03:23:13.000,13.2
2026-03-21 03:23:13.000,14.4
2026-03-21 03:23:15.000,14.4
2026-03-21 03:23:15.000,13.2
2026-03-21 03:24:23.000,13.2
2026-03-21 03:24:23.000,14.4
2026-03-21 03:24:27.000,14.4
2026-03-21 03:24:27.000,13.2
2026-03-21 03:25:15.000,13.2
2026-03-21 03:25:15.000,14.4
2026-03-21 03:25:17.000,14.4
2026-03-21 03:25:17.000,13.2
2026-03-21 03:26:19.000,13.2
2026-03-21 03:26:19.000,14.4
2026-03-21 03:26:21.000,14.4
2026-03-21 03:26:21.000,13.2
2026-03-21 03:27:25.000,13.2
2026-03-21 03:27:25.000,14.4
2026-03-21 03:27:29.000,14.4
2026-03-21 03:27:29.000,13.2
2026-03-21 03:27:37.000,13.2
2026-03-21 03:27:37.000,14.4
2026-03-21 03:27:45.000,14.4
2026-03-21 03:27:45.000,13.2
2026-03-21 03:27:49.000,13.2
2026-03-21 03:27:49.000,14.4
2026-03-21 03:27:51.000,14.4
2026-03-21 03:27:51.000,13.2
2026-03-21 03:27:55.000,13.2
2026-03-21 03:27:55.000,14.4
2026-03-21 03:28:17.000,14.4
2026-03-21 03:28:17.000,13.2
2026-03-21 03:28:35.000,13.2
2026-03-21 03:28:35.000,14.4
2026-03-21 03:28:41.000,14.4
2026-03-21 03:28:41.000,13.2
2026-03-21 03:28:53.000,13.2
2026-03-21 03:28:53.000,14.4
2026-03-21 03:28:57.000,14.4
2026-03-21 03:28:57.000,13.2
2026-03-21 03:29:17.000,13.2
2026-03-21 03:29:17.000,14.4
2026-03-21 03:29:21.000,14.4
2026-03-21 03:29:21.000,13.2
2026-03-21 03:29:29.000,13.2
2026-03-21 03:29:29.000,14.4
2026-03-21 03:29:31.000,14.4
2026-03-21 03:29:31.000,13.2
2026-03-21 03:29:33.000,13.2
2026-03-21 03:29:33.000,14.4
2026-03-21 03:29:41.000,14.4
2026-03-21 03:29:41.000,13.2
2026-03-21 03:29:43.000,13.2
2026-03-21 03:29:43.000,14.4
2026-03-21 03:29:45.000,14.4
2026-03-21 03:29:45.000,13.2
2026-03-21 03:30:05.000,13.2
2026-03-21 03:30:05.000,14.4
2026-03-21 03:30:09.000,14.4
2026-03-21 03:30:09.000,13.2
2026-03-21 03:30:13.000,13.2
2026-03-21 03:30:13.000,14.4
2026-03-21 03:30:17.000,14.4
2026-03-21 03:30:17.000,13.2
2026-03-21 03:30:19.000,13.2
2026-03-21 03:30:19.000,14.4
2026-03-21 03:30:25.000,14.4
2026-03-21 03:30:25.000,13.2
2026-03-21 03:30:29.000,13.2
2026-03-21 03:30:29.000,14.4
2026-03-21 03:30:35.000,14.4
2026-03-21 03:30:35.000,13.2
2026-03-21 03:30:43.000,13.2
2026-03-21 03:30:43.000,14.4
2026-03-21 03:30:45.000,14.4
2026-03-21 03:30:45.000,13.2
2026-03-21 03:30:51.000,13.2
2026-03-21 03:30:51.000,14.4
2026-03-21 03:31:17.000,14.4
2026-03-21 03:31:17.000,13.2
2026-03-21 03:31:33.000,13.2
2026-03-21 03:31:33.000,14.4
2026-03-21 03:39:05.000,14.4
2026-03-21 03:39:05.000,15.6
2026-03-21 03:39:17.000,15.6
2026-03-21 03:39:17.000,14.4
2026-03-21 03:39:21.000,14.4
2026-03-21 03:39:21.000,15.6
2026-03-21 03:39:25.000,15.6
2026-03-21 03:39:25.000,14.4
2026-03-21 03:39:31.000,14.4
2026-03-21 03:39:31.000,15.6
2026-03-21 03:39:43.000,15.6
2026-03-21 03:39:43.000,16.8
2026-03-21 03:39:55.000,16.8
2026-03-21 03:39:55.000,15.6
2026-03-21 03:40:35.000,15.6
2026-03-21 03:40:35.000,16.8
2026-03-21 03:40:37.000,16.8
2026-03-21 03:40:37.000,15.6
2026-03-21 03:41:51.000,15.6
2026-03-21 03:41:51.000,16.8
2026-03-21 03:41:55.000,16.8
2026-03-21 03:41:55.000,15.6
2026-03-21 03:44:19.000,15.6
2026-03-21 03:44:19.000,16.8
2026-03-21 03:44:27.000,16.8
2026-03-21 03:44:27.000,15.6
2026-03-21 03:47:57.000,15.6
2026-03-21 03:47:57.000,14.4
2026-03-21 03:48:07.000,14.4
2026-03-21 03:48:07.000,15.6
2026-03-21 03:48:11.000,15.6
2026-03-21 03:48:11.000,14.4
2026-03-21 03:48:13.000,14.4
2026-03-21 03:48:13.000,15.6
2026-03-21 03:48:47.000,15.6
2026-03-21 03:48:47.000,14.4
2026-03-21 03:49:05.000,14.4
2026-03-21 03:49:05.000,15.6
2026-03-21 03:49:09.000,15.6
2026-03-21 03:49:09.000,16.8
2026-03-21 03:49:19.000,16.8
2026-03-21 03:49:19.000,15.6
2026-03-21 03:49:25.000,15.6
2026-03-21 03:49:25.000,18
2026-03-21 03:49:27.000,18
2026-03-21 03:49:27.000,15.6
2026-03-21 03:49:29.000,15.6
2026-03-21 03:49:29.000,14.4
2026-03-21 03:49:31.000,14.4
2026-03-21 03:49:31.000,13.2
2026-03-21 03:49:33.000,13.2
2026-03-21 03:49:33.000,15.6
2026-03-21 03:49:35.000,15.6
2026-03-21 03:49:35.000,14.4
2026-03-21 03:49:41.000,14.4
2026-03-21 03:49:41.000,15.6
2026-03-21 03:49:43.000,15.6
2026-03-21 03:49:43.000,18
2026-03-21 03:49:45.000,18
2026-03-21 03:49:45.000,16.8
2026-03-21 03:49:47.000,16.8
2026-03-21 03:49:47.000,14.4
2026-03-21 03:49:53.000,14.4
2026-03-21 03:49:53.000,15.6
2026-03-21 03:50:03.000,15.6
2026-03-21 03:50:03.000,16.8
2026-03-21 03:50:15.000,16.8
2026-03-21 03:50:15.000,18
2026-03-21 03:50:27.000,18
2026-03-21 03:50:27.000,16.8
2026-03-21 03:50:59.000,16.8
2026-03-21 03:50:59.000,18
2026-03-21 03:51:01.000,18
2026-03-21 03:51:01.000,19.2
2026-03-21 03:51:03.000,19.2
2026-03-21 03:51:03.000,18
2026-03-21 03:51:07.000,18
2026-03-21 03:51:07.000,19.2
2026-03-21 03:51:09.000,19.2
2026-03-21 03:51:09.000,16.8
2026-03-21 03:51:11.000,16.8
2026-03-21 03:51:11.000,14.4
2026-03-21 03:51:13.000,14.4
2026-03-21 03:51:13.000,13.2
2026-03-21 03:51:15.000,13.2
2026-03-21 03:51:15.000,12
2026-03-21 03:51:17.000,12
2026-03-21 03:51:17.000,10.8
2026-03-21 03:51:29.000,10.8
2026-03-21 03:51:29.000,9.6
2026-03-21 03:51:31.000,9.6
2026-03-21 03:51:31.000,10.8
2026-03-21 03:51:33.000,10.8
2026-03-21 03:51:33.000,9.6
2026-03-21 03:51:35.000,9.6
2026-03-21 03:51:35.000,10.8
2026-03-21 03:51:37.000,10.8
2026-03-21 03:51:37.000,9.6
2026-03-21 03:51:45.000,9.6
2026-03-21 03:51:45.000,10.8
2026-03-21 03:52:01.000,10.8
2026-03-21 03:52:01.000,9.6
2026-03-21 03:52:07.000,9.6
2026-03-21 03:52:07.000,8.4
2026-03-21 03:52:11.000,8.4
2026-03-21 03:52:11.000,9.6
2026-03-21 03:52:33.000,9.6
2026-03-21 03:52:33.000,10.8
2026-03-21 03:52:47.000,10.8
2026-03-21 03:52:47.000,9.6
2026-03-21 03:53:27.000,9.6
2026-03-21 03:53:27.000,10.8
2026-03-21 03:53:29.000,10.8
2026-03-21 03:53:29.000,9.6
2026-03-21 03:53:51.000,9.6
2026-03-21 03:53:51.000,10.8
2026-03-21 03:54:13.000,10.8
2026-03-21 03:54:13.000,9.6
2026-03-21 03:54:39.000,9.6
2026-03-21 03:54:39.000,10.8
2026-03-21 03:54:51.000,10.8
2026-03-21 03:54:51.000,12
2026-03-21 03:54:55.000,12
2026-03-21 03:54:55.000,10.8
2026-03-21 03:54:59.000,10.8
2026-03-21 03:54:59.000,13.2
2026-03-21 03:55:01.000,13.2
2026-03-21 03:55:01.000,9.6
2026-03-21 03:55:03.000,9.6
2026-03-21 03:55:03.000,12
2026-03-21 03:55:05.000,12
2026-03-21 03:55:05.000,10.8
2026-03-21 03:55:07.000,10.8
2026-03-21 03:55:07.000,12
2026-03-21 03:55:09.000,12
2026-03-21 03:55:09.000,9.6
2026-03-21 03:55:15.000,9.6
2026-03-21 03:55:15.000,10.8
2026-03-21 03:55:21.000,10.8
2026-03-21 03:55:21.000,12
2026-03-21 03:55:23.000,12
2026-03-21 03:55:23.000,13.2
2026-03-21 03:55:25.000,13.2
2026-03-21 03:55:25.000,14.4
2026-03-21 03:55:37.000,14.4
2026-03-21 03:55:37.000,13.2
2026-03-21 03:55:45.000,13.2
2026-03-21 03:55:45.000,16.8
2026-03-21 03:55:47.000,16.8
2026-03-21 03:55:47.000,14.4
2026-03-21 03:55:49.000,14.4
2026-03-21 03:55:49.000,13.2
2026-03-21 03:55:51.000,13.2
2026-03-21 03:55:51.000,12
2026-03-21 03:55:55.000,12
2026-03-21 03:55:55.000,13.2
2026-03-21 03:56:05.000,13.2
2026-03-21 03:56:05.000,14.4
2026-03-21 03:56:09.000,14.4
2026-03-21 03:56:09.000,15.6
2026-03-21 03:56:23.000,15.6
2026-03-21 03:56:23.000,14.4
2026-03-21 03:56:47.000,14.4
2026-03-21 03:56:47.000,15.6
2026-03-21 03:56:57.000,15.6
2026-03-21 03:56:57.000,16.8
2026-03-21 03:56:59.000,16.8
2026-03-21 03:56:59.000,15.6
2026-03-21 03:57:01.000,15.6
2026-03-21 03:57:01.000,14.4
2026-03-21 03:57:03.000,14.4
2026-03-21 03:57:03.000,13.2
2026-03-21 03:57:05.000,13.2
2026-03-21 03:57:05.000,12
2026-03-21 03:57:07.000,12
2026-03-21 03:57:07.000,13.2
2026-03-21 03:57:09.000,13.2
2026-03-21 03:57:09.000,12
2026-03-21 03:57:21.000,12
2026-03-21 03:57:21.000,13.2
2026-03-21 03:57:23.000,13.2
2026-03-21 03:57:23.000,14.4
2026-03-21 03:57:25.000,14.4
2026-03-21 03:57:25.000,12
2026-03-21 03:57:27.000,12
2026-03-21 03:57:27.000,10.8
2026-03-21 03:57:35.000,10.8
2026-03-21 03:57:35.000,12
2026-03-21 03:57:45.000,12
2026-03-21 03:57:45.000,13.2
2026-03-21 03:57:49.000,13.2
2026-03-21 03:57:49.000,14.4
2026-03-21 03:57:57.000,14.4
2026-03-21 03:57:57.000,13.2
2026-03-21 03:58:05.000,13.2
2026-03-21 03:58:05.000,12
2026-03-21 03:58:21.000,12
2026-03-21 03:58:21.000,13.2
2026-03-21 03:58:29.000,13.2
2026-03-21 03:58:29.000,14.4
2026-03-21 03:58:37.000,14.4
2026-03-21 03:58:37.000,13.2
2026-03-21 03:58:43.000,13.2
2026-03-21 03:58:43.000,12
2026-03-21 03:59:03.000,12
2026-03-21 03:59:03.000,13.2
2026-03-21 03:59:09.000,13.2
2026-03-21 03:59:09.000,14.4
2026-03-21 03:59:13.000,14.4
2026-03-21 03:59:13.000,13.2
2026-03-21 03:59:25.000,13.2
2026-03-21 03:59:25.000,12
2026-03-21 03:59:29.000,12
2026-03-21 03:59:29.000,13.2
2026-03-21 03:59:39.000,13.2
2026-03-21 03:59:39.000,12
2026-03-21 03:59:47.000,12
2026-03-21 03:59:47.000,13.2
2026-03-21 04:00:03.000,13.2
2026-03-21 04:00:03.000,14.4
2026-03-21 04:00:05.000,14.4
2026-03-21 04:00:05.000,13.2
2026-03-21 04:00:11.000,13.2
2026-03-21 04:00:11.000,12
2026-03-21 04:00:21.000,12
2026-03-21 04:00:21.000,13.2
2026-03-21 04:00:53.000,13.2
2026-03-21 04:00:53.000,12
2026-03-21 04:01:01.000,12
2026-03-21 04:01:01.000,13.2
2026-03-21 04:01:07.000,13.2
2026-03-21 04:01:07.000,16.8
2026-03-21 04:01:11.000,16.8
2026-03-21 04:01:11.000,10.8
2026-03-21 04:01:13.000,10.8
2026-03-21 04:01:13.000,13.2
2026-03-21 04:01:15.000,13.2
2026-03-21 04:01:15.000,9.6
2026-03-21 04:01:17.000,9.6
2026-03-21 04:01:17.000,8.4
2026-03-21 04:01:19.000,8.4
2026-03-21 04:01:19.000,9.6
2026-03-21 04:01:21.000,9.6
2026-03-21 04:01:21.000,12
2026-03-21 04:01:31.000,12
2026-03-21 04:01:31.000,13.2
2026-03-21 04:01:33.000,13.2
2026-03-21 04:01:33.000,14.4
2026-03-21 04:01:35.000,14.4
2026-03-21 04:01:35.000,13.2
2026-03-21 04:01:43.000,13.2
2026-03-21 04:01:43.000,12
2026-03-21 04:02:05.000,12
2026-03-21 04:02:05.000,13.2
2026-03-21 04:02:27.000,13.2
2026-03-21 04:02:27.000,12
2026-03-21 04:02:53.000,12
2026-03-21 04:02:53.000,13.2
2026-03-21 04:03:07.000,13.2
2026-03-21 04:03:07.000,12
2026-03-21 04:03:09.000,12
2026-03-21 04:03:09.000,13.2
2026-03-21 04:03:13.000,13.2
2026-03-21 04:03:13.000,12
2026-03-21 04:03:23.000,12
2026-03-21 04:03:23.000,13.2
2026-03-21 04:03:53.000,13.2
2026-03-21 04:03:53.000,12
2026-03-21 04:03:57.000,12
2026-03-21 04:03:57.000,13.2
2026-03-21 04:03:59.000,13.2
2026-03-21 04:03:59.000,12
2026-03-21 04:04:09.000,12
2026-03-21 04:04:09.000,13.2
2026-03-21 04:04:11.000,13.2
2026-03-21 04:04:11.000,12
2026-03-21 04:04:13.000,12
2026-03-21 04:04:13.000,14.4
2026-03-21 04:04:15.000,14.4
2026-03-21 04:04:15.000,13.2
2026-03-21 04:04:19.000,13.2
2026-03-21 04:04:19.000,12
2026-03-21 04:04:37.000,12
2026-03-21 04:04:37.000,13.2
2026-03-21 04:04:45.000,13.2
2026-03-21 04:04:45.000,14.4
2026-03-21 04:04:47.000,14.4
2026-03-21 04:04:47.000,13.2
2026-03-21 04:04:49.000,13.2
2026-03-21 04:04:49.000,14.4
2026-03-21 04:04:53.000,14.4
2026-03-21 04:04:53.000,13.2
2026-03-21 04:05:01.000,13.2
2026-03-21 04:05:01.000,12
2026-03-21 04:05:09.000,12
2026-03-21 04:05:09.000,13.2
2026-03-21 04:05:15.000,13.2
2026-03-21 04:05:15.000,12
2026-03-21 04:05:27.000,12
2026-03-21 04:05:27.000,13.2
2026-03-21 04:05:33.000,13.2
2026-03-21 04:05:33.000,14.4
2026-03-21 04:05:41.000,14.4
2026-03-21 04:05:41.000,13.2
2026-03-21 04:05:49.000,13.2
2026-03-21 04:05:49.000,12
2026-03-21 04:06:01.000,12
2026-03-21 04:06:01.000,13.2
2026-03-21 04:06:03.000,13.2
2026-03-21 04:06:03.000,12
2026-03-21 04:06:09.000,12
2026-03-21 04:06:09.000,13.2
2026-03-21 04:06:27.000,13.2
2026-03-21 04:06:27.000,12
2026-03-21 04:06:29.000,12
2026-03-21 04:06:29.000,13.2
2026-03-21 04:06:33.000,13.2
2026-03-21 04:06:33.000,12
2026-03-21 04:06:51.000,12
2026-03-21 04:06:51.000,13.2
2026-03-21 04:07:13.000,13.2
2026-03-21 04:07:13.000,12
2026-03-21 04:07:31.000,12
2026-03-21 04:07:31.000,13.2
2026-03-21 04:07:55.000,13.2
2026-03-21 04:07:55.000,12
2026-03-21 04:08:03.000,12
2026-03-21 04:08:03.000,13.2
2026-03-21 04:08:07.000,13.2
2026-03-21 04:08:07.000,12
2026-03-21 04:08:13.000,12
2026-03-21 04:08:13.000,13.2
2026-03-21 04:08:37.000,13.2
2026-03-21 04:08:37.000,12
2026-03-21 04:08:53.000,12
2026-03-21 04:08:53.000,13.2
2026-03-21 04:08:55.000,13.2
2026-03-21 04:08:55.000,12
2026-03-21 04:08:57.000,12
2026-03-21 04:08:57.000,13.2
2026-03-21 04:09:17.000,13.2
2026-03-21 04:09:17.000,12
2026-03-21 04:09:19.000,12
2026-03-21 04:09:19.000,13.2
2026-03-21 04:09:25.000,13.2
2026-03-21 04:09:25.000,12
2026-03-21 04:09:39.000,12
2026-03-21 04:09:39.000,13.2
2026-03-21 04:10:03.000,13.2
2026-03-21 04:10:03.000,12
2026-03-21 04:10:15.000,12
2026-03-21 04:10:15.000,13.2
2026-03-21 04:10:29.000,13.2
2026-03-21 04:10:29.000,12
2026-03-21 04:10:35.000,12
2026-03-21 04:10:35.000,13.2
2026-03-21 04:10:37.000,13.2
2026-03-21 04:10:37.000,12
2026-03-21 04:10:41.000,12
2026-03-21 04:10:41.000,13.2
2026-03-21 04:10:57.000,13.2
2026-03-21 04:10:57.000,12
2026-03-21 04:11:03.000,12
2026-03-21 04:11:03.000,13.2
2026-03-21 04:11:25.000,13.2
2026-03-21 04:11:25.000,12
2026-03-21 04:11:39.000,12
2026-03-21 04:11:39.000,13.2
2026-03-21 04:12:03.000,13.2
2026-03-21 04:12:03.000,12
2026-03-21 04:12:25.000,12
2026-03-21 04:12:25.000,13.2
2026-03-21 04:12:27.000,13.2
2026-03-21 04:12:27.000,12
2026-03-21 04:12:29.000,12
2026-03-21 04:12:29.000,13.2
2026-03-21 04:12:39.000,13.2
2026-03-21 04:12:39.000,12
2026-03-21 04:12:41.000,12
2026-03-21 04:12:41.000,13.2
2026-03-21 04:12:45.000,13.2
2026-03-21 04:12:45.000,12
2026-03-21 04:12:47.000,12
2026-03-21 04:12:47.000,13.2
2026-03-21 04:12:59.000,13.2
2026-03-21 04:12:59.000,12
2026-03-21 04:13:21.000,12
2026-03-21 04:13:21.000,13.2
2026-03-21 04:13:35.000,13.2
2026-03-21 04:13:35.000,12
2026-03-21 04:13:37.000,12
2026-03-21 04:13:37.000,13.2
2026-03-21 04:13:41.000,13.2
2026-03-21 04:13:41.000,12
2026-03-21 04:14:01.000,12
2026-03-21 04:14:01.000,13.2
2026-03-21 04:14:21.000,13.2
2026-03-21 04:14:21.000,12
2026-03-21 04:14:49.000,12
2026-03-21 04:14:49.000,13.2
2026-03-21 04:15:13.000,13.2
2026-03-21 04:15:13.000,12
2026-03-21 04:15:39.000,12
2026-03-21 04:15:39.000,13.2
2026-03-21 04:15:51.000,13.2
2026-03-21 04:15:51.000,12
2026-03-21 04:15:55.000,12
2026-03-21 04:15:55.000,13.2
2026-03-21 04:16:03.000,13.2
2026-03-21 04:16:03.000,12
2026-03-21 04:16:05.000,12
2026-03-21 04:16:05.000,13.2
2026-03-21 04:16:07.000,13.2
2026-03-21 04:16:07.000,12
2026-03-21 04:16:13.000,12
2026-03-21 04:16:13.000,13.2
2026-03-21 04:16:17.000,13.2
2026-03-21 04:16:17.000,12
2026-03-21 04:16:29.000,12
2026-03-21 04:16:29.000,13.2
2026-03-21 04:16:43.000,13.2
2026-03-21 04:16:43.000,24
2026-03-21 04:16:45.000,24
2026-03-21 04:16:45.000,0
2026-03-21 04:16:47.000,0
2026-03-21 04:16:47.000,22.8
2026-03-21 04:16:49.000,22.8
2026-03-21 04:16:49.000,15.6
2026-03-21 04:16:51.000,15.6
2026-03-21 04:16:51.000,13.2
2026-03-21 04:16:53.000,13.2
2026-03-21 04:16:53.000,14.4
2026-03-21 04:16:55.000,14.4
2026-03-21 04:16:55.000,9.6
2026-03-21 04:16:59.000,9.6
2026-03-21 04:16:59.000,8.4
2026-03-21 04:17:01.000,8.4
2026-03-21 04:17:01.000,9.6
2026-03-21 04:17:05.000,9.6
2026-03-21 04:17:05.000,10.8
2026-03-21 04:17:11.000,10.8
2026-03-21 04:17:11.000,12
2026-03-21 04:17:13.000,12
2026-03-21 04:17:13.000,14.4
2026-03-21 04:17:17.000,14.4
2026-03-21 04:17:17.000,16.8
2026-03-21 04:17:19.000,16.8
2026-03-21 04:17:19.000,15.6
2026-03-21 04:17:23.000,15.6
2026-03-21 04:17:23.000,13.2
2026-03-21 04:17:27.000,13.2
2026-03-21 04:17:27.000,10.8
2026-03-21 04:17:31.000,10.8
2026-03-21 04:17:31.000,12
2026-03-21 04:17:47.000,12
2026-03-21 04:17:47.000,13.2
2026-03-21 04:17:53.000,13.2
2026-03-21 04:17:53.000,14.4
2026-03-21 04:17:59.000,14.4
2026-03-21 04:17:59.000,13.2
2026-03-21 04:18:13.000,13.2
2026-03-21 04:18:13.000,12
2026-03-21 04:18:23.000,12
2026-03-21 04:18:23.000,13.2
2026-03-21 04:18:35.000,13.2
2026-03-21 04:18:35.000,14.4
2026-03-21 04:18:39.000,14.4
2026-03-21 04:18:39.000,13.2
2026-03-21 04:18:47.000,13.2
2026-03-21 04:18:47.000,12
2026-03-21 04:18:55.000,12
2026-03-21 04:18:55.000,13.2
2026-03-21 04:22:31.000,13.2
2026-03-21 04:22:31.000,12
2026-03-21 04:22:33.000,12
2026-03-21 04:22:33.000,13.2
2026-03-21 04:24:23.000,13.2
2026-03-21 04:24:23.000,12
2026-03-21 04:24:25.000,12
2026-03-21 04:24:25.000,13.2
2026-03-21 04:25:13.000,13.2
2026-03-21 04:25:13.000,12
2026-03-21 04:25:15.000,12
2026-03-21 04:25:15.000,13.2
2026-03-21 04:26:33.000,13.2
2026-03-21 04:26:33.000,12
2026-03-21 04:26:37.000,12
2026-03-21 04:26:37.000,13.2
2026-03-21 04:28:57.000,13.2
2026-03-21 04:28:57.000,12
2026-03-21 04:28:59.000,12
2026-03-21 04:28:59.000,13.2
2026-03-21 04:30:11.000,13.2
2026-03-21 04:30:11.000,12
2026-03-21 04:30:13.000,12
2026-03-21 04:30:13.000,13.2
2026-03-21 04:31:51.000,13.2
2026-03-21 04:31:51.000,12
2026-03-21 04:31:53.000,12
2026-03-21 04:31:53.000,13.2
2026-03-21 04:32:37.000,13.2
2026-03-21 04:32:37.000,12
2026-03-21 04:32:39.000,12
2026-03-21 04:32:39.000,13.2
2026-03-21 04:34:05.000,13.2
2026-03-21 04:34:05.000,12
2026-03-21 04:34:07.000,12
2026-03-21 04:34:07.000,13.2
2026-03-21 04:35:17.000,13.2
2026-03-21 04:35:17.000,16.8
2026-03-21 04:35:19.000,16.8
2026-03-21 04:35:19.000,7.2
2026-03-21 04:35:21.000,7.2
2026-03-21 04:35:21.000,9.6
2026-03-21 04:35:23.000,9.6
2026-03-21 04:35:23.000,6
2026-03-21 04:35:25.000,6
2026-03-21 04:35:25.000,9.6
2026-03-21 04:35:31.000,9.6
2026-03-21 04:35:31.000,10.8
2026-03-21 04:35:37.000,10.8
2026-03-21 04:35:37.000,12
2026-03-21 04:35:45.000,12
2026-03-21 04:35:45.000,13.2
2026-03-21 04:35:51.000,13.2
2026-03-21 04:35:51.000,14.4
2026-03-21 04:35:55.000,14.4
2026-03-21 04:35:55.000,13.2
2026-03-21 04:36:03.000,13.2
2026-03-21 04:36:03.000,12
2026-03-21 04:36:11.000,12
2026-03-21 04:36:11.000,13.2
2026-03-21 04:36:49.000,13.2
2026-03-21 04:36:49.000,14.4
2026-03-21 04:36:51.000,14.4
2026-03-21 04:36:51.000,16.8
2026-03-21 04:36:53.000,16.8
2026-03-21 04:36:53.000,14.4
2026-03-21 04:36:55.000,14.4
2026-03-21 04:36:55.000,15.6
2026-03-21 04:36:57.000,15.6
2026-03-21 04:36:57.000,13.2
2026-03-21 04:36:59.000,13.2
2026-03-21 04:36:59.000,10.8
2026-03-21 04:37:03.000,10.8
2026-03-21 04:37:03.000,12
2026-03-21 04:42:01.000,12
2026-03-21 04:42:01.000,10.8
2026-03-21 04:42:05.000,10.8
2026-03-21 04:42:05.000,12
2026-03-21 04:43:05.000,12
2026-03-21 04:43:05.000,13.2
2026-03-21 04:43:09.000,13.2
2026-03-21 04:43:09.000,12
2026-03-21 04:43:11.000,12
2026-03-21 04:43:11.000,10.8
2026-03-21 04:43:17.000,10.8
2026-03-21 04:43:17.000,12
2026-03-21 04:43:19.000,12
2026-03-21 04:43:19.000,13.2
2026-03-21 04:43:23.000,13.2
2026-03-21 04:43:23.000,12
2026-03-21 04:43:31.000,12
2026-03-21 04:43:31.000,13.2
2026-03-21 04:43:37.000,13.2
2026-03-21 04:43:37.000,12
2026-03-21 04:43:59.000,12
2026-03-21 04:43:59.000,13.2
2026-03-21 04:44:01.000,13.2
2026-03-21 04:44:01.000,12
2026-03-21 04:44:13.000,12
2026-03-21 04:44:13.000,10.8
2026-03-21 04:44:15.000,10.8
2026-03-21 04:44:15.000,12
2026-03-21 04:44:17.000,12
2026-03-21 04:44:17.000,10.8
2026-03-21 04:44:21.000,10.8
2026-03-21 04:44:21.000,12
2026-03-21 04:44:33.000,12
2026-03-21 04:44:33.000,13.2
2026-03-21 04:44:51.000,13.2
2026-03-21 04:44:51.000,12
2026-03-21 04:45:03.000,12
2026-03-21 04:45:03.000,10.8
2026-03-21 04:45:19.000,10.8
2026-03-21 04:45:19.000,12
2026-03-21 04:45:25.000,12
2026-03-21 04:45:25.000,13.2
2026-03-21 04:45:27.000,13.2
2026-03-21 04:45:27.000,12
2026-03-21 04:45:33.000,12
2026-03-21 04:45:33.000,13.2
2026-03-21 04:45:35.000,13.2
2026-03-21 04:45:35.000,14.4
2026-03-21 04:45:39.000,14.4
2026-03-21 04:45:39.000,15.6
2026-03-21 04:45:49.000,15.6
2026-03-21 04:45:49.000,14.4
2026-03-21 04:45:51.000,14.4
2026-03-21 04:45:51.000,13.2
2026-03-21 04:45:53.000,13.2
2026-03-21 04:45:53.000,8.4
2026-03-21 04:45:55.000,8.4
2026-03-21 04:45:55.000,6
2026-03-21 04:45:57.000,6
2026-03-21 04:45:57.000,4.8
2026-03-21 04:46:07.000,4.8
2026-03-21 04:46:07.000,6
2026-03-21 04:46:25.000,6
2026-03-21 04:46:25.000,4.8
2026-03-21 04:46:37.000,4.8
2026-03-21 04:46:37.000,6
2026-03-21 04:46:45.000,6
2026-03-21 04:46:45.000,7.2
2026-03-21 04:46:51.000,7.2
2026-03-21 04:46:51.000,8.4
2026-03-21 04:46:53.000,8.4
2026-03-21 04:46:53.000,7.2
2026-03-21 04:46:55.000,7.2
2026-03-21 04:46:55.000,8.4
2026-03-21 04:46:57.000,8.4
2026-03-21 04:46:57.000,9.6
2026-03-21 04:46:59.000,9.6
2026-03-21 04:46:59.000,8.4
2026-03-21 04:47:01.000,8.4
2026-03-21 04:47:01.000,9.6
2026-03-21 04:47:03.000,9.6
2026-03-21 04:47:03.000,8.4
2026-03-21 04:47:05.000,8.4
2026-03-21 04:47:05.000,9.6
2026-03-21 04:47:07.000,9.6
2026-03-21 04:47:07.000,8.4
2026-03-21 04:47:09.000,8.4
2026-03-21 04:47:09.000,9.6
2026-03-21 04:47:23.000,9.6
2026-03-21 04:47:23.000,10.8
2026-03-21 04:47:31.000,10.8
2026-03-21 04:47:31.000,12
2026-03-21 04:47:33.000,12
2026-03-21 04:47:33.000,14.4
2026-03-21 04:47:35.000,14.4
2026-03-21 04:47:35.000,13.2
2026-03-21 04:48:13.000,13.2
2026-03-21 04:48:13.000,14.4
2026-03-21 04:48:19.000,14.4
2026-03-21 04:48:19.000,15.6
2026-03-21 04:48:37.000,15.6
2026-03-21 04:48:37.000,16.8
2026-03-21 04:48:49.000,16.8
2026-03-21 04:48:49.000,18
2026-03-21 04:48:57.000,18
2026-03-21 04:48:57.000,19.2
2026-03-21 04:49:31.000,19.2
2026-03-21 04:49:31.000,20.4
2026-03-21 04:49:33.000,20.4
2026-03-21 04:49:33.000,19.2
2026-03-21 04:49:53.000,19.2
2026-03-21 04:49:53.000,20.4
2026-03-21 04:49:55.000,20.4
2026-03-21 04:49:55.000,19.2
2026-03-21 04:49:59.000,19.2
2026-03-21 04:49:59.000,16.8
2026-03-21 04:50:01.000,16.8
2026-03-21 04:50:01.000,18
2026-03-21 04:50:03.000,18
2026-03-21 04:50:03.000,16.8
2026-03-21 04:50:07.000,16.8
2026-03-21 04:50:07.000,18
2026-03-21 04:50:19.000,18
2026-03-21 04:50:19.000,19.2
2026-03-21 04:50:35.000,19.2
2026-03-21 04:50:35.000,18
2026-03-21 04:50:39.000,18
2026-03-21 04:50:39.000,16.8
2026-03-21 04:50:45.000,16.8
2026-03-21 04:50:45.000,15.6
2026-03-21 04:50:49.000,15.6
2026-03-21 04:50:49.000,14.4
2026-03-21 04:50:51.000,14.4
2026-03-21 04:50:51.000,15.6
2026-03-21 04:50:53.000,15.6
2026-03-21 04:50:53.000,14.4
2026-03-21 04:51:05.000,14.4
2026-03-21 04:51:05.000,13.2
2026-03-21 04:51:13.000,13.2
2026-03-21 04:51:13.000,14.4
2026-03-21 04:51:17.000,14.4
2026-03-21 04:51:17.000,13.2
2026-03-21 04:51:45.000,13.2
2026-03-21 04:51:45.000,14.4
2026-03-21 04:51:51.000,14.4
2026-03-21 04:51:51.000,15.6
2026-03-21 04:51:53.000,15.6
2026-03-21 04:51:53.000,18
2026-03-21 04:51:55.000,18
2026-03-21 04:51:55.000,22.8
2026-03-21 04:51:57.000,22.8
2026-03-21 04:51:57.000,30
2026-03-21 04:52:01.000,30
2026-03-21 04:52:01.000,33.6
2026-03-21 04:52:03.000,33.6
2026-03-21 04:52:03.000,34.8
2026-03-21 04:52:05.000,34.8
2026-03-21 04:52:05.000,36
2026-03-21 04:52:09.000,36
2026-03-21 04:52:09.000,37.2
2026-03-21 04:52:17.000,37.2
2026-03-21 04:52:17.000,36
2026-03-21 04:52:25.000,36
2026-03-21 04:52:25.000,37.2
2026-03-21 04:52:31.000,37.2
2026-03-21 04:52:31.000,36
2026-03-21 04:52:33.000,36
2026-03-21 04:52:33.000,37.2
2026-03-21 04:52:35.000,37.2
2026-03-21 04:52:35.000,36
2026-03-21 04:52:39.000,36
2026-03-21 04:52:39.000,32.4
2026-03-21 04:52:41.000,32.4
2026-03-21 04:52:41.000,21.6
2026-03-21 04:52:43.000,21.6
2026-03-21 04:52:43.000,22.8
2026-03-21 04:52:45.000,22.8
2026-03-21 04:52:45.000,13.2
2026-03-21 04:52:47.000,13.2
2026-03-21 04:52:47.000,16.8
2026-03-21 04:52:49.000,16.8
2026-03-21 04:52:49.000,13.2
2026-03-21 04:52:51.000,13.2
2026-03-21 04:52:51.000,14.4
2026-03-21 04:52:53.000,14.4
2026-03-21 04:52:53.000,13.2
2026-03-21 04:52:55.000,13.2
2026-03-21 04:52:55.000,14.4
2026-03-21 04:53:01.000,14.4
2026-03-21 04:53:01.000,13.2
2026-03-21 04:53:05.000,13.2
2026-03-21 04:53:05.000,14.4
2026-03-21 04:53:09.000,14.4
2026-03-21 04:53:09.000,13.2
2026-03-21 04:53:11.000,13.2
2026-03-21 04:53:11.000,14.4
2026-03-21 04:53:23.000,14.4
2026-03-21 04:53:23.000,15.6
2026-03-21 04:53:25.000,15.6
2026-03-21 04:53:25.000,18
2026-03-21 04:53:27.000,18
2026-03-21 04:53:27.000,19.2
2026-03-21 04:53:29.000,19.2
2026-03-21 04:53:29.000,21.6
2026-03-21 04:53:31.000,21.6
2026-03-21 04:53:31.000,22.8
2026-03-21 04:53:33.000,22.8
2026-03-21 04:53:33.000,24
2026-03-21 04:53:35.000,24
2026-03-21 04:53:35.000,25.2
2026-03-21 04:53:37.000,25.2
2026-03-21 04:53:37.000,26.4
2026-03-21 04:53:39.000,26.4
2026-03-21 04:53:39.000,27.6
2026-03-21 04:53:51.000,27.6
2026-03-21 04:53:51.000,26.4
2026-03-21 04:53:59.000,26.4
2026-03-21 04:53:59.000,25.2
2026-03-21 04:54:03.000,25.2
2026-03-21 04:54:03.000,24
2026-03-21 04:54:05.000,24
2026-03-21 04:54:05.000,21.6
2026-03-21 04:54:07.000,21.6
2026-03-21 04:54:07.000,19.2
2026-03-21 04:54:09.000,19.2
2026-03-21 04:54:09.000,20.4
2026-03-21 04:54:13.000,20.4
2026-03-21 04:54:13.000,21.6
2026-03-21 04:54:15.000,21.6
2026-03-21 04:54:15.000,22.8
2026-03-21 04:54:19.000,22.8
2026-03-21 04:54:19.000,24
2026-03-21 04:54:21.000,24
2026-03-21 04:54:21.000,25.2
2026-03-21 04:54:23.000,25.2
2026-03-21 04:54:23.000,24
2026-03-21 04:54:31.000,24
2026-03-21 04:54:31.000,25.2
2026-03-21 04:54:35.000,25.2
2026-03-21 04:54:35.000,26.4
2026-03-21 04:54:41.000,26.4
2026-03-21 04:54:41.000,27.6
2026-03-21 04:54:49.000,27.6
2026-03-21 04:54:49.000,26.4
2026-03-21 04:54:51.000,26.4
2026-03-21 04:54:51.000,25.2
2026-03-21 04:54:55.000,25.2
2026-03-21 04:54:55.000,24
2026-03-21 04:55:01.000,24
2026-03-21 04:55:01.000,22.8
2026-03-21 04:55:07.000,22.8
2026-03-21 04:55:07.000,19.2
2026-03-21 04:55:11.000,19.2
2026-03-21 04:55:11.000,12
2026-03-21 04:55:13.000,12
2026-03-21 04:55:13.000,16.8
2026-03-21 04:55:15.000,16.8
2026-03-21 04:55:15.000,15.6
2026-03-21 04:55:17.000,15.6
2026-03-21 04:55:17.000,16.8
2026-03-21 04:55:23.000,16.8
2026-03-21 04:55:23.000,18
2026-03-21 04:55:25.000,18
2026-03-21 04:55:25.000,16.8
2026-03-21 04:55:31.000,16.8
2026-03-21 04:55:31.000,18
2026-03-21 04:55:33.000,18
2026-03-21 04:55:33.000,20.4
2026-03-21 04:55:35.000,20.4
2026-03-21 04:55:35.000,21.6
2026-03-21 04:55:37.000,21.6
2026-03-21 04:55:37.000,25.2
2026-03-21 04:55:39.000,25.2
2026-03-21 04:55:39.000,26.4
2026-03-21 04:55:41.000,26.4
2026-03-21 04:55:41.000,27.6
2026-03-21 04:55:43.000,27.6
2026-03-21 04:55:43.000,28.8
2026-03-21 04:55:45.000,28.8
2026-03-21 04:55:45.000,27.6
2026-03-21 04:55:49.000,27.6
2026-03-21 04:55:49.000,28.8
2026-03-21 04:55:53.000,28.8
2026-03-21 04:55:53.000,30
2026-03-21 04:56:01.000,30
2026-03-21 04:56:01.000,31.2
2026-03-21 04:56:13.000,31.2
2026-03-21 04:56:13.000,30
2026-03-21 04:56:29.000,30
2026-03-21 04:56:29.000,31.2
2026-03-21 04:56:35.000,31.2
2026-03-21 04:56:35.000,32.4
2026-03-21 04:56:55.000,32.4
2026-03-21 04:56:55.000,33.6
2026-03-21 04:56:57.000,33.6
2026-03-21 04:56:57.000,32.4
2026-03-21 04:57:15.000,32.4
2026-03-21 04:57:15.000,33.6
2026-03-21 04:57:23.000,33.6
2026-03-21 04:57:23.000,36
2026-03-21 04:57:25.000,36
2026-03-21 04:57:25.000,32.4
2026-03-21 04:57:27.000,32.4
2026-03-21 04:57:27.000,28.8
2026-03-21 04:57:29.000,28.8
2026-03-21 04:57:29.000,21.6
2026-03-21 04:57:31.000,21.6
2026-03-21 04:57:31.000,24
2026-03-21 04:57:33.000,24
2026-03-21 04:57:33.000,18
2026-03-21 04:57:35.000,18
2026-03-21 04:57:35.000,20.4
2026-03-21 04:57:37.000,20.4
2026-03-21 04:57:37.000,18
2026-03-21 04:57:43.000,18
2026-03-21 04:57:43.000,16.8
2026-03-21 04:57:47.000,16.8
2026-03-21 04:57:47.000,15.6
2026-03-21 04:58:13.000,15.6
2026-03-21 04:58:13.000,16.8
2026-03-21 04:58:19.000,16.8
2026-03-21 04:58:19.000,15.6
2026-03-21 04:58:25.000,15.6
2026-03-21 04:58:25.000,18
2026-03-21 04:58:27.000,18
2026-03-21 04:58:27.000,20.4
2026-03-21 04:58:29.000,20.4
2026-03-21 04:58:29.000,19.2
2026-03-21 04:58:31.000,19.2
2026-03-21 04:58:31.000,15.6
2026-03-21 04:58:33.000,15.6
2026-03-21 04:58:33.000,10.8
2026-03-21 04:58:35.000,10.8
2026-03-21 04:58:35.000,9.6
2026-03-21 04:58:37.000,9.6
2026-03-21 04:58:37.000,12
2026-03-21 04:58:41.000,12
2026-03-21 04:58:41.000,13.2
2026-03-21 04:58:45.000,13.2
2026-03-21 04:58:45.000,14.4
2026-03-21 04:58:51.000,14.4
2026-03-21 04:58:51.000,16.8
2026-03-21 04:58:57.000,16.8
2026-03-21 04:58:57.000,15.6
2026-03-21 04:58:59.000,15.6
2026-03-21 04:58:59.000,14.4
2026-03-21 04:59:31.000,14.4
2026-03-21 04:59:31.000,15.6
2026-03-21 04:59:43.000,15.6
2026-03-21 04:59:43.000,16.8
2026-03-21 04:59:45.000,16.8
2026-03-21 04:59:45.000,18
2026-03-21 04:59:47.000,18
2026-03-21 04:59:47.000,16.8
2026-03-21 04:59:49.000,16.8
2026-03-21 04:59:49.000,15.6
2026-03-21 04:59:53.000,15.6
2026-03-21 04:59:53.000,16.8
2026-03-21 04:59:55.000,16.8
2026-03-21 04:59:55.000,19.2
2026-03-21 04:59:57.000,19.2
2026-03-21 04:59:57.000,20.4
2026-03-21 04:59:59.000,20.4
2026-03-21 04:59:59.000,21.6
2026-03-21 05:00:03.000,21.6
2026-03-21 05:00:03.000,22.8
2026-03-21 05:00:11.000,22.8
2026-03-21 05:00:11.000,24
2026-03-21 05:00:21.000,24
2026-03-21 05:00:21.000,22.8
2026-03-21 05:00:31.000,22.8
2026-03-21 05:00:31.000,21.6
2026-03-21 05:00:43.000,21.6
2026-03-21 05:00:43.000,22.8
2026-03-21 05:00:59.000,22.8
2026-03-21 05:00:59.000,24
2026-03-21 05:01:05.000,24
2026-03-21 05:01:05.000,25.2
2026-03-21 05:01:07.000,25.2
2026-03-21 05:01:07.000,22.8
2026-03-21 05:01:09.000,22.8
2026-03-21 05:01:09.000,21.6
2026-03-21 05:01:11.000,21.6
2026-03-21 05:01:11.000,19.2
2026-03-21 05:01:15.000,19.2
2026-03-21 05:01:15.000,18
2026-03-21 05:01:17.000,18
2026-03-21 05:01:17.000,16.8
2026-03-21 05:01:35.000,16.8
2026-03-21 05:01:35.000,18
2026-03-21 05:01:37.000,18
2026-03-21 05:01:37.000,22.8
2026-03-21 05:01:39.000,22.8
2026-03-21 05:01:39.000,9.6
2026-03-21 05:01:41.000,9.6
2026-03-21 05:01:41.000,14.4
2026-03-21 05:01:43.000,14.4
2026-03-21 05:01:43.000,12
2026-03-21 05:01:45.000,12
2026-03-21 05:01:45.000,14.4
2026-03-21 05:01:51.000,14.4
2026-03-21 05:01:51.000,15.6
2026-03-21 05:01:55.000,15.6
2026-03-21 05:01:55.000,16.8
2026-03-21 05:02:07.000,16.8
2026-03-21 05:02:07.000,18
2026-03-21 05:02:11.000,18
2026-03-21 05:02:11.000,19.2
2026-03-21 05:02:23.000,19.2
2026-03-21 05:02:23.000,18
2026-03-21 05:02:33.000,18
2026-03-21 05:02:33.000,16.8
2026-03-21 05:02:39.000,16.8
2026-03-21 05:02:39.000,18
2026-03-21 05:02:51.000,18
2026-03-21 05:02:51.000,19.2
2026-03-21 05:03:05.000,19.2
2026-03-21 05:03:05.000,18
2026-03-21 05:03:47.000,18
2026-03-21 05:03:47.000,19.2
2026-03-21 05:03:57.000,19.2
2026-03-21 05:03:57.000,18
2026-03-21 05:04:05.000,18
2026-03-21 05:04:05.000,16.8
2026-03-21 05:04:07.000,16.8
2026-03-21 05:04:07.000,18
2026-03-21 05:04:19.000,18
2026-03-21 05:04:19.000,19.2
2026-03-21 05:04:27.000,19.2
2026-03-21 05:04:27.000,18
2026-03-21 05:04:29.000,18
2026-03-21 05:04:29.000,19.2
2026-03-21 05:04:39.000,19.2
2026-03-21 05:04:39.000,18
2026-03-21 05:04:47.000,18
2026-03-21 05:04:47.000,19.2
2026-03-21 05:04:55.000,19.2
2026-03-21 05:04:55.000,16.8
2026-03-21 05:04:57.000,16.8
2026-03-21 05:04:57.000,15.6
2026-03-21 05:05:09.000,15.6
2026-03-21 05:05:09.000,16.8
2026-03-21 05:05:13.000,16.8
2026-03-21 05:05:13.000,18
2026-03-21 05:05:15.000,18
2026-03-21 05:05:15.000,16.8
2026-03-21 05:05:17.000,16.8
2026-03-21 05:05:17.000,18
2026-03-21 05:05:19.000,18
2026-03-21 05:05:19.000,16.8
2026-03-21 05:05:21.000,16.8
2026-03-21 05:05:21.000,18
2026-03-21 05:05:23.000,18
2026-03-21 05:05:23.000,14.4
2026-03-21 05:05:25.000,14.4
2026-03-21 05:05:25.000,15.6
2026-03-21 05:05:27.000,15.6
2026-03-21 05:05:27.000,14.4
2026-03-21 05:05:35.000,14.4
2026-03-21 05:05:35.000,15.6
2026-03-21 05:05:37.000,15.6
2026-03-21 05:05:37.000,16.8
2026-03-21 05:05:39.000,16.8
2026-03-21 05:05:39.000,19.2
2026-03-21 05:05:41.000,19.2
2026-03-21 05:05:41.000,16.8
2026-03-21 05:05:43.000,16.8
2026-03-21 05:05:43.000,15.6
2026-03-21 05:05:45.000,15.6
2026-03-21 05:05:45.000,13.2
2026-03-21 05:06:01.000,13.2
2026-03-21 05:06:01.000,14.4
2026-03-21 05:06:07.000,14.4
2026-03-21 05:06:07.000,15.6
2026-03-21 05:06:19.000,15.6
2026-03-21 05:06:19.000,14.4
2026-03-21 05:06:45.000,14.4
2026-03-21 05:06:45.000,15.6
2026-03-21 05:06:57.000,15.6
2026-03-21 05:06:57.000,14.4
2026-03-21 05:08:19.000,14.4
2026-03-21 05:08:19.000,15.6
2026-03-21 05:08:21.000,15.6
2026-03-21 05:08:21.000,14.4
2026-03-21 05:08:37.000,14.4
2026-03-21 05:08:37.000,13.2
2026-03-21 05:08:51.000,13.2
2026-03-21 05:08:51.000,14.4
2026-03-21 05:08:53.000,14.4
2026-03-21 05:08:53.000,15.6
2026-03-21 05:08:55.000,15.6
2026-03-21 05:08:55.000,18
2026-03-21 05:08:57.000,18
2026-03-21 05:08:57.000,14.4
2026-03-21 05:08:59.000,14.4
2026-03-21 05:08:59.000,15.6
2026-03-21 05:09:01.000,15.6
2026-03-21 05:09:01.000,13.2
2026-03-21 05:09:03.000,13.2
2026-03-21 05:09:03.000,14.4
2026-03-21 05:09:31.000,14.4
2026-03-21 05:09:31.000,15.6
2026-03-21 05:09:39.000,15.6
2026-03-21 05:09:39.000,16.8
2026-03-21 05:09:47.000,16.8
2026-03-21 05:09:47.000,15.6
2026-03-21 05:10:05.000,15.6
2026-03-21 05:10:05.000,14.4
2026-03-21 05:10:09.000,14.4
2026-03-21 05:10:09.000,15.6
2026-03-21 05:10:17.000,15.6
2026-03-21 05:10:17.000,16.8
2026-03-21 05:10:27.000,16.8
2026-03-21 05:10:27.000,15.6
2026-03-21 05:10:33.000,15.6
2026-03-21 05:10:33.000,14.4
2026-03-21 05:10:35.000,14.4
2026-03-21 05:10:35.000,13.2
2026-03-21 05:10:37.000,13.2
2026-03-21 05:10:37.000,10.8
2026-03-21 05:10:39.000,10.8
2026-03-21 05:10:39.000,12
2026-03-21 05:10:41.000,12
2026-03-21 05:10:41.000,10.8
2026-03-21 05:10:45.000,10.8
2026-03-21 05:10:45.000,12
2026-03-21 05:10:47.000,12
2026-03-21 05:10:47.000,10.8
2026-03-21 05:10:53.000,10.8
2026-03-21 05:10:53.000,12
2026-03-21 05:10:55.000,12
2026-03-21 05:10:55.000,10.8
2026-03-21 05:11:07.000,10.8
2026-03-21 05:11:07.000,12
2026-03-21 05:11:15.000,12
2026-03-21 05:11:15.000,13.2
2026-03-21 05:11:21.000,13.2
2026-03-21 05:11:21.000,15.6
2026-03-21 05:11:23.000,15.6
2026-03-21 05:11:23.000,13.2
2026-03-21 05:11:25.000,13.2
2026-03-21 05:11:25.000,14.4
2026-03-21 05:11:27.000,14.4
2026-03-21 05:11:27.000,15.6
2026-03-21 05:11:31.000,15.6
2026-03-21 05:11:31.000,16.8
2026-03-21 05:11:39.000,16.8
2026-03-21 05:11:39.000,18
2026-03-21 05:11:49.000,18
2026-03-21 05:11:49.000,19.2
2026-03-21 05:11:51.000,19.2
2026-03-21 05:11:51.000,18
2026-03-21 05:11:59.000,18
2026-03-21 05:11:59.000,19.2
2026-03-21 05:12:11.000,19.2
2026-03-21 05:12:11.000,18
2026-03-21 05:12:41.000,18
2026-03-21 05:12:41.000,19.2
2026-03-21 05:12:51.000,19.2
2026-03-21 05:12:51.000,20.4
2026-03-21 05:13:09.000,20.4
2026-03-21 05:13:09.000,19.2
2026-03-21 05:13:15.000,19.2
2026-03-21 05:13:15.000,20.4
2026-03-21 05:13:19.000,20.4
2026-03-21 05:13:19.000,19.2
2026-03-21 05:13:35.000,19.2
2026-03-21 05:13:35.000,20.4
2026-03-21 05:13:37.000,20.4
2026-03-21 05:13:37.000,19.2
2026-03-21 05:13:41.000,19.2
2026-03-21 05:13:41.000,20.4
2026-03-21 05:13:43.000,20.4
2026-03-21 05:13:43.000,19.2
2026-03-21 05:13:51.000,19.2
2026-03-21 05:13:51.000,20.4
2026-03-21 05:13:53.000,20.4
2026-03-21 05:13:53.000,19.2
2026-03-21 05:14:07.000,19.2
2026-03-21 05:14:07.000,20.4
2026-03-21 05:14:23.000,20.4
2026-03-21 05:14:23.000,21.6
2026-03-21 05:15:03.000,21.6
2026-03-21 05:15:03.000,22.8
2026-03-21 05:15:05.000,22.8
2026-03-21 05:15:05.000,24
2026-03-21 05:15:11.000,24
2026-03-21 05:15:11.000,25.2
2026-03-21 05:15:13.000,25.2
2026-03-21 05:15:13.000,28.8
2026-03-21 05:15:15.000,28.8
2026-03-21 05:15:15.000,36
2026-03-21 05:15:19.000,36
2026-03-21 05:15:19.000,38.4
2026-03-21 05:15:21.000,38.4
2026-03-21 05:15:21.000,40.8
2026-03-21 05:15:25.000,40.8
2026-03-21 05:15:25.000,42
2026-03-21 05:15:29.000,42
2026-03-21 05:15:29.000,40.8
2026-03-21 05:15:33.000,40.8
2026-03-21 05:15:33.000,39.6
2026-03-21 05:15:39.000,39.6
2026-03-21 05:15:39.000,38.4
2026-03-21 05:15:47.000,38.4
2026-03-21 05:15:47.000,37.2
2026-03-21 05:16:11.000,37.2
2026-03-21 05:16:11.000,38.4
2026-03-21 05:16:19.000,38.4
2026-03-21 05:16:19.000,39.6
2026-03-21 05:16:25.000,39.6
2026-03-21 05:16:25.000,40.8
2026-03-21 05:16:37.000,40.8
2026-03-21 05:16:37.000,42
2026-03-21 05:16:51.000,42
2026-03-21 05:16:51.000,40.8
2026-03-21 05:17:17.000,40.8
2026-03-21 05:17:17.000,42
2026-03-21 05:17:53.000,42
2026-03-21 05:17:53.000,43.2
2026-03-21 05:18:09.000,43.2
2026-03-21 05:18:09.000,42
2026-03-21 05:18:19.000,42
2026-03-21 05:18:19.000,43.2
2026-03-21 05:18:21.000,43.2
2026-03-21 05:18:21.000,42
2026-03-21 05:18:23.000,42
2026-03-21 05:18:23.000,43.2
2026-03-21 05:18:47.000,43.2
2026-03-21 05:18:47.000,42
2026-03-21 05:19:47.000,42
2026-03-21 05:19:47.000,40.8
2026-03-21 05:20:15.000,40.8
2026-03-21 05:20:15.000,39.6
2026-03-21 05:20:19.000,39.6
2026-03-21 05:20:19.000,38.4
2026-03-21 05:20:25.000,38.4
2026-03-21 05:20:25.000,37.2
2026-03-21 05:20:41.000,37.2
2026-03-21 05:20:41.000,38.4
2026-03-21 05:20:43.000,38.4
2026-03-21 05:20:43.000,37.2
2026-03-21 05:20:45.000,37.2
2026-03-21 05:20:45.000,38.4
2026-03-21 05:20:53.000,38.4
2026-03-21 05:20:53.000,39.6
2026-03-21 05:21:27.000,39.6
2026-03-21 05:21:27.000,38.4
2026-03-21 05:21:47.000,38.4
2026-03-21 05:21:47.000,39.6
2026-03-21 05:22:09.000,39.6
2026-03-21 05:22:09.000,38.4
2026-03-21 05:22:11.000,38.4
2026-03-21 05:22:11.000,39.6
2026-03-21 05:22:41.000,39.6
2026-03-21 05:22:41.000,38.4
2026-03-21 05:22:43.000,38.4
2026-03-21 05:22:43.000,34.8
2026-03-21 05:22:45.000,34.8
2026-03-21 05:22:45.000,24
2026-03-21 05:22:47.000,24
2026-03-21 05:22:47.000,38.4
2026-03-21 05:22:49.000,38.4
2026-03-21 05:22:49.000,12
2026-03-21 05:22:51.000,12
2026-03-21 05:22:51.000,32.4
2026-03-21 05:22:53.000,32.4
2026-03-21 05:22:53.000,19.2
2026-03-21 05:22:55.000,19.2
2026-03-21 05:22:55.000,22.8
2026-03-21 05:22:57.000,22.8
2026-03-21 05:22:57.000,20.4
2026-03-21 05:22:59.000,20.4
2026-03-21 05:22:59.000,21.6
2026-03-21 05:23:01.000,21.6
2026-03-21 05:23:01.000,20.4
2026-03-21 05:23:59.000,20.4
2026-03-21 05:23:59.000,19.2
2026-03-21 05:24:01.000,19.2
2026-03-21 05:24:01.000,20.4
2026-03-21 05:24:03.000,20.4
2026-03-21 05:24:03.000,19.2
2026-03-21 05:24:05.000,19.2
2026-03-21 05:24:05.000,20.4
2026-03-21 05:24:21.000,20.4
2026-03-21 05:24:21.000,19.2
2026-03-21 05:24:45.000,19.2
2026-03-21 05:24:45.000,20.4
2026-03-21 05:24:49.000,20.4
2026-03-21 05:24:49.000,19.2
2026-03-21 05:24:51.000,19.2
2026-03-21 05:24:51.000,20.4
2026-03-21 05:24:57.000,20.4
2026-03-21 05:24:57.000,22.8
2026-03-21 05:25:01.000,22.8
2026-03-21 05:25:01.000,24
2026-03-21 05:25:05.000,24
2026-03-21 05:25:05.000,25.2
2026-03-21 05:25:15.000,25.2
2026-03-21 05:25:15.000,24
2026-03-21 05:25:19.000,24
2026-03-21 05:25:19.000,25.2
2026-03-21 05:25:41.000,25.2
2026-03-21 05:25:41.000,26.4
2026-03-21 05:25:43.000,26.4
2026-03-21 05:25:43.000,25.2
2026-03-21 05:25:45.000,25.2
2026-03-21 05:25:45.000,28.8
2026-03-21 05:25:47.000,28.8
2026-03-21 05:25:47.000,26.4
2026-03-21 05:25:49.000,26.4
2026-03-21 05:25:49.000,28.8
2026-03-21 05:25:51.000,28.8
2026-03-21 05:25:51.000,26.4
2026-03-21 05:25:55.000,26.4
2026-03-21 05:25:55.000,25.2
2026-03-21 05:25:59.000,25.2
2026-03-21 05:25:59.000,24
2026-03-21 05:26:01.000,24
2026-03-21 05:26:01.000,25.2
2026-03-21 05:26:03.000,25.2
2026-03-21 05:26:03.000,24
2026-03-21 05:26:41.000,24
2026-03-21 05:26:41.000,22.8
2026-03-21 05:26:45.000,22.8
2026-03-21 05:26:45.000,24
2026-03-21 05:27:01.000,24
2026-03-21 05:27:01.000,22.8
2026-03-21 05:27:13.000,22.8
2026-03-21 05:27:13.000,24
2026-03-21 05:27:29.000,24
2026-03-21 05:27:29.000,22.8
2026-03-21 05:28:29.000,22.8
2026-03-21 05:28:29.000,24
2026-03-21 05:28:35.000,24
2026-03-21 05:28:35.000,25.2
2026-03-21 05:28:39.000,25.2
2026-03-21 05:28:39.000,24
2026-03-21 05:28:41.000,24
2026-03-21 05:28:41.000,25.2
2026-03-21 05:28:45.000,25.2
2026-03-21 05:28:45.000,27.6
2026-03-21 05:28:47.000,27.6
2026-03-21 05:28:47.000,21.6
2026-03-21 05:28:49.000,21.6
2026-03-21 05:28:49.000,15.6
2026-03-21 05:28:51.000,15.6
2026-03-21 05:28:51.000,19.2
2026-03-21 05:28:53.000,19.2
2026-03-21 05:28:53.000,16.8
2026-03-21 05:28:55.000,16.8
2026-03-21 05:28:55.000,19.2
2026-03-21 05:28:57.000,19.2
2026-03-21 05:28:57.000,16.8
2026-03-21 05:28:59.000,16.8
2026-03-21 05:28:59.000,19.2
2026-03-21 05:29:01.000,19.2
2026-03-21 05:29:01.000,18
2026-03-21 05:29:13.000,18
2026-03-21 05:29:13.000,14.4
2026-03-21 05:29:15.000,14.4
2026-03-21 05:29:15.000,15.6
2026-03-21 05:29:27.000,15.6
2026-03-21 05:29:27.000,16.8
2026-03-21 05:29:31.000,16.8
2026-03-21 05:29:31.000,18
2026-03-21 05:29:39.000,18
2026-03-21 05:29:39.000,19.2
2026-03-21 05:29:41.000,19.2
2026-03-21 05:29:41.000,18
2026-03-21 05:29:49.000,18
2026-03-21 05:29:49.000,19.2
2026-03-21 05:29:53.000,19.2
2026-03-21 05:29:53.000,20.4
2026-03-21 05:29:55.000,20.4
2026-03-21 05:29:55.000,21.6
2026-03-21 05:29:57.000,21.6
2026-03-21 05:29:57.000,22.8
2026-03-21 05:30:01.000,22.8
2026-03-21 05:30:01.000,25.2
2026-03-21 05:30:05.000,25.2
2026-03-21 05:30:05.000,26.4
2026-03-21 05:30:11.000,26.4
2026-03-21 05:30:11.000,27.6
2026-03-21 05:30:15.000,27.6
2026-03-21 05:30:15.000,28.8
2026-03-21 05:30:17.000,28.8
2026-03-21 05:30:17.000,30
2026-03-21 05:30:19.000,30
2026-03-21 05:30:19.000,28.8
2026-03-21 05:30:21.000,28.8
2026-03-21 05:30:21.000,27.6
2026-03-21 05:30:23.000,27.6
2026-03-21 05:30:23.000,25.2
2026-03-21 05:30:25.000,25.2
2026-03-21 05:30:25.000,21.6
2026-03-21 05:30:27.000,21.6
2026-03-21 05:30:27.000,20.4
2026-03-21 05:30:31.000,20.4
2026-03-21 05:30:31.000,19.2
2026-03-21 05:30:35.000,19.2
2026-03-21 05:30:35.000,18
2026-03-21 05:30:37.000,18
2026-03-21 05:30:37.000,19.2
2026-03-21 05:30:39.000,19.2
2026-03-21 05:30:39.000,20.4
2026-03-21 05:30:43.000,20.4
2026-03-21 05:30:43.000,18
2026-03-21 05:30:45.000,18
2026-03-21 05:30:45.000,12
2026-03-21 05:30:49.000,12
2026-03-21 05:30:49.000,13.2
2026-03-21 05:30:51.000,13.2
2026-03-21 05:30:51.000,12
2026-03-21 05:30:57.000,12
2026-03-21 05:30:57.000,13.2
2026-03-21 05:30:59.000,13.2
2026-03-21 05:30:59.000,14.4
2026-03-21 05:31:01.000,14.4
2026-03-21 05:31:01.000,13.2
2026-03-21 05:31:09.000,13.2
2026-03-21 05:31:09.000,15.6
2026-03-21 05:31:13.000,15.6
2026-03-21 05:31:13.000,14.4
2026-03-21 05:31:15.000,14.4
2026-03-21 05:31:15.000,15.6
2026-03-21 05:31:17.000,15.6
2026-03-21 05:31:17.000,14.4
2026-03-21 05:31:19.000,14.4
2026-03-21 05:31:19.000,13.2
2026-03-21 05:31:21.000,13.2
2026-03-21 05:31:21.000,12
2026-03-21 05:31:31.000,12
2026-03-21 05:31:31.000,14.4
2026-03-21 05:31:33.000,14.4
2026-03-21 05:31:33.000,19.2
2026-03-21 05:31:35.000,19.2
2026-03-21 05:31:35.000,20.4
2026-03-21 05:31:37.000,20.4
2026-03-21 05:31:37.000,24
2026-03-21 05:31:39.000,24
2026-03-21 05:31:39.000,21.6
2026-03-21 05:31:41.000,21.6
2026-03-21 05:31:41.000,24
2026-03-21 05:31:43.000,24
2026-03-21 05:31:43.000,21.6
2026-03-21 05:31:47.000,21.6
2026-03-21 05:31:47.000,18
2026-03-21 05:31:51.000,18
2026-03-21 05:31:51.000,16.8
2026-03-21 05:31:55.000,16.8
2026-03-21 05:31:55.000,14.4
2026-03-21 05:32:09.000,14.4
2026-03-21 05:32:09.000,18
2026-03-21 05:32:11.000,18
2026-03-21 05:32:11.000,16.8
2026-03-21 05:32:15.000,16.8
2026-03-21 05:32:15.000,15.6
2026-03-21 05:32:21.000,15.6
2026-03-21 05:32:21.000,16.8
2026-03-21 05:32:25.000,16.8
2026-03-21 05:32:25.000,18
2026-03-21 05:32:27.000,18
2026-03-21 05:32:27.000,19.2
2026-03-21 05:32:29.000,19.2
2026-03-21 05:32:29.000,20.4
2026-03-21 05:32:31.000,20.4
2026-03-21 05:32:31.000,21.6
2026-03-21 05:32:33.000,21.6
2026-03-21 05:32:33.000,25.2
2026-03-21 05:32:35.000,25.2
2026-03-21 05:32:35.000,26.4
2026-03-21 05:32:37.000,26.4
2026-03-21 05:32:37.000,27.6
2026-03-21 05:32:39.000,27.6
2026-03-21 05:32:39.000,28.8
2026-03-21 05:32:45.000,28.8
2026-03-21 05:32:45.000,27.6
2026-03-21 05:32:47.000,27.6
2026-03-21 05:32:47.000,25.2
2026-03-21 05:32:49.000,25.2
2026-03-21 05:32:49.000,27.6
2026-03-21 05:32:53.000,27.6
2026-03-21 05:32:53.000,28.8
2026-03-21 05:32:57.000,28.8
2026-03-21 05:32:57.000,30
2026-03-21 05:33:01.000,30
2026-03-21 05:33:01.000,31.2
2026-03-21 05:33:03.000,31.2
2026-03-21 05:33:03.000,32.4
2026-03-21 05:33:09.000,32.4
2026-03-21 05:33:09.000,33.6
2026-03-21 05:33:15.000,33.6
2026-03-21 05:33:15.000,32.4
2026-03-21 05:33:19.000,32.4
2026-03-21 05:33:19.000,31.2
2026-03-21 05:33:23.000,31.2
2026-03-21 05:33:23.000,30
2026-03-21 05:33:29.000,30
2026-03-21 05:33:29.000,28.8
2026-03-21 05:33:31.000,28.8
2026-03-21 05:33:31.000,27.6
2026-03-21 05:33:39.000,27.6
2026-03-21 05:33:39.000,26.4
2026-03-21 05:33:45.000,26.4
2026-03-21 05:33:45.000,27.6
2026-03-21 05:33:47.000,27.6
2026-03-21 05:33:47.000,26.4
2026-03-21 05:33:49.000,26.4
2026-03-21 05:33:49.000,27.6
2026-03-21 05:33:51.000,27.6
2026-03-21 05:33:51.000,26.4
2026-03-21 05:33:55.000,26.4
2026-03-21 05:33:55.000,25.2
2026-03-21 05:33:57.000,25.2
2026-03-21 05:33:57.000,22.8
2026-03-21 05:33:59.000,22.8
2026-03-21 05:33:59.000,18
2026-03-21 05:34:01.000,18
2026-03-21 05:34:01.000,21.6
2026-03-21 05:34:03.000,21.6
2026-03-21 05:34:03.000,20.4
2026-03-21 05:34:07.000,20.4
2026-03-21 05:34:07.000,19.2
2026-03-21 05:34:11.000,19.2
2026-03-21 05:34:11.000,18
2026-03-21 05:34:13.000,18
2026-03-21 05:34:13.000,16.8
2026-03-21 05:34:15.000,16.8
2026-03-21 05:34:15.000,15.6
2026-03-21 05:34:19.000,15.6
2026-03-21 05:34:19.000,18
2026-03-21 05:34:21.000,18
2026-03-21 05:34:21.000,21.6
2026-03-21 05:34:23.000,21.6
2026-03-21 05:34:23.000,15.6
2026-03-21 05:34:25.000,15.6
2026-03-21 05:34:25.000,18
2026-03-21 05:34:27.000,18
2026-03-21 05:34:27.000,19.2
2026-03-21 05:34:29.000,19.2
2026-03-21 05:34:29.000,18
2026-03-21 05:34:31.000,18
2026-03-21 05:34:31.000,16.8
2026-03-21 05:34:33.000,16.8
2026-03-21 05:34:33.000,15.6
2026-03-21 05:34:35.000,15.6
2026-03-21 05:34:35.000,14.4
2026-03-21 05:34:37.000,14.4
2026-03-21 05:34:37.000,13.2
2026-03-21 05:34:39.000,13.2
2026-03-21 05:34:39.000,15.6
2026-03-21 05:34:41.000,15.6
2026-03-21 05:34:41.000,16.8
2026-03-21 05:34:43.000,16.8
2026-03-21 05:34:43.000,18
2026-03-21 05:34:45.000,18
2026-03-21 05:34:45.000,19.2
2026-03-21 05:34:47.000,19.2
2026-03-21 05:34:47.000,20.4
2026-03-21 05:34:49.000,20.4
2026-03-21 05:34:49.000,22.8
2026-03-21 05:34:51.000,22.8
2026-03-21 05:34:51.000,28.8
2026-03-21 05:34:53.000,28.8
2026-03-21 05:34:53.000,16.8
2026-03-21 05:34:55.000,16.8
2026-03-21 05:34:55.000,25.2
2026-03-21 05:34:57.000,25.2
2026-03-21 05:34:57.000,18
2026-03-21 05:34:59.000,18
2026-03-21 05:34:59.000,19.2
2026-03-21 05:35:01.000,19.2
2026-03-21 05:35:01.000,13.2
2026-03-21 05:35:03.000,13.2
2026-03-21 05:35:03.000,15.6
2026-03-21 05:35:05.000,15.6
2026-03-21 05:35:05.000,13.2
2026-03-21 05:35:09.000,13.2
2026-03-21 05:35:09.000,14.4
2026-03-21 05:35:11.000,14.4
2026-03-21 05:35:11.000,15.6
2026-03-21 05:35:13.000,15.6
2026-03-21 05:35:13.000,13.2
2026-03-21 05:35:15.000,13.2
2026-03-21 05:35:15.000,14.4
2026-03-21 05:35:17.000,14.4
2026-03-21 05:35:17.000,13.2
2026-03-21 05:35:21.000,13.2
2026-03-21 05:35:21.000,14.4
2026-03-21 05:35:23.000,14.4
2026-03-21 05:35:23.000,19.2
2026-03-21 05:35:25.000,19.2
2026-03-21 05:35:25.000,25.2
2026-03-21 05:35:27.000,25.2
2026-03-21 05:35:27.000,27.6
2026-03-21 05:35:29.000,27.6
2026-03-21 05:35:29.000,28.8
2026-03-21 05:35:31.000,28.8
2026-03-21 05:35:31.000,30
2026-03-21 05:35:33.000,30
2026-03-21 05:35:33.000,31.2
2026-03-21 05:35:35.000,31.2
2026-03-21 05:35:35.000,33.6
2026-03-21 05:35:37.000,33.6
2026-03-21 05:35:37.000,32.4
2026-03-21 05:35:39.000,32.4
2026-03-21 05:35:39.000,33.6
2026-03-21 05:35:41.000,33.6
2026-03-21 05:35:41.000,32.4
2026-03-21 05:35:45.000,32.4
2026-03-21 05:35:45.000,31.2
2026-03-21 05:35:47.000,31.2
2026-03-21 05:35:47.000,30
2026-03-21 05:35:55.000,30
2026-03-21 05:35:55.000,31.2
2026-03-21 05:36:01.000,31.2
2026-03-21 05:36:01.000,32.4
2026-03-21 05:36:05.000,32.4
2026-03-21 05:36:05.000,33.6
2026-03-21 05:36:09.000,33.6
2026-03-21 05:36:09.000,34.8
2026-03-21 05:36:15.000,34.8
2026-03-21 05:36:15.000,33.6
2026-03-21 05:36:17.000,33.6
2026-03-21 05:36:17.000,27.6
2026-03-21 05:36:19.000,27.6
2026-03-21 05:36:19.000,20.4
2026-03-21 05:36:21.000,20.4
2026-03-21 05:36:21.000,13.2
2026-03-21 05:36:23.000,13.2
2026-03-21 05:36:23.000,14.4
2026-03-21 05:36:27.000,14.4
2026-03-21 05:36:27.000,13.2
2026-03-21 05:36:29.000,13.2
2026-03-21 05:36:29.000,14.4
2026-03-21 05:36:51.000,14.4
2026-03-21 05:36:51.000,15.6
2026-03-21 05:36:53.000,15.6
2026-03-21 05:36:53.000,16.8
2026-03-21 05:36:55.000,16.8
2026-03-21 05:36:55.000,19.2
2026-03-21 05:36:57.000,19.2
2026-03-21 05:36:57.000,16.8
2026-03-21 05:36:59.000,16.8
2026-03-21 05:36:59.000,18
2026-03-21 05:37:07.000,18
2026-03-21 05:37:07.000,19.2
2026-03-21 05:37:09.000,19.2
2026-03-21 05:37:09.000,20.4
2026-03-21 05:37:11.000,20.4
2026-03-21 05:37:11.000,22.8
2026-03-21 05:37:13.000,22.8
2026-03-21 05:37:13.000,24
2026-03-21 05:37:15.000,24
2026-03-21 05:37:15.000,26.4
2026-03-21 05:37:19.000,26.4
2026-03-21 05:37:19.000,27.6
2026-03-21 05:37:21.000,27.6
2026-03-21 05:37:21.000,28.8
2026-03-21 05:37:23.000,28.8
2026-03-21 05:37:23.000,30
2026-03-21 05:37:25.000,30
2026-03-21 05:37:25.000,31.2
2026-03-21 05:37:27.000,31.2
2026-03-21 05:37:27.000,32.4
2026-03-21 05:37:29.000,32.4
2026-03-21 05:37:29.000,34.8
2026-03-21 05:37:31.000,34.8
2026-03-21 05:37:31.000,32.4
2026-03-21 05:37:35.000,32.4
2026-03-21 05:37:35.000,27.6
2026-03-21 05:37:39.000,27.6
2026-03-21 05:37:39.000,24
2026-03-21 05:37:41.000,24
2026-03-21 05:37:41.000,26.4
2026-03-21 05:37:45.000,26.4
2026-03-21 05:37:45.000,27.6
2026-03-21 05:37:47.000,27.6
2026-03-21 05:37:47.000,25.2
2026-03-21 05:37:49.000,25.2
2026-03-21 05:37:49.000,20.4
2026-03-21 05:37:51.000,20.4
2026-03-21 05:37:51.000,14.4
2026-03-21 05:37:55.000,14.4
2026-03-21 05:37:55.000,13.2
2026-03-21 05:37:57.000,13.2
2026-03-21 05:37:57.000,14.4
2026-03-21 05:38:01.000,14.4
2026-03-21 05:38:01.000,13.2
2026-03-21 05:38:15.000,13.2
2026-03-21 05:38:15.000,16.8
2026-03-21 05:38:17.000,16.8
2026-03-21 05:38:17.000,19.2
2026-03-21 05:38:19.000,19.2
2026-03-21 05:38:19.000,3.6
2026-03-21 05:38:21.000,3.6
2026-03-21 05:38:21.000,12
2026-03-21 05:38:23.000,12
2026-03-21 05:38:23.000,4.8
2026-03-21 05:38:25.000,4.8
2026-03-21 05:38:25.000,7.2
2026-03-21 05:38:27.000,7.2
2026-03-21 05:38:27.000,8.4
2026-03-21 05:38:29.000,8.4
2026-03-21 05:38:29.000,9.6
2026-03-21 05:38:35.000,9.6
2026-03-21 05:38:35.000,10.8
2026-03-21 05:38:41.000,10.8
2026-03-21 05:38:41.000,12
2026-03-21 05:38:49.000,12
2026-03-21 05:38:49.000,13.2
2026-03-21 05:38:51.000,13.2
2026-03-21 05:38:51.000,14.4
2026-03-21 05:38:55.000,14.4
2026-03-21 05:38:55.000,15.6
2026-03-21 05:38:59.000,15.6
2026-03-21 05:38:59.000,14.4
2026-03-21 05:39:01.000,14.4
2026-03-21 05:39:01.000,13.2
2026-03-21 05:39:05.000,13.2
2026-03-21 05:39:05.000,12
2026-03-21 05:39:23.000,12
2026-03-21 05:39:23.000,13.2
2026-03-21 05:39:41.000,13.2
2026-03-21 05:39:41.000,12
2026-03-21 05:39:55.000,12
2026-03-21 05:39:55.000,13.2
2026-03-21 05:41:09.000,13.2
2026-03-21 05:41:09.000,12
2026-03-21 05:41:17.000,12
2026-03-21 05:41:17.000,13.2
2026-03-21 05:41:21.000,13.2
2026-03-21 05:41:21.000,12
2026-03-21 05:41:27.000,12
2026-03-21 05:41:27.000,15.6
2026-03-21 05:41:29.000,15.6
2026-03-21 05:41:29.000,13.2
2026-03-21 05:41:31.000,13.2
2026-03-21 05:41:31.000,14.4
2026-03-21 05:41:33.000,14.4
2026-03-21 05:41:33.000,13.2
2026-03-21 05:41:35.000,13.2
2026-03-21 05:41:35.000,15.6
2026-03-21 05:41:37.000,15.6
2026-03-21 05:41:37.000,14.4
2026-03-21 05:41:39.000,14.4
2026-03-21 05:41:39.000,13.2
2026-03-21 05:41:41.000,13.2
2026-03-21 05:41:41.000,12
2026-03-21 05:41:51.000,12
2026-03-21 05:41:51.000,10.8
2026-03-21 05:41:53.000,10.8
2026-03-21 05:41:53.000,12
2026-03-21 05:41:57.000,12
2026-03-21 05:41:57.000,10.8
2026-03-21 05:41:59.000,10.8
2026-03-21 05:41:59.000,12
2026-03-21 05:42:09.000,12
2026-03-21 05:42:09.000,13.2
2026-03-21 05:42:15.000,13.2
2026-03-21 05:42:15.000,15.6
2026-03-21 05:42:17.000,15.6
2026-03-21 05:42:17.000,14.4
2026-03-21 05:42:21.000,14.4
2026-03-21 05:42:21.000,12
2026-03-21 05:42:25.000,12
2026-03-21 05:42:25.000,10.8
2026-03-21 05:42:31.000,10.8
2026-03-21 05:42:31.000,12
2026-03-21 05:42:57.000,12
2026-03-21 05:42:57.000,13.2
2026-03-21 05:43:03.000,13.2
2026-03-21 05:43:03.000,12
2026-03-21 05:43:29.000,12
2026-03-21 05:43:29.000,13.2
2026-03-21 05:43:31.000,13.2
2026-03-21 05:43:31.000,12
2026-03-21 05:43:35.000,12
2026-03-21 05:43:35.000,13.2
2026-03-21 05:43:37.000,13.2
2026-03-21 05:43:37.000,12
2026-03-21 05:43:39.000,12
2026-03-21 05:43:39.000,13.2
2026-03-21 05:43:43.000,13.2
2026-03-21 05:43:43.000,12
2026-03-21 05:43:59.000,12
2026-03-21 05:43:59.000,13.2
2026-03-21 05:44:09.000,13.2
2026-03-21 05:44:09.000,12
2026-03-21 05:44:29.000,12
2026-03-21 05:44:29.000,13.2
2026-03-21 05:44:55.000,13.2
2026-03-21 05:44:55.000,12
2026-03-21 05:45:09.000,12
2026-03-21 05:45:09.000,13.2
2026-03-21 05:45:23.000,13.2
2026-03-21 05:45:23.000,12
2026-03-21 05:45:27.000,12
2026-03-21 05:45:27.000,13.2
2026-03-21 05:45:31.000,13.2
2026-03-21 05:45:31.000,12
2026-03-21 05:45:39.000,12
2026-03-21 05:45:39.000,13.2
2026-03-21 05:45:41.000,13.2
2026-03-21 05:45:41.000,12
2026-03-21 05:45:55.000,12
2026-03-21 05:45:55.000,13.2
2026-03-21 05:45:57.000,13.2
2026-03-21 05:45:57.000,12
2026-03-21 05:46:03.000,12
2026-03-21 05:46:03.000,13.2
2026-03-21 05:46:09.000,13.2
2026-03-21 05:46:09.000,12
2026-03-21 05:46:21.000,12
2026-03-21 05:46:21.000,13.2
2026-03-21 05:46:29.000,13.2
2026-03-21 05:46:29.000,12
2026-03-21 05:46:31.000,12
2026-03-21 05:46:31.000,13.2
2026-03-21 05:46:33.000,13.2
2026-03-21 05:46:33.000,12
2026-03-21 05:46:51.000,12
2026-03-21 05:46:51.000,13.2
2026-03-21 05:46:53.000,13.2
2026-03-21 05:46:53.000,12
2026-03-21 05:47:31.000,12
2026-03-21 05:47:31.000,13.2
2026-03-21 05:47:33.000,13.2
2026-03-21 05:47:33.000,12
2026-03-21 05:47:39.000,12
2026-03-21 05:47:39.000,13.2
2026-03-21 05:47:43.000,13.2
2026-03-21 05:47:43.000,12
2026-03-21 05:47:59.000,12
2026-03-21 05:47:59.000,13.2
2026-03-21 05:48:01.000,13.2
2026-03-21 05:48:01.000,12
2026-03-21 05:48:05.000,12
2026-03-21 05:48:05.000,13.2
2026-03-21 05:48:07.000,13.2
2026-03-21 05:48:07.000,12
2026-03-21 05:48:11.000,12
2026-03-21 05:48:11.000,13.2
2026-03-21 05:48:15.000,13.2
2026-03-21 05:48:15.000,12
2026-03-21 05:48:31.000,12
2026-03-21 05:48:31.000,13.2
2026-03-21 05:48:33.000,13.2
2026-03-21 05:48:33.000,12
2026-03-21 05:48:37.000,12
2026-03-21 05:48:37.000,13.2
2026-03-21 05:48:51.000,13.2
2026-03-21 05:48:51.000,12
2026-03-21 05:48:53.000,12
2026-03-21 05:48:53.000,13.2
2026-03-21 05:49:01.000,13.2
2026-03-21 05:49:01.000,12
2026-03-21 05:49:17.000,12
2026-03-21 05:49:17.000,13.2
2026-03-21 05:49:23.000,13.2
2026-03-21 05:49:23.000,12
2026-03-21 05:49:25.000,12
2026-03-21 05:49:25.000,13.2
2026-03-21 05:49:51.000,13.2
2026-03-21 05:49:51.000,12
2026-03-21 05:49:55.000,12
2026-03-21 05:49:55.000,13.2
2026-03-21 05:49:59.000,13.2
2026-03-21 05:49:59.000,12
2026-03-21 05:50:13.000,12
2026-03-21 05:50:13.000,13.2
2026-03-21 05:50:15.000,13.2
2026-03-21 05:50:15.000,12
2026-03-21 05:50:17.000,12
2026-03-21 05:50:17.000,13.2
2026-03-21 05:50:27.000,13.2
2026-03-21 05:50:27.000,12
2026-03-21 05:50:29.000,12
2026-03-21 05:50:29.000,13.2
2026-03-21 05:50:35.000,13.2
2026-03-21 05:50:35.000,12
2026-03-21 05:50:45.000,12
2026-03-21 05:50:45.000,13.2
2026-03-21 05:50:49.000,13.2
2026-03-21 05:50:49.000,12
2026-03-21 05:51:15.000,12
2026-03-21 05:51:15.000,13.2
2026-03-21 05:51:19.000,13.2
2026-03-21 05:51:19.000,14.4
2026-03-21 05:51:23.000,14.4
2026-03-21 05:51:23.000,15.6
2026-03-21 05:51:27.000,15.6
2026-03-21 05:51:27.000,16.8
2026-03-21 05:51:41.000,16.8
2026-03-21 05:51:41.000,18
2026-03-21 05:51:57.000,18
2026-03-21 05:51:57.000,16.8
2026-03-21 05:52:01.000,16.8
2026-03-21 05:52:01.000,18
2026-03-21 05:52:05.000,18
2026-03-21 05:52:05.000,16.8
2026-03-21 05:52:13.000,16.8
2026-03-21 05:52:13.000,15.6
2026-03-21 05:52:19.000,15.6
2026-03-21 05:52:19.000,16.8
2026-03-21 05:52:25.000,16.8
2026-03-21 05:52:25.000,18
2026-03-21 05:52:41.000,18
2026-03-21 05:52:41.000,19.2
2026-03-21 05:52:51.000,19.2
2026-03-21 05:52:51.000,20.4
2026-03-21 05:53:29.000,20.4
2026-03-21 05:53:29.000,21.6
2026-03-21 05:53:47.000,21.6
2026-03-21 05:53:47.000,20.4
2026-03-21 05:53:53.000,20.4
2026-03-21 05:53:53.000,22.8
2026-03-21 05:53:55.000,22.8
2026-03-21 05:53:55.000,14.4
2026-03-21 05:53:57.000,14.4
2026-03-21 05:53:57.000,8.4
2026-03-21 05:53:59.000,8.4
2026-03-21 05:53:59.000,15.6
2026-03-21 05:54:01.000,15.6
2026-03-21 05:54:01.000,13.2
2026-03-21 05:54:03.000,13.2
2026-03-21 05:54:03.000,14.4
2026-03-21 05:54:09.000,14.4
2026-03-21 05:54:09.000,15.6
2026-03-21 05:54:15.000,15.6
2026-03-21 05:54:15.000,16.8
2026-03-21 05:54:17.000,16.8
2026-03-21 05:54:17.000,15.6
2026-03-21 05:54:19.000,15.6
2026-03-21 05:54:19.000,25.2
2026-03-21 05:54:21.000,25.2
2026-03-21 05:54:21.000,19.2
2026-03-21 05:54:23.000,19.2
2026-03-21 05:54:23.000,22.8
2026-03-21 05:54:25.000,22.8
2026-03-21 05:54:25.000,18
2026-03-21 05:54:27.000,18
2026-03-21 05:54:27.000,20.4
2026-03-21 05:54:29.000,20.4
2026-03-21 05:54:29.000,18
2026-03-21 05:54:31.000,18
2026-03-21 05:54:31.000,20.4
2026-03-21 05:54:33.000,20.4
2026-03-21 05:54:33.000,21.6
2026-03-21 05:54:35.000,21.6
2026-03-21 05:54:35.000,22.8
2026-03-21 05:54:37.000,22.8
2026-03-21 05:54:37.000,24
2026-03-21 05:54:39.000,24
2026-03-21 05:54:39.000,25.2
2026-03-21 05:54:47.000,25.2
2026-03-21 05:54:47.000,26.4
2026-03-21 05:54:51.000,26.4
2026-03-21 05:54:51.000,27.6
2026-03-21 05:54:53.000,27.6
2026-03-21 05:54:53.000,28.8
2026-03-21 05:55:05.000,28.8
2026-03-21 05:55:05.000,27.6
2026-03-21 05:55:11.000,27.6
2026-03-21 05:55:11.000,28.8
2026-03-21 05:55:21.000,28.8
2026-03-21 05:55:21.000,30
2026-03-21 05:56:21.000,30
2026-03-21 05:56:21.000,31.2
2026-03-21 05:56:23.000,31.2
2026-03-21 05:56:23.000,30
2026-03-21 05:56:27.000,30
2026-03-21 05:56:27.000,31.2
2026-03-21 05:56:35.000,31.2
2026-03-21 05:56:35.000,32.4
2026-03-21 05:56:41.000,32.4
2026-03-21 05:56:41.000,33.6
2026-03-21 05:56:57.000,33.6
2026-03-21 05:56:57.000,34.8
2026-03-21 05:56:59.000,34.8
2026-03-21 05:56:59.000,33.6
2026-03-21 05:57:01.000,33.6
2026-03-21 05:57:01.000,30
2026-03-21 05:57:03.000,30
2026-03-21 05:57:03.000,28.8
2026-03-21 05:57:05.000,28.8
2026-03-21 05:57:05.000,27.6
2026-03-21 05:57:07.000,27.6
2026-03-21 05:57:07.000,26.4
2026-03-21 05:57:09.000,26.4
2026-03-21 05:57:09.000,27.6
2026-03-21 05:57:15.000,27.6
2026-03-21 05:57:15.000,26.4
2026-03-21 05:57:21.000,26.4
2026-03-21 05:57:21.000,27.6
2026-03-21 05:57:25.000,27.6
2026-03-21 05:57:25.000,28.8
2026-03-21 05:57:31.000,28.8
2026-03-21 05:57:31.000,27.6
2026-03-21 05:57:43.000,27.6
2026-03-21 05:57:43.000,28.8
2026-03-21 05:57:45.000,28.8
2026-03-21 05:57:45.000,30
2026-03-21 05:57:49.000,30
2026-03-21 05:57:49.000,31.2
2026-03-21 05:57:57.000,31.2
2026-03-21 05:57:57.000,32.4
2026-03-21 05:58:05.000,32.4
2026-03-21 05:58:05.000,31.2
2026-03-21 05:58:11.000,31.2
2026-03-21 05:58:11.000,28.8
2026-03-21 05:58:21.000,28.8
2026-03-21 05:58:21.000,30
2026-03-21 05:58:29.000,30
2026-03-21 05:58:29.000,31.2
2026-03-21 05:58:45.000,31.2
2026-03-21 05:58:45.000,30
2026-03-21 05:59:03.000,30
2026-03-21 05:59:03.000,28.8
2026-03-21 05:59:29.000,28.8
2026-03-21 05:59:29.000,30
2026-03-21 05:59:43.000,30
2026-03-21 05:59:43.000,31.2
2026-03-21 05:59:49.000,31.2
2026-03-21 05:59:49.000,32.4
2026-03-21 05:59:51.000,32.4
2026-03-21 05:59:51.000,33.6
2026-03-21 05:59:53.000,33.6
2026-03-21 05:59:53.000,34.8
2026-03-21 05:59:57.000,34.8
2026-03-21 05:59:57.000,36
2026-03-21 06:00:05.000,36
2026-03-21 06:00:05.000,34.8
2026-03-21 06:00:11.000,34.8
2026-03-21 06:00:11.000,33.6
2026-03-21 06:00:29.000,33.6
2026-03-21 06:00:29.000,34.8
2026-03-21 06:00:31.000,34.8
2026-03-21 06:00:31.000,33.6
2026-03-21 06:00:35.000,33.6
2026-03-21 06:00:35.000,34.8
2026-03-21 06:00:39.000,34.8
2026-03-21 06:00:39.000,33.6
2026-03-21 06:00:53.000,33.6
2026-03-21 06:00:53.000,32.4
2026-03-21 06:01:01.000,32.4
2026-03-21 06:01:01.000,33.6
2026-03-21 06:01:03.000,33.6
2026-03-21 06:01:03.000,32.4
2026-03-21 06:01:05.000,32.4
2026-03-21 06:01:05.000,22.8
2026-03-21 06:01:07.000,22.8
2026-03-21 06:01:07.000,6
2026-03-21 06:01:09.000,6
2026-03-21 06:01:09.000,18
2026-03-21 06:01:11.000,18
2026-03-21 06:01:11.000,13.2
2026-03-21 06:01:13.000,13.2
2026-03-21 06:01:13.000,14.4
2026-03-21 06:01:15.000,14.4
2026-03-21 06:01:15.000,15.6
2026-03-21 06:01:23.000,15.6
2026-03-21 06:01:23.000,16.8
2026-03-21 06:01:25.000,16.8
2026-03-21 06:01:25.000,19.2
2026-03-21 06:01:27.000,19.2
2026-03-21 06:01:27.000,18
2026-03-21 06:01:29.000,18
2026-03-21 06:01:29.000,26.4
2026-03-21 06:01:31.000,26.4
2026-03-21 06:01:31.000,24
2026-03-21 06:01:33.000,24
2026-03-21 06:01:33.000,32.4
2026-03-21 06:01:35.000,32.4
2026-03-21 06:01:35.000,25.2
2026-03-21 06:01:37.000,25.2
2026-03-21 06:01:37.000,26.4
2026-03-21 06:01:39.000,26.4
2026-03-21 06:01:39.000,19.2
2026-03-21 06:01:45.000,19.2
2026-03-21 06:01:45.000,21.6
2026-03-21 06:01:47.000,21.6
2026-03-21 06:01:47.000,25.2
2026-03-21 06:01:49.000,25.2
2026-03-21 06:01:49.000,28.8
2026-03-21 06:01:51.000,28.8
2026-03-21 06:01:51.000,31.2
2026-03-21 06:01:53.000,31.2
2026-03-21 06:01:53.000,33.6
2026-03-21 06:01:55.000,33.6
2026-03-21 06:01:55.000,34.8
2026-03-21 06:01:57.000,34.8
2026-03-21 06:01:57.000,36
2026-03-21 06:01:59.000,36
2026-03-21 06:01:59.000,34.8
2026-03-21 06:02:03.000,34.8
2026-03-21 06:02:03.000,36
2026-03-21 06:02:11.000,36
2026-03-21 06:02:11.000,34.8
2026-03-21 06:02:17.000,34.8
2026-03-21 06:02:17.000,33.6
2026-03-21 06:02:25.000,33.6
2026-03-21 06:02:25.000,34.8
2026-03-21 06:02:29.000,34.8
2026-03-21 06:02:29.000,36
2026-03-21 06:02:41.000,36
2026-03-21 06:02:41.000,37.2
2026-03-21 06:02:53.000,37.2
2026-03-21 06:02:53.000,36
2026-03-21 06:02:55.000,36
2026-03-21 06:02:55.000,34.8
2026-03-21 06:03:11.000,34.8
2026-03-21 06:03:11.000,36
2026-03-21 06:03:13.000,36
2026-03-21 06:03:13.000,37.2
2026-03-21 06:03:17.000,37.2
2026-03-21 06:03:17.000,38.4
2026-03-21 06:03:21.000,38.4
2026-03-21 06:03:21.000,39.6
2026-03-21 06:03:23.000,39.6
2026-03-21 06:03:23.000,40.8
2026-03-21 06:03:25.000,40.8
2026-03-21 06:03:25.000,37.2
2026-03-21 06:03:27.000,37.2
2026-03-21 06:03:27.000,19.2
2026-03-21 06:03:29.000,19.2
2026-03-21 06:03:29.000,30
2026-03-21 06:03:31.000,30
2026-03-21 06:03:31.000,9.6
2026-03-21 06:03:33.000,9.6
2026-03-21 06:03:33.000,13.2
2026-03-21 06:03:35.000,13.2
2026-03-21 06:03:35.000,14.4
2026-03-21 06:03:47.000,14.4
2026-03-21 06:03:47.000,15.6
2026-03-21 06:03:53.000,15.6
2026-03-21 06:03:53.000,16.8
2026-03-21 06:03:55.000,16.8
2026-03-21 06:03:55.000,18
2026-03-21 06:03:59.000,18
2026-03-21 06:03:59.000,16.8
2026-03-21 06:04:03.000,16.8
2026-03-21 06:04:03.000,15.6
2026-03-21 06:04:05.000,15.6
2026-03-21 06:04:05.000,14.4
2026-03-21 06:04:13.000,14.4
2026-03-21 06:04:13.000,13.2
2026-03-21 06:04:15.000,13.2
2026-03-21 06:04:15.000,14.4
2026-03-21 06:04:25.000,14.4
2026-03-21 06:04:25.000,15.6
2026-03-21 06:04:33.000,15.6
2026-03-21 06:04:33.000,16.8
2026-03-21 06:04:35.000,16.8
2026-03-21 06:04:35.000,15.6
2026-03-21 06:04:43.000,15.6
2026-03-21 06:04:43.000,14.4
2026-03-21 06:04:59.000,14.4
2026-03-21 06:04:59.000,15.6
2026-03-21 06:05:07.000,15.6
2026-03-21 06:05:07.000,16.8
2026-03-21 06:05:13.000,16.8
2026-03-21 06:05:13.000,15.6
2026-03-21 06:05:17.000,15.6
2026-03-21 06:05:17.000,14.4
2026-03-21 06:05:31.000,14.4
2026-03-21 06:05:31.000,18
2026-03-21 06:05:33.000,18
2026-03-21 06:05:33.000,25.2
2026-03-21 06:05:37.000,25.2
2026-03-21 06:05:37.000,9.6
2026-03-21 06:05:39.000,9.6
2026-03-21 06:05:39.000,13.2
2026-03-21 06:05:41.000,13.2
2026-03-21 06:05:41.000,9.6
2026-03-21 06:05:43.000,9.6
2026-03-21 06:05:43.000,13.2
2026-03-21 06:05:45.000,13.2
2026-03-21 06:05:45.000,15.6
2026-03-21 06:05:47.000,15.6
2026-03-21 06:05:47.000,20.4
2026-03-21 06:05:49.000,20.4
2026-03-21 06:05:49.000,19.2
2026-03-21 06:05:51.000,19.2
2026-03-21 06:05:51.000,20.4
2026-03-21 06:05:53.000,20.4
2026-03-21 06:05:53.000,21.6
2026-03-21 06:05:55.000,21.6
2026-03-21 06:05:55.000,20.4
2026-03-21 06:05:57.000,20.4
2026-03-21 06:05:57.000,22.8
2026-03-21 06:06:11.000,22.8
2026-03-21 06:06:11.000,21.6
2026-03-21 06:06:21.000,21.6
2026-03-21 06:06:21.000,20.4
2026-03-21 06:06:23.000,20.4
2026-03-21 06:06:23.000,21.6
2026-03-21 06:06:25.000,21.6
2026-03-21 06:06:25.000,24
2026-03-21 06:06:27.000,24
2026-03-21 06:06:27.000,30
2026-03-21 06:06:29.000,30
2026-03-21 06:06:29.000,31.2
2026-03-21 06:06:31.000,31.2
2026-03-21 06:06:31.000,24
2026-03-21 06:06:33.000,24
2026-03-21 06:06:33.000,22.8
2026-03-21 06:06:35.000,22.8
2026-03-21 06:06:35.000,20.4
2026-03-21 06:06:37.000,20.4
2026-03-21 06:06:37.000,21.6
2026-03-21 06:06:45.000,21.6
2026-03-21 06:06:45.000,22.8
2026-03-21 06:06:49.000,22.8
2026-03-21 06:06:49.000,24
2026-03-21 06:07:01.000,24
2026-03-21 06:07:01.000,25.2
2026-03-21 06:07:09.000,25.2
2026-03-21 06:07:09.000,26.4
2026-03-21 06:07:13.000,26.4
2026-03-21 06:07:13.000,27.6
2026-03-21 06:07:17.000,27.6
2026-03-21 06:07:17.000,28.8
2026-03-21 06:07:19.000,28.8
2026-03-21 06:07:19.000,30
2026-03-21 06:07:21.000,30
2026-03-21 06:07:21.000,31.2
2026-03-21 06:07:23.000,31.2
2026-03-21 06:07:23.000,32.4
2026-03-21 06:07:25.000,32.4
2026-03-21 06:07:25.000,33.6
2026-03-21 06:07:33.000,33.6
2026-03-21 06:07:33.000,34.8
2026-03-21 06:07:35.000,34.8
2026-03-21 06:07:35.000,36
2026-03-21 06:07:37.000,36
2026-03-21 06:07:37.000,37.2
2026-03-21 06:07:45.000,37.2
2026-03-21 06:07:45.000,36
2026-03-21 06:07:47.000,36
2026-03-21 06:07:47.000,33.6
2026-03-21 06:07:51.000,33.6
2026-03-21 06:07:51.000,30
2026-03-21 06:07:53.000,30
2026-03-21 06:07:53.000,27.6
2026-03-21 06:08:13.000,27.6
2026-03-21 06:08:13.000,28.8
2026-03-21 06:08:23.000,28.8
2026-03-21 06:08:23.000,27.6
2026-03-21 06:08:27.000,27.6
2026-03-21 06:08:27.000,26.4
2026-03-21 06:08:29.000,26.4
2026-03-21 06:08:29.000,25.2
2026-03-21 06:08:31.000,25.2
2026-03-21 06:08:31.000,26.4
2026-03-21 06:08:33.000,26.4
2026-03-21 06:08:33.000,27.6
2026-03-21 06:08:35.000,27.6
2026-03-21 06:08:35.000,28.8
2026-03-21 06:08:39.000,28.8
2026-03-21 06:08:39.000,30
2026-03-21 06:08:45.000,30
2026-03-21 06:08:45.000,31.2
2026-03-21 06:08:57.000,31.2
2026-03-21 06:08:57.000,32.4
2026-03-21 06:09:03.000,32.4
2026-03-21 06:09:03.000,31.2
2026-03-21 06:09:09.000,31.2
2026-03-21 06:09:09.000,30
2026-03-21 06:09:15.000,30
2026-03-21 06:09:15.000,31.2
2026-03-21 06:09:27.000,31.2
2026-03-21 06:09:27.000,32.4
2026-03-21 06:09:35.000,32.4
2026-03-21 06:09:35.000,33.6
2026-03-21 06:09:39.000,33.6
2026-03-21 06:09:39.000,32.4
2026-03-21 06:09:43.000,32.4
2026-03-21 06:09:43.000,31.2
2026-03-21 06:09:47.000,31.2
2026-03-21 06:09:47.000,30
2026-03-21 06:09:51.000,30
2026-03-21 06:09:51.000,28.8
2026-03-21 06:10:03.000,28.8
2026-03-21 06:10:03.000,27.6
2026-03-21 06:10:07.000,27.6
2026-03-21 06:10:07.000,28.8
2026-03-21 06:10:09.000,28.8
2026-03-21 06:10:09.000,30
2026-03-21 06:10:11.000,30
2026-03-21 06:10:11.000,31.2
2026-03-21 06:10:13.000,31.2
2026-03-21 06:10:13.000,32.4
2026-03-21 06:10:21.000,32.4
2026-03-21 06:10:21.000,31.2
2026-03-21 06:10:27.000,31.2
2026-03-21 06:10:27.000,30
2026-03-21 06:11:01.000,30
2026-03-21 06:11:01.000,28.8
2026-03-21 06:11:07.000,28.8
2026-03-21 06:11:07.000,27.6
2026-03-21 06:11:19.000,27.6
2026-03-21 06:11:19.000,28.8
2026-03-21 06:11:31.000,28.8
2026-03-21 06:11:31.000,30
2026-03-21 06:11:33.000,30
2026-03-21 06:11:33.000,28.8
2026-03-21 06:11:43.000,28.8
2026-03-21 06:11:43.000,27.6
2026-03-21 06:11:51.000,27.6
2026-03-21 06:11:51.000,28.8
2026-03-21 06:11:55.000,28.8
2026-03-21 06:11:55.000,30
2026-03-21 06:11:59.000,30
2026-03-21 06:11:59.000,31.2
2026-03-21 06:12:07.000,31.2
2026-03-21 06:12:07.000,32.4
2026-03-21 06:12:15.000,32.4
2026-03-21 06:12:15.000,31.2
2026-03-21 06:12:37.000,31.2
2026-03-21 06:12:37.000,32.4
2026-03-21 06:13:07.000,32.4
2026-03-21 06:13:07.000,31.2
2026-03-21 06:13:23.000,31.2
2026-03-21 06:13:23.000,32.4
2026-03-21 06:13:47.000,32.4
2026-03-21 06:13:47.000,31.2
2026-03-21 06:14:01.000,31.2
2026-03-21 06:14:01.000,32.4
2026-03-21 06:14:23.000,32.4
2026-03-21 06:14:23.000,31.2
2026-03-21 06:14:25.000,31.2
2026-03-21 06:14:25.000,32.4
2026-03-21 06:14:31.000,32.4
2026-03-21 06:14:31.000,31.2
2026-03-21 06:15:23.000,31.2
2026-03-21 06:15:23.000,30
2026-03-21 06:15:25.000,30
2026-03-21 06:15:25.000,27.6
2026-03-21 06:15:29.000,27.6
2026-03-21 06:15:29.000,26.4
2026-03-21 06:15:31.000,26.4
2026-03-21 06:15:31.000,25.2
2026-03-21 06:15:49.000,25.2
2026-03-21 06:15:49.000,26.4
2026-03-21 06:15:51.000,26.4
2026-03-21 06:15:51.000,25.2
2026-03-21 06:17:35.000,25.2
2026-03-21 06:17:35.000,26.4
2026-03-21 06:17:37.000,26.4
2026-03-21 06:17:37.000,28.8
2026-03-21 06:17:39.000,28.8
2026-03-21 06:17:39.000,30
2026-03-21 06:17:41.000,30
2026-03-21 06:17:41.000,32.4
2026-03-21 06:17:45.000,32.4
2026-03-21 06:17:45.000,33.6
2026-03-21 06:17:49.000,33.6
2026-03-21 06:17:49.000,34.8
2026-03-21 06:18:01.000,34.8
2026-03-21 06:18:01.000,33.6
2026-03-21 06:18:05.000,33.6
2026-03-21 06:18:05.000,32.4
2026-03-21 06:18:07.000,32.4
2026-03-21 06:18:07.000,33.6
2026-03-21 06:18:09.000,33.6
2026-03-21 06:18:09.000,31.2
2026-03-21 06:18:11.000,31.2
2026-03-21 06:18:11.000,32.4
2026-03-21 06:18:13.000,32.4
2026-03-21 06:18:13.000,30
2026-03-21 06:18:15.000,30
2026-03-21 06:18:15.000,27.6
2026-03-21 06:18:17.000,27.6
2026-03-21 06:18:17.000,21.6
2026-03-21 06:18:35.000,21.6
2026-03-21 06:18:35.000,22.8
2026-03-21 06:18:41.000,22.8
2026-03-21 06:18:41.000,24
2026-03-21 06:18:43.000,24
2026-03-21 06:18:43.000,18
2026-03-21 06:18:45.000,18
2026-03-21 06:18:45.000,0
2026-03-21 06:18:47.000,0
2026-03-21 06:18:47.000,8.4
2026-03-21 06:18:49.000,8.4
2026-03-21 06:18:49.000,10.8
2026-03-21 06:18:51.000,10.8
2026-03-21 06:18:51.000,14.4
2026-03-21 06:18:53.000,14.4
2026-03-21 06:18:53.000,16.8
2026-03-21 06:18:55.000,16.8
2026-03-21 06:18:55.000,18
2026-03-21 06:18:57.000,18
2026-03-21 06:18:57.000,19.2
2026-03-21 06:19:07.000,19.2
2026-03-21 06:19:07.000,20.4
2026-03-21 06:19:09.000,20.4
2026-03-21 06:19:09.000,21.6
2026-03-21 06:19:19.000,21.6
2026-03-21 06:19:19.000,20.4
2026-03-21 06:19:41.000,20.4
2026-03-21 06:19:41.000,21.6
2026-03-21 06:19:43.000,21.6
2026-03-21 06:19:43.000,26.4
2026-03-21 06:19:45.000,26.4
2026-03-21 06:19:45.000,24
2026-03-21 06:19:47.000,24
2026-03-21 06:19:47.000,20.4
2026-03-21 06:19:51.000,20.4
2026-03-21 06:19:51.000,22.8
2026-03-21 06:19:53.000,22.8
2026-03-21 06:19:53.000,24
2026-03-21 06:19:55.000,24
2026-03-21 06:19:55.000,25.2
2026-03-21 06:19:57.000,25.2
2026-03-21 06:19:57.000,26.4
2026-03-21 06:19:59.000,26.4
2026-03-21 06:19:59.000,27.6
2026-03-21 06:20:01.000,27.6
2026-03-21 06:20:01.000,28.8
2026-03-21 06:20:05.000,28.8
2026-03-21 06:20:05.000,30
2026-03-21 06:20:07.000,30
2026-03-21 06:20:07.000,31.2
2026-03-21 06:20:09.000,31.2
2026-03-21 06:20:09.000,30
2026-03-21 06:20:11.000,30
2026-03-21 06:20:11.000,34.8
2026-03-21 06:20:13.000,34.8
2026-03-21 06:20:13.000,32.4
2026-03-21 06:20:17.000,32.4
2026-03-21 06:20:17.000,31.2
2026-03-21 06:20:21.000,31.2
2026-03-21 06:20:21.000,30
2026-03-21 06:20:31.000,30
2026-03-21 06:20:31.000,31.2
2026-03-21 06:20:41.000,31.2
2026-03-21 06:20:41.000,32.4
2026-03-21 06:20:59.000,32.4
2026-03-21 06:20:59.000,31.2
2026-03-21 06:21:11.000,31.2
2026-03-21 06:21:11.000,32.4
2026-03-21 06:21:21.000,32.4
2026-03-21 06:21:21.000,33.6
2026-03-21 06:21:25.000,33.6
2026-03-21 06:21:25.000,32.4
2026-03-21 06:21:47.000,32.4
2026-03-21 06:21:47.000,33.6
2026-03-21 06:22:03.000,33.6
2026-03-21 06:22:03.000,32.4
2026-03-21 06:22:23.000,32.4
2026-03-21 06:22:23.000,33.6
2026-03-21 06:22:47.000,33.6
2026-03-21 06:22:47.000,32.4
2026-03-21 06:22:55.000,32.4
2026-03-21 06:22:55.000,33.6
2026-03-21 06:22:57.000,33.6
2026-03-21 06:22:57.000,32.4
2026-03-21 06:23:01.000,32.4
2026-03-21 06:23:01.000,31.2
2026-03-21 06:23:03.000,31.2
2026-03-21 06:23:03.000,32.4
2026-03-21 06:23:21.000,32.4
2026-03-21 06:23:21.000,31.2
2026-03-21 06:23:31.000,31.2
2026-03-21 06:23:31.000,32.4
2026-03-21 06:23:33.000,32.4
2026-03-21 06:23:33.000,31.2
2026-03-21 06:23:39.000,31.2
2026-03-21 06:23:39.000,30
2026-03-21 06:23:43.000,30
2026-03-21 06:23:43.000,28.8
2026-03-21 06:24:01.000,28.8
2026-03-21 06:24:01.000,30
2026-03-21 06:24:13.000,30
2026-03-21 06:24:13.000,32.4
2026-03-21 06:24:15.000,32.4
2026-03-21 06:24:15.000,31.2
2026-03-21 06:24:19.000,31.2
2026-03-21 06:24:19.000,30
2026-03-21 06:24:21.000,30
2026-03-21 06:24:21.000,31.2
2026-03-21 06:24:23.000,31.2
2026-03-21 06:24:23.000,28.8
2026-03-21 06:24:25.000,28.8
2026-03-21 06:24:25.000,27.6
2026-03-21 06:24:27.000,27.6
2026-03-21 06:24:27.000,28.8
2026-03-21 06:24:29.000,28.8
2026-03-21 06:24:29.000,31.2
2026-03-21 06:24:31.000,31.2
2026-03-21 06:24:31.000,33.6
2026-03-21 06:24:35.000,33.6
2026-03-21 06:24:35.000,38.4
2026-03-21 06:24:37.000,38.4
2026-03-21 06:24:37.000,39.6
2026-03-21 06:24:39.000,39.6
2026-03-21 06:24:39.000,40.8
2026-03-21 06:24:41.000,40.8
2026-03-21 06:24:41.000,34.8
2026-03-21 06:24:43.000,34.8
2026-03-21 06:24:43.000,31.2
2026-03-21 06:24:45.000,31.2
2026-03-21 06:24:45.000,34.8
2026-03-21 06:24:47.000,34.8
2026-03-21 06:24:47.000,39.6
2026-03-21 06:24:49.000,39.6
2026-03-21 06:24:49.000,42
2026-03-21 06:24:51.000,42
2026-03-21 06:24:51.000,52.8
2026-03-21 06:24:53.000,52.8
2026-03-21 06:24:53.000,42
2026-03-21 06:24:55.000,42
2026-03-21 06:24:55.000,31.2
2026-03-21 06:24:57.000,31.2
2026-03-21 06:24:57.000,25.2
2026-03-21 06:24:59.000,25.2
2026-03-21 06:24:59.000,20.4
2026-03-21 06:25:01.000,20.4
2026-03-21 06:25:01.000,25.2
2026-03-21 06:25:03.000,25.2
2026-03-21 06:25:03.000,21.6
2026-03-21 06:25:05.000,21.6
2026-03-21 06:25:05.000,20.4
2026-03-21 06:25:07.000,20.4
2026-03-21 06:25:07.000,18
2026-03-21 06:25:11.000,18
2026-03-21 06:25:11.000,16.8
2026-03-21 06:25:15.000,16.8
2026-03-21 06:25:15.000,15.6
2026-03-21 06:25:17.000,15.6
2026-03-21 06:25:17.000,14.4
2026-03-21 06:25:25.000,14.4
2026-03-21 06:25:25.000,16.8
2026-03-21 06:25:27.000,16.8
2026-03-21 06:25:27.000,18
2026-03-21 06:25:29.000,18
2026-03-21 06:25:29.000,19.2
2026-03-21 06:25:31.000,19.2
2026-03-21 06:25:31.000,20.4
2026-03-21 06:25:35.000,20.4
2026-03-21 06:25:35.000,21.6
2026-03-21 06:25:47.000,21.6
2026-03-21 06:25:47.000,20.4
2026-03-21 06:25:53.000,20.4
2026-03-21 06:25:53.000,22.8
2026-03-21 06:25:55.000,22.8
2026-03-21 06:25:55.000,21.6
2026-03-21 06:25:57.000,21.6
2026-03-21 06:25:57.000,22.8
2026-03-21 06:25:59.000,22.8
2026-03-21 06:25:59.000,25.2
2026-03-21 06:26:01.000,25.2
2026-03-21 06:26:01.000,27.6
2026-03-21 06:26:03.000,27.6
2026-03-21 06:26:03.000,21.6
2026-03-21 06:26:05.000,21.6
2026-03-21 06:26:05.000,15.6
2026-03-21 06:26:07.000,15.6
2026-03-21 06:26:07.000,21.6
2026-03-21 06:26:09.000,21.6
2026-03-21 06:26:09.000,14.4
2026-03-21 06:26:11.000,14.4
2026-03-21 06:26:11.000,13.2
2026-03-21 06:26:13.000,13.2
2026-03-21 06:26:13.000,15.6
2026-03-21 06:26:15.000,15.6
2026-03-21 06:26:15.000,12
2026-03-21 06:26:17.000,12
2026-03-21 06:26:17.000,10.8
2026-03-21 06:26:19.000,10.8
2026-03-21 06:26:19.000,8.4
2026-03-21 06:26:21.000,8.4
2026-03-21 06:26:21.000,7.2
2026-03-21 06:26:23.000,7.2
2026-03-21 06:26:23.000,8.4
2026-03-21 06:26:25.000,8.4
2026-03-21 06:26:25.000,7.2
2026-03-21 06:26:29.000,7.2
2026-03-21 06:26:29.000,8.4
2026-03-21 06:26:31.000,8.4
2026-03-21 06:26:31.000,12
2026-03-21 06:26:33.000,12
2026-03-21 06:26:33.000,13.2
2026-03-21 06:26:37.000,13.2
2026-03-21 06:26:37.000,12
2026-03-21 06:26:41.000,12
2026-03-21 06:26:41.000,10.8
2026-03-21 06:26:45.000,10.8
2026-03-21 06:26:45.000,12
2026-03-21 06:26:47.000,12
2026-03-21 06:26:47.000,10.8
2026-03-21 06:26:51.000,10.8
2026-03-21 06:26:51.000,12
2026-03-21 06:26:55.000,12
2026-03-21 06:26:55.000,13.2
2026-03-21 06:26:57.000,13.2
2026-03-21 06:26:57.000,12
2026-03-21 06:27:01.000,12
2026-03-21 06:27:01.000,10.8
2026-03-21 06:27:15.000,10.8
2026-03-21 06:27:15.000,12
2026-03-21 06:27:23.000,12
2026-03-21 06:27:23.000,13.2
2026-03-21 06:27:27.000,13.2
2026-03-21 06:27:27.000,12
2026-03-21 06:27:33.000,12
2026-03-21 06:27:33.000,10.8
2026-03-21 06:27:51.000,10.8
2026-03-21 06:27:51.000,12
2026-03-21 06:27:53.000,12
2026-03-21 06:27:53.000,14.4
2026-03-21 06:27:55.000,14.4
2026-03-21 06:27:55.000,13.2
2026-03-21 06:27:57.000,13.2
2026-03-21 06:27:57.000,15.6
2026-03-21 06:27:59.000,15.6
2026-03-21 06:27:59.000,13.2
2026-03-21 06:28:01.000,13.2
2026-03-21 06:28:01.000,10.8
2026-03-21 06:28:03.000,10.8
2026-03-21 06:28:03.000,9.6
2026-03-21 06:28:05.000,9.6
2026-03-21 06:28:05.000,10.8
2026-03-21 06:28:29.000,10.8
2026-03-21 06:28:29.000,12
2026-03-21 06:28:35.000,12
2026-03-21 06:28:35.000,13.2
2026-03-21 06:28:41.000,13.2
2026-03-21 06:28:41.000,12
2026-03-21 06:28:45.000,12
2026-03-21 06:28:45.000,10.8
2026-03-21 06:29:15.000,10.8
2026-03-21 06:29:15.000,12
2026-03-21 06:29:19.000,12
2026-03-21 06:29:19.000,14.4
2026-03-21 06:29:21.000,14.4
2026-03-21 06:29:21.000,13.2
2026-03-21 06:29:25.000,13.2
2026-03-21 06:29:25.000,12
2026-03-21 06:29:29.000,12
2026-03-21 06:29:29.000,10.8
2026-03-21 06:29:39.000,10.8
2026-03-21 06:29:39.000,9.6
2026-03-21 06:29:41.000,9.6
2026-03-21 06:29:41.000,10.8
2026-03-21 06:29:55.000,10.8
2026-03-21 06:29:55.000,12
2026-03-21 06:29:57.000,12
2026-03-21 06:29:57.000,10.8
2026-03-21 06:29:59.000,10.8
2026-03-21 06:29:59.000,14.4
2026-03-21 06:30:01.000,14.4
2026-03-21 06:30:01.000,13.2
2026-03-21 06:30:03.000,13.2
2026-03-21 06:30:03.000,14.4
2026-03-21 06:30:05.000,14.4
2026-03-21 06:30:05.000,12
2026-03-21 06:30:09.000,12
2026-03-21 06:30:09.000,10.8
2026-03-21 06:30:15.000,10.8
2026-03-21 06:30:15.000,12
2026-03-21 06:30:17.000,12
2026-03-21 06:30:17.000,14.4
2026-03-21 06:30:19.000,14.4
2026-03-21 06:30:19.000,7.2
2026-03-21 06:30:21.000,7.2
2026-03-21 06:30:21.000,4.8
2026-03-21 06:30:23.000,4.8
2026-03-21 06:30:23.000,3.6
2026-03-21 06:30:25.000,3.6
2026-03-21 06:30:25.000,4.8
2026-03-21 06:30:29.000,4.8
2026-03-21 06:30:29.000,6
2026-03-21 06:30:31.000,6
2026-03-21 06:30:31.000,7.2
2026-03-21 06:30:33.000,7.2
2026-03-21 06:30:33.000,9.6
2026-03-21 06:30:35.000,9.6
2026-03-21 06:30:35.000,12
2026-03-21 06:30:37.000,12
2026-03-21 06:30:37.000,13.2
2026-03-21 06:30:39.000,13.2
2026-03-21 06:30:39.000,12
2026-03-21 06:30:43.000,12
2026-03-21 06:30:43.000,10.8
2026-03-21 06:30:45.000,10.8
2026-03-21 06:30:45.000,8.4
2026-03-21 06:30:47.000,8.4
2026-03-21 06:30:47.000,7.2
2026-03-21 06:30:51.000,7.2
2026-03-21 06:30:51.000,6
2026-03-21 06:30:59.000,6
2026-03-21 06:30:59.000,7.2
2026-03-21 06:31:01.000,7.2
2026-03-21 06:31:01.000,8.4
2026-03-21 06:31:03.000,8.4
2026-03-21 06:31:03.000,9.6
2026-03-21 06:31:05.000,9.6
2026-03-21 06:31:05.000,13.2
2026-03-21 06:31:07.000,13.2
2026-03-21 06:31:07.000,14.4
2026-03-21 06:31:09.000,14.4
2026-03-21 06:31:09.000,13.2
2026-03-21 06:31:11.000,13.2
2026-03-21 06:31:11.000,12
2026-03-21 06:31:17.000,12
2026-03-21 06:31:17.000,10.8
2026-03-21 06:31:19.000,10.8
2026-03-21 06:31:19.000,12
2026-03-21 06:31:23.000,12
2026-03-21 06:31:23.000,13.2
2026-03-21 06:31:25.000,13.2
2026-03-21 06:31:25.000,14.4
2026-03-21 06:31:27.000,14.4
2026-03-21 06:31:27.000,15.6
2026-03-21 06:31:33.000,15.6
2026-03-21 06:31:33.000,16.8
2026-03-21 06:31:37.000,16.8
2026-03-21 06:31:37.000,18
2026-03-21 06:31:43.000,18
2026-03-21 06:31:43.000,16.8
2026-03-21 06:31:45.000,16.8
2026-03-21 06:31:45.000,15.6
2026-03-21 06:31:49.000,15.6
2026-03-21 06:31:49.000,16.8
2026-03-21 06:31:51.000,16.8
2026-03-21 06:31:51.000,18
2026-03-21 06:31:55.000,18
2026-03-21 06:31:55.000,20.4
2026-03-21 06:31:57.000,20.4
2026-03-21 06:31:57.000,19.2
2026-03-21 06:32:01.000,19.2
2026-03-21 06:32:01.000,16.8
2026-03-21 06:32:03.000,16.8
2026-03-21 06:32:03.000,14.4
2026-03-21 06:32:05.000,14.4
2026-03-21 06:32:05.000,13.2
2026-03-21 06:32:13.000,13.2
2026-03-21 06:32:13.000,14.4
2026-03-21 06:32:15.000,14.4
2026-03-21 06:32:15.000,16.8
2026-03-21 06:32:17.000,16.8
2026-03-21 06:32:17.000,15.6
2026-03-21 06:32:21.000,15.6
2026-03-21 06:32:21.000,14.4
2026-03-21 06:32:23.000,14.4
2026-03-21 06:32:23.000,15.6
2026-03-21 06:32:25.000,15.6
2026-03-21 06:32:25.000,16.8
2026-03-21 06:32:27.000,16.8
2026-03-21 06:32:27.000,14.4
2026-03-21 06:32:29.000,14.4
2026-03-21 06:32:29.000,16.8
2026-03-21 06:32:31.000,16.8
2026-03-21 06:32:31.000,19.2
2026-03-21 06:32:35.000,19.2
2026-03-21 06:32:35.000,16.8
2026-03-21 06:32:37.000,16.8
2026-03-21 06:32:37.000,15.6
2026-03-21 06:32:39.000,15.6
2026-03-21 06:32:39.000,13.2
2026-03-21 06:32:41.000,13.2
2026-03-21 06:32:41.000,10.8
2026-03-21 06:32:43.000,10.8
2026-03-21 06:32:43.000,9.6
2026-03-21 06:33:01.000,9.6
2026-03-21 06:33:01.000,10.8
2026-03-21 06:33:13.000,10.8
2026-03-21 06:33:13.000,12
2026-03-21 06:33:15.000,12
2026-03-21 06:33:15.000,10.8
2026-03-21 06:33:17.000,10.8
2026-03-21 06:33:17.000,12
2026-03-21 06:33:19.000,12
2026-03-21 06:33:19.000,10.8
2026-03-21 06:33:31.000,10.8
2026-03-21 06:33:31.000,12
2026-03-21 06:33:33.000,12
2026-03-21 06:33:33.000,13.2
2026-03-21 06:33:39.000,13.2
2026-03-21 06:33:39.000,12
2026-03-21 06:34:05.000,12
2026-03-21 06:34:05.000,13.2
2026-03-21 06:34:25.000,13.2
2026-03-21 06:34:25.000,12
2026-03-21 06:34:45.000,12
2026-03-21 06:34:45.000,13.2
2026-03-21 06:34:47.000,13.2
2026-03-21 06:34:47.000,14.4
2026-03-21 06:34:57.000,14.4
2026-03-21 06:34:57.000,13.2
2026-03-21 06:34:59.000,13.2
2026-03-21 06:34:59.000,12
2026-03-21 06:35:01.000,12
2026-03-21 06:35:01.000,13.2
2026-03-21 06:35:03.000,13.2
2026-03-21 06:35:03.000,12
2026-03-21 06:35:25.000,12
2026-03-21 06:35:25.000,13.2
2026-03-21 06:35:29.000,13.2
2026-03-21 06:35:29.000,14.4
2026-03-21 06:35:37.000,14.4
2026-03-21 06:35:37.000,13.2
2026-03-21 06:35:43.000,13.2
2026-03-21 06:35:43.000,12
2026-03-21 06:36:01.000,12
2026-03-21 06:36:01.000,13.2
2026-03-21 06:36:09.000,13.2
2026-03-21 06:36:09.000,14.4
2026-03-21 06:36:17.000,14.4
2026-03-21 06:36:17.000,13.2
2026-03-21 06:36:23.000,13.2
2026-03-21 06:36:23.000,12
2026-03-21 06:36:47.000,12
2026-03-21 06:36:47.000,13.2
2026-03-21 06:36:53.000,13.2
2026-03-21 06:36:53.000,14.4
2026-03-21 06:37:01.000,14.4
2026-03-21 06:37:01.000,13.2
2026-03-21 06:37:03.000,13.2
2026-03-21 06:37:03.000,12
2026-03-21 06:37:09.000,12
2026-03-21 06:37:09.000,13.2
2026-03-21 06:38:25.000,13.2
2026-03-21 06:38:25.000,19.2
2026-03-21 06:38:29.000,19.2
2026-03-21 06:38:29.000,18
2026-03-21 06:38:31.000,18
2026-03-21 06:38:31.000,13.2
2026-03-21 06:38:33.000,13.2
2026-03-21 06:38:33.000,10.8
2026-03-21 06:38:35.000,10.8
2026-03-21 06:38:35.000,13.2
2026-03-21 06:38:37.000,13.2
2026-03-21 06:38:37.000,16.8
2026-03-21 06:38:43.000,16.8
2026-03-21 06:38:43.000,18
2026-03-21 06:38:45.000,18
2026-03-21 06:38:45.000,19.2
2026-03-21 06:38:47.000,19.2
2026-03-21 06:38:47.000,33.6
2026-03-21 06:38:49.000,33.6
2026-03-21 06:38:49.000,44.4
2026-03-21 06:38:51.000,44.4
2026-03-21 06:38:51.000,48
2026-03-21 06:38:57.000,48
2026-03-21 06:38:57.000,49.2
2026-03-21 06:39:05.000,49.2
2026-03-21 06:39:05.000,48
2026-03-21 06:39:07.000,48
2026-03-21 06:39:07.000,44.4
2026-03-21 06:39:09.000,44.4
2026-03-21 06:39:09.000,42
2026-03-21 06:39:11.000,42
2026-03-21 06:39:11.000,40.8
2026-03-21 06:39:13.000,40.8
2026-03-21 06:39:13.000,44.4
2026-03-21 06:39:19.000,44.4
2026-03-21 06:39:19.000,45.6
2026-03-21 06:39:21.000,45.6
2026-03-21 06:39:21.000,48
2026-03-21 06:39:23.000,48
2026-03-21 06:39:23.000,50.4
2026-03-21 06:39:25.000,50.4
2026-03-21 06:39:25.000,51.6
2026-03-21 06:39:33.000,51.6
2026-03-21 06:39:33.000,52.8
2026-03-21 06:39:41.000,52.8
2026-03-21 06:39:41.000,54
2026-03-21 06:39:47.000,54
2026-03-21 06:39:47.000,52.8
2026-03-21 06:40:05.000,52.8
2026-03-21 06:40:05.000,54
2026-03-21 06:40:59.000,54
2026-03-21 06:40:59.000,55.2
2026-03-21 06:41:03.000,55.2
2026-03-21 06:41:03.000,54
2026-03-21 06:41:07.000,54
2026-03-21 06:41:07.000,55.2
2026-03-21 06:41:11.000,55.2
2026-03-21 06:41:11.000,54
2026-03-21 06:41:13.000,54
2026-03-21 06:41:13.000,50.4
2026-03-21 06:41:15.000,50.4
2026-03-21 06:41:15.000,43.2
2026-03-21 06:41:19.000,43.2
2026-03-21 06:41:19.000,44.4
2026-03-21 06:41:23.000,44.4
2026-03-21 06:41:23.000,46.8
2026-03-21 06:41:25.000,46.8
2026-03-21 06:41:25.000,48
2026-03-21 06:41:27.000,48
2026-03-21 06:41:27.000,49.2
2026-03-21 06:41:31.000,49.2
2026-03-21 06:41:31.000,50.4
2026-03-21 06:41:33.000,50.4
2026-03-21 06:41:33.000,51.6
2026-03-21 06:41:35.000,51.6
2026-03-21 06:41:35.000,52.8
2026-03-21 06:41:45.000,52.8
2026-03-21 06:41:45.000,51.6
2026-03-21 06:41:51.000,51.6
2026-03-21 06:41:51.000,50.4
2026-03-21 06:42:09.000,50.4
2026-03-21 06:42:09.000,51.6
2026-03-21 06:42:11.000,51.6
2026-03-21 06:42:11.000,50.4
2026-03-21 06:42:13.000,50.4
2026-03-21 06:42:13.000,51.6
2026-03-21 06:42:25.000,51.6
2026-03-21 06:42:25.000,52.8
2026-03-21 06:42:27.000,52.8
2026-03-21 06:42:27.000,51.6
2026-03-21 06:42:29.000,51.6
2026-03-21 06:42:29.000,52.8
2026-03-21 06:42:37.000,52.8
2026-03-21 06:42:37.000,50.4
2026-03-21 06:42:39.000,50.4
2026-03-21 06:42:39.000,38.4
2026-03-21 06:42:41.000,38.4
2026-03-21 06:42:41.000,49.2
2026-03-21 06:42:43.000,49.2
2026-03-21 06:42:43.000,37.2
2026-03-21 06:42:45.000,37.2
2026-03-21 06:42:45.000,33.6
2026-03-21 06:42:47.000,33.6
2026-03-21 06:42:47.000,9.6
2026-03-21 06:42:49.000,9.6
2026-03-21 06:42:49.000,8.4
2026-03-21 06:42:51.000,8.4
2026-03-21 06:42:51.000,18
2026-03-21 06:42:55.000,18
2026-03-21 06:42:55.000,20.4
2026-03-21 06:43:03.000,20.4
2026-03-21 06:43:03.000,21.6
2026-03-21 06:43:07.000,21.6
2026-03-21 06:43:07.000,28.8
2026-03-21 06:43:09.000,28.8
2026-03-21 06:43:09.000,26.4
2026-03-21 06:43:11.000,26.4
2026-03-21 06:43:11.000,37.2
2026-03-21 06:43:15.000,37.2
2026-03-21 06:43:15.000,43.2
2026-03-21 06:43:17.000,43.2
2026-03-21 06:43:17.000,42
2026-03-21 06:43:19.000,42
2026-03-21 06:43:19.000,45.6
2026-03-21 06:43:21.000,45.6
2026-03-21 06:43:21.000,42
2026-03-21 06:43:23.000,42
2026-03-21 06:43:23.000,37.2
2026-03-21 06:43:25.000,37.2
2026-03-21 06:43:25.000,32.4
2026-03-21 06:43:27.000,32.4
2026-03-21 06:43:27.000,42
2026-03-21 06:43:29.000,42
2026-03-21 06:43:29.000,45.6
2026-03-21 06:43:31.000,45.6
2026-03-21 06:43:31.000,49.2
2026-03-21 06:43:33.000,49.2
2026-03-21 06:43:33.000,51.6
2026-03-21 06:43:45.000,51.6
2026-03-21 06:43:45.000,50.4
2026-03-21 06:43:59.000,50.4
2026-03-21 06:43:59.000,51.6
2026-03-21 06:44:03.000,51.6
2026-03-21 06:44:03.000,52.8
2026-03-21 06:44:05.000,52.8
2026-03-21 06:44:05.000,54
2026-03-21 06:44:07.000,54
2026-03-21 06:44:07.000,55.2
2026-03-21 06:44:09.000,55.2
2026-03-21 06:44:09.000,56.4
2026-03-21 06:44:17.000,56.4
2026-03-21 06:44:17.000,57.6
2026-03-21 06:44:29.000,57.6
2026-03-21 06:44:29.000,56.4
2026-03-21 06:44:37.000,56.4
2026-03-21 06:44:37.000,52.8
2026-03-21 06:44:39.000,52.8
2026-03-21 06:44:39.000,48
2026-03-21 06:44:41.000,48
2026-03-21 06:44:41.000,42
2026-03-21 06:44:43.000,42
2026-03-21 06:44:43.000,40.8
2026-03-21 06:44:45.000,40.8
2026-03-21 06:44:45.000,37.2
2026-03-21 06:44:47.000,37.2
2026-03-21 06:44:47.000,39.6
2026-03-21 06:44:49.000,39.6
2026-03-21 06:44:49.000,43.2
2026-03-21 06:44:51.000,43.2
2026-03-21 06:44:51.000,42
2026-03-21 06:44:53.000,42
2026-03-21 06:44:53.000,40.8
2026-03-21 06:44:55.000,40.8
2026-03-21 06:44:55.000,42
2026-03-21 06:44:59.000,42
2026-03-21 06:44:59.000,43.2
2026-03-21 06:45:03.000,43.2
2026-03-21 06:45:03.000,42
2026-03-21 06:45:07.000,42
2026-03-21 06:45:07.000,40.8
2026-03-21 06:45:09.000,40.8
2026-03-21 06:45:09.000,39.6
2026-03-21 06:45:11.000,39.6
2026-03-21 06:45:11.000,38.4
2026-03-21 06:45:13.000,38.4
2026-03-21 06:45:13.000,37.2
2026-03-21 06:45:17.000,37.2
2026-03-21 06:45:17.000,36
2026-03-21 06:45:21.000,36
2026-03-21 06:45:21.000,37.2
2026-03-21 06:45:27.000,37.2
2026-03-21 06:45:27.000,38.4
2026-03-21 06:45:31.000,38.4
2026-03-21 06:45:31.000,39.6
2026-03-21 06:45:37.000,39.6
2026-03-21 06:45:37.000,40.8
2026-03-21 06:45:43.000,40.8
2026-03-21 06:45:43.000,42
2026-03-21 06:45:49.000,42
2026-03-21 06:45:49.000,43.2
2026-03-21 06:45:55.000,43.2
2026-03-21 06:45:55.000,44.4
2026-03-21 06:45:57.000,44.4
2026-03-21 06:45:57.000,42
2026-03-21 06:45:59.000,42
2026-03-21 06:45:59.000,33.6
2026-03-21 06:46:01.000,33.6
2026-03-21 06:46:01.000,9.6
2026-03-21 06:46:03.000,9.6
2026-03-21 06:46:03.000,16.8
2026-03-21 06:46:05.000,16.8
2026-03-21 06:46:05.000,20.4
2026-03-21 06:46:07.000,20.4
2026-03-21 06:46:07.000,22.8
2026-03-21 06:46:09.000,22.8
2026-03-21 06:46:09.000,25.2
2026-03-21 06:46:11.000,25.2
2026-03-21 06:46:11.000,27.6
2026-03-21 06:46:13.000,27.6
2026-03-21 06:46:13.000,28.8
2026-03-21 06:46:17.000,28.8
2026-03-21 06:46:17.000,30
2026-03-21 06:46:19.000,30
2026-03-21 06:46:19.000,32.4
2026-03-21 06:46:23.000,32.4
2026-03-21 06:46:23.000,31.2
2026-03-21 06:46:25.000,31.2
2026-03-21 06:46:25.000,30
2026-03-21 06:46:27.000,30
2026-03-21 06:46:27.000,27.6
2026-03-21 06:46:29.000,27.6
2026-03-21 06:46:29.000,26.4
2026-03-21 06:46:31.000,26.4
2026-03-21 06:46:31.000,25.2
2026-03-21 06:46:35.000,25.2
2026-03-21 06:46:35.000,27.6
2026-03-21 06:46:37.000,27.6
2026-03-21 06:46:37.000,32.4
2026-03-21 06:46:39.000,32.4
2026-03-21 06:46:39.000,30
2026-03-21 06:46:41.000,30
2026-03-21 06:46:41.000,24
2026-03-21 06:46:43.000,24
2026-03-21 06:46:43.000,19.2
2026-03-21 06:46:45.000,19.2
2026-03-21 06:46:45.000,15.6
2026-03-21 06:46:47.000,15.6
2026-03-21 06:46:47.000,16.8
2026-03-21 06:46:59.000,16.8
2026-03-21 06:46:59.000,18
2026-03-21 06:47:09.000,18
2026-03-21 06:47:09.000,19.2
2026-03-21 06:47:11.000,19.2
2026-03-21 06:47:11.000,20.4
2026-03-21 06:47:21.000,20.4
2026-03-21 06:47:21.000,25.2
2026-03-21 06:47:23.000,25.2
2026-03-21 06:47:23.000,27.6
2026-03-21 06:47:25.000,27.6
2026-03-21 06:47:25.000,30
2026-03-21 06:47:27.000,30
2026-03-21 06:47:27.000,31.2
2026-03-21 06:47:29.000,31.2
2026-03-21 06:47:29.000,32.4
2026-03-21 06:47:33.000,32.4
2026-03-21 06:47:33.000,33.6
2026-03-21 06:47:37.000,33.6
2026-03-21 06:47:37.000,34.8
2026-03-21 06:47:39.000,34.8
2026-03-21 06:47:39.000,33.6
2026-03-21 06:47:41.000,33.6
2026-03-21 06:47:41.000,28.8
2026-03-21 06:47:43.000,28.8
2026-03-21 06:47:43.000,27.6
2026-03-21 06:47:45.000,27.6
2026-03-21 06:47:45.000,22.8
2026-03-21 06:47:47.000,22.8
2026-03-21 06:47:47.000,26.4
2026-03-21 06:47:49.000,26.4
2026-03-21 06:47:49.000,22.8
2026-03-21 06:47:51.000,22.8
2026-03-21 06:47:51.000,24
2026-03-21 06:47:57.000,24
2026-03-21 06:47:57.000,25.2
2026-03-21 06:48:01.000,25.2
2026-03-21 06:48:01.000,26.4
2026-03-21 06:48:05.000,26.4
2026-03-21 06:48:05.000,27.6
2026-03-21 06:48:07.000,27.6
2026-03-21 06:48:07.000,28.8
2026-03-21 06:48:15.000,28.8
2026-03-21 06:48:15.000,30
2026-03-21 06:48:27.000,30
2026-03-21 06:48:27.000,28.8
2026-03-21 06:48:29.000,28.8
2026-03-21 06:48:29.000,30
2026-03-21 06:48:35.000,30
2026-03-21 06:48:35.000,31.2
2026-03-21 06:48:37.000,31.2
2026-03-21 06:48:37.000,30
2026-03-21 06:48:41.000,30
2026-03-21 06:48:41.000,31.2
2026-03-21 06:48:49.000,31.2
2026-03-21 06:48:49.000,32.4
2026-03-21 06:48:57.000,32.4
2026-03-21 06:48:57.000,33.6
2026-03-21 06:49:01.000,33.6
2026-03-21 06:49:01.000,32.4
2026-03-21 06:49:13.000,32.4
