Timestamp_ET,LeakRate_Lpm
2026-03-16 01:09:50.000,0
2026-03-16 01:09:52.000,0
2026-03-16 01:09:52.000,2.4
2026-03-16 01:09:54.000,2.4
2026-03-16 01:09:54.000,1.2
2026-03-16 01:09:56.000,1.2
2026-03-16 01:09:56.000,0
2026-03-16 01:09:58.000,0
2026-03-16 01:09:58.000,18
2026-03-16 01:10:00.000,18
2026-03-16 01:10:00.000,13.2
2026-03-16 01:10:04.000,13.2
2026-03-16 01:10:04.000,10.8
2026-03-16 01:10:08.000,10.8
2026-03-16 01:10:08.000,9.6
2026-03-16 01:10:20.000,9.6
2026-03-16 01:10:20.000,8.4
2026-03-16 01:10:22.000,8.4
2026-03-16 01:10:22.000,9.6
2026-03-16 01:10:26.000,9.6
2026-03-16 01:10:26.000,8.4
2026-03-16 01:10:48.000,8.4
2026-03-16 01:10:48.000,7.2
2026-03-16 01:10:50.000,7.2
2026-03-16 01:10:50.000,8.4
2026-03-16 01:11:00.000,8.4
2026-03-16 01:11:00.000,7.2
2026-03-16 01:11:08.000,7.2
2026-03-16 01:11:08.000,8.4
2026-03-16 01:11:14.000,8.4
2026-03-16 01:11:14.000,7.2
2026-03-16 01:11:16.000,7.2
2026-03-16 01:11:16.000,8.4
2026-03-16 01:11:18.000,8.4
2026-03-16 01:11:18.000,7.2
2026-03-16 01:11:20.000,7.2
2026-03-16 01:11:20.000,6
2026-03-16 01:11:22.000,6
2026-03-16 01:11:22.000,7.2
2026-03-16 01:11:26.000,7.2
2026-03-16 01:11:26.000,6
2026-03-16 01:11:50.000,6
2026-03-16 01:11:50.000,8.4
2026-03-16 01:11:52.000,8.4
2026-03-16 01:11:52.000,4.8
2026-03-16 01:11:54.000,4.8
2026-03-16 01:11:54.000,6
2026-03-16 01:11:56.000,6
2026-03-16 01:11:56.000,3.6
2026-03-16 01:11:58.000,3.6
2026-03-16 01:11:58.000,4.8
2026-03-16 01:12:00.000,4.8
2026-03-16 01:12:00.000,3.6
2026-03-16 01:12:02.000,3.6
2026-03-16 01:12:02.000,4.8
2026-03-16 01:12:10.000,4.8
2026-03-16 01:12:10.000,6
2026-03-16 01:12:16.000,6
2026-03-16 01:12:16.000,4.8
2026-03-16 01:12:24.000,4.8
2026-03-16 01:12:24.000,6
2026-03-16 01:12:26.000,6
2026-03-16 01:12:26.000,4.8
2026-03-16 01:12:30.000,4.8
2026-03-16 01:12:30.000,6
2026-03-16 01:12:34.000,6
2026-03-16 01:12:34.000,7.2
2026-03-16 01:12:36.000,7.2
2026-03-16 01:12:36.000,3.6
2026-03-16 01:12:38.000,3.6
2026-03-16 01:12:38.000,6
2026-03-16 01:12:40.000,6
2026-03-16 01:12:40.000,3.6
2026-03-16 01:12:48.000,3.6
2026-03-16 01:12:48.000,4.8
2026-03-16 01:12:56.000,4.8
2026-03-16 01:12:56.000,6
2026-03-16 01:12:58.000,6
2026-03-16 01:12:58.000,7.2
2026-03-16 01:13:06.000,7.2
2026-03-16 01:13:06.000,6
2026-03-16 01:13:12.000,6
2026-03-16 01:13:12.000,4.8
2026-03-16 01:13:14.000,4.8
2026-03-16 01:13:14.000,6
2026-03-16 01:13:18.000,6
2026-03-16 01:13:18.000,4.8
2026-03-16 01:13:30.000,4.8
2026-03-16 01:13:30.000,6
2026-03-16 01:13:38.000,6
2026-03-16 01:13:38.000,4.8
2026-03-16 01:13:50.000,4.8
2026-03-16 01:13:50.000,6
2026-03-16 01:13:54.000,6
2026-03-16 01:13:54.000,7.2
2026-03-16 01:14:12.000,7.2
2026-03-16 01:14:12.000,6
2026-03-16 01:14:24.000,6
2026-03-16 01:14:24.000,7.2
2026-03-16 01:14:34.000,7.2
2026-03-16 01:14:34.000,6
2026-03-16 01:14:42.000,6
2026-03-16 01:14:42.000,7.2
2026-03-16 01:14:44.000,7.2
2026-03-16 01:14:44.000,8.4
2026-03-16 01:14:48.000,8.4
2026-03-16 01:14:48.000,9.6
2026-03-16 01:14:52.000,9.6
2026-03-16 01:14:52.000,8.4
2026-03-16 01:14:56.000,8.4
2026-03-16 01:14:56.000,7.2
2026-03-16 01:15:12.000,7.2
2026-03-16 01:15:12.000,6
2026-03-16 01:15:42.000,6
2026-03-16 01:15:42.000,7.2
2026-03-16 01:15:46.000,7.2
2026-03-16 01:15:46.000,6
2026-03-16 01:15:56.000,6
2026-03-16 01:15:56.000,7.2
2026-03-16 01:16:00.000,7.2
2026-03-16 01:16:00.000,6
2026-03-16 01:16:08.000,6
2026-03-16 01:16:08.000,7.2
2026-03-16 01:16:24.000,7.2
2026-03-16 01:16:24.000,6
2026-03-16 01:16:40.000,6
2026-03-16 01:16:40.000,7.2
2026-03-16 01:16:56.000,7.2
2026-03-16 01:16:56.000,6
2026-03-16 01:17:12.000,6
2026-03-16 01:17:12.000,7.2
2026-03-16 01:17:16.000,7.2
2026-03-16 01:17:16.000,8.4
2026-03-16 01:17:18.000,8.4
2026-03-16 01:17:18.000,4.8
2026-03-16 01:17:24.000,4.8
2026-03-16 01:17:24.000,3.6
2026-03-16 01:17:26.000,3.6
2026-03-16 01:17:26.000,4.8
2026-03-16 01:17:32.000,4.8
2026-03-16 01:17:32.000,6
2026-03-16 01:17:42.000,6
2026-03-16 01:17:42.000,8.4
2026-03-16 01:17:44.000,8.4
2026-03-16 01:17:44.000,7.2
2026-03-16 01:17:46.000,7.2
2026-03-16 01:17:46.000,8.4
2026-03-16 01:17:48.000,8.4
2026-03-16 01:17:48.000,7.2
2026-03-16 01:17:52.000,7.2
2026-03-16 01:17:52.000,6
2026-03-16 01:18:04.000,6
2026-03-16 01:18:04.000,7.2
2026-03-16 01:19:48.000,7.2
2026-03-16 01:19:48.000,8.4
2026-03-16 01:19:50.000,8.4
2026-03-16 01:19:50.000,7.2
2026-03-16 01:20:52.000,7.2
2026-03-16 01:20:52.000,8.4
2026-03-16 01:21:52.000,8.4
2026-03-16 01:21:52.000,7.2
2026-03-16 01:22:08.000,7.2
2026-03-16 01:22:08.000,8.4
2026-03-16 01:22:34.000,8.4
2026-03-16 01:22:34.000,9.6
2026-03-16 01:22:38.000,9.6
2026-03-16 01:22:38.000,8.4
2026-03-16 01:22:42.000,8.4
2026-03-16 01:22:42.000,7.2
2026-03-16 01:22:44.000,7.2
2026-03-16 01:22:44.000,8.4
2026-03-16 01:22:48.000,8.4
2026-03-16 01:22:48.000,7.2
2026-03-16 01:22:52.000,7.2
2026-03-16 01:22:52.000,9.6
2026-03-16 01:22:54.000,9.6
2026-03-16 01:22:54.000,10.8
2026-03-16 01:22:56.000,10.8
2026-03-16 01:22:56.000,9.6
2026-03-16 01:23:00.000,9.6
2026-03-16 01:23:00.000,8.4
2026-03-16 01:23:04.000,8.4
2026-03-16 01:23:04.000,7.2
2026-03-16 01:23:06.000,7.2
2026-03-16 01:23:06.000,8.4
2026-03-16 01:23:22.000,8.4
2026-03-16 01:23:22.000,9.6
2026-03-16 01:23:32.000,9.6
2026-03-16 01:23:32.000,8.4
2026-03-16 01:23:42.000,8.4
2026-03-16 01:23:42.000,9.6
2026-03-16 01:23:46.000,9.6
2026-03-16 01:23:46.000,10.8
2026-03-16 01:23:52.000,10.8
2026-03-16 01:23:52.000,12
2026-03-16 01:24:02.000,12
2026-03-16 01:24:02.000,13.2
2026-03-16 01:24:08.000,13.2
2026-03-16 01:24:08.000,12
2026-03-16 01:24:12.000,12
2026-03-16 01:24:12.000,10.8
2026-03-16 01:24:18.000,10.8
2026-03-16 01:24:18.000,9.6
2026-03-16 01:24:26.000,9.6
2026-03-16 01:24:26.000,8.4
2026-03-16 01:24:40.000,8.4
2026-03-16 01:24:40.000,9.6
2026-03-16 01:24:54.000,9.6
2026-03-16 01:24:54.000,8.4
2026-03-16 01:25:12.000,8.4
2026-03-16 01:25:12.000,9.6
2026-03-16 01:25:14.000,9.6
2026-03-16 01:25:14.000,15.6
2026-03-16 01:25:16.000,15.6
2026-03-16 01:25:16.000,10.8
2026-03-16 01:25:22.000,10.8
2026-03-16 01:25:22.000,8.4
2026-03-16 01:25:42.000,8.4
2026-03-16 01:25:42.000,9.6
2026-03-16 01:25:54.000,9.6
2026-03-16 01:25:54.000,8.4
2026-03-16 01:26:14.000,8.4
2026-03-16 01:26:14.000,9.6
2026-03-16 01:26:26.000,9.6
2026-03-16 01:26:26.000,8.4
2026-03-16 01:26:34.000,8.4
2026-03-16 01:26:34.000,9.6
2026-03-16 01:26:36.000,9.6
2026-03-16 01:26:36.000,10.8
2026-03-16 01:26:38.000,10.8
2026-03-16 01:26:38.000,12
2026-03-16 01:26:40.000,12
2026-03-16 01:26:40.000,14.4
2026-03-16 01:26:48.000,14.4
2026-03-16 01:26:48.000,13.2
2026-03-16 01:26:56.000,13.2
2026-03-16 01:26:56.000,12
2026-03-16 01:26:58.000,12
2026-03-16 01:26:58.000,10.8
2026-03-16 01:27:04.000,10.8
2026-03-16 01:27:04.000,12
2026-03-16 01:27:08.000,12
2026-03-16 01:27:08.000,13.2
2026-03-16 01:27:12.000,13.2
2026-03-16 01:27:12.000,14.4
2026-03-16 01:27:18.000,14.4
2026-03-16 01:27:18.000,15.6
2026-03-16 01:27:22.000,15.6
2026-03-16 01:27:22.000,14.4
2026-03-16 01:27:24.000,14.4
2026-03-16 01:27:24.000,13.2
2026-03-16 01:27:26.000,13.2
2026-03-16 01:27:26.000,14.4
2026-03-16 01:27:28.000,14.4
2026-03-16 01:27:28.000,13.2
2026-03-16 01:27:34.000,13.2
2026-03-16 01:27:34.000,12
2026-03-16 01:27:44.000,12
2026-03-16 01:27:44.000,10.8
2026-03-16 01:28:18.000,10.8
2026-03-16 01:28:18.000,9.6
2026-03-16 01:28:22.000,9.6
2026-03-16 01:28:22.000,8.4
2026-03-16 01:28:24.000,8.4
2026-03-16 01:28:24.000,9.6
2026-03-16 01:28:26.000,9.6
2026-03-16 01:28:26.000,7.2
2026-03-16 01:28:28.000,7.2
2026-03-16 01:28:28.000,12
2026-03-16 01:28:30.000,12
2026-03-16 01:28:30.000,2.4
2026-03-16 01:28:32.000,2.4
2026-03-16 01:28:32.000,9.6
2026-03-16 01:28:34.000,9.6
2026-03-16 01:28:34.000,4.8
2026-03-16 01:28:36.000,4.8
2026-03-16 01:28:36.000,3.6
2026-03-16 01:28:38.000,3.6
2026-03-16 01:28:38.000,7.2
2026-03-16 01:28:40.000,7.2
2026-03-16 01:28:40.000,8.4
2026-03-16 01:28:42.000,8.4
2026-03-16 01:28:42.000,4.8
2026-03-16 01:28:44.000,4.8
2026-03-16 01:28:44.000,9.6
2026-03-16 01:28:46.000,9.6
2026-03-16 01:28:46.000,6
2026-03-16 01:28:48.000,6
2026-03-16 01:28:48.000,9.6
2026-03-16 01:28:50.000,9.6
2026-03-16 01:28:50.000,8.4
2026-03-16 01:28:52.000,8.4
2026-03-16 01:28:52.000,9.6
2026-03-16 01:28:54.000,9.6
2026-03-16 01:28:54.000,10.8
2026-03-16 01:28:56.000,10.8
2026-03-16 01:28:56.000,7.2
2026-03-16 01:28:58.000,7.2
2026-03-16 01:28:58.000,9.6
2026-03-16 01:29:00.000,9.6
2026-03-16 01:29:00.000,8.4
2026-03-16 01:29:04.000,8.4
2026-03-16 01:29:04.000,9.6
2026-03-16 01:29:06.000,9.6
2026-03-16 01:29:06.000,8.4
2026-03-16 01:29:08.000,8.4
2026-03-16 01:29:08.000,9.6
2026-03-16 01:29:12.000,9.6
2026-03-16 01:29:12.000,8.4
2026-03-16 01:29:14.000,8.4
2026-03-16 01:29:14.000,9.6
2026-03-16 01:29:16.000,9.6
2026-03-16 01:29:16.000,8.4
2026-03-16 01:29:20.000,8.4
2026-03-16 01:29:20.000,9.6
2026-03-16 01:29:22.000,9.6
2026-03-16 01:29:22.000,8.4
2026-03-16 01:29:26.000,8.4
2026-03-16 01:29:26.000,9.6
2026-03-16 01:29:28.000,9.6
2026-03-16 01:29:28.000,7.2
2026-03-16 01:29:30.000,7.2
2026-03-16 01:29:30.000,8.4
2026-03-16 01:29:32.000,8.4
2026-03-16 01:29:32.000,9.6
2026-03-16 01:29:34.000,9.6
2026-03-16 01:29:34.000,8.4
2026-03-16 01:29:40.000,8.4
2026-03-16 01:29:40.000,7.2
2026-03-16 01:29:46.000,7.2
2026-03-16 01:29:46.000,8.4
2026-03-16 01:29:56.000,8.4
2026-03-16 01:29:56.000,9.6
2026-03-16 01:29:58.000,9.6
2026-03-16 01:29:58.000,8.4
2026-03-16 01:30:06.000,8.4
2026-03-16 01:30:06.000,7.2
2026-03-16 01:30:08.000,7.2
2026-03-16 01:30:08.000,8.4
2026-03-16 01:30:12.000,8.4
2026-03-16 01:30:12.000,10.8
2026-03-16 01:30:14.000,10.8
2026-03-16 01:30:14.000,9.6
2026-03-16 01:30:16.000,9.6
2026-03-16 01:30:16.000,10.8
2026-03-16 01:30:18.000,10.8
2026-03-16 01:30:18.000,9.6
2026-03-16 01:30:20.000,9.6
2026-03-16 01:30:20.000,10.8
2026-03-16 01:30:22.000,10.8
2026-03-16 01:30:22.000,12
2026-03-16 01:30:24.000,12
2026-03-16 01:30:24.000,10.8
2026-03-16 01:30:42.000,10.8
2026-03-16 01:30:42.000,12
2026-03-16 01:30:44.000,12
2026-03-16 01:30:44.000,10.8
2026-03-16 01:30:46.000,10.8
2026-03-16 01:30:46.000,9.6
2026-03-16 01:30:50.000,9.6
2026-03-16 01:30:50.000,8.4
2026-03-16 01:30:52.000,8.4
2026-03-16 01:30:52.000,7.2
2026-03-16 01:30:56.000,7.2
2026-03-16 01:30:56.000,8.4
2026-03-16 01:30:58.000,8.4
2026-03-16 01:30:58.000,9.6
2026-03-16 01:31:12.000,9.6
2026-03-16 01:31:12.000,10.8
2026-03-16 01:31:14.000,10.8
2026-03-16 01:31:14.000,9.6
2026-03-16 01:31:22.000,9.6
2026-03-16 01:31:22.000,8.4
2026-03-16 01:31:32.000,8.4
2026-03-16 01:31:32.000,7.2
2026-03-16 01:31:36.000,7.2
2026-03-16 01:31:36.000,8.4
2026-03-16 01:31:44.000,8.4
2026-03-16 01:31:44.000,7.2
2026-03-16 01:31:58.000,7.2
2026-03-16 01:31:58.000,8.4
2026-03-16 01:32:10.000,8.4
2026-03-16 01:32:10.000,7.2
2026-03-16 01:32:16.000,7.2
2026-03-16 01:32:16.000,8.4
2026-03-16 01:32:20.000,8.4
2026-03-16 01:32:20.000,7.2
2026-03-16 01:32:24.000,7.2
2026-03-16 01:32:24.000,8.4
2026-03-16 01:32:28.000,8.4
2026-03-16 01:32:28.000,7.2
2026-03-16 01:32:36.000,7.2
2026-03-16 01:32:36.000,8.4
2026-03-16 01:32:38.000,8.4
2026-03-16 01:32:38.000,9.6
2026-03-16 01:32:40.000,9.6
2026-03-16 01:32:40.000,8.4
2026-03-16 01:32:48.000,8.4
2026-03-16 01:32:48.000,7.2
2026-03-16 01:32:56.000,7.2
2026-03-16 01:32:56.000,6
2026-03-16 01:33:00.000,6
2026-03-16 01:33:00.000,7.2
2026-03-16 01:33:02.000,7.2
2026-03-16 01:33:02.000,8.4
2026-03-16 01:33:04.000,8.4
2026-03-16 01:33:04.000,9.6
2026-03-16 01:33:06.000,9.6
2026-03-16 01:33:06.000,13.2
2026-03-16 01:33:08.000,13.2
2026-03-16 01:33:08.000,8.4
2026-03-16 01:33:12.000,8.4
2026-03-16 01:33:12.000,4.8
2026-03-16 01:33:14.000,4.8
2026-03-16 01:33:14.000,7.2
2026-03-16 01:33:16.000,7.2
2026-03-16 01:33:16.000,6
2026-03-16 01:33:22.000,6
2026-03-16 01:33:22.000,7.2
2026-03-16 01:33:30.000,7.2
2026-03-16 01:33:30.000,9.6
2026-03-16 01:33:32.000,9.6
2026-03-16 01:33:32.000,8.4
2026-03-16 01:33:34.000,8.4
2026-03-16 01:33:34.000,7.2
2026-03-16 01:33:42.000,7.2
2026-03-16 01:33:42.000,6
2026-03-16 01:33:44.000,6
2026-03-16 01:33:44.000,4.8
2026-03-16 01:33:46.000,4.8
2026-03-16 01:33:46.000,9.6
2026-03-16 01:33:48.000,9.6
2026-03-16 01:33:48.000,15.6
2026-03-16 01:33:50.000,15.6
2026-03-16 01:33:50.000,0
2026-03-16 01:33:52.000,0
2026-03-16 01:33:52.000,6
2026-03-16 01:33:54.000,6
2026-03-16 01:33:54.000,2.4
2026-03-16 01:33:56.000,2.4
2026-03-16 01:33:56.000,6
2026-03-16 01:34:00.000,6
2026-03-16 01:34:00.000,8.4
2026-03-16 01:34:02.000,8.4
2026-03-16 01:34:02.000,9.6
2026-03-16 01:34:12.000,9.6
2026-03-16 01:34:12.000,10.8
2026-03-16 01:34:18.000,10.8
2026-03-16 01:34:18.000,12
2026-03-16 01:34:22.000,12
2026-03-16 01:34:22.000,10.8
2026-03-16 01:34:44.000,10.8
2026-03-16 01:34:44.000,12
2026-03-16 01:34:46.000,12
2026-03-16 01:34:46.000,10.8
2026-03-16 01:34:50.000,10.8
2026-03-16 01:34:50.000,12
2026-03-16 01:34:58.000,12
2026-03-16 01:34:58.000,10.8
2026-03-16 01:35:12.000,10.8
2026-03-16 01:35:12.000,12
2026-03-16 01:35:28.000,12
2026-03-16 01:35:28.000,10.8
2026-03-16 01:35:32.000,10.8
2026-03-16 01:35:32.000,12
2026-03-16 01:35:46.000,12
2026-03-16 01:35:46.000,10.8
2026-03-16 01:35:48.000,10.8
2026-03-16 01:35:48.000,12
2026-03-16 01:36:04.000,12
2026-03-16 01:36:04.000,10.8
2026-03-16 01:36:06.000,10.8
2026-03-16 01:36:06.000,12
2026-03-16 01:36:12.000,12
2026-03-16 01:36:12.000,10.8
2026-03-16 01:36:14.000,10.8
2026-03-16 01:36:14.000,12
2026-03-16 01:36:24.000,12
2026-03-16 01:36:24.000,10.8
2026-03-16 01:36:28.000,10.8
2026-03-16 01:36:28.000,12
2026-03-16 01:36:36.000,12
2026-03-16 01:36:36.000,10.8
2026-03-16 01:36:38.000,10.8
2026-03-16 01:36:38.000,9.6
2026-03-16 01:37:16.000,9.6
2026-03-16 01:37:16.000,10.8
2026-03-16 01:37:20.000,10.8
2026-03-16 01:37:20.000,9.6
2026-03-16 01:37:34.000,9.6
2026-03-16 01:37:34.000,10.8
2026-03-16 01:37:42.000,10.8
2026-03-16 01:37:42.000,9.6
2026-03-16 01:37:56.000,9.6
2026-03-16 01:37:56.000,10.8
2026-03-16 01:37:58.000,10.8
2026-03-16 01:37:58.000,9.6
2026-03-16 01:38:02.000,9.6
2026-03-16 01:38:02.000,12
2026-03-16 01:38:04.000,12
2026-03-16 01:38:04.000,10.8
2026-03-16 01:38:08.000,10.8
2026-03-16 01:38:08.000,9.6
2026-03-16 01:38:22.000,9.6
2026-03-16 01:38:22.000,10.8
2026-03-16 01:38:24.000,10.8
2026-03-16 01:38:24.000,9.6
2026-03-16 01:38:34.000,9.6
2026-03-16 01:38:34.000,10.8
2026-03-16 01:38:38.000,10.8
2026-03-16 01:38:38.000,14.4
2026-03-16 01:38:40.000,14.4
2026-03-16 01:38:40.000,7.2
2026-03-16 01:38:44.000,7.2
2026-03-16 01:38:44.000,10.8
2026-03-16 01:38:46.000,10.8
2026-03-16 01:38:46.000,8.4
2026-03-16 01:38:50.000,8.4
2026-03-16 01:38:50.000,9.6
2026-03-16 01:38:52.000,9.6
2026-03-16 01:38:52.000,12
2026-03-16 01:38:54.000,12
2026-03-16 01:38:54.000,9.6
2026-03-16 01:38:56.000,9.6
2026-03-16 01:38:56.000,10.8
2026-03-16 01:38:58.000,10.8
2026-03-16 01:38:58.000,9.6
2026-03-16 01:39:08.000,9.6
2026-03-16 01:39:08.000,10.8
2026-03-16 01:39:20.000,10.8
2026-03-16 01:39:20.000,9.6
2026-03-16 01:39:22.000,9.6
2026-03-16 01:39:22.000,10.8
2026-03-16 01:39:32.000,10.8
2026-03-16 01:39:32.000,9.6
2026-03-16 01:39:36.000,9.6
2026-03-16 01:39:36.000,10.8
2026-03-16 01:39:48.000,10.8
2026-03-16 01:39:48.000,12
2026-03-16 01:39:50.000,12
2026-03-16 01:39:50.000,10.8
2026-03-16 01:40:10.000,10.8
2026-03-16 01:40:10.000,12
2026-03-16 01:40:16.000,12
2026-03-16 01:40:16.000,10.8
2026-03-16 01:40:26.000,10.8
2026-03-16 01:40:26.000,9.6
2026-03-16 01:40:32.000,9.6
2026-03-16 01:40:32.000,10.8
2026-03-16 01:40:34.000,10.8
2026-03-16 01:40:34.000,12
2026-03-16 01:40:40.000,12
2026-03-16 01:40:40.000,10.8
2026-03-16 01:40:46.000,10.8
2026-03-16 01:40:46.000,9.6
2026-03-16 01:40:50.000,9.6
2026-03-16 01:40:50.000,10.8
2026-03-16 01:40:58.000,10.8
2026-03-16 01:40:58.000,9.6
2026-03-16 01:41:04.000,9.6
2026-03-16 01:41:04.000,10.8
2026-03-16 01:41:08.000,10.8
2026-03-16 01:41:08.000,12
2026-03-16 01:41:10.000,12
2026-03-16 01:41:10.000,10.8
2026-03-16 01:41:12.000,10.8
2026-03-16 01:41:12.000,12
2026-03-16 01:41:14.000,12
2026-03-16 01:41:14.000,10.8
2026-03-16 01:41:56.000,10.8
2026-03-16 01:41:56.000,14.4
2026-03-16 01:41:58.000,14.4
2026-03-16 01:41:58.000,8.4
2026-03-16 01:42:00.000,8.4
2026-03-16 01:42:00.000,6
2026-03-16 01:42:06.000,6
2026-03-16 01:42:06.000,7.2
2026-03-16 01:42:08.000,7.2
2026-03-16 01:42:08.000,8.4
2026-03-16 01:42:14.000,8.4
2026-03-16 01:42:14.000,9.6
2026-03-16 01:42:22.000,9.6
2026-03-16 01:42:22.000,10.8
2026-03-16 01:42:42.000,10.8
2026-03-16 01:42:42.000,9.6
2026-03-16 01:42:44.000,9.6
2026-03-16 01:42:44.000,10.8
2026-03-16 01:42:54.000,10.8
2026-03-16 01:42:54.000,13.2
2026-03-16 01:42:56.000,13.2
2026-03-16 01:42:56.000,8.4
2026-03-16 01:42:58.000,8.4
2026-03-16 01:42:58.000,12
2026-03-16 01:43:00.000,12
2026-03-16 01:43:00.000,9.6
2026-03-16 01:43:12.000,9.6
2026-03-16 01:43:12.000,10.8
2026-03-16 01:43:28.000,10.8
2026-03-16 01:43:28.000,12
2026-03-16 01:43:30.000,12
2026-03-16 01:43:30.000,10.8
2026-03-16 01:43:32.000,10.8
2026-03-16 01:43:32.000,9.6
2026-03-16 01:43:34.000,9.6
2026-03-16 01:43:34.000,12
2026-03-16 01:43:36.000,12
2026-03-16 01:43:36.000,10.8
2026-03-16 01:43:44.000,10.8
2026-03-16 01:43:44.000,12
2026-03-16 01:43:46.000,12
2026-03-16 01:43:46.000,9.6
2026-03-16 01:43:48.000,9.6
2026-03-16 01:43:48.000,7.2
2026-03-16 01:43:52.000,7.2
2026-03-16 01:43:52.000,8.4
2026-03-16 01:43:54.000,8.4
2026-03-16 01:43:54.000,7.2
2026-03-16 01:43:58.000,7.2
2026-03-16 01:43:58.000,8.4
2026-03-16 01:44:04.000,8.4
2026-03-16 01:44:04.000,9.6
2026-03-16 01:44:06.000,9.6
2026-03-16 01:44:06.000,10.8
2026-03-16 01:44:08.000,10.8
2026-03-16 01:44:08.000,14.4
2026-03-16 01:44:10.000,14.4
2026-03-16 01:44:10.000,13.2
2026-03-16 01:44:14.000,13.2
2026-03-16 01:44:14.000,9.6
2026-03-16 01:44:16.000,9.6
2026-03-16 01:44:16.000,10.8
2026-03-16 01:44:18.000,10.8
2026-03-16 01:44:18.000,9.6
2026-03-16 01:44:32.000,9.6
2026-03-16 01:44:32.000,10.8
2026-03-16 01:44:34.000,10.8
2026-03-16 01:44:34.000,16.8
2026-03-16 01:44:36.000,16.8
2026-03-16 01:44:36.000,0
2026-03-16 01:44:38.000,0
2026-03-16 01:44:38.000,2.4
2026-03-16 01:44:40.000,2.4
2026-03-16 01:44:40.000,1.2
2026-03-16 01:44:42.000,1.2
2026-03-16 01:44:42.000,3.6
2026-03-16 01:44:44.000,3.6
2026-03-16 01:44:44.000,6
2026-03-16 01:44:48.000,6
2026-03-16 01:44:48.000,8.4
2026-03-16 01:44:50.000,8.4
2026-03-16 01:44:50.000,9.6
2026-03-16 01:45:12.000,9.6
2026-03-16 01:45:12.000,10.8
2026-03-16 01:45:14.000,10.8
2026-03-16 01:45:14.000,12
2026-03-16 01:45:16.000,12
2026-03-16 01:45:16.000,9.6
2026-03-16 01:45:26.000,9.6
2026-03-16 01:45:26.000,8.4
2026-03-16 01:45:28.000,8.4
2026-03-16 01:45:28.000,9.6
2026-03-16 01:45:56.000,9.6
2026-03-16 01:45:56.000,10.8
2026-03-16 01:46:06.000,10.8
2026-03-16 01:46:06.000,9.6
2026-03-16 01:46:08.000,9.6
2026-03-16 01:46:08.000,8.4
2026-03-16 01:46:10.000,8.4
2026-03-16 01:46:10.000,9.6
2026-03-16 01:46:12.000,9.6
2026-03-16 01:46:12.000,8.4
2026-03-16 01:46:14.000,8.4
2026-03-16 01:46:14.000,9.6
2026-03-16 01:46:26.000,9.6
2026-03-16 01:46:26.000,10.8
2026-03-16 01:46:28.000,10.8
2026-03-16 01:46:28.000,9.6
2026-03-16 01:46:50.000,9.6
2026-03-16 01:46:50.000,8.4
2026-03-16 01:46:54.000,8.4
2026-03-16 01:46:54.000,9.6
2026-03-16 01:47:02.000,9.6
2026-03-16 01:47:02.000,10.8
2026-03-16 01:47:12.000,10.8
2026-03-16 01:47:12.000,9.6
2026-03-16 01:47:18.000,9.6
2026-03-16 01:47:18.000,10.8
2026-03-16 01:47:22.000,10.8
2026-03-16 01:47:22.000,9.6
2026-03-16 01:47:24.000,9.6
2026-03-16 01:47:24.000,10.8
2026-03-16 01:47:26.000,10.8
2026-03-16 01:47:26.000,9.6
2026-03-16 01:47:36.000,9.6
2026-03-16 01:47:36.000,10.8
2026-03-16 01:47:44.000,10.8
2026-03-16 01:47:44.000,9.6
2026-03-16 01:48:06.000,9.6
2026-03-16 01:48:06.000,10.8
2026-03-16 01:48:10.000,10.8
2026-03-16 01:48:10.000,9.6
2026-03-16 01:48:20.000,9.6
2026-03-16 01:48:20.000,8.4
2026-03-16 01:48:24.000,8.4
2026-03-16 01:48:24.000,9.6
2026-03-16 01:48:26.000,9.6
2026-03-16 01:48:26.000,8.4
2026-03-16 01:48:32.000,8.4
2026-03-16 01:48:32.000,7.2
2026-03-16 01:48:34.000,7.2
2026-03-16 01:48:34.000,8.4
2026-03-16 01:48:40.000,8.4
2026-03-16 01:48:40.000,7.2
2026-03-16 01:48:44.000,7.2
2026-03-16 01:48:44.000,8.4
2026-03-16 01:48:48.000,8.4
2026-03-16 01:48:48.000,7.2
2026-03-16 01:48:50.000,7.2
2026-03-16 01:48:50.000,8.4
2026-03-16 01:49:08.000,8.4
2026-03-16 01:49:08.000,9.6
2026-03-16 01:49:10.000,9.6
2026-03-16 01:49:10.000,8.4
2026-03-16 01:49:14.000,8.4
2026-03-16 01:49:14.000,7.2
2026-03-16 01:49:18.000,7.2
2026-03-16 01:49:18.000,6
2026-03-16 01:49:20.000,6
2026-03-16 01:49:20.000,7.2
2026-03-16 01:49:30.000,7.2
2026-03-16 01:49:30.000,9.6
2026-03-16 01:49:32.000,9.6
2026-03-16 01:49:32.000,8.4
2026-03-16 01:49:34.000,8.4
2026-03-16 01:49:34.000,7.2
2026-03-16 01:49:56.000,7.2
2026-03-16 01:49:56.000,8.4
2026-03-16 01:50:00.000,8.4
2026-03-16 01:50:00.000,7.2
2026-03-16 01:50:02.000,7.2
2026-03-16 01:50:02.000,8.4
2026-03-16 01:50:14.000,8.4
2026-03-16 01:50:14.000,10.8
2026-03-16 01:50:16.000,10.8
2026-03-16 01:50:16.000,6
2026-03-16 01:50:18.000,6
2026-03-16 01:50:18.000,3.6
2026-03-16 01:50:20.000,3.6
2026-03-16 01:50:20.000,1.2
2026-03-16 01:50:22.000,1.2
2026-03-16 01:50:22.000,4.8
2026-03-16 01:50:26.000,4.8
2026-03-16 01:50:26.000,3.6
2026-03-16 01:50:30.000,3.6
2026-03-16 01:50:30.000,6
2026-03-16 01:50:34.000,6
2026-03-16 01:50:34.000,4.8
2026-03-16 01:50:36.000,4.8
2026-03-16 01:50:36.000,6
2026-03-16 01:50:40.000,6
2026-03-16 01:50:40.000,7.2
2026-03-16 01:50:48.000,7.2
2026-03-16 01:50:48.000,8.4
2026-03-16 01:50:50.000,8.4
2026-03-16 01:50:50.000,7.2
2026-03-16 01:50:52.000,7.2
2026-03-16 01:50:52.000,6
2026-03-16 01:51:04.000,6
2026-03-16 01:51:04.000,7.2
2026-03-16 01:51:06.000,7.2
2026-03-16 01:51:06.000,4.8
2026-03-16 01:51:08.000,4.8
2026-03-16 01:51:08.000,7.2
2026-03-16 01:51:10.000,7.2
2026-03-16 01:51:10.000,4.8
2026-03-16 01:51:12.000,4.8
2026-03-16 01:51:12.000,6
2026-03-16 01:51:14.000,6
2026-03-16 01:51:14.000,4.8
2026-03-16 01:51:16.000,4.8
2026-03-16 01:51:16.000,6
2026-03-16 01:51:28.000,6
2026-03-16 01:51:28.000,7.2
2026-03-16 01:51:34.000,7.2
2026-03-16 01:51:34.000,8.4
2026-03-16 01:51:38.000,8.4
2026-03-16 01:51:38.000,7.2
2026-03-16 01:51:44.000,7.2
2026-03-16 01:51:44.000,8.4
2026-03-16 01:51:54.000,8.4
2026-03-16 01:51:54.000,7.2
2026-03-16 01:51:58.000,7.2
2026-03-16 01:51:58.000,6
2026-03-16 01:52:08.000,6
2026-03-16 01:52:08.000,7.2
2026-03-16 01:52:10.000,7.2
2026-03-16 01:52:10.000,6
2026-03-16 01:52:40.000,6
2026-03-16 01:52:40.000,4.8
2026-03-16 01:52:42.000,4.8
2026-03-16 01:52:42.000,6
2026-03-16 01:52:56.000,6
2026-03-16 01:52:56.000,4.8
2026-03-16 01:52:58.000,4.8
2026-03-16 01:52:58.000,6
2026-03-16 01:53:06.000,6
2026-03-16 01:53:06.000,7.2
2026-03-16 01:53:16.000,7.2
2026-03-16 01:53:16.000,6
2026-03-16 01:53:18.000,6
2026-03-16 01:53:18.000,7.2
2026-03-16 01:53:26.000,7.2
2026-03-16 01:53:26.000,6
2026-03-16 01:53:28.000,6
2026-03-16 01:53:28.000,8.4
2026-03-16 01:53:32.000,8.4
2026-03-16 01:53:32.000,7.2
2026-03-16 01:53:50.000,7.2
2026-03-16 01:53:50.000,6
2026-03-16 01:53:58.000,6
2026-03-16 01:53:58.000,7.2
2026-03-16 01:54:02.000,7.2
2026-03-16 01:54:02.000,8.4
2026-03-16 01:54:08.000,8.4
2026-03-16 01:54:08.000,6
2026-03-16 01:54:12.000,6
2026-03-16 01:54:12.000,7.2
2026-03-16 01:54:14.000,7.2
2026-03-16 01:54:14.000,6
2026-03-16 01:54:16.000,6
2026-03-16 01:54:16.000,7.2
2026-03-16 01:54:18.000,7.2
2026-03-16 01:54:18.000,8.4
2026-03-16 01:54:22.000,8.4
2026-03-16 01:54:22.000,7.2
2026-03-16 01:54:28.000,7.2
2026-03-16 01:54:28.000,8.4
2026-03-16 01:54:30.000,8.4
2026-03-16 01:54:30.000,7.2
2026-03-16 01:55:00.000,7.2
2026-03-16 01:55:00.000,8.4
2026-03-16 01:55:12.000,8.4
2026-03-16 01:55:12.000,7.2
2026-03-16 01:55:16.000,7.2
2026-03-16 01:55:16.000,6
2026-03-16 01:55:24.000,6
2026-03-16 01:55:24.000,7.2
2026-03-16 01:55:30.000,7.2
2026-03-16 01:55:30.000,8.4
2026-03-16 01:55:34.000,8.4
2026-03-16 01:55:34.000,7.2
2026-03-16 01:56:08.000,7.2
2026-03-16 01:56:08.000,6
2026-03-16 01:56:16.000,6
2026-03-16 01:56:16.000,7.2
2026-03-16 01:56:22.000,7.2
2026-03-16 01:56:22.000,8.4
2026-03-16 01:56:26.000,8.4
2026-03-16 01:56:26.000,7.2
2026-03-16 01:56:36.000,7.2
2026-03-16 01:56:36.000,6
2026-03-16 01:56:38.000,6
2026-03-16 01:56:38.000,7.2
2026-03-16 01:57:16.000,7.2
2026-03-16 01:57:16.000,8.4
2026-03-16 01:57:18.000,8.4
2026-03-16 01:57:18.000,7.2
2026-03-16 01:57:44.000,7.2
2026-03-16 01:57:44.000,8.4
2026-03-16 01:57:46.000,8.4
2026-03-16 01:57:46.000,7.2
2026-03-16 01:58:08.000,7.2
2026-03-16 01:58:08.000,8.4
2026-03-16 01:58:10.000,8.4
2026-03-16 01:58:10.000,7.2
2026-03-16 01:58:14.000,7.2
2026-03-16 01:58:14.000,6
2026-03-16 01:58:24.000,6
2026-03-16 01:58:24.000,7.2
2026-03-16 01:58:32.000,7.2
2026-03-16 01:58:32.000,10.8
2026-03-16 01:58:34.000,10.8
2026-03-16 01:58:34.000,8.4
2026-03-16 01:58:38.000,8.4
2026-03-16 01:58:38.000,7.2
2026-03-16 01:58:44.000,7.2
2026-03-16 01:58:44.000,6
2026-03-16 01:58:48.000,6
2026-03-16 01:58:48.000,7.2
2026-03-16 01:58:50.000,7.2
2026-03-16 01:58:50.000,6
2026-03-16 01:58:54.000,6
2026-03-16 01:58:54.000,7.2
2026-03-16 01:59:20.000,7.2
2026-03-16 01:59:20.000,6
2026-03-16 01:59:22.000,6
2026-03-16 01:59:22.000,7.2
2026-03-16 01:59:32.000,7.2
2026-03-16 01:59:32.000,6
2026-03-16 01:59:38.000,6
2026-03-16 01:59:38.000,7.2
2026-03-16 01:59:58.000,7.2
2026-03-16 01:59:58.000,6
2026-03-16 02:00:02.000,6
2026-03-16 02:00:02.000,7.2
2026-03-16 02:00:06.000,7.2
2026-03-16 02:00:06.000,6
2026-03-16 02:00:08.000,6
2026-03-16 02:00:08.000,7.2
2026-03-16 02:00:10.000,7.2
2026-03-16 02:00:10.000,6
2026-03-16 02:00:14.000,6
2026-03-16 02:00:14.000,7.2
2026-03-16 02:00:30.000,7.2
2026-03-16 02:00:30.000,6
2026-03-16 02:00:34.000,6
2026-03-16 02:00:34.000,7.2
2026-03-16 02:00:42.000,7.2
2026-03-16 02:00:42.000,6
2026-03-16 02:00:46.000,6
2026-03-16 02:00:46.000,7.2
2026-03-16 02:00:50.000,7.2
2026-03-16 02:00:50.000,6
2026-03-16 02:00:52.000,6
2026-03-16 02:00:52.000,7.2
2026-03-16 02:00:56.000,7.2
2026-03-16 02:00:56.000,6
2026-03-16 02:01:00.000,6
2026-03-16 02:01:00.000,7.2
2026-03-16 02:01:04.000,7.2
2026-03-16 02:01:04.000,6
2026-03-16 02:01:14.000,6
2026-03-16 02:01:14.000,7.2
2026-03-16 02:01:18.000,7.2
2026-03-16 02:01:18.000,8.4
2026-03-16 02:01:20.000,8.4
2026-03-16 02:01:20.000,7.2
2026-03-16 02:01:40.000,7.2
2026-03-16 02:01:40.000,6
2026-03-16 02:01:52.000,6
2026-03-16 02:01:52.000,7.2
2026-03-16 02:02:00.000,7.2
2026-03-16 02:02:00.000,6
2026-03-16 02:02:04.000,6
2026-03-16 02:02:04.000,7.2
2026-03-16 02:02:06.000,7.2
2026-03-16 02:02:06.000,6
2026-03-16 02:02:08.000,6
2026-03-16 02:02:08.000,10.8
2026-03-16 02:02:10.000,10.8
2026-03-16 02:02:10.000,7.2
2026-03-16 02:02:12.000,7.2
2026-03-16 02:02:12.000,9.6
2026-03-16 02:02:14.000,9.6
2026-03-16 02:02:14.000,12
2026-03-16 02:02:16.000,12
2026-03-16 02:02:16.000,4.8
2026-03-16 02:02:18.000,4.8
2026-03-16 02:02:18.000,3.6
2026-03-16 02:02:22.000,3.6
2026-03-16 02:02:22.000,4.8
2026-03-16 02:02:24.000,4.8
2026-03-16 02:02:24.000,7.2
2026-03-16 02:02:28.000,7.2
2026-03-16 02:02:28.000,8.4
2026-03-16 02:02:48.000,8.4
2026-03-16 02:02:48.000,7.2
2026-03-16 02:02:50.000,7.2
2026-03-16 02:02:50.000,8.4
2026-03-16 02:03:20.000,8.4
2026-03-16 02:03:20.000,9.6
2026-03-16 02:03:24.000,9.6
2026-03-16 02:03:24.000,8.4
2026-03-16 02:03:38.000,8.4
2026-03-16 02:03:38.000,7.2
2026-03-16 02:03:42.000,7.2
2026-03-16 02:03:42.000,8.4
2026-03-16 02:04:20.000,8.4
2026-03-16 02:04:20.000,9.6
2026-03-16 02:04:22.000,9.6
2026-03-16 02:04:22.000,8.4
2026-03-16 02:04:32.000,8.4
2026-03-16 02:04:32.000,7.2
2026-03-16 02:04:42.000,7.2
2026-03-16 02:04:42.000,8.4
2026-03-16 02:04:52.000,8.4
2026-03-16 02:04:52.000,7.2
2026-03-16 02:05:00.000,7.2
2026-03-16 02:05:00.000,8.4
2026-03-16 02:05:02.000,8.4
2026-03-16 02:05:02.000,7.2
2026-03-16 02:05:10.000,7.2
2026-03-16 02:05:10.000,8.4
2026-03-16 02:05:14.000,8.4
2026-03-16 02:05:14.000,7.2
2026-03-16 02:05:16.000,7.2
2026-03-16 02:05:16.000,8.4
2026-03-16 02:05:20.000,8.4
2026-03-16 02:05:20.000,7.2
2026-03-16 02:05:30.000,7.2
2026-03-16 02:05:30.000,8.4
2026-03-16 02:05:32.000,8.4
2026-03-16 02:05:32.000,7.2
2026-03-16 02:06:00.000,7.2
2026-03-16 02:06:00.000,6
2026-03-16 02:06:08.000,6
2026-03-16 02:06:08.000,8.4
2026-03-16 02:06:10.000,8.4
2026-03-16 02:06:10.000,6
2026-03-16 02:06:12.000,6
2026-03-16 02:06:12.000,7.2
2026-03-16 02:06:14.000,7.2
2026-03-16 02:06:14.000,6
2026-03-16 02:06:26.000,6
2026-03-16 02:06:26.000,7.2
2026-03-16 02:06:30.000,7.2
2026-03-16 02:06:30.000,8.4
2026-03-16 02:06:32.000,8.4
2026-03-16 02:06:32.000,7.2
2026-03-16 02:06:50.000,7.2
2026-03-16 02:06:50.000,6
2026-03-16 02:06:56.000,6
2026-03-16 02:06:56.000,7.2
2026-03-16 02:07:02.000,7.2
2026-03-16 02:07:02.000,6
2026-03-16 02:07:06.000,6
2026-03-16 02:07:06.000,7.2
2026-03-16 02:07:28.000,7.2
2026-03-16 02:07:28.000,8.4
2026-03-16 02:07:30.000,8.4
2026-03-16 02:07:30.000,7.2
2026-03-16 02:07:32.000,7.2
2026-03-16 02:07:32.000,6
2026-03-16 02:07:34.000,6
2026-03-16 02:07:34.000,7.2
2026-03-16 02:07:54.000,7.2
2026-03-16 02:07:54.000,8.4
2026-03-16 02:07:56.000,8.4
2026-03-16 02:07:56.000,7.2
2026-03-16 02:08:16.000,7.2
2026-03-16 02:08:16.000,10.8
2026-03-16 02:08:18.000,10.8
2026-03-16 02:08:18.000,4.8
2026-03-16 02:08:20.000,4.8
2026-03-16 02:08:20.000,6
2026-03-16 02:08:22.000,6
2026-03-16 02:08:22.000,4.8
2026-03-16 02:08:24.000,4.8
2026-03-16 02:08:24.000,3.6
2026-03-16 02:08:34.000,3.6
2026-03-16 02:08:34.000,4.8
2026-03-16 02:08:38.000,4.8
2026-03-16 02:08:38.000,6
2026-03-16 02:08:40.000,6
2026-03-16 02:08:40.000,4.8
2026-03-16 02:08:42.000,4.8
2026-03-16 02:08:42.000,6
2026-03-16 02:08:46.000,6
2026-03-16 02:08:46.000,7.2
2026-03-16 02:09:20.000,7.2
2026-03-16 02:09:20.000,8.4
2026-03-16 02:09:22.000,8.4
2026-03-16 02:09:22.000,7.2
2026-03-16 02:09:40.000,7.2
2026-03-16 02:09:40.000,6
2026-03-16 02:09:46.000,6
2026-03-16 02:09:46.000,7.2
2026-03-16 02:10:04.000,7.2
2026-03-16 02:10:04.000,6
2026-03-16 02:10:20.000,6
2026-03-16 02:10:20.000,8.4
2026-03-16 02:10:22.000,8.4
2026-03-16 02:10:22.000,4.8
2026-03-16 02:10:24.000,4.8
2026-03-16 02:10:24.000,8.4
2026-03-16 02:10:26.000,8.4
2026-03-16 02:10:26.000,13.2
2026-03-16 02:10:28.000,13.2
2026-03-16 02:10:28.000,0
2026-03-16 02:10:36.000,0
2026-03-16 02:10:36.000,3.6
2026-03-16 02:10:40.000,3.6
2026-03-16 02:10:40.000,7.2
2026-03-16 02:10:42.000,7.2
2026-03-16 02:10:42.000,8.4
2026-03-16 02:10:56.000,8.4
2026-03-16 02:10:56.000,7.2
2026-03-16 02:10:58.000,7.2
2026-03-16 02:10:58.000,8.4
2026-03-16 02:11:00.000,8.4
2026-03-16 02:11:00.000,7.2
2026-03-16 02:11:10.000,7.2
2026-03-16 02:11:10.000,8.4
2026-03-16 02:11:16.000,8.4
2026-03-16 02:11:16.000,9.6
2026-03-16 02:11:20.000,9.6
2026-03-16 02:11:20.000,8.4
2026-03-16 02:11:26.000,8.4
2026-03-16 02:11:26.000,7.2
2026-03-16 02:11:30.000,7.2
2026-03-16 02:11:30.000,8.4
2026-03-16 02:12:00.000,8.4
2026-03-16 02:12:00.000,9.6
2026-03-16 02:12:02.000,9.6
2026-03-16 02:12:02.000,8.4
2026-03-16 02:12:04.000,8.4
2026-03-16 02:12:04.000,7.2
2026-03-16 02:12:06.000,7.2
2026-03-16 02:12:06.000,8.4
2026-03-16 02:12:40.000,8.4
2026-03-16 02:12:40.000,7.2
2026-03-16 02:12:46.000,7.2
2026-03-16 02:12:46.000,9.6
2026-03-16 02:12:48.000,9.6
2026-03-16 02:12:48.000,8.4
2026-03-16 02:12:56.000,8.4
2026-03-16 02:12:56.000,9.6
2026-03-16 02:13:00.000,9.6
2026-03-16 02:13:00.000,8.4
2026-03-16 02:13:02.000,8.4
2026-03-16 02:13:02.000,9.6
2026-03-16 02:13:06.000,9.6
2026-03-16 02:13:06.000,8.4
2026-03-16 02:13:08.000,8.4
2026-03-16 02:13:08.000,9.6
2026-03-16 02:13:10.000,9.6
2026-03-16 02:13:10.000,10.8
2026-03-16 02:13:24.000,10.8
2026-03-16 02:13:24.000,12
2026-03-16 02:13:26.000,12
2026-03-16 02:13:26.000,9.6
2026-03-16 02:13:28.000,9.6
2026-03-16 02:13:28.000,10.8
2026-03-16 02:13:34.000,10.8
2026-03-16 02:13:34.000,12
2026-03-16 02:13:40.000,12
2026-03-16 02:13:40.000,10.8
2026-03-16 02:13:44.000,10.8
2026-03-16 02:13:44.000,9.6
2026-03-16 02:13:46.000,9.6
2026-03-16 02:13:46.000,10.8
2026-03-16 02:13:52.000,10.8
2026-03-16 02:13:52.000,12
2026-03-16 02:13:54.000,12
2026-03-16 02:13:54.000,10.8
2026-03-16 02:13:56.000,10.8
2026-03-16 02:13:56.000,9.6
2026-03-16 02:14:00.000,9.6
2026-03-16 02:14:00.000,10.8
2026-03-16 02:14:02.000,10.8
2026-03-16 02:14:02.000,9.6
2026-03-16 02:14:04.000,9.6
2026-03-16 02:14:04.000,12
2026-03-16 02:14:06.000,12
2026-03-16 02:14:06.000,10.8
2026-03-16 02:14:08.000,10.8
2026-03-16 02:14:08.000,12
2026-03-16 02:14:10.000,12
2026-03-16 02:14:10.000,13.2
2026-03-16 02:14:14.000,13.2
2026-03-16 02:14:14.000,12
2026-03-16 02:14:16.000,12
2026-03-16 02:14:16.000,10.8
2026-03-16 02:14:18.000,10.8
2026-03-16 02:14:18.000,13.2
2026-03-16 02:14:22.000,13.2
2026-03-16 02:14:22.000,12
2026-03-16 02:14:24.000,12
2026-03-16 02:14:24.000,10.8
2026-03-16 02:14:36.000,10.8
2026-03-16 02:14:36.000,9.6
2026-03-16 02:14:38.000,9.6
2026-03-16 02:14:38.000,10.8
2026-03-16 02:14:46.000,10.8
2026-03-16 02:14:46.000,9.6
2026-03-16 02:14:52.000,9.6
2026-03-16 02:14:52.000,10.8
2026-03-16 02:15:00.000,10.8
2026-03-16 02:15:00.000,12
2026-03-16 02:15:08.000,12
2026-03-16 02:15:08.000,10.8
2026-03-16 02:15:12.000,10.8
2026-03-16 02:15:12.000,9.6
2026-03-16 02:15:20.000,9.6
2026-03-16 02:15:20.000,10.8
2026-03-16 02:15:24.000,10.8
2026-03-16 02:15:24.000,13.2
2026-03-16 02:15:26.000,13.2
2026-03-16 02:15:26.000,12
2026-03-16 02:15:30.000,12
2026-03-16 02:15:30.000,10.8
2026-03-16 02:15:40.000,10.8
2026-03-16 02:15:40.000,9.6
2026-03-16 02:15:42.000,9.6
2026-03-16 02:15:42.000,10.8
2026-03-16 02:16:22.000,10.8
2026-03-16 02:16:22.000,9.6
2026-03-16 02:16:26.000,9.6
2026-03-16 02:16:26.000,10.8
2026-03-16 02:16:32.000,10.8
2026-03-16 02:16:32.000,12
2026-03-16 02:16:34.000,12
2026-03-16 02:16:34.000,10.8
2026-03-16 02:16:44.000,10.8
2026-03-16 02:16:44.000,9.6
2026-03-16 02:16:46.000,9.6
2026-03-16 02:16:46.000,10.8
2026-03-16 02:17:06.000,10.8
2026-03-16 02:17:06.000,12
2026-03-16 02:17:08.000,12
2026-03-16 02:17:08.000,10.8
2026-03-16 02:17:34.000,10.8
2026-03-16 02:17:34.000,9.6
2026-03-16 02:17:38.000,9.6
2026-03-16 02:17:38.000,10.8
2026-03-16 02:18:42.000,10.8
2026-03-16 02:18:42.000,12
2026-03-16 02:18:44.000,12
2026-03-16 02:18:44.000,10.8
2026-03-16 02:18:58.000,10.8
2026-03-16 02:18:58.000,12
2026-03-16 02:19:04.000,12
2026-03-16 02:19:04.000,10.8
2026-03-16 02:19:16.000,10.8
2026-03-16 02:19:16.000,9.6
2026-03-16 02:19:18.000,9.6
2026-03-16 02:19:18.000,10.8
2026-03-16 02:19:22.000,10.8
2026-03-16 02:19:22.000,9.6
2026-03-16 02:19:24.000,9.6
2026-03-16 02:19:24.000,8.4
2026-03-16 02:19:26.000,8.4
2026-03-16 02:19:26.000,9.6
2026-03-16 02:19:28.000,9.6
2026-03-16 02:19:28.000,10.8
2026-03-16 02:19:32.000,10.8
2026-03-16 02:19:32.000,9.6
2026-03-16 02:19:40.000,9.6
2026-03-16 02:19:40.000,10.8
2026-03-16 02:19:50.000,10.8
2026-03-16 02:19:50.000,9.6
2026-03-16 02:20:08.000,9.6
2026-03-16 02:20:08.000,10.8
2026-03-16 02:20:16.000,10.8
2026-03-16 02:20:16.000,9.6
2026-03-16 02:20:44.000,9.6
2026-03-16 02:20:44.000,10.8
2026-03-16 02:20:48.000,10.8
2026-03-16 02:20:48.000,9.6
2026-03-16 02:20:52.000,9.6
2026-03-16 02:20:52.000,10.8
2026-03-16 02:21:00.000,10.8
2026-03-16 02:21:00.000,9.6
2026-03-16 02:21:26.000,9.6
2026-03-16 02:21:26.000,10.8
2026-03-16 02:21:30.000,10.8
2026-03-16 02:21:30.000,9.6
2026-03-16 02:21:34.000,9.6
2026-03-16 02:21:34.000,10.8
2026-03-16 02:21:38.000,10.8
2026-03-16 02:21:38.000,9.6
2026-03-16 02:21:40.000,9.6
2026-03-16 02:21:40.000,10.8
2026-03-16 02:21:44.000,10.8
2026-03-16 02:21:44.000,9.6
2026-03-16 02:21:48.000,9.6
2026-03-16 02:21:48.000,10.8
2026-03-16 02:22:04.000,10.8
2026-03-16 02:22:04.000,9.6
2026-03-16 02:22:06.000,9.6
2026-03-16 02:22:06.000,8.4
2026-03-16 02:22:08.000,8.4
2026-03-16 02:22:08.000,6
2026-03-16 02:22:10.000,6
2026-03-16 02:22:10.000,8.4
2026-03-16 02:22:14.000,8.4
2026-03-16 02:22:14.000,7.2
2026-03-16 02:22:22.000,7.2
2026-03-16 02:22:22.000,8.4
2026-03-16 02:22:32.000,8.4
2026-03-16 02:22:32.000,9.6
2026-03-16 02:22:36.000,9.6
2026-03-16 02:22:36.000,8.4
2026-03-16 02:23:02.000,8.4
2026-03-16 02:23:02.000,9.6
2026-03-16 02:23:06.000,9.6
2026-03-16 02:23:06.000,8.4
2026-03-16 02:23:40.000,8.4
2026-03-16 02:23:40.000,9.6
2026-03-16 02:23:46.000,9.6
2026-03-16 02:23:46.000,8.4
2026-03-16 02:23:58.000,8.4
2026-03-16 02:23:58.000,9.6
2026-03-16 02:24:02.000,9.6
2026-03-16 02:24:02.000,14.4
2026-03-16 02:24:04.000,14.4
2026-03-16 02:24:04.000,4.8
2026-03-16 02:24:06.000,4.8
2026-03-16 02:24:06.000,3.6
2026-03-16 02:24:08.000,3.6
2026-03-16 02:24:08.000,8.4
2026-03-16 02:24:10.000,8.4
2026-03-16 02:24:10.000,7.2
2026-03-16 02:24:18.000,7.2
2026-03-16 02:24:18.000,9.6
2026-03-16 02:24:26.000,9.6
2026-03-16 02:24:26.000,8.4
2026-03-16 02:24:40.000,8.4
2026-03-16 02:24:40.000,7.2
2026-03-16 02:24:42.000,7.2
2026-03-16 02:24:42.000,8.4
2026-03-16 02:24:46.000,8.4
2026-03-16 02:24:46.000,7.2
2026-03-16 02:24:48.000,7.2
2026-03-16 02:24:48.000,8.4
2026-03-16 02:24:50.000,8.4
2026-03-16 02:24:50.000,7.2
2026-03-16 02:25:10.000,7.2
2026-03-16 02:25:10.000,8.4
2026-03-16 02:25:14.000,8.4
2026-03-16 02:25:14.000,7.2
2026-03-16 02:25:36.000,7.2
2026-03-16 02:25:36.000,8.4
2026-03-16 02:25:38.000,8.4
2026-03-16 02:25:38.000,6
2026-03-16 02:25:40.000,6
2026-03-16 02:25:40.000,9.6
2026-03-16 02:25:44.000,9.6
2026-03-16 02:25:44.000,8.4
2026-03-16 02:25:50.000,8.4
2026-03-16 02:25:50.000,7.2
2026-03-16 02:25:58.000,7.2
2026-03-16 02:25:58.000,8.4
2026-03-16 02:26:28.000,8.4
2026-03-16 02:26:28.000,7.2
2026-03-16 02:26:42.000,7.2
2026-03-16 02:26:42.000,8.4
2026-03-16 02:26:52.000,8.4
2026-03-16 02:26:52.000,7.2
2026-03-16 02:27:02.000,7.2
2026-03-16 02:27:02.000,8.4
2026-03-16 02:27:12.000,8.4
2026-03-16 02:27:12.000,7.2
2026-03-16 02:27:42.000,7.2
2026-03-16 02:27:42.000,8.4
2026-03-16 02:27:48.000,8.4
2026-03-16 02:27:48.000,7.2
2026-03-16 02:27:52.000,7.2
2026-03-16 02:27:52.000,8.4
2026-03-16 02:27:58.000,8.4
2026-03-16 02:27:58.000,7.2
2026-03-16 02:28:00.000,7.2
2026-03-16 02:28:00.000,6
2026-03-16 02:28:04.000,6
2026-03-16 02:28:04.000,7.2
2026-03-16 02:28:12.000,7.2
2026-03-16 02:28:12.000,8.4
2026-03-16 02:28:14.000,8.4
2026-03-16 02:28:14.000,9.6
2026-03-16 02:28:22.000,9.6
2026-03-16 02:28:22.000,8.4
2026-03-16 02:28:34.000,8.4
2026-03-16 02:28:34.000,9.6
2026-03-16 02:28:42.000,9.6
2026-03-16 02:28:42.000,10.8
2026-03-16 02:28:44.000,10.8
2026-03-16 02:28:44.000,12
2026-03-16 02:28:50.000,12
2026-03-16 02:28:50.000,10.8
2026-03-16 02:28:52.000,10.8
2026-03-16 02:28:52.000,9.6
2026-03-16 02:28:54.000,9.6
2026-03-16 02:28:54.000,8.4
2026-03-16 02:29:02.000,8.4
2026-03-16 02:29:02.000,9.6
2026-03-16 02:29:14.000,9.6
2026-03-16 02:29:14.000,10.8
2026-03-16 02:29:20.000,10.8
2026-03-16 02:29:20.000,9.6
2026-03-16 02:29:54.000,9.6
2026-03-16 02:29:54.000,10.8
2026-03-16 02:29:56.000,10.8
2026-03-16 02:29:56.000,9.6
2026-03-16 02:30:06.000,9.6
2026-03-16 02:30:06.000,10.8
2026-03-16 02:30:08.000,10.8
2026-03-16 02:30:08.000,9.6
2026-03-16 02:30:12.000,9.6
2026-03-16 02:30:12.000,8.4
2026-03-16 02:30:18.000,8.4
2026-03-16 02:30:18.000,9.6
2026-03-16 02:30:24.000,9.6
2026-03-16 02:30:24.000,10.8
2026-03-16 02:30:26.000,10.8
2026-03-16 02:30:26.000,9.6
2026-03-16 02:30:28.000,9.6
2026-03-16 02:30:28.000,12
2026-03-16 02:30:30.000,12
2026-03-16 02:30:30.000,10.8
2026-03-16 02:30:32.000,10.8
2026-03-16 02:30:32.000,9.6
2026-03-16 02:30:56.000,9.6
2026-03-16 02:30:56.000,10.8
2026-03-16 02:31:06.000,10.8
2026-03-16 02:31:06.000,9.6
2026-03-16 02:31:30.000,9.6
2026-03-16 02:31:30.000,10.8
2026-03-16 02:31:42.000,10.8
2026-03-16 02:31:42.000,9.6
2026-03-16 02:32:06.000,9.6
2026-03-16 02:32:06.000,10.8
2026-03-16 02:32:14.000,10.8
2026-03-16 02:32:14.000,9.6
2026-03-16 02:34:28.000,9.6
2026-03-16 02:34:28.000,10.8
2026-03-16 02:34:36.000,10.8
2026-03-16 02:34:36.000,12
2026-03-16 02:34:38.000,12
2026-03-16 02:34:38.000,10.8
2026-03-16 02:34:42.000,10.8
2026-03-16 02:34:42.000,9.6
2026-03-16 02:34:44.000,9.6
2026-03-16 02:34:44.000,8.4
2026-03-16 02:34:50.000,8.4
2026-03-16 02:34:50.000,9.6
2026-03-16 02:34:54.000,9.6
2026-03-16 02:34:54.000,10.8
2026-03-16 02:34:56.000,10.8
2026-03-16 02:34:56.000,14.4
2026-03-16 02:34:58.000,14.4
2026-03-16 02:34:58.000,21.6
2026-03-16 02:35:00.000,21.6
2026-03-16 02:35:00.000,26.4
2026-03-16 02:35:02.000,26.4
2026-03-16 02:35:02.000,30
2026-03-16 02:35:04.000,30
2026-03-16 02:35:04.000,32.4
2026-03-16 02:35:06.000,32.4
2026-03-16 02:35:06.000,36
2026-03-16 02:35:12.000,36
2026-03-16 02:35:12.000,34.8
2026-03-16 02:35:24.000,34.8
2026-03-16 02:35:24.000,33.6
2026-03-16 02:35:32.000,33.6
2026-03-16 02:35:32.000,34.8
2026-03-16 02:35:34.000,34.8
2026-03-16 02:35:34.000,33.6
2026-03-16 02:35:36.000,33.6
2026-03-16 02:35:36.000,27.6
2026-03-16 02:35:38.000,27.6
2026-03-16 02:35:38.000,15.6
2026-03-16 02:35:40.000,15.6
2026-03-16 02:35:40.000,13.2
2026-03-16 02:35:42.000,13.2
2026-03-16 02:35:42.000,9.6
2026-03-16 02:35:44.000,9.6
2026-03-16 02:35:44.000,12
2026-03-16 02:35:46.000,12
2026-03-16 02:35:46.000,9.6
2026-03-16 02:35:48.000,9.6
2026-03-16 02:35:48.000,10.8
2026-03-16 02:35:50.000,10.8
2026-03-16 02:35:50.000,9.6
2026-03-16 02:36:02.000,9.6
2026-03-16 02:36:02.000,10.8
2026-03-16 02:36:06.000,10.8
2026-03-16 02:36:06.000,12
2026-03-16 02:36:08.000,12
2026-03-16 02:36:08.000,15.6
2026-03-16 02:36:10.000,15.6
2026-03-16 02:36:10.000,14.4
2026-03-16 02:36:12.000,14.4
2026-03-16 02:36:12.000,16.8
2026-03-16 02:36:14.000,16.8
2026-03-16 02:36:14.000,18
2026-03-16 02:36:16.000,18
2026-03-16 02:36:16.000,21.6
2026-03-16 02:36:18.000,21.6
2026-03-16 02:36:18.000,22.8
2026-03-16 02:36:20.000,22.8
2026-03-16 02:36:20.000,25.2
2026-03-16 02:36:24.000,25.2
2026-03-16 02:36:24.000,26.4
2026-03-16 02:36:30.000,26.4
2026-03-16 02:36:30.000,27.6
2026-03-16 02:36:36.000,27.6
2026-03-16 02:36:36.000,28.8
2026-03-16 02:37:04.000,28.8
2026-03-16 02:37:04.000,30
2026-03-16 02:37:26.000,30
2026-03-16 02:37:26.000,31.2
2026-03-16 02:37:32.000,31.2
2026-03-16 02:37:32.000,30
2026-03-16 02:37:48.000,30
2026-03-16 02:37:48.000,31.2
2026-03-16 02:38:20.000,31.2
2026-03-16 02:38:20.000,32.4
2026-03-16 02:38:22.000,32.4
2026-03-16 02:38:22.000,31.2
2026-03-16 02:38:26.000,31.2
2026-03-16 02:38:26.000,32.4
2026-03-16 02:38:52.000,32.4
2026-03-16 02:38:52.000,31.2
2026-03-16 02:39:06.000,31.2
2026-03-16 02:39:06.000,32.4
2026-03-16 02:39:26.000,32.4
2026-03-16 02:39:26.000,31.2
2026-03-16 02:39:58.000,31.2
2026-03-16 02:39:58.000,32.4
2026-03-16 02:40:18.000,32.4
2026-03-16 02:40:18.000,33.6
2026-03-16 02:40:38.000,33.6
2026-03-16 02:40:38.000,34.8
2026-03-16 02:40:56.000,34.8
2026-03-16 02:40:56.000,36
2026-03-16 02:41:06.000,36
2026-03-16 02:41:06.000,34.8
2026-03-16 02:41:16.000,34.8
2026-03-16 02:41:16.000,33.6
2026-03-16 02:41:24.000,33.6
2026-03-16 02:41:24.000,34.8
2026-03-16 02:41:26.000,34.8
2026-03-16 02:41:26.000,36
2026-03-16 02:41:28.000,36
2026-03-16 02:41:28.000,39.6
2026-03-16 02:41:32.000,39.6
2026-03-16 02:41:32.000,43.2
2026-03-16 02:41:34.000,43.2
2026-03-16 02:41:34.000,42
2026-03-16 02:41:36.000,42
2026-03-16 02:41:36.000,43.2
2026-03-16 02:41:40.000,43.2
2026-03-16 02:41:40.000,44.4
2026-03-16 02:41:54.000,44.4
2026-03-16 02:41:54.000,43.2
2026-03-16 02:41:56.000,43.2
2026-03-16 02:41:56.000,44.4
2026-03-16 02:43:26.000,44.4
2026-03-16 02:43:26.000,43.2
2026-03-16 02:43:32.000,43.2
2026-03-16 02:43:32.000,40.8
2026-03-16 02:43:34.000,40.8
2026-03-16 02:43:34.000,42
2026-03-16 02:43:36.000,42
2026-03-16 02:43:36.000,40.8
2026-03-16 02:43:46.000,40.8
2026-03-16 02:43:46.000,42
2026-03-16 02:44:14.000,42
2026-03-16 02:44:14.000,43.2
2026-03-16 02:44:28.000,43.2
2026-03-16 02:44:28.000,44.4
2026-03-16 02:44:36.000,44.4
2026-03-16 02:44:36.000,43.2
2026-03-16 02:44:44.000,43.2
2026-03-16 02:44:44.000,44.4
2026-03-16 02:45:18.000,44.4
2026-03-16 02:45:18.000,45.6
2026-03-16 02:49:10.000,45.6
2026-03-16 02:49:10.000,46.8
2026-03-16 02:49:12.000,46.8
2026-03-16 02:49:12.000,45.6
2026-03-16 02:49:16.000,45.6
2026-03-16 02:49:16.000,46.8
2026-03-16 02:49:18.000,46.8
2026-03-16 02:49:18.000,45.6
2026-03-16 02:49:20.000,45.6
2026-03-16 02:49:20.000,46.8
2026-03-16 02:49:36.000,46.8
2026-03-16 02:49:36.000,45.6
2026-03-16 02:49:52.000,45.6
2026-03-16 02:49:52.000,46.8
2026-03-16 02:49:56.000,46.8
2026-03-16 02:49:56.000,45.6
2026-03-16 02:49:58.000,45.6
2026-03-16 02:49:58.000,46.8
2026-03-16 02:50:02.000,46.8
2026-03-16 02:50:02.000,45.6
2026-03-16 02:50:42.000,45.6
2026-03-16 02:50:42.000,46.8
2026-03-16 02:52:40.000,46.8
2026-03-16 02:52:40.000,44.4
2026-03-16 02:52:42.000,44.4
2026-03-16 02:52:42.000,45.6
2026-03-16 02:52:44.000,45.6
2026-03-16 02:52:44.000,43.2
2026-03-16 02:52:46.000,43.2
2026-03-16 02:52:46.000,44.4
2026-03-16 02:52:54.000,44.4
2026-03-16 02:52:54.000,45.6
2026-03-16 02:53:02.000,45.6
2026-03-16 02:53:02.000,46.8
2026-03-16 02:53:52.000,46.8
2026-03-16 02:53:52.000,48
2026-03-16 02:54:12.000,48
2026-03-16 02:54:12.000,46.8
2026-03-16 02:55:54.000,46.8
2026-03-16 02:55:54.000,48
2026-03-16 02:56:28.000,48
2026-03-16 02:56:28.000,46.8
2026-03-16 02:56:30.000,46.8
2026-03-16 02:56:30.000,48
2026-03-16 02:57:52.000,48
2026-03-16 02:57:52.000,49.2
2026-03-16 02:58:24.000,49.2
2026-03-16 02:58:24.000,48
2026-03-16 02:58:26.000,48
2026-03-16 02:58:26.000,43.2
2026-03-16 02:58:28.000,43.2
2026-03-16 02:58:28.000,21.6
2026-03-16 02:58:30.000,21.6
2026-03-16 02:58:30.000,12
2026-03-16 02:58:32.000,12
2026-03-16 02:58:32.000,7.2
2026-03-16 02:58:34.000,7.2
2026-03-16 02:58:34.000,19.2
2026-03-16 02:58:36.000,19.2
2026-03-16 02:58:36.000,13.2
2026-03-16 02:58:38.000,13.2
2026-03-16 02:58:38.000,15.6
2026-03-16 02:58:40.000,15.6
2026-03-16 02:58:40.000,14.4
2026-03-16 02:58:44.000,14.4
2026-03-16 02:58:44.000,9.6
2026-03-16 02:58:46.000,9.6
2026-03-16 02:58:46.000,12
2026-03-16 02:58:48.000,12
2026-03-16 02:58:48.000,9.6
2026-03-16 02:58:50.000,9.6
2026-03-16 02:58:50.000,12
2026-03-16 02:58:52.000,12
2026-03-16 02:58:52.000,13.2
2026-03-16 02:58:54.000,13.2
2026-03-16 02:58:54.000,8.4
2026-03-16 02:58:56.000,8.4
2026-03-16 02:58:56.000,6
2026-03-16 02:58:58.000,6
2026-03-16 02:58:58.000,8.4
2026-03-16 02:59:02.000,8.4
2026-03-16 02:59:02.000,7.2
2026-03-16 02:59:04.000,7.2
2026-03-16 02:59:04.000,10.8
2026-03-16 02:59:08.000,10.8
2026-03-16 02:59:08.000,9.6
2026-03-16 02:59:18.000,9.6
2026-03-16 02:59:18.000,13.2
2026-03-16 02:59:20.000,13.2
2026-03-16 02:59:20.000,12
2026-03-16 02:59:22.000,12
2026-03-16 02:59:22.000,7.2
2026-03-16 02:59:24.000,7.2
2026-03-16 02:59:24.000,9.6
2026-03-16 02:59:26.000,9.6
2026-03-16 02:59:26.000,6
2026-03-16 02:59:28.000,6
2026-03-16 02:59:28.000,7.2
2026-03-16 02:59:34.000,7.2
2026-03-16 02:59:34.000,8.4
2026-03-16 02:59:38.000,8.4
2026-03-16 02:59:38.000,9.6
2026-03-16 02:59:40.000,9.6
2026-03-16 02:59:40.000,10.8
2026-03-16 02:59:42.000,10.8
2026-03-16 02:59:42.000,9.6
2026-03-16 02:59:44.000,9.6
2026-03-16 02:59:44.000,8.4
2026-03-16 02:59:52.000,8.4
2026-03-16 02:59:52.000,9.6
2026-03-16 02:59:54.000,9.6
2026-03-16 02:59:54.000,8.4
2026-03-16 02:59:56.000,8.4
2026-03-16 02:59:56.000,9.6
2026-03-16 02:59:58.000,9.6
2026-03-16 02:59:58.000,8.4
2026-03-16 03:00:12.000,8.4
2026-03-16 03:00:12.000,9.6
2026-03-16 03:00:30.000,9.6
2026-03-16 03:00:30.000,10.8
2026-03-16 03:00:32.000,10.8
2026-03-16 03:00:32.000,12
2026-03-16 03:00:34.000,12
2026-03-16 03:00:34.000,10.8
2026-03-16 03:00:36.000,10.8
2026-03-16 03:00:36.000,12
2026-03-16 03:00:38.000,12
2026-03-16 03:00:38.000,9.6
2026-03-16 03:00:44.000,9.6
2026-03-16 03:00:44.000,8.4
2026-03-16 03:00:50.000,8.4
2026-03-16 03:00:50.000,9.6
2026-03-16 03:01:00.000,9.6
2026-03-16 03:01:00.000,10.8
2026-03-16 03:01:14.000,10.8
2026-03-16 03:01:14.000,9.6
2026-03-16 03:01:16.000,9.6
2026-03-16 03:01:16.000,8.4
2026-03-16 03:01:26.000,8.4
2026-03-16 03:01:26.000,9.6
2026-03-16 03:01:28.000,9.6
2026-03-16 03:01:28.000,7.2
2026-03-16 03:01:30.000,7.2
2026-03-16 03:01:30.000,6
2026-03-16 03:01:36.000,6
2026-03-16 03:01:36.000,7.2
2026-03-16 03:01:40.000,7.2
2026-03-16 03:01:40.000,8.4
2026-03-16 03:01:50.000,8.4
2026-03-16 03:01:50.000,9.6
2026-03-16 03:01:54.000,9.6
2026-03-16 03:01:54.000,8.4
2026-03-16 03:01:56.000,8.4
2026-03-16 03:01:56.000,10.8
2026-03-16 03:02:00.000,10.8
2026-03-16 03:02:00.000,9.6
2026-03-16 03:02:06.000,9.6
2026-03-16 03:02:06.000,8.4
2026-03-16 03:02:12.000,8.4
2026-03-16 03:02:12.000,9.6
2026-03-16 03:02:14.000,9.6
2026-03-16 03:02:14.000,8.4
2026-03-16 03:02:18.000,8.4
2026-03-16 03:02:18.000,12
2026-03-16 03:02:20.000,12
2026-03-16 03:02:20.000,9.6
2026-03-16 03:03:34.000,9.6
2026-03-16 03:03:34.000,10.8
2026-03-16 03:03:36.000,10.8
2026-03-16 03:03:36.000,9.6
2026-03-16 03:03:44.000,9.6
2026-03-16 03:03:44.000,8.4
2026-03-16 03:04:18.000,8.4
2026-03-16 03:04:18.000,7.2
2026-03-16 03:04:22.000,7.2
2026-03-16 03:04:22.000,9.6
2026-03-16 03:04:24.000,9.6
2026-03-16 03:04:24.000,8.4
2026-03-16 03:04:48.000,8.4
2026-03-16 03:04:48.000,9.6
2026-03-16 03:05:14.000,9.6
2026-03-16 03:05:14.000,8.4
2026-03-16 03:05:16.000,8.4
2026-03-16 03:05:16.000,9.6
2026-03-16 03:05:18.000,9.6
2026-03-16 03:05:18.000,8.4
2026-03-16 03:05:22.000,8.4
2026-03-16 03:05:22.000,9.6
2026-03-16 03:05:24.000,9.6
2026-03-16 03:05:24.000,10.8
2026-03-16 03:05:26.000,10.8
2026-03-16 03:05:26.000,12
2026-03-16 03:05:28.000,12
2026-03-16 03:05:28.000,15.6
2026-03-16 03:05:30.000,15.6
2026-03-16 03:05:30.000,14.4
2026-03-16 03:05:34.000,14.4
2026-03-16 03:05:34.000,13.2
2026-03-16 03:05:36.000,13.2
2026-03-16 03:05:36.000,12
2026-03-16 03:05:42.000,12
2026-03-16 03:05:42.000,9.6
2026-03-16 03:05:46.000,9.6
2026-03-16 03:05:46.000,8.4
2026-03-16 03:05:56.000,8.4
2026-03-16 03:05:56.000,9.6
2026-03-16 03:06:00.000,9.6
2026-03-16 03:06:00.000,10.8
2026-03-16 03:06:02.000,10.8
2026-03-16 03:06:02.000,9.6
2026-03-16 03:06:12.000,9.6
2026-03-16 03:06:12.000,8.4
2026-03-16 03:06:16.000,8.4
2026-03-16 03:06:16.000,9.6
2026-03-16 03:06:40.000,9.6
2026-03-16 03:06:40.000,10.8
2026-03-16 03:06:42.000,10.8
2026-03-16 03:06:42.000,9.6
2026-03-16 03:07:46.000,9.6
2026-03-16 03:07:46.000,12
2026-03-16 03:07:48.000,12
2026-03-16 03:07:48.000,15.6
2026-03-16 03:07:52.000,15.6
2026-03-16 03:07:52.000,18
2026-03-16 03:07:54.000,18
2026-03-16 03:07:54.000,15.6
2026-03-16 03:07:58.000,15.6
2026-03-16 03:07:58.000,14.4
2026-03-16 03:08:02.000,14.4
2026-03-16 03:08:02.000,12
2026-03-16 03:08:06.000,12
2026-03-16 03:08:06.000,10.8
2026-03-16 03:08:16.000,10.8
2026-03-16 03:08:16.000,12
2026-03-16 03:08:22.000,12
2026-03-16 03:08:22.000,13.2
2026-03-16 03:08:24.000,13.2
2026-03-16 03:08:24.000,14.4
2026-03-16 03:08:26.000,14.4
2026-03-16 03:08:26.000,15.6
2026-03-16 03:08:30.000,15.6
2026-03-16 03:08:30.000,16.8
2026-03-16 03:08:34.000,16.8
2026-03-16 03:08:34.000,18
2026-03-16 03:08:46.000,18
2026-03-16 03:08:46.000,19.2
2026-03-16 03:08:52.000,19.2
2026-03-16 03:08:52.000,20.4
2026-03-16 03:08:54.000,20.4
2026-03-16 03:08:54.000,21.6
2026-03-16 03:08:56.000,21.6
2026-03-16 03:08:56.000,22.8
2026-03-16 03:09:02.000,22.8
2026-03-16 03:09:02.000,24
2026-03-16 03:10:04.000,24
2026-03-16 03:10:04.000,22.8
2026-03-16 03:10:06.000,22.8
2026-03-16 03:10:06.000,20.4
2026-03-16 03:10:08.000,20.4
2026-03-16 03:10:08.000,18
2026-03-16 03:10:10.000,18
2026-03-16 03:10:10.000,20.4
2026-03-16 03:10:12.000,20.4
2026-03-16 03:10:12.000,22.8
2026-03-16 03:10:14.000,22.8
2026-03-16 03:10:14.000,20.4
2026-03-16 03:10:16.000,20.4
2026-03-16 03:10:16.000,21.6
2026-03-16 03:10:18.000,21.6
2026-03-16 03:10:18.000,19.2
2026-03-16 03:10:20.000,19.2
2026-03-16 03:10:20.000,16.8
2026-03-16 03:10:22.000,16.8
2026-03-16 03:10:22.000,10.8
2026-03-16 03:10:24.000,10.8
2026-03-16 03:10:24.000,14.4
2026-03-16 03:10:26.000,14.4
2026-03-16 03:10:26.000,9.6
2026-03-16 03:10:28.000,9.6
2026-03-16 03:10:28.000,12
2026-03-16 03:10:36.000,12
2026-03-16 03:10:36.000,10.8
2026-03-16 03:10:40.000,10.8
2026-03-16 03:10:40.000,12
2026-03-16 03:10:56.000,12
2026-03-16 03:10:56.000,13.2
2026-03-16 03:11:02.000,13.2
2026-03-16 03:11:02.000,12
2026-03-16 03:11:06.000,12
2026-03-16 03:11:06.000,13.2
2026-03-16 03:11:28.000,13.2
2026-03-16 03:11:28.000,14.4
2026-03-16 03:11:30.000,14.4
2026-03-16 03:11:30.000,13.2
2026-03-16 03:11:32.000,13.2
2026-03-16 03:11:32.000,12
2026-03-16 03:11:34.000,12
2026-03-16 03:11:34.000,9.6
2026-03-16 03:11:36.000,9.6
2026-03-16 03:11:36.000,10.8
2026-03-16 03:11:38.000,10.8
2026-03-16 03:11:38.000,8.4
2026-03-16 03:11:40.000,8.4
2026-03-16 03:11:40.000,7.2
2026-03-16 03:11:42.000,7.2
2026-03-16 03:11:42.000,6
2026-03-16 03:11:44.000,6
2026-03-16 03:11:44.000,12
2026-03-16 03:11:46.000,12
2026-03-16 03:11:46.000,10.8
2026-03-16 03:11:48.000,10.8
2026-03-16 03:11:48.000,13.2
2026-03-16 03:11:50.000,13.2
2026-03-16 03:11:50.000,8.4
2026-03-16 03:11:52.000,8.4
2026-03-16 03:11:52.000,9.6
2026-03-16 03:11:56.000,9.6
2026-03-16 03:11:56.000,7.2
2026-03-16 03:11:58.000,7.2
2026-03-16 03:11:58.000,3.6
2026-03-16 03:12:00.000,3.6
2026-03-16 03:12:00.000,6
2026-03-16 03:12:04.000,6
2026-03-16 03:12:04.000,4.8
2026-03-16 03:12:06.000,4.8
2026-03-16 03:12:06.000,7.2
2026-03-16 03:12:08.000,7.2
2026-03-16 03:12:08.000,8.4
2026-03-16 03:12:10.000,8.4
2026-03-16 03:12:10.000,7.2
2026-03-16 03:12:12.000,7.2
2026-03-16 03:12:12.000,6
2026-03-16 03:12:14.000,6
2026-03-16 03:12:14.000,4.8
2026-03-16 03:12:24.000,4.8
2026-03-16 03:12:24.000,6
2026-03-16 03:12:38.000,6
2026-03-16 03:12:38.000,4.8
2026-03-16 03:13:02.000,4.8
2026-03-16 03:13:02.000,6
2026-03-16 03:13:14.000,6
2026-03-16 03:13:14.000,4.8
2026-03-16 03:13:36.000,4.8
2026-03-16 03:13:36.000,6
2026-03-16 03:13:40.000,6
2026-03-16 03:13:40.000,7.2
2026-03-16 03:13:46.000,7.2
2026-03-16 03:13:46.000,6
2026-03-16 03:13:52.000,6
2026-03-16 03:13:52.000,4.8
2026-03-16 03:14:02.000,4.8
2026-03-16 03:14:02.000,6
2026-03-16 03:14:30.000,6
2026-03-16 03:14:30.000,4.8
2026-03-16 03:14:34.000,4.8
2026-03-16 03:14:34.000,6
2026-03-16 03:15:24.000,6
2026-03-16 03:15:24.000,4.8
2026-03-16 03:15:26.000,4.8
2026-03-16 03:15:26.000,6
2026-03-16 03:15:52.000,6
2026-03-16 03:15:52.000,4.8
2026-03-16 03:15:54.000,4.8
2026-03-16 03:15:54.000,6
2026-03-16 03:16:36.000,6
2026-03-16 03:16:36.000,7.2
2026-03-16 03:16:40.000,7.2
2026-03-16 03:16:40.000,6
2026-03-16 03:16:50.000,6
2026-03-16 03:16:50.000,4.8
2026-03-16 03:17:14.000,4.8
2026-03-16 03:17:14.000,6
2026-03-16 03:17:22.000,6
2026-03-16 03:17:22.000,8.4
2026-03-16 03:17:28.000,8.4
2026-03-16 03:17:28.000,6
2026-03-16 03:17:30.000,6
2026-03-16 03:17:30.000,4.8
2026-03-16 03:17:32.000,4.8
2026-03-16 03:17:32.000,6
2026-03-16 03:17:48.000,6
2026-03-16 03:17:48.000,7.2
2026-03-16 03:17:56.000,7.2
2026-03-16 03:17:56.000,8.4
2026-03-16 03:18:00.000,8.4
2026-03-16 03:18:00.000,9.6
2026-03-16 03:18:02.000,9.6
2026-03-16 03:18:02.000,8.4
2026-03-16 03:18:06.000,8.4
2026-03-16 03:18:06.000,7.2
2026-03-16 03:18:10.000,7.2
2026-03-16 03:18:10.000,6
2026-03-16 03:18:30.000,6
2026-03-16 03:18:30.000,7.2
2026-03-16 03:18:42.000,7.2
2026-03-16 03:18:42.000,8.4
2026-03-16 03:18:44.000,8.4
2026-03-16 03:18:44.000,7.2
2026-03-16 03:18:58.000,7.2
2026-03-16 03:18:58.000,6
2026-03-16 03:19:08.000,6
2026-03-16 03:19:08.000,7.2
2026-03-16 03:19:20.000,7.2
2026-03-16 03:19:20.000,8.4
2026-03-16 03:19:30.000,8.4
2026-03-16 03:19:30.000,7.2
2026-03-16 03:19:42.000,7.2
2026-03-16 03:19:42.000,6
2026-03-16 03:19:44.000,6
2026-03-16 03:19:44.000,7.2
2026-03-16 03:20:04.000,7.2
2026-03-16 03:20:04.000,8.4
2026-03-16 03:20:10.000,8.4
2026-03-16 03:20:10.000,7.2
2026-03-16 03:20:48.000,7.2
2026-03-16 03:20:48.000,8.4
2026-03-16 03:20:52.000,8.4
2026-03-16 03:20:52.000,7.2
2026-03-16 03:26:00.000,7.2
2026-03-16 03:26:00.000,8.4
2026-03-16 03:26:02.000,8.4
2026-03-16 03:26:02.000,7.2
2026-03-16 03:26:24.000,7.2
2026-03-16 03:26:24.000,8.4
2026-03-16 03:26:26.000,8.4
2026-03-16 03:26:26.000,7.2
2026-03-16 03:26:28.000,7.2
2026-03-16 03:26:28.000,8.4
2026-03-16 03:26:32.000,8.4
2026-03-16 03:26:32.000,7.2
2026-03-16 03:27:02.000,7.2
2026-03-16 03:27:02.000,8.4
2026-03-16 03:27:06.000,8.4
2026-03-16 03:27:06.000,7.2
2026-03-16 03:27:16.000,7.2
2026-03-16 03:27:16.000,8.4
2026-03-16 03:27:18.000,8.4
2026-03-16 03:27:18.000,7.2
2026-03-16 03:27:40.000,7.2
2026-03-16 03:27:40.000,8.4
2026-03-16 03:27:42.000,8.4
2026-03-16 03:27:42.000,7.2
2026-03-16 03:27:52.000,7.2
2026-03-16 03:27:52.000,8.4
2026-03-16 03:27:56.000,8.4
2026-03-16 03:27:56.000,7.2
2026-03-16 03:28:04.000,7.2
2026-03-16 03:28:04.000,8.4
2026-03-16 03:28:26.000,8.4
2026-03-16 03:28:26.000,7.2
2026-03-16 03:28:28.000,7.2
2026-03-16 03:28:28.000,8.4
2026-03-16 03:28:30.000,8.4
2026-03-16 03:28:30.000,7.2
2026-03-16 03:28:32.000,7.2
2026-03-16 03:28:32.000,8.4
2026-03-16 03:28:34.000,8.4
2026-03-16 03:28:34.000,7.2
2026-03-16 03:28:52.000,7.2
2026-03-16 03:28:52.000,8.4
2026-03-16 03:29:16.000,8.4
2026-03-16 03:29:16.000,7.2
2026-03-16 03:29:36.000,7.2
2026-03-16 03:29:36.000,8.4
2026-03-16 03:30:06.000,8.4
2026-03-16 03:30:06.000,7.2
2026-03-16 03:30:12.000,7.2
2026-03-16 03:30:12.000,8.4
2026-03-16 03:30:14.000,8.4
2026-03-16 03:30:14.000,7.2
2026-03-16 03:30:22.000,7.2
2026-03-16 03:30:22.000,8.4
2026-03-16 03:30:26.000,8.4
2026-03-16 03:30:26.000,7.2
2026-03-16 03:30:28.000,7.2
2026-03-16 03:30:28.000,8.4
2026-03-16 03:30:58.000,8.4
2026-03-16 03:30:58.000,7.2
2026-03-16 03:31:00.000,7.2
2026-03-16 03:31:00.000,8.4
2026-03-16 03:31:04.000,8.4
2026-03-16 03:31:04.000,7.2
2026-03-16 03:31:12.000,7.2
2026-03-16 03:31:12.000,8.4
2026-03-16 03:31:40.000,8.4
2026-03-16 03:31:40.000,7.2
2026-03-16 03:31:42.000,7.2
2026-03-16 03:31:42.000,8.4
2026-03-16 03:31:44.000,8.4
2026-03-16 03:31:44.000,7.2
2026-03-16 03:31:54.000,7.2
2026-03-16 03:31:54.000,8.4
2026-03-16 03:32:24.000,8.4
2026-03-16 03:32:24.000,7.2
2026-03-16 03:32:26.000,7.2
2026-03-16 03:32:26.000,8.4
2026-03-16 03:32:30.000,8.4
2026-03-16 03:32:30.000,7.2
2026-03-16 03:32:40.000,7.2
2026-03-16 03:32:40.000,8.4
2026-03-16 03:33:18.000,8.4
2026-03-16 03:33:18.000,7.2
2026-03-16 03:33:20.000,7.2
2026-03-16 03:33:20.000,8.4
2026-03-16 03:33:22.000,8.4
2026-03-16 03:33:22.000,7.2
2026-03-16 03:33:24.000,7.2
2026-03-16 03:33:24.000,8.4
2026-03-16 03:33:40.000,8.4
2026-03-16 03:33:40.000,7.2
2026-03-16 03:33:42.000,7.2
2026-03-16 03:33:42.000,8.4
2026-03-16 03:33:46.000,8.4
2026-03-16 03:33:46.000,7.2
2026-03-16 03:33:48.000,7.2
2026-03-16 03:33:48.000,8.4
2026-03-16 03:34:02.000,8.4
2026-03-16 03:34:02.000,9.6
2026-03-16 03:34:08.000,9.6
2026-03-16 03:34:08.000,8.4
2026-03-16 03:34:10.000,8.4
2026-03-16 03:34:10.000,4.8
2026-03-16 03:34:12.000,4.8
2026-03-16 03:34:12.000,3.6
2026-03-16 03:34:14.000,3.6
2026-03-16 03:34:14.000,4.8
2026-03-16 03:34:22.000,4.8
2026-03-16 03:34:22.000,6
2026-03-16 03:34:36.000,6
2026-03-16 03:34:36.000,4.8
2026-03-16 03:35:54.000,4.8
2026-03-16 03:35:54.000,6
2026-03-16 03:35:56.000,6
2026-03-16 03:35:56.000,4.8
2026-03-16 03:36:28.000,4.8
2026-03-16 03:36:28.000,6
2026-03-16 03:36:36.000,6
2026-03-16 03:36:36.000,4.8
2026-03-16 03:37:06.000,4.8
2026-03-16 03:37:06.000,6
2026-03-16 03:37:20.000,6
2026-03-16 03:37:20.000,4.8
2026-03-16 03:39:12.000,4.8
2026-03-16 03:39:12.000,6
2026-03-16 03:39:14.000,6
2026-03-16 03:39:14.000,4.8
2026-03-16 03:39:44.000,4.8
2026-03-16 03:39:44.000,6
2026-03-16 03:40:00.000,6
2026-03-16 03:40:00.000,4.8
2026-03-16 03:40:30.000,4.8
2026-03-16 03:40:30.000,6
2026-03-16 03:40:50.000,6
2026-03-16 03:40:50.000,4.8
2026-03-16 03:41:06.000,4.8
2026-03-16 03:41:06.000,6
2026-03-16 03:41:10.000,6
2026-03-16 03:41:10.000,4.8
2026-03-16 03:41:12.000,4.8
2026-03-16 03:41:12.000,6
2026-03-16 03:41:18.000,6
2026-03-16 03:41:18.000,4.8
2026-03-16 03:41:32.000,4.8
2026-03-16 03:41:32.000,6
2026-03-16 03:41:34.000,6
2026-03-16 03:41:34.000,4.8
2026-03-16 03:41:38.000,4.8
2026-03-16 03:41:38.000,6
2026-03-16 03:41:42.000,6
2026-03-16 03:41:42.000,4.8
2026-03-16 03:41:44.000,4.8
2026-03-16 03:41:44.000,6
2026-03-16 03:41:46.000,6
2026-03-16 03:41:46.000,4.8
2026-03-16 03:42:04.000,4.8
2026-03-16 03:42:04.000,6
2026-03-16 03:42:10.000,6
2026-03-16 03:42:10.000,4.8
2026-03-16 03:42:12.000,4.8
2026-03-16 03:42:12.000,6
2026-03-16 03:42:16.000,6
2026-03-16 03:42:16.000,9.6
2026-03-16 03:42:18.000,9.6
2026-03-16 03:42:18.000,8.4
2026-03-16 03:42:22.000,8.4
2026-03-16 03:42:22.000,7.2
2026-03-16 03:42:24.000,7.2
2026-03-16 03:42:24.000,6
2026-03-16 03:42:26.000,6
2026-03-16 03:42:26.000,4.8
2026-03-16 03:42:28.000,4.8
2026-03-16 03:42:28.000,3.6
2026-03-16 03:42:30.000,3.6
2026-03-16 03:42:30.000,4.8
2026-03-16 03:42:32.000,4.8
2026-03-16 03:42:32.000,3.6
2026-03-16 03:42:38.000,3.6
2026-03-16 03:42:38.000,4.8
2026-03-16 03:42:42.000,4.8
2026-03-16 03:42:42.000,6
2026-03-16 03:43:08.000,6
2026-03-16 03:43:08.000,7.2
2026-03-16 03:43:10.000,7.2
2026-03-16 03:43:10.000,6
2026-03-16 03:43:44.000,6
2026-03-16 03:43:44.000,7.2
2026-03-16 03:43:56.000,7.2
2026-03-16 03:43:56.000,6
2026-03-16 03:44:24.000,6
2026-03-16 03:44:24.000,7.2
2026-03-16 03:44:28.000,7.2
2026-03-16 03:44:28.000,6
2026-03-16 03:44:46.000,6
2026-03-16 03:44:46.000,7.2
2026-03-16 03:44:52.000,7.2
2026-03-16 03:44:52.000,6
2026-03-16 03:44:56.000,6
2026-03-16 03:44:56.000,7.2
2026-03-16 03:45:00.000,7.2
2026-03-16 03:45:00.000,6
2026-03-16 03:45:02.000,6
2026-03-16 03:45:02.000,7.2
2026-03-16 03:45:06.000,7.2
2026-03-16 03:45:06.000,8.4
2026-03-16 03:45:12.000,8.4
2026-03-16 03:45:12.000,7.2
2026-03-16 03:45:18.000,7.2
2026-03-16 03:45:18.000,6
2026-03-16 03:45:28.000,6
2026-03-16 03:45:28.000,7.2
2026-03-16 03:45:44.000,7.2
2026-03-16 03:45:44.000,6
2026-03-16 03:45:46.000,6
2026-03-16 03:45:46.000,7.2
2026-03-16 03:45:50.000,7.2
2026-03-16 03:45:50.000,6
2026-03-16 03:46:14.000,6
2026-03-16 03:46:14.000,7.2
2026-03-16 03:46:26.000,7.2
2026-03-16 03:46:26.000,6
2026-03-16 03:47:00.000,6
2026-03-16 03:47:00.000,7.2
2026-03-16 03:47:04.000,7.2
2026-03-16 03:47:04.000,6
2026-03-16 03:55:04.000,6
2026-03-16 03:55:04.000,7.2
2026-03-16 03:55:08.000,7.2
2026-03-16 03:55:08.000,6
2026-03-16 03:55:14.000,6
2026-03-16 03:55:14.000,7.2
2026-03-16 03:55:16.000,7.2
2026-03-16 03:55:16.000,6
2026-03-16 03:55:32.000,6
2026-03-16 03:55:32.000,7.2
2026-03-16 03:55:34.000,7.2
2026-03-16 03:55:34.000,6
2026-03-16 03:56:10.000,6
2026-03-16 03:56:10.000,7.2
2026-03-16 03:56:12.000,7.2
2026-03-16 03:56:12.000,6
2026-03-16 03:56:22.000,6
2026-03-16 03:56:22.000,7.2
2026-03-16 03:56:24.000,7.2
2026-03-16 03:56:24.000,6
2026-03-16 03:57:38.000,6
2026-03-16 03:57:38.000,7.2
2026-03-16 03:57:42.000,7.2
2026-03-16 03:57:42.000,6
2026-03-16 03:57:44.000,6
2026-03-16 03:57:44.000,7.2
2026-03-16 03:57:46.000,7.2
2026-03-16 03:57:46.000,6
2026-03-16 03:57:48.000,6
2026-03-16 03:57:48.000,7.2
2026-03-16 03:57:50.000,7.2
2026-03-16 03:57:50.000,6
2026-03-16 03:58:16.000,6
2026-03-16 03:58:16.000,7.2
2026-03-16 03:58:26.000,7.2
2026-03-16 03:58:26.000,6
2026-03-16 03:58:28.000,6
2026-03-16 03:58:28.000,7.2
2026-03-16 03:58:30.000,7.2
2026-03-16 03:58:30.000,6
2026-03-16 03:58:44.000,6
2026-03-16 03:58:44.000,7.2
2026-03-16 03:58:46.000,7.2
2026-03-16 03:58:46.000,6
2026-03-16 03:59:22.000,6
2026-03-16 03:59:22.000,7.2
2026-03-16 03:59:24.000,7.2
2026-03-16 03:59:24.000,6
2026-03-16 03:59:30.000,6
2026-03-16 03:59:30.000,7.2
2026-03-16 03:59:32.000,7.2
2026-03-16 03:59:32.000,6
2026-03-16 03:59:56.000,6
2026-03-16 03:59:56.000,7.2
2026-03-16 03:59:58.000,7.2
2026-03-16 03:59:58.000,6
2026-03-16 04:00:00.000,6
2026-03-16 04:00:00.000,7.2
2026-03-16 04:00:10.000,7.2
2026-03-16 04:00:10.000,6
2026-03-16 04:00:38.000,6
2026-03-16 04:00:38.000,7.2
2026-03-16 04:00:42.000,7.2
2026-03-16 04:00:42.000,6
2026-03-16 04:00:48.000,6
2026-03-16 04:00:48.000,4.8
2026-03-16 04:01:02.000,4.8
2026-03-16 04:01:02.000,6
2026-03-16 04:01:04.000,6
2026-03-16 04:01:04.000,4.8
2026-03-16 04:01:54.000,4.8
2026-03-16 04:01:54.000,6
2026-03-16 04:01:58.000,6
2026-03-16 04:01:58.000,4.8
2026-03-16 04:02:02.000,4.8
2026-03-16 04:02:02.000,6
2026-03-16 04:02:04.000,6
2026-03-16 04:02:04.000,4.8
2026-03-16 04:02:08.000,4.8
2026-03-16 04:02:08.000,6
2026-03-16 04:02:12.000,6
2026-03-16 04:02:12.000,7.2
2026-03-16 04:02:14.000,7.2
2026-03-16 04:02:14.000,9.6
2026-03-16 04:02:16.000,9.6
2026-03-16 04:02:16.000,3.6
2026-03-16 04:02:22.000,3.6
2026-03-16 04:02:22.000,2.4
2026-03-16 04:02:24.000,2.4
2026-03-16 04:02:24.000,4.8
2026-03-16 04:02:28.000,4.8
2026-03-16 04:02:28.000,6
2026-03-16 04:02:30.000,6
2026-03-16 04:02:30.000,4.8
2026-03-16 04:02:32.000,4.8
2026-03-16 04:02:32.000,6
2026-03-16 04:02:34.000,6
2026-03-16 04:02:34.000,4.8
2026-03-16 04:02:36.000,4.8
2026-03-16 04:02:36.000,6
2026-03-16 04:02:40.000,6
2026-03-16 04:02:40.000,4.8
2026-03-16 04:02:46.000,4.8
2026-03-16 04:02:46.000,6
2026-03-16 04:04:08.000,6
2026-03-16 04:04:08.000,7.2
2026-03-16 04:04:12.000,7.2
2026-03-16 04:04:12.000,8.4
2026-03-16 04:04:14.000,8.4
2026-03-16 04:04:14.000,9.6
2026-03-16 04:04:16.000,9.6
2026-03-16 04:04:16.000,10.8
2026-03-16 04:04:22.000,10.8
2026-03-16 04:04:22.000,12
2026-03-16 04:04:34.000,12
2026-03-16 04:04:34.000,13.2
2026-03-16 04:04:36.000,13.2
2026-03-16 04:04:36.000,14.4
2026-03-16 04:04:38.000,14.4
2026-03-16 04:04:38.000,18
2026-03-16 04:04:42.000,18
2026-03-16 04:04:42.000,20.4
2026-03-16 04:04:44.000,20.4
2026-03-16 04:04:44.000,21.6
2026-03-16 04:04:50.000,21.6
2026-03-16 04:04:50.000,22.8
2026-03-16 04:05:02.000,22.8
2026-03-16 04:05:02.000,24
2026-03-16 04:05:40.000,24
2026-03-16 04:05:40.000,22.8
2026-03-16 04:05:48.000,22.8
2026-03-16 04:05:48.000,21.6
2026-03-16 04:06:04.000,21.6
2026-03-16 04:06:04.000,20.4
2026-03-16 04:06:12.000,20.4
2026-03-16 04:06:12.000,19.2
2026-03-16 04:06:28.000,19.2
2026-03-16 04:06:28.000,18
2026-03-16 04:06:32.000,18
2026-03-16 04:06:32.000,16.8
2026-03-16 04:06:34.000,16.8
2026-03-16 04:06:34.000,15.6
2026-03-16 04:07:20.000,15.6
2026-03-16 04:07:20.000,16.8
2026-03-16 04:07:34.000,16.8
2026-03-16 04:07:34.000,15.6
2026-03-16 04:07:36.000,15.6
2026-03-16 04:07:36.000,14.4
2026-03-16 04:07:38.000,14.4
2026-03-16 04:07:38.000,10.8
2026-03-16 04:07:40.000,10.8
2026-03-16 04:07:40.000,13.2
2026-03-16 04:07:42.000,13.2
2026-03-16 04:07:42.000,7.2
2026-03-16 04:07:56.000,7.2
2026-03-16 04:07:56.000,8.4
2026-03-16 04:08:14.000,8.4
2026-03-16 04:08:14.000,10.8
2026-03-16 04:08:16.000,10.8
2026-03-16 04:08:16.000,15.6
2026-03-16 04:08:20.000,15.6
2026-03-16 04:08:20.000,20.4
2026-03-16 04:08:22.000,20.4
2026-03-16 04:08:22.000,19.2
2026-03-16 04:08:24.000,19.2
2026-03-16 04:08:24.000,20.4
2026-03-16 04:08:30.000,20.4
2026-03-16 04:08:30.000,21.6
2026-03-16 04:08:48.000,21.6
2026-03-16 04:08:48.000,22.8
2026-03-16 04:09:08.000,22.8
2026-03-16 04:09:08.000,21.6
2026-03-16 04:09:14.000,21.6
2026-03-16 04:09:14.000,20.4
2026-03-16 04:09:16.000,20.4
2026-03-16 04:09:16.000,18
2026-03-16 04:09:18.000,18
2026-03-16 04:09:18.000,14.4
2026-03-16 04:09:20.000,14.4
2026-03-16 04:09:20.000,13.2
2026-03-16 04:09:22.000,13.2
2026-03-16 04:09:22.000,12
2026-03-16 04:09:26.000,12
2026-03-16 04:09:26.000,13.2
2026-03-16 04:09:28.000,13.2
2026-03-16 04:09:28.000,14.4
2026-03-16 04:09:32.000,14.4
2026-03-16 04:09:32.000,16.8
2026-03-16 04:09:34.000,16.8
2026-03-16 04:09:34.000,19.2
2026-03-16 04:09:38.000,19.2
2026-03-16 04:09:38.000,20.4
2026-03-16 04:09:42.000,20.4
2026-03-16 04:09:42.000,21.6
2026-03-16 04:10:04.000,21.6
2026-03-16 04:10:04.000,20.4
2026-03-16 04:10:06.000,20.4
2026-03-16 04:10:06.000,21.6
2026-03-16 04:10:08.000,21.6
2026-03-16 04:10:08.000,19.2
2026-03-16 04:10:12.000,19.2
2026-03-16 04:10:12.000,18
2026-03-16 04:10:14.000,18
2026-03-16 04:10:14.000,19.2
2026-03-16 04:10:24.000,19.2
2026-03-16 04:10:24.000,20.4
2026-03-16 04:10:26.000,20.4
2026-03-16 04:10:26.000,19.2
2026-03-16 04:10:32.000,19.2
2026-03-16 04:10:32.000,20.4
2026-03-16 04:11:02.000,20.4
2026-03-16 04:11:02.000,21.6
2026-03-16 04:11:04.000,21.6
2026-03-16 04:11:04.000,20.4
2026-03-16 04:11:14.000,20.4
2026-03-16 04:11:14.000,18
2026-03-16 04:11:16.000,18
2026-03-16 04:11:16.000,13.2
2026-03-16 04:11:18.000,13.2
2026-03-16 04:11:18.000,15.6
2026-03-16 04:11:20.000,15.6
2026-03-16 04:11:20.000,12
2026-03-16 04:11:22.000,12
2026-03-16 04:11:22.000,14.4
2026-03-16 04:11:24.000,14.4
2026-03-16 04:11:24.000,13.2
2026-03-16 04:11:32.000,13.2
2026-03-16 04:11:32.000,14.4
2026-03-16 04:11:46.000,14.4
2026-03-16 04:11:46.000,15.6
2026-03-16 04:11:48.000,15.6
2026-03-16 04:11:48.000,13.2
2026-03-16 04:11:50.000,13.2
2026-03-16 04:11:50.000,10.8
2026-03-16 04:11:52.000,10.8
2026-03-16 04:11:52.000,13.2
2026-03-16 04:11:54.000,13.2
2026-03-16 04:11:54.000,12
2026-03-16 04:11:56.000,12
2026-03-16 04:11:56.000,13.2
2026-03-16 04:12:02.000,13.2
2026-03-16 04:12:02.000,12
2026-03-16 04:12:22.000,12
2026-03-16 04:12:22.000,10.8
2026-03-16 04:13:04.000,10.8
2026-03-16 04:13:04.000,12
2026-03-16 04:13:16.000,12
2026-03-16 04:13:16.000,10.8
2026-03-16 04:14:26.000,10.8
2026-03-16 04:14:26.000,12
2026-03-16 04:14:42.000,12
2026-03-16 04:14:42.000,10.8
2026-03-16 04:14:50.000,10.8
2026-03-16 04:14:50.000,12
2026-03-16 04:14:52.000,12
2026-03-16 04:14:52.000,10.8
2026-03-16 04:15:06.000,10.8
2026-03-16 04:15:06.000,12
2026-03-16 04:19:26.000,12
2026-03-16 04:19:26.000,13.2
2026-03-16 04:19:28.000,13.2
2026-03-16 04:19:28.000,12
2026-03-16 04:19:34.000,12
2026-03-16 04:19:34.000,13.2
2026-03-16 04:19:38.000,13.2
2026-03-16 04:19:38.000,12
2026-03-16 04:19:40.000,12
2026-03-16 04:19:40.000,13.2
2026-03-16 04:19:50.000,13.2
2026-03-16 04:19:50.000,12
2026-03-16 04:20:32.000,12
2026-03-16 04:20:32.000,13.2
2026-03-16 04:20:38.000,13.2
2026-03-16 04:20:38.000,12
2026-03-16 04:20:40.000,12
2026-03-16 04:20:40.000,13.2
2026-03-16 04:20:48.000,13.2
2026-03-16 04:20:48.000,12
2026-03-16 04:20:50.000,12
2026-03-16 04:20:50.000,13.2
2026-03-16 04:20:56.000,13.2
2026-03-16 04:20:56.000,12
2026-03-16 04:21:00.000,12
2026-03-16 04:21:00.000,13.2
2026-03-16 04:21:02.000,13.2
2026-03-16 04:21:02.000,12
2026-03-16 04:21:04.000,12
2026-03-16 04:21:04.000,13.2
2026-03-16 04:21:06.000,13.2
2026-03-16 04:21:06.000,12
2026-03-16 04:21:08.000,12
2026-03-16 04:21:08.000,13.2
2026-03-16 04:21:10.000,13.2
2026-03-16 04:21:10.000,12
2026-03-16 04:21:36.000,12
2026-03-16 04:21:36.000,13.2
2026-03-16 04:21:38.000,13.2
2026-03-16 04:21:38.000,12
2026-03-16 04:21:42.000,12
2026-03-16 04:21:42.000,13.2
2026-03-16 04:22:10.000,13.2
2026-03-16 04:22:10.000,12
2026-03-16 04:22:30.000,12
2026-03-16 04:22:30.000,13.2
2026-03-16 04:22:36.000,13.2
2026-03-16 04:22:36.000,12
2026-03-16 04:22:38.000,12
2026-03-16 04:22:38.000,13.2
2026-03-16 04:22:46.000,13.2
2026-03-16 04:22:46.000,12
2026-03-16 04:22:50.000,12
2026-03-16 04:22:50.000,13.2
2026-03-16 04:22:54.000,13.2
2026-03-16 04:22:54.000,12
2026-03-16 04:22:56.000,12
2026-03-16 04:22:56.000,13.2
2026-03-16 04:23:06.000,13.2
2026-03-16 04:23:06.000,12
2026-03-16 04:23:20.000,12
2026-03-16 04:23:20.000,13.2
2026-03-16 04:23:22.000,13.2
2026-03-16 04:23:22.000,12
2026-03-16 04:23:26.000,12
2026-03-16 04:23:26.000,13.2
2026-03-16 04:23:28.000,13.2
2026-03-16 04:23:28.000,12
2026-03-16 04:23:30.000,12
2026-03-16 04:23:30.000,13.2
2026-03-16 04:23:48.000,13.2
2026-03-16 04:23:48.000,12
2026-03-16 04:23:50.000,12
2026-03-16 04:23:50.000,13.2
2026-03-16 04:23:52.000,13.2
2026-03-16 04:23:52.000,14.4
2026-03-16 04:23:54.000,14.4
2026-03-16 04:23:54.000,10.8
2026-03-16 04:23:58.000,10.8
2026-03-16 04:23:58.000,2.4
2026-03-16 04:24:00.000,2.4
2026-03-16 04:24:00.000,4.8
2026-03-16 04:24:02.000,4.8
2026-03-16 04:24:02.000,3.6
2026-03-16 04:24:04.000,3.6
2026-03-16 04:24:04.000,4.8
2026-03-16 04:24:06.000,4.8
2026-03-16 04:24:06.000,6
2026-03-16 04:24:12.000,6
2026-03-16 04:24:12.000,7.2
2026-03-16 04:24:58.000,7.2
2026-03-16 04:24:58.000,8.4
2026-03-16 04:25:08.000,8.4
2026-03-16 04:25:08.000,9.6
2026-03-16 04:25:12.000,9.6
2026-03-16 04:25:12.000,10.8
2026-03-16 04:25:14.000,10.8
2026-03-16 04:25:14.000,9.6
2026-03-16 04:25:16.000,9.6
2026-03-16 04:25:16.000,8.4
2026-03-16 04:25:20.000,8.4
2026-03-16 04:25:20.000,7.2
2026-03-16 04:25:22.000,7.2
2026-03-16 04:25:22.000,6
2026-03-16 04:25:52.000,6
2026-03-16 04:25:52.000,7.2
2026-03-16 04:26:24.000,7.2
2026-03-16 04:26:24.000,6
2026-03-16 04:26:36.000,6
2026-03-16 04:26:36.000,7.2
2026-03-16 04:26:42.000,7.2
2026-03-16 04:26:42.000,6
2026-03-16 04:26:44.000,6
2026-03-16 04:26:44.000,7.2
2026-03-16 04:26:52.000,7.2
2026-03-16 04:26:52.000,6
2026-03-16 04:26:56.000,6
2026-03-16 04:26:56.000,7.2
2026-03-16 04:27:00.000,7.2
2026-03-16 04:27:00.000,6
2026-03-16 04:27:14.000,6
2026-03-16 04:27:14.000,7.2
2026-03-16 04:27:16.000,7.2
2026-03-16 04:27:16.000,6
2026-03-16 04:27:18.000,6
2026-03-16 04:27:18.000,7.2
2026-03-16 04:27:24.000,7.2
2026-03-16 04:27:24.000,8.4
2026-03-16 04:27:26.000,8.4
2026-03-16 04:27:26.000,9.6
2026-03-16 04:27:32.000,9.6
2026-03-16 04:27:32.000,8.4
2026-03-16 04:27:40.000,8.4
2026-03-16 04:27:40.000,7.2
2026-03-16 04:27:42.000,7.2
2026-03-16 04:27:42.000,8.4
2026-03-16 04:27:44.000,8.4
2026-03-16 04:27:44.000,7.2
2026-03-16 04:27:48.000,7.2
2026-03-16 04:27:48.000,8.4
2026-03-16 04:27:52.000,8.4
2026-03-16 04:27:52.000,7.2
2026-03-16 04:28:06.000,7.2
2026-03-16 04:28:06.000,8.4
2026-03-16 04:28:08.000,8.4
2026-03-16 04:28:08.000,7.2
2026-03-16 04:28:10.000,7.2
2026-03-16 04:28:10.000,9.6
2026-03-16 04:28:12.000,9.6
2026-03-16 04:28:12.000,8.4
2026-03-16 04:28:14.000,8.4
2026-03-16 04:28:14.000,9.6
2026-03-16 04:28:18.000,9.6
2026-03-16 04:28:18.000,10.8
2026-03-16 04:28:22.000,10.8
2026-03-16 04:28:22.000,12
2026-03-16 04:28:24.000,12
2026-03-16 04:28:24.000,13.2
2026-03-16 04:28:28.000,13.2
2026-03-16 04:28:28.000,12
2026-03-16 04:28:32.000,12
2026-03-16 04:28:32.000,9.6
2026-03-16 04:28:34.000,9.6
2026-03-16 04:28:34.000,7.2
2026-03-16 04:28:36.000,7.2
2026-03-16 04:28:36.000,6
2026-03-16 04:28:40.000,6
2026-03-16 04:28:40.000,4.8
2026-03-16 04:28:50.000,4.8
2026-03-16 04:28:50.000,6
2026-03-16 04:28:54.000,6
2026-03-16 04:28:54.000,7.2
2026-03-16 04:28:56.000,7.2
2026-03-16 04:28:56.000,8.4
2026-03-16 04:28:58.000,8.4
2026-03-16 04:28:58.000,10.8
2026-03-16 04:29:00.000,10.8
2026-03-16 04:29:00.000,13.2
2026-03-16 04:29:02.000,13.2
2026-03-16 04:29:02.000,12
2026-03-16 04:29:04.000,12
2026-03-16 04:29:04.000,13.2
2026-03-16 04:29:08.000,13.2
2026-03-16 04:29:08.000,14.4
2026-03-16 04:29:10.000,14.4
2026-03-16 04:29:10.000,15.6
2026-03-16 04:29:12.000,15.6
2026-03-16 04:29:12.000,16.8
2026-03-16 04:29:14.000,16.8
2026-03-16 04:29:14.000,18
2026-03-16 04:29:16.000,18
2026-03-16 04:29:16.000,19.2
2026-03-16 04:29:20.000,19.2
2026-03-16 04:29:20.000,20.4
2026-03-16 04:29:26.000,20.4
2026-03-16 04:29:26.000,21.6
2026-03-16 04:29:32.000,21.6
2026-03-16 04:29:32.000,20.4
2026-03-16 04:29:34.000,20.4
2026-03-16 04:29:34.000,18
2026-03-16 04:29:36.000,18
2026-03-16 04:29:36.000,13.2
2026-03-16 04:29:38.000,13.2
2026-03-16 04:29:38.000,10.8
2026-03-16 04:29:40.000,10.8
2026-03-16 04:29:40.000,7.2
2026-03-16 04:29:44.000,7.2
2026-03-16 04:29:44.000,4.8
2026-03-16 04:29:48.000,4.8
2026-03-16 04:29:48.000,3.6
2026-03-16 04:29:54.000,3.6
2026-03-16 04:29:54.000,4.8
2026-03-16 04:31:14.000,4.8
2026-03-16 04:31:14.000,6
2026-03-16 04:31:20.000,6
2026-03-16 04:31:20.000,4.8
2026-03-16 04:31:34.000,4.8
2026-03-16 04:31:34.000,6
2026-03-16 04:31:50.000,6
2026-03-16 04:31:50.000,7.2
2026-03-16 04:31:58.000,7.2
2026-03-16 04:31:58.000,6
2026-03-16 04:32:14.000,6
2026-03-16 04:32:14.000,4.8
2026-03-16 04:32:20.000,4.8
2026-03-16 04:32:20.000,6
2026-03-16 04:32:30.000,6
2026-03-16 04:32:30.000,7.2
2026-03-16 04:32:46.000,7.2
2026-03-16 04:32:46.000,6
2026-03-16 04:33:10.000,6
2026-03-16 04:33:10.000,7.2
2026-03-16 04:33:32.000,7.2
2026-03-16 04:33:32.000,8.4
2026-03-16 04:33:48.000,8.4
2026-03-16 04:33:48.000,9.6
2026-03-16 04:33:58.000,9.6
2026-03-16 04:33:58.000,10.8
2026-03-16 04:34:22.000,10.8
2026-03-16 04:34:22.000,12
2026-03-16 04:34:26.000,12
2026-03-16 04:34:26.000,13.2
2026-03-16 04:34:28.000,13.2
2026-03-16 04:34:28.000,14.4
2026-03-16 04:34:32.000,14.4
2026-03-16 04:34:32.000,15.6
2026-03-16 04:34:34.000,15.6
2026-03-16 04:34:34.000,16.8
2026-03-16 04:34:38.000,16.8
2026-03-16 04:34:38.000,18
2026-03-16 04:34:46.000,18
2026-03-16 04:34:46.000,19.2
2026-03-16 04:35:16.000,19.2
2026-03-16 04:35:16.000,20.4
2026-03-16 04:36:02.000,20.4
2026-03-16 04:36:02.000,21.6
2026-03-16 04:37:12.000,21.6
2026-03-16 04:37:12.000,22.8
2026-03-16 04:37:14.000,22.8
2026-03-16 04:37:14.000,21.6
2026-03-16 04:37:28.000,21.6
2026-03-16 04:37:28.000,22.8
2026-03-16 04:37:30.000,22.8
2026-03-16 04:37:30.000,21.6
2026-03-16 04:37:42.000,21.6
2026-03-16 04:37:42.000,22.8
2026-03-16 04:37:54.000,22.8
2026-03-16 04:37:54.000,20.4
2026-03-16 04:37:56.000,20.4
2026-03-16 04:37:56.000,7.2
2026-03-16 04:37:58.000,7.2
2026-03-16 04:37:58.000,8.4
2026-03-16 04:38:00.000,8.4
2026-03-16 04:38:00.000,2.4
2026-03-16 04:38:02.000,2.4
2026-03-16 04:38:02.000,6
2026-03-16 04:38:04.000,6
2026-03-16 04:38:04.000,4.8
2026-03-16 04:38:12.000,4.8
2026-03-16 04:38:12.000,6
2026-03-16 04:38:24.000,6
2026-03-16 04:38:24.000,7.2
2026-03-16 04:38:36.000,7.2
2026-03-16 04:38:36.000,6
2026-03-16 04:39:32.000,6
2026-03-16 04:39:32.000,7.2
2026-03-16 04:39:42.000,7.2
2026-03-16 04:39:42.000,6
2026-03-16 04:39:44.000,6
2026-03-16 04:39:44.000,4.8
2026-03-16 04:39:52.000,4.8
2026-03-16 04:39:52.000,6
2026-03-16 04:40:02.000,6
2026-03-16 04:40:02.000,7.2
2026-03-16 04:40:14.000,7.2
2026-03-16 04:40:14.000,6
2026-03-16 04:40:22.000,6
2026-03-16 04:40:22.000,4.8
2026-03-16 04:40:28.000,4.8
2026-03-16 04:40:28.000,6
2026-03-16 04:40:32.000,6
2026-03-16 04:40:32.000,4.8
2026-03-16 04:40:34.000,4.8
2026-03-16 04:40:34.000,6
2026-03-16 04:48:20.000,6
2026-03-16 04:48:20.000,7.2
2026-03-16 04:48:22.000,7.2
2026-03-16 04:48:22.000,8.4
2026-03-16 04:48:24.000,8.4
2026-03-16 04:48:24.000,10.8
2026-03-16 04:48:28.000,10.8
2026-03-16 04:48:28.000,12
2026-03-16 04:48:30.000,12
2026-03-16 04:48:30.000,13.2
2026-03-16 04:48:46.000,13.2
2026-03-16 04:48:46.000,14.4
2026-03-16 04:48:56.000,14.4
2026-03-16 04:48:56.000,15.6
2026-03-16 04:49:32.000,15.6
2026-03-16 04:49:32.000,18
2026-03-16 04:49:34.000,18
2026-03-16 04:49:34.000,15.6
2026-03-16 04:49:36.000,15.6
2026-03-16 04:49:36.000,14.4
2026-03-16 04:49:38.000,14.4
2026-03-16 04:49:38.000,12
2026-03-16 04:49:42.000,12
2026-03-16 04:49:42.000,14.4
2026-03-16 04:49:44.000,14.4
2026-03-16 04:49:44.000,12
2026-03-16 04:49:46.000,12
2026-03-16 04:49:46.000,13.2
2026-03-16 04:49:48.000,13.2
2026-03-16 04:49:48.000,12
2026-03-16 04:49:54.000,12
2026-03-16 04:49:54.000,10.8
2026-03-16 04:50:06.000,10.8
2026-03-16 04:50:06.000,12
2026-03-16 04:50:10.000,12
2026-03-16 04:50:10.000,10.8
2026-03-16 04:50:26.000,10.8
2026-03-16 04:50:26.000,12
2026-03-16 04:50:30.000,12
2026-03-16 04:50:30.000,10.8
2026-03-16 04:50:50.000,10.8
2026-03-16 04:50:50.000,12
2026-03-16 04:50:54.000,12
2026-03-16 04:50:54.000,10.8
2026-03-16 04:51:02.000,10.8
2026-03-16 04:51:02.000,12
2026-03-16 04:51:08.000,12
2026-03-16 04:51:08.000,10.8
2026-03-16 04:51:10.000,10.8
2026-03-16 04:51:10.000,12
2026-03-16 04:51:12.000,12
2026-03-16 04:51:12.000,10.8
2026-03-16 04:51:22.000,10.8
2026-03-16 04:51:22.000,12
2026-03-16 04:51:30.000,12
2026-03-16 04:51:30.000,10.8
2026-03-16 04:51:36.000,10.8
2026-03-16 04:51:36.000,12
2026-03-16 04:51:56.000,12
2026-03-16 04:51:56.000,13.2
2026-03-16 04:52:00.000,13.2
2026-03-16 04:52:00.000,12
2026-03-16 04:52:02.000,12
2026-03-16 04:52:02.000,13.2
2026-03-16 04:52:08.000,13.2
2026-03-16 04:52:08.000,12
2026-03-16 04:59:32.000,12
2026-03-16 04:59:32.000,13.2
2026-03-16 04:59:36.000,13.2
2026-03-16 04:59:36.000,12
2026-03-16 04:59:40.000,12
2026-03-16 04:59:40.000,10.8
2026-03-16 04:59:42.000,10.8
2026-03-16 04:59:42.000,9.6
2026-03-16 04:59:44.000,9.6
2026-03-16 04:59:44.000,6
2026-03-16 04:59:46.000,6
2026-03-16 04:59:46.000,7.2
2026-03-16 04:59:48.000,7.2
2026-03-16 04:59:48.000,4.8
2026-03-16 04:59:50.000,4.8
2026-03-16 04:59:50.000,6
2026-03-16 04:59:52.000,6
2026-03-16 04:59:52.000,7.2
2026-03-16 04:59:54.000,7.2
2026-03-16 04:59:54.000,13.2
2026-03-16 04:59:56.000,13.2
2026-03-16 04:59:56.000,21.6
2026-03-16 04:59:58.000,21.6
2026-03-16 04:59:58.000,0
2026-03-16 05:00:08.000,0
2026-03-16 05:00:08.000,2.4
2026-03-16 05:00:10.000,2.4
2026-03-16 05:00:10.000,3.6
2026-03-16 05:00:16.000,3.6
2026-03-16 05:00:16.000,4.8
2026-03-16 05:00:22.000,4.8
2026-03-16 05:00:22.000,6
2026-03-16 05:00:24.000,6
2026-03-16 05:00:24.000,7.2
2026-03-16 05:00:28.000,7.2
2026-03-16 05:00:28.000,8.4
2026-03-16 05:00:36.000,8.4
2026-03-16 05:00:36.000,7.2
2026-03-16 05:00:42.000,7.2
2026-03-16 05:00:42.000,6
2026-03-16 05:01:06.000,6
2026-03-16 05:01:06.000,7.2
2026-03-16 05:01:28.000,7.2
2026-03-16 05:01:28.000,6
2026-03-16 05:01:48.000,6
2026-03-16 05:01:48.000,7.2
2026-03-16 05:01:56.000,7.2
2026-03-16 05:01:56.000,8.4
2026-03-16 05:02:02.000,8.4
2026-03-16 05:02:02.000,9.6
2026-03-16 05:02:04.000,9.6
2026-03-16 05:02:04.000,14.4
2026-03-16 05:02:06.000,14.4
2026-03-16 05:02:06.000,13.2
2026-03-16 05:02:08.000,13.2
2026-03-16 05:02:08.000,12
2026-03-16 05:02:10.000,12
2026-03-16 05:02:10.000,7.2
2026-03-16 05:02:12.000,7.2
2026-03-16 05:02:12.000,0
2026-03-16 05:02:14.000,0
2026-03-16 05:02:14.000,3.6
2026-03-16 05:02:16.000,3.6
2026-03-16 05:02:16.000,2.4
2026-03-16 05:02:18.000,2.4
2026-03-16 05:02:18.000,3.6
2026-03-16 05:02:22.000,3.6
2026-03-16 05:02:22.000,4.8
2026-03-16 05:02:26.000,4.8
2026-03-16 05:02:26.000,6
2026-03-16 05:02:30.000,6
2026-03-16 05:02:30.000,7.2
2026-03-16 05:04:12.000,7.2
2026-03-16 05:04:12.000,8.4
2026-03-16 05:04:16.000,8.4
2026-03-16 05:04:16.000,7.2
2026-03-16 05:04:56.000,7.2
2026-03-16 05:04:56.000,8.4
2026-03-16 05:05:00.000,8.4
2026-03-16 05:05:00.000,7.2
2026-03-16 05:05:50.000,7.2
2026-03-16 05:05:50.000,8.4
2026-03-16 05:05:54.000,8.4
2026-03-16 05:05:54.000,7.2
2026-03-16 05:06:28.000,7.2
2026-03-16 05:06:28.000,8.4
2026-03-16 05:06:32.000,8.4
2026-03-16 05:06:32.000,7.2
2026-03-16 05:07:38.000,7.2
2026-03-16 05:07:38.000,8.4
2026-03-16 05:07:42.000,8.4
2026-03-16 05:07:42.000,7.2
2026-03-16 05:08:26.000,7.2
2026-03-16 05:08:26.000,8.4
2026-03-16 05:08:30.000,8.4
2026-03-16 05:08:30.000,7.2
2026-03-16 05:09:14.000,7.2
2026-03-16 05:09:14.000,8.4
2026-03-16 05:09:22.000,8.4
2026-03-16 05:09:22.000,7.2
2026-03-16 05:10:04.000,7.2
2026-03-16 05:10:04.000,8.4
2026-03-16 05:10:20.000,8.4
2026-03-16 05:10:20.000,7.2
2026-03-16 05:10:48.000,7.2
2026-03-16 05:10:48.000,8.4
2026-03-16 05:11:08.000,8.4
2026-03-16 05:11:08.000,7.2
2026-03-16 05:11:12.000,7.2
2026-03-16 05:11:12.000,8.4
2026-03-16 05:11:16.000,8.4
2026-03-16 05:11:16.000,7.2
2026-03-16 05:11:52.000,7.2
2026-03-16 05:11:52.000,8.4
2026-03-16 05:12:04.000,8.4
2026-03-16 05:12:04.000,7.2
2026-03-16 05:12:06.000,7.2
2026-03-16 05:12:06.000,8.4
2026-03-16 05:12:08.000,8.4
2026-03-16 05:12:08.000,7.2
2026-03-16 05:12:28.000,7.2
2026-03-16 05:12:28.000,8.4
2026-03-16 05:12:34.000,8.4
2026-03-16 05:12:34.000,7.2
2026-03-16 05:12:36.000,7.2
2026-03-16 05:12:36.000,8.4
2026-03-16 05:12:52.000,8.4
2026-03-16 05:12:52.000,7.2
2026-03-16 05:12:54.000,7.2
2026-03-16 05:12:54.000,8.4
2026-03-16 05:12:56.000,8.4
2026-03-16 05:12:56.000,7.2
2026-03-16 05:13:02.000,7.2
2026-03-16 05:13:02.000,8.4
2026-03-16 05:13:04.000,8.4
2026-03-16 05:13:04.000,7.2
2026-03-16 05:13:08.000,7.2
2026-03-16 05:13:08.000,8.4
2026-03-16 05:13:10.000,8.4
2026-03-16 05:13:10.000,7.2
2026-03-16 05:13:18.000,7.2
2026-03-16 05:13:18.000,8.4
2026-03-16 05:13:52.000,8.4
2026-03-16 05:13:52.000,9.6
2026-03-16 05:13:54.000,9.6
2026-03-16 05:13:54.000,4.8
2026-03-16 05:13:56.000,4.8
2026-03-16 05:13:56.000,1.2
2026-03-16 05:13:58.000,1.2
2026-03-16 05:13:58.000,0
2026-03-16 05:14:00.000,0
2026-03-16 05:14:00.000,1.2
2026-03-16 05:14:02.000,1.2
2026-03-16 05:14:02.000,3.6
2026-03-16 05:14:04.000,3.6
2026-03-16 05:14:04.000,4.8
2026-03-16 05:14:10.000,4.8
2026-03-16 05:14:10.000,6
2026-03-16 05:14:18.000,6
2026-03-16 05:14:18.000,8.4
2026-03-16 05:14:22.000,8.4
2026-03-16 05:14:22.000,13.2
2026-03-16 05:14:24.000,13.2
2026-03-16 05:14:24.000,8.4
2026-03-16 05:14:26.000,8.4
2026-03-16 05:14:26.000,9.6
2026-03-16 05:14:28.000,9.6
2026-03-16 05:14:28.000,6
2026-03-16 05:14:42.000,6
2026-03-16 05:14:42.000,7.2
2026-03-16 05:14:56.000,7.2
2026-03-16 05:14:56.000,8.4
2026-03-16 05:15:04.000,8.4
2026-03-16 05:15:04.000,9.6
2026-03-16 05:15:08.000,9.6
2026-03-16 05:15:08.000,8.4
2026-03-16 05:15:22.000,8.4
2026-03-16 05:15:22.000,7.2
2026-03-16 05:15:24.000,7.2
2026-03-16 05:15:24.000,8.4
2026-03-16 05:15:30.000,8.4
2026-03-16 05:15:30.000,7.2
2026-03-16 05:15:32.000,7.2
2026-03-16 05:15:32.000,8.4
2026-03-16 05:16:30.000,8.4
2026-03-16 05:16:30.000,9.6
2026-03-16 05:16:32.000,9.6
2026-03-16 05:16:32.000,8.4
2026-03-16 05:16:34.000,8.4
2026-03-16 05:16:34.000,9.6
2026-03-16 05:16:38.000,9.6
2026-03-16 05:16:38.000,8.4
2026-03-16 05:16:48.000,8.4
2026-03-16 05:16:48.000,7.2
2026-03-16 05:16:50.000,7.2
2026-03-16 05:16:50.000,8.4
2026-03-16 05:18:10.000,8.4
2026-03-16 05:18:10.000,7.2
2026-03-16 05:18:26.000,7.2
2026-03-16 05:18:26.000,8.4
2026-03-16 05:18:56.000,8.4
2026-03-16 05:18:56.000,7.2
2026-03-16 05:19:10.000,7.2
2026-03-16 05:19:10.000,8.4
2026-03-16 05:19:44.000,8.4
2026-03-16 05:19:44.000,7.2
2026-03-16 05:19:56.000,7.2
2026-03-16 05:19:56.000,8.4
2026-03-16 05:19:58.000,8.4
2026-03-16 05:19:58.000,7.2
2026-03-16 05:20:00.000,7.2
2026-03-16 05:20:00.000,8.4
2026-03-16 05:21:42.000,8.4
2026-03-16 05:21:42.000,7.2
2026-03-16 05:21:44.000,7.2
2026-03-16 05:21:44.000,8.4
2026-03-16 05:22:38.000,8.4
2026-03-16 05:22:38.000,7.2
2026-03-16 05:22:40.000,7.2
2026-03-16 05:22:40.000,8.4
2026-03-16 05:24:32.000,8.4
2026-03-16 05:24:32.000,7.2
2026-03-16 05:24:46.000,7.2
2026-03-16 05:24:46.000,8.4
2026-03-16 05:25:20.000,8.4
2026-03-16 05:25:20.000,7.2
2026-03-16 05:25:22.000,7.2
2026-03-16 05:25:22.000,8.4
2026-03-16 05:25:24.000,8.4
2026-03-16 05:25:24.000,7.2
2026-03-16 05:25:26.000,7.2
2026-03-16 05:25:26.000,8.4
2026-03-16 05:25:28.000,8.4
2026-03-16 05:25:28.000,7.2
2026-03-16 05:25:30.000,7.2
2026-03-16 05:25:30.000,8.4
2026-03-16 05:25:32.000,8.4
2026-03-16 05:25:32.000,7.2
2026-03-16 05:25:34.000,7.2
2026-03-16 05:25:34.000,8.4
2026-03-16 05:26:10.000,8.4
2026-03-16 05:26:10.000,7.2
2026-03-16 05:26:12.000,7.2
2026-03-16 05:26:12.000,8.4
2026-03-16 05:26:14.000,8.4
2026-03-16 05:26:14.000,7.2
2026-03-16 05:26:16.000,7.2
2026-03-16 05:26:16.000,8.4
2026-03-16 05:26:40.000,8.4
2026-03-16 05:26:40.000,7.2
2026-03-16 05:26:46.000,7.2
2026-03-16 05:26:46.000,8.4
2026-03-16 05:27:00.000,8.4
2026-03-16 05:27:00.000,7.2
2026-03-16 05:27:02.000,7.2
2026-03-16 05:27:02.000,8.4
2026-03-16 05:27:34.000,8.4
2026-03-16 05:27:34.000,7.2
2026-03-16 05:27:46.000,7.2
2026-03-16 05:27:46.000,8.4
2026-03-16 05:27:58.000,8.4
2026-03-16 05:27:58.000,7.2
2026-03-16 05:28:04.000,7.2
2026-03-16 05:28:04.000,8.4
2026-03-16 05:29:02.000,8.4
2026-03-16 05:29:02.000,7.2
2026-03-16 05:29:12.000,7.2
2026-03-16 05:29:12.000,8.4
2026-03-16 05:29:32.000,8.4
2026-03-16 05:29:32.000,7.2
2026-03-16 05:29:34.000,7.2
2026-03-16 05:29:34.000,8.4
2026-03-16 05:29:46.000,8.4
2026-03-16 05:29:46.000,7.2
2026-03-16 05:29:48.000,7.2
2026-03-16 05:29:48.000,8.4
2026-03-16 05:29:52.000,8.4
2026-03-16 05:29:52.000,7.2
2026-03-16 05:29:54.000,7.2
2026-03-16 05:29:54.000,8.4
2026-03-16 05:30:08.000,8.4
2026-03-16 05:30:08.000,7.2
2026-03-16 05:30:12.000,7.2
2026-03-16 05:30:12.000,8.4
2026-03-16 05:30:18.000,8.4
2026-03-16 05:30:18.000,7.2
2026-03-16 05:30:22.000,7.2
2026-03-16 05:30:22.000,8.4
2026-03-16 05:30:42.000,8.4
2026-03-16 05:30:42.000,7.2
2026-03-16 05:30:44.000,7.2
2026-03-16 05:30:44.000,8.4
2026-03-16 05:30:56.000,8.4
2026-03-16 05:30:56.000,7.2
2026-03-16 05:31:02.000,7.2
2026-03-16 05:31:02.000,8.4
2026-03-16 05:31:04.000,8.4
2026-03-16 05:31:04.000,7.2
2026-03-16 05:31:06.000,7.2
2026-03-16 05:31:06.000,8.4
2026-03-16 05:31:30.000,8.4
2026-03-16 05:31:30.000,7.2
2026-03-16 05:31:32.000,7.2
2026-03-16 05:31:32.000,8.4
2026-03-16 05:31:42.000,8.4
2026-03-16 05:31:42.000,7.2
2026-03-16 05:31:52.000,7.2
2026-03-16 05:31:52.000,8.4
2026-03-16 05:32:12.000,8.4
2026-03-16 05:32:12.000,7.2
2026-03-16 05:32:14.000,7.2
2026-03-16 05:32:14.000,8.4
2026-03-16 05:32:18.000,8.4
2026-03-16 05:32:18.000,7.2
2026-03-16 05:32:22.000,7.2
2026-03-16 05:32:22.000,8.4
2026-03-16 05:32:24.000,8.4
2026-03-16 05:32:24.000,7.2
2026-03-16 05:32:26.000,7.2
2026-03-16 05:32:26.000,8.4
2026-03-16 05:32:30.000,8.4
2026-03-16 05:32:30.000,7.2
2026-03-16 05:32:34.000,7.2
2026-03-16 05:32:34.000,8.4
2026-03-16 05:32:36.000,8.4
2026-03-16 05:32:36.000,7.2
2026-03-16 05:32:38.000,7.2
2026-03-16 05:32:38.000,8.4
2026-03-16 05:32:46.000,8.4
2026-03-16 05:32:46.000,7.2
2026-03-16 05:32:52.000,7.2
2026-03-16 05:32:52.000,8.4
2026-03-16 05:33:02.000,8.4
2026-03-16 05:33:02.000,7.2
2026-03-16 05:33:08.000,7.2
2026-03-16 05:33:08.000,8.4
2026-03-16 05:33:26.000,8.4
2026-03-16 05:33:26.000,7.2
2026-03-16 05:33:28.000,7.2
2026-03-16 05:33:28.000,8.4
2026-03-16 05:33:36.000,8.4
2026-03-16 05:33:36.000,7.2
2026-03-16 05:33:38.000,7.2
2026-03-16 05:33:38.000,8.4
2026-03-16 05:33:58.000,8.4
2026-03-16 05:33:58.000,7.2
2026-03-16 05:34:06.000,7.2
2026-03-16 05:34:06.000,8.4
2026-03-16 05:35:18.000,8.4
2026-03-16 05:35:18.000,7.2
2026-03-16 05:35:22.000,7.2
2026-03-16 05:35:22.000,8.4
2026-03-16 05:35:24.000,8.4
2026-03-16 05:35:24.000,7.2
2026-03-16 05:35:28.000,7.2
2026-03-16 05:35:28.000,8.4
2026-03-16 05:35:32.000,8.4
2026-03-16 05:35:32.000,7.2
2026-03-16 05:35:36.000,7.2
2026-03-16 05:35:36.000,8.4
2026-03-16 05:36:38.000,8.4
2026-03-16 05:36:38.000,13.2
2026-03-16 05:36:40.000,13.2
2026-03-16 05:36:40.000,12
2026-03-16 05:36:42.000,12
2026-03-16 05:36:42.000,10.8
2026-03-16 05:36:54.000,10.8
2026-03-16 05:36:54.000,12
2026-03-16 05:36:58.000,12
2026-03-16 05:36:58.000,0
2026-03-16 05:37:06.000,0
2026-03-16 05:37:06.000,1.2
2026-03-16 05:37:08.000,1.2
2026-03-16 05:37:08.000,2.4
2026-03-16 05:37:10.000,2.4
2026-03-16 05:37:10.000,3.6
2026-03-16 05:37:12.000,3.6
2026-03-16 05:37:12.000,8.4
2026-03-16 05:37:14.000,8.4
2026-03-16 05:37:14.000,6
2026-03-16 05:37:16.000,6
2026-03-16 05:37:16.000,9.6
2026-03-16 05:37:18.000,9.6
2026-03-16 05:37:18.000,8.4
2026-03-16 05:37:56.000,8.4
2026-03-16 05:37:56.000,9.6
2026-03-16 05:38:08.000,9.6
2026-03-16 05:38:08.000,8.4
2026-03-16 05:38:42.000,8.4
2026-03-16 05:38:42.000,9.6
2026-03-16 05:38:48.000,9.6
2026-03-16 05:38:48.000,8.4
2026-03-16 05:38:50.000,8.4
2026-03-16 05:38:50.000,9.6
2026-03-16 05:38:56.000,9.6
2026-03-16 05:38:56.000,8.4
2026-03-16 05:39:52.000,8.4
2026-03-16 05:39:52.000,9.6
2026-03-16 05:40:00.000,9.6
2026-03-16 05:40:00.000,8.4
2026-03-16 05:40:02.000,8.4
2026-03-16 05:40:02.000,9.6
2026-03-16 05:40:08.000,9.6
2026-03-16 05:40:08.000,8.4
2026-03-16 05:40:32.000,8.4
2026-03-16 05:40:32.000,9.6
2026-03-16 05:40:34.000,9.6
2026-03-16 05:40:34.000,8.4
2026-03-16 05:40:42.000,8.4
2026-03-16 05:40:42.000,9.6
2026-03-16 05:40:44.000,9.6
2026-03-16 05:40:44.000,8.4
2026-03-16 05:41:46.000,8.4
2026-03-16 05:41:46.000,9.6
2026-03-16 05:41:50.000,9.6
2026-03-16 05:41:50.000,8.4
2026-03-16 05:42:18.000,8.4
2026-03-16 05:42:18.000,9.6
2026-03-16 05:42:30.000,9.6
2026-03-16 05:42:30.000,8.4
2026-03-16 05:42:56.000,8.4
2026-03-16 05:42:56.000,9.6
2026-03-16 05:42:58.000,9.6
2026-03-16 05:42:58.000,8.4
2026-03-16 05:43:00.000,8.4
2026-03-16 05:43:00.000,9.6
2026-03-16 05:43:16.000,9.6
2026-03-16 05:43:16.000,8.4
2026-03-16 05:43:34.000,8.4
2026-03-16 05:43:34.000,9.6
2026-03-16 05:43:50.000,9.6
2026-03-16 05:43:50.000,8.4
2026-03-16 05:44:20.000,8.4
2026-03-16 05:44:20.000,9.6
2026-03-16 05:44:30.000,9.6
2026-03-16 05:44:30.000,8.4
2026-03-16 05:44:50.000,8.4
2026-03-16 05:44:50.000,9.6
2026-03-16 05:45:06.000,9.6
2026-03-16 05:45:06.000,8.4
2026-03-16 05:45:18.000,8.4
2026-03-16 05:45:18.000,9.6
2026-03-16 05:45:26.000,9.6
2026-03-16 05:45:26.000,8.4
2026-03-16 05:45:54.000,8.4
2026-03-16 05:45:54.000,9.6
2026-03-16 05:45:58.000,9.6
2026-03-16 05:45:58.000,8.4
2026-03-16 05:46:00.000,8.4
2026-03-16 05:46:00.000,9.6
2026-03-16 05:46:16.000,9.6
2026-03-16 05:46:16.000,8.4
2026-03-16 05:46:22.000,8.4
2026-03-16 05:46:22.000,9.6
2026-03-16 05:46:24.000,9.6
2026-03-16 05:46:24.000,8.4
2026-03-16 05:46:50.000,8.4
2026-03-16 05:46:50.000,9.6
2026-03-16 05:46:52.000,9.6
2026-03-16 05:46:52.000,8.4
2026-03-16 05:46:54.000,8.4
2026-03-16 05:46:54.000,10.8
2026-03-16 05:46:56.000,10.8
2026-03-16 05:46:56.000,9.6
2026-03-16 05:46:58.000,9.6
2026-03-16 05:46:58.000,10.8
2026-03-16 05:47:00.000,10.8
2026-03-16 05:47:00.000,9.6
2026-03-16 05:47:06.000,9.6
2026-03-16 05:47:06.000,8.4
2026-03-16 05:47:28.000,8.4
2026-03-16 05:47:28.000,9.6
2026-03-16 05:47:34.000,9.6
2026-03-16 05:47:34.000,8.4
2026-03-16 05:47:36.000,8.4
2026-03-16 05:47:36.000,9.6
2026-03-16 05:47:38.000,9.6
2026-03-16 05:47:38.000,8.4
2026-03-16 05:47:50.000,8.4
2026-03-16 05:47:50.000,9.6
2026-03-16 05:48:04.000,9.6
2026-03-16 05:48:04.000,8.4
2026-03-16 05:48:06.000,8.4
2026-03-16 05:48:06.000,9.6
2026-03-16 05:48:10.000,9.6
2026-03-16 05:48:10.000,10.8
2026-03-16 05:48:12.000,10.8
2026-03-16 05:48:12.000,9.6
2026-03-16 05:48:14.000,9.6
2026-03-16 05:48:14.000,8.4
2026-03-16 05:48:22.000,8.4
2026-03-16 05:48:22.000,9.6
2026-03-16 05:48:24.000,9.6
2026-03-16 05:48:24.000,10.8
2026-03-16 05:48:28.000,10.8
2026-03-16 05:48:28.000,12
2026-03-16 05:48:30.000,12
2026-03-16 05:48:30.000,13.2
2026-03-16 05:48:34.000,13.2
2026-03-16 05:48:34.000,15.6
2026-03-16 05:48:36.000,15.6
2026-03-16 05:48:36.000,18
2026-03-16 05:48:38.000,18
2026-03-16 05:48:38.000,22.8
2026-03-16 05:48:40.000,22.8
2026-03-16 05:48:40.000,24
2026-03-16 05:48:42.000,24
2026-03-16 05:48:42.000,25.2
2026-03-16 05:48:44.000,25.2
2026-03-16 05:48:44.000,26.4
2026-03-16 05:49:00.000,26.4
2026-03-16 05:49:00.000,25.2
2026-03-16 05:49:18.000,25.2
2026-03-16 05:49:18.000,24
2026-03-16 05:49:24.000,24
2026-03-16 05:49:24.000,25.2
2026-03-16 05:49:32.000,25.2
2026-03-16 05:49:32.000,24
2026-03-16 05:49:34.000,24
2026-03-16 05:49:34.000,25.2
2026-03-16 05:50:36.000,25.2
2026-03-16 05:50:36.000,26.4
2026-03-16 05:50:38.000,26.4
2026-03-16 05:50:38.000,25.2
2026-03-16 05:50:50.000,25.2
2026-03-16 05:50:50.000,24
2026-03-16 05:50:56.000,24
2026-03-16 05:50:56.000,25.2
2026-03-16 05:51:08.000,25.2
2026-03-16 05:51:08.000,26.4
2026-03-16 05:51:24.000,26.4
2026-03-16 05:51:24.000,27.6
2026-03-16 05:51:30.000,27.6
2026-03-16 05:51:30.000,26.4
2026-03-16 05:51:32.000,26.4
2026-03-16 05:51:32.000,27.6
2026-03-16 05:51:42.000,27.6
2026-03-16 05:51:42.000,26.4
2026-03-16 05:51:58.000,26.4
2026-03-16 05:51:58.000,25.2
2026-03-16 05:52:14.000,25.2
2026-03-16 05:52:14.000,26.4
2026-03-16 05:52:42.000,26.4
2026-03-16 05:52:42.000,25.2
2026-03-16 05:54:08.000,25.2
2026-03-16 05:54:08.000,26.4
2026-03-16 05:54:10.000,26.4
2026-03-16 05:54:10.000,25.2
2026-03-16 05:54:22.000,25.2
2026-03-16 05:54:22.000,26.4
2026-03-16 05:54:32.000,26.4
2026-03-16 05:54:32.000,25.2
2026-03-16 05:54:48.000,25.2
2026-03-16 05:54:48.000,26.4
2026-03-16 05:54:58.000,26.4
2026-03-16 05:54:58.000,27.6
2026-03-16 05:55:16.000,27.6
2026-03-16 05:55:16.000,26.4
2026-03-16 05:55:56.000,26.4
2026-03-16 05:55:56.000,25.2
2026-03-16 05:55:58.000,25.2
2026-03-16 05:55:58.000,26.4
2026-03-16 05:56:12.000,26.4
2026-03-16 05:56:12.000,25.2
2026-03-16 05:56:34.000,25.2
2026-03-16 05:56:34.000,22.8
2026-03-16 05:56:36.000,22.8
2026-03-16 05:56:36.000,20.4
2026-03-16 05:56:38.000,20.4
2026-03-16 05:56:38.000,3.6
2026-03-16 05:56:40.000,3.6
2026-03-16 05:56:40.000,9.6
2026-03-16 05:56:42.000,9.6
2026-03-16 05:56:42.000,15.6
2026-03-16 05:56:44.000,15.6
2026-03-16 05:56:44.000,8.4
2026-03-16 05:56:46.000,8.4
2026-03-16 05:56:46.000,12
2026-03-16 05:56:48.000,12
2026-03-16 05:56:48.000,9.6
2026-03-16 05:56:50.000,9.6
2026-03-16 05:56:50.000,10.8
2026-03-16 05:56:54.000,10.8
2026-03-16 05:56:54.000,13.2
2026-03-16 05:56:56.000,13.2
2026-03-16 05:56:56.000,16.8
2026-03-16 05:56:58.000,16.8
2026-03-16 05:56:58.000,19.2
2026-03-16 05:57:00.000,19.2
2026-03-16 05:57:00.000,24
2026-03-16 05:57:02.000,24
2026-03-16 05:57:02.000,25.2
2026-03-16 05:57:04.000,25.2
2026-03-16 05:57:04.000,26.4
2026-03-16 05:57:06.000,26.4
2026-03-16 05:57:06.000,28.8
2026-03-16 05:57:08.000,28.8
2026-03-16 05:57:08.000,27.6
2026-03-16 05:57:10.000,27.6
2026-03-16 05:57:10.000,28.8
2026-03-16 05:57:14.000,28.8
2026-03-16 05:57:14.000,30
2026-03-16 05:57:18.000,30
2026-03-16 05:57:18.000,31.2
2026-03-16 05:57:26.000,31.2
2026-03-16 05:57:26.000,32.4
2026-03-16 05:57:34.000,32.4
2026-03-16 05:57:34.000,31.2
2026-03-16 05:57:38.000,31.2
2026-03-16 05:57:38.000,28.8
2026-03-16 05:57:40.000,28.8
2026-03-16 05:57:40.000,27.6
2026-03-16 05:57:44.000,27.6
2026-03-16 05:57:44.000,26.4
2026-03-16 05:57:46.000,26.4
2026-03-16 05:57:46.000,27.6
2026-03-16 05:58:00.000,27.6
2026-03-16 05:58:00.000,28.8
2026-03-16 05:58:04.000,28.8
2026-03-16 05:58:04.000,30
2026-03-16 05:58:08.000,30
2026-03-16 05:58:08.000,31.2
2026-03-16 05:58:16.000,31.2
2026-03-16 05:58:16.000,32.4
2026-03-16 05:58:38.000,32.4
2026-03-16 05:58:38.000,31.2
2026-03-16 05:58:40.000,31.2
2026-03-16 05:58:40.000,26.4
2026-03-16 05:58:42.000,26.4
2026-03-16 05:58:42.000,24
2026-03-16 05:58:44.000,24
2026-03-16 05:58:44.000,15.6
2026-03-16 05:58:46.000,15.6
2026-03-16 05:58:46.000,10.8
2026-03-16 05:58:48.000,10.8
2026-03-16 05:58:48.000,13.2
2026-03-16 05:58:50.000,13.2
2026-03-16 05:58:50.000,8.4
2026-03-16 05:58:52.000,8.4
2026-03-16 05:58:52.000,12
2026-03-16 05:58:54.000,12
2026-03-16 05:58:54.000,9.6
2026-03-16 05:58:58.000,9.6
2026-03-16 05:58:58.000,10.8
2026-03-16 05:59:00.000,10.8
2026-03-16 05:59:00.000,12
2026-03-16 05:59:02.000,12
2026-03-16 05:59:02.000,14.4
2026-03-16 05:59:04.000,14.4
2026-03-16 05:59:04.000,16.8
2026-03-16 05:59:06.000,16.8
2026-03-16 05:59:06.000,19.2
2026-03-16 05:59:08.000,19.2
2026-03-16 05:59:08.000,22.8
2026-03-16 05:59:12.000,22.8
2026-03-16 05:59:12.000,25.2
2026-03-16 05:59:16.000,25.2
2026-03-16 05:59:16.000,26.4
2026-03-16 05:59:20.000,26.4
2026-03-16 05:59:20.000,27.6
2026-03-16 05:59:28.000,27.6
2026-03-16 05:59:28.000,26.4
2026-03-16 05:59:32.000,26.4
2026-03-16 05:59:32.000,25.2
2026-03-16 05:59:38.000,25.2
2026-03-16 05:59:38.000,24
2026-03-16 05:59:40.000,24
2026-03-16 05:59:40.000,21.6
2026-03-16 05:59:42.000,21.6
2026-03-16 05:59:42.000,20.4
2026-03-16 05:59:44.000,20.4
2026-03-16 05:59:44.000,21.6
2026-03-16 05:59:48.000,21.6
2026-03-16 05:59:48.000,22.8
2026-03-16 05:59:50.000,22.8
2026-03-16 05:59:50.000,24
2026-03-16 05:59:54.000,24
2026-03-16 05:59:54.000,25.2
2026-03-16 06:00:02.000,25.2
2026-03-16 06:00:02.000,24
2026-03-16 06:00:06.000,24
2026-03-16 06:00:06.000,25.2
2026-03-16 06:00:16.000,25.2
2026-03-16 06:00:16.000,26.4
2026-03-16 06:00:34.000,26.4
2026-03-16 06:00:34.000,25.2
2026-03-16 06:00:38.000,25.2
2026-03-16 06:00:38.000,24
2026-03-16 06:00:48.000,24
2026-03-16 06:00:48.000,25.2
2026-03-16 06:00:52.000,25.2
2026-03-16 06:00:52.000,26.4
2026-03-16 06:00:58.000,26.4
2026-03-16 06:00:58.000,27.6
2026-03-16 06:01:00.000,27.6
2026-03-16 06:01:00.000,26.4
2026-03-16 06:01:04.000,26.4
2026-03-16 06:01:04.000,27.6
2026-03-16 06:01:10.000,27.6
2026-03-16 06:01:10.000,28.8
2026-03-16 06:01:16.000,28.8
2026-03-16 06:01:16.000,30
2026-03-16 06:01:22.000,30
2026-03-16 06:01:22.000,31.2
2026-03-16 06:01:24.000,31.2
2026-03-16 06:01:24.000,30
2026-03-16 06:01:26.000,30
2026-03-16 06:01:26.000,31.2
2026-03-16 06:01:30.000,31.2
2026-03-16 06:01:30.000,30
2026-03-16 06:01:58.000,30
2026-03-16 06:01:58.000,28.8
2026-03-16 06:02:04.000,28.8
2026-03-16 06:02:04.000,27.6
2026-03-16 06:02:08.000,27.6
2026-03-16 06:02:08.000,26.4
2026-03-16 06:02:22.000,26.4
2026-03-16 06:02:22.000,25.2
2026-03-16 06:02:42.000,25.2
2026-03-16 06:02:42.000,24
2026-03-16 06:02:58.000,24
2026-03-16 06:02:58.000,25.2
2026-03-16 06:03:02.000,25.2
2026-03-16 06:03:02.000,24
2026-03-16 06:03:08.000,24
2026-03-16 06:03:08.000,20.4
2026-03-16 06:03:10.000,20.4
2026-03-16 06:03:10.000,16.8
2026-03-16 06:03:12.000,16.8
2026-03-16 06:03:12.000,12
2026-03-16 06:03:14.000,12
2026-03-16 06:03:14.000,8.4
2026-03-16 06:03:16.000,8.4
2026-03-16 06:03:16.000,10.8
2026-03-16 06:03:18.000,10.8
2026-03-16 06:03:18.000,8.4
2026-03-16 06:03:20.000,8.4
2026-03-16 06:03:20.000,9.6
2026-03-16 06:03:24.000,9.6
2026-03-16 06:03:24.000,8.4
2026-03-16 06:03:26.000,8.4
2026-03-16 06:03:26.000,7.2
2026-03-16 06:04:00.000,7.2
2026-03-16 06:04:00.000,8.4
2026-03-16 06:04:04.000,8.4
2026-03-16 06:04:04.000,9.6
2026-03-16 06:04:08.000,9.6
2026-03-16 06:04:08.000,10.8
2026-03-16 06:04:12.000,10.8
2026-03-16 06:04:12.000,13.2
2026-03-16 06:04:14.000,13.2
2026-03-16 06:04:14.000,15.6
2026-03-16 06:04:20.000,15.6
2026-03-16 06:04:20.000,16.8
2026-03-16 06:04:22.000,16.8
2026-03-16 06:04:22.000,18
2026-03-16 06:04:24.000,18
2026-03-16 06:04:24.000,19.2
2026-03-16 06:04:28.000,19.2
2026-03-16 06:04:28.000,20.4
2026-03-16 06:04:32.000,20.4
2026-03-16 06:04:32.000,21.6
2026-03-16 06:05:02.000,21.6
2026-03-16 06:05:02.000,22.8
2026-03-16 06:05:12.000,22.8
2026-03-16 06:05:12.000,21.6
2026-03-16 06:05:14.000,21.6
2026-03-16 06:05:14.000,16.8
2026-03-16 06:05:16.000,16.8
2026-03-16 06:05:16.000,12
2026-03-16 06:05:20.000,12
2026-03-16 06:05:20.000,9.6
2026-03-16 06:05:22.000,9.6
2026-03-16 06:05:22.000,8.4
2026-03-16 06:05:32.000,8.4
2026-03-16 06:05:32.000,7.2
2026-03-16 06:05:34.000,7.2
2026-03-16 06:05:34.000,8.4
2026-03-16 06:05:42.000,8.4
2026-03-16 06:05:42.000,9.6
2026-03-16 06:05:44.000,9.6
2026-03-16 06:05:44.000,10.8
2026-03-16 06:05:46.000,10.8
2026-03-16 06:05:46.000,9.6
2026-03-16 06:05:52.000,9.6
2026-03-16 06:05:52.000,10.8
2026-03-16 06:05:54.000,10.8
2026-03-16 06:05:54.000,13.2
2026-03-16 06:05:56.000,13.2
2026-03-16 06:05:56.000,15.6
2026-03-16 06:05:58.000,15.6
2026-03-16 06:05:58.000,19.2
2026-03-16 06:06:00.000,19.2
2026-03-16 06:06:00.000,24
2026-03-16 06:06:04.000,24
2026-03-16 06:06:04.000,28.8
2026-03-16 06:06:06.000,28.8
2026-03-16 06:06:06.000,27.6
2026-03-16 06:06:16.000,27.6
2026-03-16 06:06:16.000,28.8
2026-03-16 06:06:22.000,28.8
2026-03-16 06:06:22.000,30
2026-03-16 06:06:24.000,30
2026-03-16 06:06:24.000,28.8
2026-03-16 06:06:26.000,28.8
2026-03-16 06:06:26.000,27.6
2026-03-16 06:06:28.000,27.6
2026-03-16 06:06:28.000,25.2
2026-03-16 06:06:30.000,25.2
2026-03-16 06:06:30.000,20.4
2026-03-16 06:06:32.000,20.4
2026-03-16 06:06:32.000,21.6
2026-03-16 06:06:34.000,21.6
2026-03-16 06:06:34.000,20.4
2026-03-16 06:06:36.000,20.4
2026-03-16 06:06:36.000,21.6
2026-03-16 06:06:38.000,21.6
2026-03-16 06:06:38.000,20.4
2026-03-16 06:06:40.000,20.4
2026-03-16 06:06:40.000,19.2
2026-03-16 06:06:52.000,19.2
2026-03-16 06:06:52.000,20.4
2026-03-16 06:06:56.000,20.4
2026-03-16 06:06:56.000,21.6
2026-03-16 06:07:00.000,21.6
2026-03-16 06:07:00.000,22.8
2026-03-16 06:07:08.000,22.8
2026-03-16 06:07:08.000,24
2026-03-16 06:07:16.000,24
2026-03-16 06:07:16.000,21.6
2026-03-16 06:07:18.000,21.6
2026-03-16 06:07:18.000,18
2026-03-16 06:07:20.000,18
2026-03-16 06:07:20.000,19.2
2026-03-16 06:07:22.000,19.2
2026-03-16 06:07:22.000,15.6
2026-03-16 06:07:24.000,15.6
2026-03-16 06:07:24.000,18
2026-03-16 06:07:26.000,18
2026-03-16 06:07:26.000,16.8
2026-03-16 06:07:46.000,16.8
2026-03-16 06:07:46.000,18
2026-03-16 06:07:48.000,18
2026-03-16 06:07:48.000,16.8
2026-03-16 06:07:50.000,16.8
2026-03-16 06:07:50.000,18
2026-03-16 06:07:56.000,18
2026-03-16 06:07:56.000,19.2
2026-03-16 06:08:02.000,19.2
2026-03-16 06:08:02.000,20.4
2026-03-16 06:08:06.000,20.4
2026-03-16 06:08:06.000,21.6
2026-03-16 06:08:08.000,21.6
2026-03-16 06:08:08.000,20.4
2026-03-16 06:08:12.000,20.4
2026-03-16 06:08:12.000,21.6
2026-03-16 06:08:16.000,21.6
2026-03-16 06:08:16.000,22.8
2026-03-16 06:08:18.000,22.8
2026-03-16 06:08:18.000,24
2026-03-16 06:08:20.000,24
2026-03-16 06:08:20.000,25.2
2026-03-16 06:08:22.000,25.2
2026-03-16 06:08:22.000,26.4
2026-03-16 06:08:26.000,26.4
2026-03-16 06:08:26.000,28.8
2026-03-16 06:08:30.000,28.8
2026-03-16 06:08:30.000,32.4
2026-03-16 06:08:32.000,32.4
2026-03-16 06:08:32.000,31.2
2026-03-16 06:08:34.000,31.2
2026-03-16 06:08:34.000,32.4
2026-03-16 06:08:54.000,32.4
2026-03-16 06:08:54.000,33.6
2026-03-16 06:09:02.000,33.6
2026-03-16 06:09:02.000,34.8
2026-03-16 06:09:10.000,34.8
2026-03-16 06:09:10.000,33.6
2026-03-16 06:09:12.000,33.6
2026-03-16 06:09:12.000,34.8
2026-03-16 06:09:16.000,34.8
2026-03-16 06:09:16.000,33.6
2026-03-16 06:09:22.000,33.6
2026-03-16 06:09:22.000,34.8
2026-03-16 06:09:26.000,34.8
2026-03-16 06:09:26.000,33.6
2026-03-16 06:09:42.000,33.6
2026-03-16 06:09:42.000,32.4
2026-03-16 06:09:52.000,32.4
2026-03-16 06:09:52.000,31.2
2026-03-16 06:09:54.000,31.2
2026-03-16 06:09:54.000,30
2026-03-16 06:09:56.000,30
2026-03-16 06:09:56.000,28.8
2026-03-16 06:09:58.000,28.8
2026-03-16 06:09:58.000,27.6
2026-03-16 06:10:02.000,27.6
2026-03-16 06:10:02.000,26.4
2026-03-16 06:10:06.000,26.4
2026-03-16 06:10:06.000,25.2
2026-03-16 06:10:08.000,25.2
2026-03-16 06:10:08.000,20.4
2026-03-16 06:10:10.000,20.4
2026-03-16 06:10:10.000,18
2026-03-16 06:10:12.000,18
2026-03-16 06:10:12.000,13.2
2026-03-16 06:10:14.000,13.2
2026-03-16 06:10:14.000,14.4
2026-03-16 06:10:16.000,14.4
2026-03-16 06:10:16.000,10.8
2026-03-16 06:10:18.000,10.8
2026-03-16 06:10:18.000,13.2
2026-03-16 06:10:20.000,13.2
2026-03-16 06:10:20.000,10.8
2026-03-16 06:10:26.000,10.8
2026-03-16 06:10:26.000,9.6
2026-03-16 06:10:28.000,9.6
2026-03-16 06:10:28.000,10.8
2026-03-16 06:10:30.000,10.8
2026-03-16 06:10:30.000,12
2026-03-16 06:10:32.000,12
2026-03-16 06:10:32.000,14.4
2026-03-16 06:10:34.000,14.4
2026-03-16 06:10:34.000,15.6
2026-03-16 06:10:36.000,15.6
2026-03-16 06:10:36.000,16.8
2026-03-16 06:10:38.000,16.8
2026-03-16 06:10:38.000,19.2
2026-03-16 06:10:44.000,19.2
2026-03-16 06:10:44.000,20.4
2026-03-16 06:10:48.000,20.4
2026-03-16 06:10:48.000,21.6
2026-03-16 06:10:52.000,21.6
2026-03-16 06:10:52.000,22.8
2026-03-16 06:10:58.000,22.8
2026-03-16 06:10:58.000,24
2026-03-16 06:11:20.000,24
2026-03-16 06:11:20.000,25.2
2026-03-16 06:11:22.000,25.2
2026-03-16 06:11:22.000,24
2026-03-16 06:11:40.000,24
2026-03-16 06:11:40.000,25.2
2026-03-16 06:11:48.000,25.2
2026-03-16 06:11:48.000,24
2026-03-16 06:11:52.000,24
2026-03-16 06:11:52.000,22.8
2026-03-16 06:12:04.000,22.8
2026-03-16 06:12:04.000,24
2026-03-16 06:12:06.000,24
2026-03-16 06:12:06.000,22.8
2026-03-16 06:12:08.000,22.8
2026-03-16 06:12:08.000,21.6
2026-03-16 06:12:10.000,21.6
2026-03-16 06:12:10.000,22.8
2026-03-16 06:12:20.000,22.8
2026-03-16 06:12:20.000,24
2026-03-16 06:12:38.000,24
2026-03-16 06:12:38.000,25.2
2026-03-16 06:12:40.000,25.2
2026-03-16 06:12:40.000,24
2026-03-16 06:12:44.000,24
2026-03-16 06:12:44.000,10.8
2026-03-16 06:12:46.000,10.8
2026-03-16 06:12:46.000,9.6
2026-03-16 06:12:48.000,9.6
2026-03-16 06:12:48.000,8.4
2026-03-16 06:12:52.000,8.4
2026-03-16 06:12:52.000,13.2
2026-03-16 06:12:54.000,13.2
2026-03-16 06:12:54.000,10.8
2026-03-16 06:12:56.000,10.8
2026-03-16 06:12:56.000,12
2026-03-16 06:12:58.000,12
2026-03-16 06:12:58.000,10.8
2026-03-16 06:13:04.000,10.8
2026-03-16 06:13:04.000,13.2
2026-03-16 06:13:06.000,13.2
2026-03-16 06:13:06.000,14.4
2026-03-16 06:13:08.000,14.4
2026-03-16 06:13:08.000,13.2
2026-03-16 06:13:10.000,13.2
2026-03-16 06:13:10.000,12
2026-03-16 06:13:12.000,12
2026-03-16 06:13:12.000,9.6
2026-03-16 06:13:16.000,9.6
2026-03-16 06:13:16.000,8.4
2026-03-16 06:13:22.000,8.4
2026-03-16 06:13:22.000,7.2
2026-03-16 06:14:48.000,7.2
2026-03-16 06:14:48.000,8.4
2026-03-16 06:14:50.000,8.4
2026-03-16 06:14:50.000,7.2
2026-03-16 06:15:34.000,7.2
2026-03-16 06:15:34.000,8.4
2026-03-16 06:15:36.000,8.4
2026-03-16 06:15:36.000,7.2
2026-03-16 06:16:46.000,7.2
2026-03-16 06:16:46.000,6
2026-03-16 06:16:48.000,6
2026-03-16 06:16:48.000,7.2
2026-03-16 06:17:26.000,7.2
2026-03-16 06:17:26.000,6
2026-03-16 06:17:34.000,6
2026-03-16 06:17:34.000,7.2
2026-03-16 06:17:36.000,7.2
2026-03-16 06:17:36.000,9.6
2026-03-16 06:17:38.000,9.6
2026-03-16 06:17:38.000,14.4
2026-03-16 06:17:40.000,14.4
2026-03-16 06:17:40.000,18
2026-03-16 06:17:42.000,18
2026-03-16 06:17:42.000,10.8
2026-03-16 06:17:44.000,10.8
2026-03-16 06:17:44.000,0
2026-03-16 06:17:46.000,0
2026-03-16 06:17:46.000,6
2026-03-16 06:17:48.000,6
2026-03-16 06:17:48.000,0
2026-03-16 06:17:50.000,0
2026-03-16 06:17:50.000,2.4
2026-03-16 06:17:52.000,2.4
2026-03-16 06:17:52.000,3.6
2026-03-16 06:17:54.000,3.6
2026-03-16 06:17:54.000,7.2
2026-03-16 06:17:56.000,7.2
2026-03-16 06:17:56.000,8.4
2026-03-16 06:18:00.000,8.4
2026-03-16 06:18:00.000,9.6
2026-03-16 06:18:02.000,9.6
2026-03-16 06:18:02.000,13.2
2026-03-16 06:18:04.000,13.2
2026-03-16 06:18:04.000,16.8
2026-03-16 06:18:06.000,16.8
2026-03-16 06:18:06.000,18
2026-03-16 06:18:08.000,18
2026-03-16 06:18:08.000,25.2
2026-03-16 06:18:10.000,25.2
2026-03-16 06:18:10.000,20.4
2026-03-16 06:18:12.000,20.4
2026-03-16 06:18:12.000,24
2026-03-16 06:18:14.000,24
2026-03-16 06:18:14.000,25.2
2026-03-16 06:18:16.000,25.2
2026-03-16 06:18:16.000,26.4
2026-03-16 06:18:18.000,26.4
2026-03-16 06:18:18.000,28.8
2026-03-16 06:18:20.000,28.8
2026-03-16 06:18:20.000,30
2026-03-16 06:18:22.000,30
2026-03-16 06:18:22.000,32.4
2026-03-16 06:18:24.000,32.4
2026-03-16 06:18:24.000,33.6
2026-03-16 06:18:28.000,33.6
2026-03-16 06:18:28.000,34.8
2026-03-16 06:18:32.000,34.8
2026-03-16 06:18:32.000,36
2026-03-16 06:18:38.000,36
2026-03-16 06:18:38.000,37.2
2026-03-16 06:19:06.000,37.2
2026-03-16 06:19:06.000,36
2026-03-16 06:19:14.000,36
2026-03-16 06:19:14.000,37.2
2026-03-16 06:19:22.000,37.2
2026-03-16 06:19:22.000,38.4
2026-03-16 06:19:26.000,38.4
2026-03-16 06:19:26.000,39.6
2026-03-16 06:19:36.000,39.6
2026-03-16 06:19:36.000,38.4
2026-03-16 06:19:40.000,38.4
2026-03-16 06:19:40.000,37.2
2026-03-16 06:19:52.000,37.2
2026-03-16 06:19:52.000,38.4
2026-03-16 06:19:58.000,38.4
2026-03-16 06:19:58.000,39.6
2026-03-16 06:20:08.000,39.6
2026-03-16 06:20:08.000,40.8
2026-03-16 06:20:22.000,40.8
2026-03-16 06:20:22.000,39.6
2026-03-16 06:22:32.000,39.6
2026-03-16 06:22:32.000,38.4
2026-03-16 06:22:36.000,38.4
2026-03-16 06:22:36.000,37.2
2026-03-16 06:22:40.000,37.2
2026-03-16 06:22:40.000,36
2026-03-16 06:22:48.000,36
2026-03-16 06:22:48.000,34.8
2026-03-16 06:22:56.000,34.8
2026-03-16 06:22:56.000,36
2026-03-16 06:23:04.000,36
2026-03-16 06:23:04.000,37.2
2026-03-16 06:23:40.000,37.2
2026-03-16 06:23:40.000,36
2026-03-16 06:23:42.000,36
2026-03-16 06:23:42.000,21.6
2026-03-16 06:23:44.000,21.6
2026-03-16 06:23:44.000,24
2026-03-16 06:23:46.000,24
2026-03-16 06:23:46.000,10.8
2026-03-16 06:23:48.000,10.8
2026-03-16 06:23:48.000,8.4
2026-03-16 06:23:58.000,8.4
2026-03-16 06:23:58.000,9.6
2026-03-16 06:24:00.000,9.6
2026-03-16 06:24:00.000,8.4
2026-03-16 06:24:04.000,8.4
2026-03-16 06:24:04.000,9.6
2026-03-16 06:24:06.000,9.6
2026-03-16 06:24:06.000,10.8
2026-03-16 06:24:08.000,10.8
2026-03-16 06:24:08.000,12
2026-03-16 06:24:10.000,12
2026-03-16 06:24:10.000,10.8
2026-03-16 06:24:12.000,10.8
2026-03-16 06:24:12.000,12
2026-03-16 06:24:14.000,12
2026-03-16 06:24:14.000,10.8
2026-03-16 06:24:20.000,10.8
2026-03-16 06:24:20.000,9.6
2026-03-16 06:24:28.000,9.6
2026-03-16 06:24:28.000,8.4
2026-03-16 06:24:38.000,8.4
2026-03-16 06:24:38.000,9.6
2026-03-16 06:24:50.000,9.6
2026-03-16 06:24:50.000,10.8
2026-03-16 06:24:58.000,10.8
2026-03-16 06:24:58.000,9.6
2026-03-16 06:25:04.000,9.6
2026-03-16 06:25:04.000,8.4
2026-03-16 06:25:08.000,8.4
2026-03-16 06:25:08.000,9.6
2026-03-16 06:25:10.000,9.6
2026-03-16 06:25:10.000,10.8
2026-03-16 06:25:12.000,10.8
2026-03-16 06:25:12.000,13.2
2026-03-16 06:25:14.000,13.2
2026-03-16 06:25:14.000,12
2026-03-16 06:25:16.000,12
2026-03-16 06:25:16.000,10.8
2026-03-16 06:25:18.000,10.8
2026-03-16 06:25:18.000,12
2026-03-16 06:25:22.000,12
2026-03-16 06:25:22.000,13.2
2026-03-16 06:25:32.000,13.2
2026-03-16 06:25:32.000,14.4
2026-03-16 06:25:34.000,14.4
2026-03-16 06:25:34.000,15.6
2026-03-16 06:25:38.000,15.6
2026-03-16 06:25:38.000,16.8
2026-03-16 06:25:44.000,16.8
2026-03-16 06:25:44.000,15.6
2026-03-16 06:25:54.000,15.6
2026-03-16 06:25:54.000,14.4
2026-03-16 06:26:08.000,14.4
2026-03-16 06:26:08.000,15.6
2026-03-16 06:26:34.000,15.6
2026-03-16 06:26:34.000,14.4
2026-03-16 06:26:36.000,14.4
2026-03-16 06:26:36.000,15.6
2026-03-16 06:27:32.000,15.6
2026-03-16 06:27:32.000,14.4
2026-03-16 06:27:34.000,14.4
2026-03-16 06:27:34.000,15.6
2026-03-16 06:27:46.000,15.6
2026-03-16 06:27:46.000,16.8
2026-03-16 06:27:50.000,16.8
2026-03-16 06:27:50.000,20.4
2026-03-16 06:27:52.000,20.4
2026-03-16 06:27:52.000,28.8
2026-03-16 06:27:54.000,28.8
2026-03-16 06:27:54.000,18
2026-03-16 06:27:56.000,18
2026-03-16 06:27:56.000,4.8
2026-03-16 06:27:58.000,4.8
2026-03-16 06:27:58.000,12
2026-03-16 06:28:00.000,12
2026-03-16 06:28:00.000,2.4
2026-03-16 06:28:02.000,2.4
2026-03-16 06:28:02.000,4.8
2026-03-16 06:28:04.000,4.8
2026-03-16 06:28:04.000,7.2
2026-03-16 06:28:06.000,7.2
2026-03-16 06:28:06.000,8.4
2026-03-16 06:28:08.000,8.4
2026-03-16 06:28:08.000,9.6
2026-03-16 06:28:12.000,9.6
2026-03-16 06:28:12.000,10.8
2026-03-16 06:28:14.000,10.8
2026-03-16 06:28:14.000,12
2026-03-16 06:28:16.000,12
2026-03-16 06:28:16.000,13.2
2026-03-16 06:28:18.000,13.2
2026-03-16 06:28:18.000,15.6
2026-03-16 06:28:20.000,15.6
2026-03-16 06:28:20.000,14.4
2026-03-16 06:28:22.000,14.4
2026-03-16 06:28:22.000,15.6
2026-03-16 06:28:24.000,15.6
2026-03-16 06:28:24.000,13.2
2026-03-16 06:28:26.000,13.2
2026-03-16 06:28:26.000,12
2026-03-16 06:28:28.000,12
2026-03-16 06:28:28.000,9.6
2026-03-16 06:28:30.000,9.6
2026-03-16 06:28:30.000,10.8
2026-03-16 06:28:52.000,10.8
2026-03-16 06:28:52.000,12
2026-03-16 06:29:16.000,12
2026-03-16 06:29:16.000,10.8
2026-03-16 06:29:42.000,10.8
2026-03-16 06:29:42.000,12
2026-03-16 06:30:06.000,12
2026-03-16 06:30:06.000,10.8
2026-03-16 06:30:16.000,10.8
2026-03-16 06:30:16.000,12
2026-03-16 06:30:40.000,12
2026-03-16 06:30:40.000,10.8
2026-03-16 06:30:54.000,10.8
2026-03-16 06:30:54.000,12
2026-03-16 06:31:04.000,12
2026-03-16 06:31:04.000,13.2
2026-03-16 06:31:10.000,13.2
2026-03-16 06:31:10.000,12
2026-03-16 06:31:38.000,12
2026-03-16 06:31:38.000,13.2
2026-03-16 06:33:02.000,13.2
2026-03-16 06:33:02.000,12
2026-03-16 06:33:18.000,12
2026-03-16 06:33:18.000,13.2
2026-03-16 06:34:00.000,13.2
2026-03-16 06:34:00.000,14.4
2026-03-16 06:34:14.000,14.4
2026-03-16 06:34:14.000,15.6
2026-03-16 06:34:16.000,15.6
2026-03-16 06:34:16.000,14.4
2026-03-16 06:34:18.000,14.4
2026-03-16 06:34:18.000,15.6
2026-03-16 06:34:56.000,15.6
2026-03-16 06:34:56.000,16.8
2026-03-16 06:35:14.000,16.8
2026-03-16 06:35:14.000,15.6
2026-03-16 06:35:28.000,15.6
2026-03-16 06:35:28.000,16.8
2026-03-16 06:35:36.000,16.8
2026-03-16 06:35:36.000,18
2026-03-16 06:36:14.000,18
2026-03-16 06:36:14.000,16.8
2026-03-16 06:36:18.000,16.8
2026-03-16 06:36:18.000,14.4
2026-03-16 06:36:22.000,14.4
2026-03-16 06:36:22.000,13.2
2026-03-16 06:36:54.000,13.2
2026-03-16 06:36:54.000,12
2026-03-16 06:37:06.000,12
2026-03-16 06:37:06.000,13.2
2026-03-16 06:37:44.000,13.2
2026-03-16 06:37:44.000,15.6
2026-03-16 06:37:46.000,15.6
2026-03-16 06:37:46.000,16.8
2026-03-16 06:37:50.000,16.8
2026-03-16 06:37:50.000,12
2026-03-16 06:37:56.000,12
2026-03-16 06:37:56.000,13.2
2026-03-16 06:37:58.000,13.2
2026-03-16 06:37:58.000,16.8
2026-03-16 06:38:00.000,16.8
2026-03-16 06:38:00.000,18
2026-03-16 06:38:02.000,18
2026-03-16 06:38:02.000,19.2
2026-03-16 06:38:04.000,19.2
2026-03-16 06:38:04.000,20.4
2026-03-16 06:38:06.000,20.4
2026-03-16 06:38:06.000,26.4
2026-03-16 06:38:08.000,26.4
2026-03-16 06:38:08.000,4.8
2026-03-16 06:38:10.000,4.8
2026-03-16 06:38:10.000,33.6
2026-03-16 06:38:12.000,33.6
2026-03-16 06:38:12.000,15.6
2026-03-16 06:38:14.000,15.6
2026-03-16 06:38:14.000,18
2026-03-16 06:38:16.000,18
2026-03-16 06:38:16.000,19.2
2026-03-16 06:38:18.000,19.2
2026-03-16 06:38:18.000,18
2026-03-16 06:38:20.000,18
2026-03-16 06:38:20.000,19.2
2026-03-16 06:38:22.000,19.2
2026-03-16 06:38:22.000,20.4
2026-03-16 06:38:32.000,20.4
2026-03-16 06:38:32.000,21.6
2026-03-16 06:38:36.000,21.6
2026-03-16 06:38:36.000,22.8
2026-03-16 06:38:52.000,22.8
2026-03-16 06:38:52.000,21.6
2026-03-16 06:39:04.000,21.6
2026-03-16 06:39:04.000,22.8
2026-03-16 06:39:14.000,22.8
2026-03-16 06:39:14.000,24
2026-03-16 06:39:20.000,24
2026-03-16 06:39:20.000,22.8
2026-03-16 06:39:46.000,22.8
2026-03-16 06:39:46.000,24
2026-03-16 06:39:58.000,24
2026-03-16 06:39:58.000,22.8
2026-03-16 06:40:18.000,22.8
2026-03-16 06:40:18.000,24
2026-03-16 06:40:36.000,24
2026-03-16 06:40:36.000,22.8
2026-03-16 06:40:40.000,22.8
2026-03-16 06:40:40.000,24
2026-03-16 06:40:42.000,24
2026-03-16 06:40:42.000,22.8
2026-03-16 06:40:48.000,22.8
2026-03-16 06:40:48.000,24
2026-03-16 06:41:16.000,24
2026-03-16 06:41:16.000,22.8
2026-03-16 06:41:18.000,22.8
2026-03-16 06:41:18.000,24
2026-03-16 06:43:02.000,24
2026-03-16 06:43:02.000,25.2
2026-03-16 06:43:04.000,25.2
2026-03-16 06:43:04.000,24
2026-03-16 06:43:38.000,24
2026-03-16 06:43:38.000,25.2
2026-03-16 06:43:44.000,25.2
2026-03-16 06:43:44.000,24
2026-03-16 06:44:32.000,24
2026-03-16 06:44:32.000,25.2
2026-03-16 06:44:58.000,25.2
2026-03-16 06:44:58.000,24
2026-03-16 06:45:12.000,24
2026-03-16 06:45:12.000,25.2
2026-03-16 06:45:48.000,25.2
2026-03-16 06:45:48.000,24
2026-03-16 06:45:50.000,24
2026-03-16 06:45:50.000,25.2
2026-03-16 06:52:30.000,25.2
2026-03-16 06:52:30.000,26.4
2026-03-16 06:54:38.000,26.4
2026-03-16 06:54:38.000,25.2
2026-03-16 06:54:40.000,25.2
2026-03-16 06:54:40.000,26.4
2026-03-16 07:01:46.000,26.4
2026-03-16 07:01:46.000,28.8
2026-03-16 07:01:50.000,28.8
2026-03-16 07:01:50.000,32.4
2026-03-16 07:01:52.000,32.4
2026-03-16 07:01:52.000,31.2
2026-03-16 07:01:54.000,31.2
2026-03-16 07:01:54.000,32.4
2026-03-16 07:01:58.000,32.4
2026-03-16 07:01:58.000,33.6
2026-03-16 07:02:00.000,33.6
2026-03-16 07:02:00.000,32.4
2026-03-16 07:02:02.000,32.4
2026-03-16 07:02:02.000,33.6
2026-03-16 07:02:28.000,33.6
2026-03-16 07:02:28.000,32.4
2026-03-16 07:02:30.000,32.4
2026-03-16 07:02:30.000,33.6
2026-03-16 07:02:32.000,33.6
2026-03-16 07:02:32.000,32.4
2026-03-16 07:02:36.000,32.4
2026-03-16 07:02:36.000,33.6
2026-03-16 07:02:48.000,33.6
2026-03-16 07:02:48.000,34.8
2026-03-16 07:02:50.000,34.8
2026-03-16 07:02:50.000,37.2
2026-03-16 07:02:52.000,37.2
2026-03-16 07:02:52.000,42
2026-03-16 07:02:54.000,42
2026-03-16 07:02:54.000,43.2
2026-03-16 07:02:56.000,43.2
2026-03-16 07:02:56.000,44.4
2026-03-16 07:02:58.000,44.4
2026-03-16 07:02:58.000,45.6
2026-03-16 07:03:00.000,45.6
2026-03-16 07:03:00.000,48
2026-03-16 07:03:04.000,48
2026-03-16 07:03:04.000,49.2
2026-03-16 07:03:06.000,49.2
2026-03-16 07:03:06.000,50.4
2026-03-16 07:03:08.000,50.4
2026-03-16 07:03:08.000,51.6
2026-03-16 07:03:14.000,51.6
2026-03-16 07:03:14.000,52.8
2026-03-16 07:03:18.000,52.8
2026-03-16 07:03:18.000,54
2026-03-16 07:03:28.000,54
2026-03-16 07:03:28.000,55.2
2026-03-16 07:03:40.000,55.2
2026-03-16 07:03:40.000,56.4
2026-03-16 07:03:54.000,56.4
2026-03-16 07:03:54.000,57.6
2026-03-16 07:04:06.000,57.6
2026-03-16 07:04:06.000,56.4
2026-03-16 07:04:08.000,56.4
2026-03-16 07:04:08.000,57.6
2026-03-16 07:04:24.000,57.6
2026-03-16 07:04:24.000,58.8
2026-03-16 07:04:50.000,58.8
2026-03-16 07:04:50.000,60
2026-03-16 07:05:18.000,60
2026-03-16 07:05:18.000,61.2
2026-03-16 07:05:44.000,61.2
2026-03-16 07:05:44.000,62.4
2026-03-16 07:06:46.000,62.4
2026-03-16 07:06:46.000,63.6
2026-03-16 07:07:44.000,63.6
2026-03-16 07:07:44.000,61.2
2026-03-16 07:07:46.000,61.2
2026-03-16 07:07:46.000,57.6
2026-03-16 07:07:48.000,57.6
2026-03-16 07:07:48.000,43.2
2026-03-16 07:07:50.000,43.2
2026-03-16 07:07:50.000,34.8
2026-03-16 07:07:52.000,34.8
2026-03-16 07:07:52.000,24
2026-03-16 07:07:54.000,24
2026-03-16 07:07:54.000,20.4
2026-03-16 07:07:56.000,20.4
2026-03-16 07:07:56.000,18
2026-03-16 07:07:58.000,18
2026-03-16 07:07:58.000,26.4
2026-03-16 07:08:00.000,26.4
2026-03-16 07:08:00.000,19.2
2026-03-16 07:08:02.000,19.2
2026-03-16 07:08:02.000,15.6
2026-03-16 07:08:04.000,15.6
2026-03-16 07:08:04.000,19.2
2026-03-16 07:08:06.000,19.2
2026-03-16 07:08:06.000,10.8
2026-03-16 07:08:10.000,10.8
2026-03-16 07:08:10.000,7.2
2026-03-16 07:08:14.000,7.2
2026-03-16 07:08:14.000,8.4
2026-03-16 07:08:16.000,8.4
2026-03-16 07:08:16.000,9.6
2026-03-16 07:08:24.000,9.6
2026-03-16 07:08:24.000,13.2
2026-03-16 07:08:26.000,13.2
2026-03-16 07:08:26.000,10.8
2026-03-16 07:08:32.000,10.8
2026-03-16 07:08:32.000,9.6
2026-03-16 07:08:44.000,9.6
2026-03-16 07:08:44.000,8.4
2026-03-16 07:08:52.000,8.4
2026-03-16 07:08:52.000,9.6
2026-03-16 07:09:16.000,9.6
2026-03-16 07:09:16.000,8.4
2026-03-16 07:09:32.000,8.4
2026-03-16 07:09:32.000,9.6
2026-03-16 07:09:38.000,9.6
2026-03-16 07:09:38.000,10.8
2026-03-16 07:09:42.000,10.8
2026-03-16 07:09:42.000,9.6
2026-03-16 07:09:46.000,9.6
2026-03-16 07:09:46.000,8.4
2026-03-16 07:10:14.000,8.4
2026-03-16 07:10:14.000,9.6
2026-03-16 07:10:18.000,9.6
2026-03-16 07:10:18.000,10.8
2026-03-16 07:10:24.000,10.8
2026-03-16 07:10:24.000,9.6
2026-03-16 07:10:28.000,9.6
2026-03-16 07:10:28.000,8.4
2026-03-16 07:10:54.000,8.4
2026-03-16 07:10:54.000,9.6
2026-03-16 07:11:02.000,9.6
2026-03-16 07:11:02.000,8.4
2026-03-16 07:11:12.000,8.4
2026-03-16 07:11:12.000,7.2
2026-03-16 07:11:18.000,7.2
2026-03-16 07:11:18.000,8.4
2026-03-16 07:11:20.000,8.4
2026-03-16 07:11:20.000,7.2
2026-03-16 07:11:22.000,7.2
2026-03-16 07:11:22.000,8.4
2026-03-16 07:11:30.000,8.4
2026-03-16 07:11:30.000,9.6
2026-03-16 07:11:38.000,9.6
2026-03-16 07:11:38.000,8.4
2026-03-16 07:11:46.000,8.4
2026-03-16 07:11:46.000,7.2
2026-03-16 07:11:58.000,7.2
2026-03-16 07:11:58.000,8.4
2026-03-16 07:12:08.000,8.4
2026-03-16 07:12:08.000,9.6
2026-03-16 07:12:14.000,9.6
2026-03-16 07:12:14.000,8.4
2026-03-16 07:12:24.000,8.4
2026-03-16 07:12:24.000,7.2
2026-03-16 07:12:34.000,7.2
2026-03-16 07:12:34.000,8.4
2026-03-16 07:12:36.000,8.4
2026-03-16 07:12:36.000,7.2
2026-03-16 07:12:38.000,7.2
2026-03-16 07:12:38.000,8.4
2026-03-16 07:12:46.000,8.4
2026-03-16 07:12:46.000,12
2026-03-16 07:12:48.000,12
2026-03-16 07:12:48.000,10.8
2026-03-16 07:12:52.000,10.8
2026-03-16 07:12:52.000,9.6
2026-03-16 07:12:54.000,9.6
2026-03-16 07:12:54.000,8.4
2026-03-16 07:12:58.000,8.4
2026-03-16 07:12:58.000,7.2
2026-03-16 07:13:20.000,7.2
2026-03-16 07:13:20.000,8.4
2026-03-16 07:13:40.000,8.4
2026-03-16 07:13:40.000,7.2
2026-03-16 07:13:56.000,7.2
2026-03-16 07:13:56.000,8.4
2026-03-16 07:14:22.000,8.4
2026-03-16 07:14:22.000,7.2
2026-03-16 07:14:40.000,7.2
2026-03-16 07:14:40.000,8.4
2026-03-16 07:14:56.000,8.4
2026-03-16 07:14:56.000,7.2
2026-03-16 07:15:22.000,7.2
2026-03-16 07:15:22.000,8.4
2026-03-16 07:15:36.000,8.4
2026-03-16 07:15:36.000,7.2
2026-03-16 07:16:00.000,7.2
2026-03-16 07:16:00.000,8.4
2026-03-16 07:16:14.000,8.4
2026-03-16 07:16:14.000,7.2
2026-03-16 07:16:40.000,7.2
2026-03-16 07:16:40.000,8.4
2026-03-16 07:16:52.000,8.4
2026-03-16 07:16:52.000,7.2
2026-03-16 07:16:54.000,7.2
2026-03-16 07:16:54.000,8.4
2026-03-16 07:16:56.000,8.4
2026-03-16 07:16:56.000,7.2
2026-03-16 07:17:54.000,7.2
2026-03-16 07:17:54.000,8.4
2026-03-16 07:17:58.000,8.4
2026-03-16 07:17:58.000,7.2
2026-03-16 07:18:00.000,7.2
2026-03-16 07:18:00.000,8.4
2026-03-16 07:18:02.000,8.4
2026-03-16 07:18:02.000,7.2
2026-03-16 07:18:20.000,7.2
2026-03-16 07:18:20.000,8.4
2026-03-16 07:18:22.000,8.4
2026-03-16 07:18:22.000,7.2
2026-03-16 07:18:28.000,7.2
2026-03-16 07:18:28.000,8.4
2026-03-16 07:18:30.000,8.4
2026-03-16 07:18:30.000,7.2
2026-03-16 07:18:32.000,7.2
2026-03-16 07:18:32.000,8.4
2026-03-16 07:18:34.000,8.4
2026-03-16 07:18:34.000,7.2
2026-03-16 07:18:36.000,7.2
2026-03-16 07:18:36.000,8.4
2026-03-16 07:18:42.000,8.4
2026-03-16 07:18:42.000,10.8
2026-03-16 07:18:46.000,10.8
2026-03-16 07:18:46.000,7.2
2026-03-16 07:18:48.000,7.2
2026-03-16 07:18:48.000,3.6
2026-03-16 07:18:50.000,3.6
2026-03-16 07:18:50.000,1.2
2026-03-16 07:18:52.000,1.2
2026-03-16 07:18:52.000,2.4
2026-03-16 07:18:54.000,2.4
2026-03-16 07:18:54.000,9.6
2026-03-16 07:18:56.000,9.6
2026-03-16 07:18:56.000,20.4
2026-03-16 07:18:58.000,20.4
2026-03-16 07:18:58.000,30
2026-03-16 07:19:00.000,30
2026-03-16 07:19:00.000,33.6
2026-03-16 07:19:02.000,33.6
2026-03-16 07:19:02.000,25.2
2026-03-16 07:19:04.000,25.2
2026-03-16 07:19:04.000,27.6
2026-03-16 07:19:06.000,27.6
2026-03-16 07:19:06.000,26.4
2026-03-16 07:19:32.000,26.4
2026-03-16 07:19:32.000,27.6
2026-03-16 07:19:40.000,27.6
2026-03-16 07:19:40.000,28.8
2026-03-16 07:20:00.000,28.8
2026-03-16 07:20:00.000,27.6
2026-03-16 07:20:02.000,27.6
2026-03-16 07:20:02.000,25.2
2026-03-16 07:20:04.000,25.2
2026-03-16 07:20:04.000,19.2
2026-03-16 07:20:06.000,19.2
2026-03-16 07:20:06.000,9.6
2026-03-16 07:20:08.000,9.6
2026-03-16 07:20:08.000,7.2
2026-03-16 07:20:10.000,7.2
2026-03-16 07:20:10.000,6
2026-03-16 07:20:12.000,6
2026-03-16 07:20:12.000,4.8
2026-03-16 07:20:30.000,4.8
2026-03-16 07:20:30.000,6
2026-03-16 07:20:34.000,6
2026-03-16 07:20:34.000,8.4
2026-03-16 07:20:36.000,8.4
2026-03-16 07:20:36.000,7.2
2026-03-16 07:20:40.000,7.2
2026-03-16 07:20:40.000,6
2026-03-16 07:20:44.000,6
2026-03-16 07:20:44.000,4.8
2026-03-16 07:20:58.000,4.8
2026-03-16 07:20:58.000,7.2
2026-03-16 07:21:00.000,7.2
2026-03-16 07:21:00.000,9.6
2026-03-16 07:21:02.000,9.6
2026-03-16 07:21:02.000,12
2026-03-16 07:21:04.000,12
2026-03-16 07:21:04.000,10.8
2026-03-16 07:21:06.000,10.8
2026-03-16 07:21:06.000,13.2
2026-03-16 07:21:10.000,13.2
2026-03-16 07:21:10.000,12
2026-03-16 07:21:14.000,12
2026-03-16 07:21:14.000,10.8
2026-03-16 07:21:16.000,10.8
2026-03-16 07:21:16.000,9.6
2026-03-16 07:21:18.000,9.6
2026-03-16 07:21:18.000,8.4
2026-03-16 07:21:22.000,8.4
2026-03-16 07:21:22.000,7.2
2026-03-16 07:21:26.000,7.2
2026-03-16 07:21:26.000,6
2026-03-16 07:21:44.000,6
2026-03-16 07:21:44.000,7.2
2026-03-16 07:21:46.000,7.2
2026-03-16 07:21:46.000,8.4
2026-03-16 07:21:48.000,8.4
2026-03-16 07:21:48.000,9.6
2026-03-16 07:21:50.000,9.6
2026-03-16 07:21:50.000,10.8
2026-03-16 07:21:52.000,10.8
2026-03-16 07:21:52.000,13.2
2026-03-16 07:21:54.000,13.2
2026-03-16 07:21:54.000,14.4
2026-03-16 07:21:56.000,14.4
2026-03-16 07:21:56.000,15.6
2026-03-16 07:21:58.000,15.6
2026-03-16 07:21:58.000,16.8
2026-03-16 07:22:06.000,16.8
2026-03-16 07:22:06.000,18
2026-03-16 07:22:16.000,18
2026-03-16 07:22:16.000,19.2
2026-03-16 07:22:38.000,19.2
2026-03-16 07:22:38.000,16.8
2026-03-16 07:22:40.000,16.8
2026-03-16 07:22:40.000,14.4
2026-03-16 07:22:44.000,14.4
2026-03-16 07:22:44.000,13.2
2026-03-16 07:22:46.000,13.2
2026-03-16 07:22:46.000,14.4
2026-03-16 07:22:52.000,14.4
2026-03-16 07:22:52.000,13.2
2026-03-16 07:22:56.000,13.2
2026-03-16 07:22:56.000,14.4
2026-03-16 07:22:58.000,14.4
2026-03-16 07:22:58.000,15.6
2026-03-16 07:23:02.000,15.6
2026-03-16 07:23:02.000,16.8
2026-03-16 07:23:04.000,16.8
2026-03-16 07:23:04.000,18
2026-03-16 07:23:08.000,18
2026-03-16 07:23:08.000,19.2
2026-03-16 07:23:12.000,19.2
2026-03-16 07:23:12.000,20.4
2026-03-16 07:23:32.000,20.4
2026-03-16 07:23:32.000,21.6
2026-03-16 07:23:36.000,21.6
2026-03-16 07:23:36.000,22.8
2026-03-16 07:23:38.000,22.8
2026-03-16 07:23:38.000,21.6
2026-03-16 07:23:44.000,21.6
2026-03-16 07:23:44.000,20.4
2026-03-16 07:23:46.000,20.4
2026-03-16 07:23:46.000,10.8
2026-03-16 07:23:48.000,10.8
2026-03-16 07:23:48.000,6
2026-03-16 07:23:52.000,6
2026-03-16 07:23:52.000,4.8
2026-03-16 07:24:10.000,4.8
2026-03-16 07:24:10.000,6
2026-03-16 07:24:24.000,6
2026-03-16 07:24:24.000,4.8
2026-03-16 07:24:26.000,4.8
2026-03-16 07:24:26.000,6
2026-03-16 07:24:38.000,6
2026-03-16 07:24:38.000,7.2
2026-03-16 07:24:42.000,7.2
2026-03-16 07:24:42.000,6
2026-03-16 07:24:46.000,6
2026-03-16 07:24:46.000,4.8
2026-03-16 07:25:08.000,4.8
2026-03-16 07:25:08.000,6
2026-03-16 07:25:16.000,6
2026-03-16 07:25:16.000,7.2
2026-03-16 07:25:18.000,7.2
2026-03-16 07:25:18.000,10.8
2026-03-16 07:25:20.000,10.8
2026-03-16 07:25:20.000,12
2026-03-16 07:25:22.000,12
2026-03-16 07:25:22.000,10.8
2026-03-16 07:25:24.000,10.8
2026-03-16 07:25:24.000,9.6
2026-03-16 07:25:26.000,9.6
2026-03-16 07:25:26.000,6
2026-03-16 07:25:28.000,6
2026-03-16 07:25:28.000,4.8
2026-03-16 07:25:32.000,4.8
2026-03-16 07:25:32.000,8.4
2026-03-16 07:25:34.000,8.4
2026-03-16 07:25:34.000,7.2
2026-03-16 07:25:36.000,7.2
2026-03-16 07:25:36.000,8.4
2026-03-16 07:25:50.000,8.4
2026-03-16 07:25:50.000,7.2
2026-03-16 07:26:00.000,7.2
2026-03-16 07:26:00.000,8.4
2026-03-16 07:26:02.000,8.4
2026-03-16 07:26:02.000,9.6
2026-03-16 07:26:04.000,9.6
2026-03-16 07:26:04.000,13.2
2026-03-16 07:26:06.000,13.2
2026-03-16 07:26:06.000,24
2026-03-16 07:26:08.000,24
2026-03-16 07:26:08.000,32.4
2026-03-16 07:26:10.000,32.4
2026-03-16 07:26:10.000,36
2026-03-16 07:26:12.000,36
2026-03-16 07:26:12.000,39.6
2026-03-16 07:26:14.000,39.6
2026-03-16 07:26:14.000,40.8
2026-03-16 07:26:16.000,40.8
2026-03-16 07:26:16.000,44.4
2026-03-16 07:26:18.000,44.4
2026-03-16 07:26:18.000,38.4
2026-03-16 07:26:20.000,38.4
2026-03-16 07:26:20.000,36
2026-03-16 07:26:22.000,36
2026-03-16 07:26:22.000,32.4
2026-03-16 07:26:26.000,32.4
2026-03-16 07:26:26.000,31.2
2026-03-16 07:26:28.000,31.2
2026-03-16 07:26:28.000,33.6
2026-03-16 07:26:32.000,33.6
2026-03-16 07:26:32.000,34.8
2026-03-16 07:26:36.000,34.8
2026-03-16 07:26:36.000,36
2026-03-16 07:26:38.000,36
2026-03-16 07:26:38.000,37.2
2026-03-16 07:26:42.000,37.2
2026-03-16 07:26:42.000,38.4
2026-03-16 07:26:46.000,38.4
2026-03-16 07:26:46.000,39.6
2026-03-16 07:26:52.000,39.6
2026-03-16 07:26:52.000,40.8
2026-03-16 07:26:58.000,40.8
2026-03-16 07:26:58.000,39.6
2026-03-16 07:27:00.000,39.6
2026-03-16 07:27:00.000,30
2026-03-16 07:27:02.000,30
2026-03-16 07:27:02.000,0
2026-03-16 07:27:04.000,0
2026-03-16 07:27:04.000,10.8
2026-03-16 07:27:06.000,10.8
2026-03-16 07:27:06.000,0
2026-03-16 07:28:32.000,0
2026-03-16 07:28:32.000,1.2
2026-03-16 07:28:40.000,1.2
2026-03-16 07:28:40.000,2.4
2026-03-16 07:28:52.000,2.4
2026-03-16 07:28:52.000,1.2
2026-03-16 07:28:58.000,1.2
2026-03-16 07:28:58.000,0
2026-03-16 07:29:10.000,0
2026-03-16 07:29:10.000,1.2
2026-03-16 07:29:12.000,1.2
2026-03-16 07:29:12.000,2.4
2026-03-16 07:29:38.000,2.4
2026-03-16 07:29:38.000,3.6
2026-03-16 07:29:40.000,3.6
2026-03-16 07:29:40.000,2.4
2026-03-16 07:29:42.000,2.4
2026-03-16 07:29:42.000,3.6
2026-03-16 07:30:10.000,3.6
2026-03-16 07:30:10.000,6
2026-03-16 07:30:12.000,6
2026-03-16 07:30:12.000,4.8
2026-03-16 07:30:14.000,4.8
2026-03-16 07:30:14.000,3.6
2026-03-16 07:30:18.000,3.6
2026-03-16 07:30:18.000,1.2
2026-03-16 07:30:20.000,1.2
2026-03-16 07:30:20.000,0
2026-03-16 07:30:34.000,0
2026-03-16 07:30:34.000,3.6
2026-03-16 07:30:36.000,3.6
2026-03-16 07:30:36.000,9.6
2026-03-16 07:30:38.000,9.6
2026-03-16 07:30:38.000,10.8
2026-03-16 07:30:40.000,10.8
2026-03-16 07:30:40.000,0
2026-03-16 07:30:46.000,0
2026-03-16 07:30:46.000,7.2
2026-03-16 07:30:48.000,7.2
2026-03-16 07:30:48.000,10.8
2026-03-16 07:30:50.000,10.8
2026-03-16 07:30:50.000,14.4
2026-03-16 07:30:52.000,14.4
2026-03-16 07:30:52.000,19.2
2026-03-16 07:30:54.000,19.2
2026-03-16 07:30:54.000,20.4
2026-03-16 07:30:56.000,20.4
2026-03-16 07:30:56.000,16.8
2026-03-16 07:31:00.000,16.8
2026-03-16 07:31:00.000,14.4
2026-03-16 07:31:02.000,14.4
2026-03-16 07:31:02.000,9.6
2026-03-16 07:31:04.000,9.6
2026-03-16 07:31:04.000,7.2
2026-03-16 07:31:06.000,7.2
2026-03-16 07:31:06.000,9.6
2026-03-16 07:31:08.000,9.6
2026-03-16 07:31:08.000,7.2
2026-03-16 07:31:10.000,7.2
2026-03-16 07:31:10.000,8.4
2026-03-16 07:31:30.000,8.4
2026-03-16 07:31:30.000,9.6
2026-03-16 07:31:42.000,9.6
2026-03-16 07:31:42.000,8.4
2026-03-16 07:31:46.000,8.4
2026-03-16 07:31:46.000,9.6
2026-03-16 07:31:48.000,9.6
2026-03-16 07:31:48.000,8.4
2026-03-16 07:32:10.000,8.4
2026-03-16 07:32:10.000,9.6
2026-03-16 07:32:22.000,9.6
2026-03-16 07:32:22.000,8.4
2026-03-16 07:32:24.000,8.4
2026-03-16 07:32:24.000,9.6
2026-03-16 07:32:26.000,9.6
2026-03-16 07:32:26.000,8.4
2026-03-16 07:32:40.000,8.4
2026-03-16 07:32:40.000,9.6
2026-03-16 07:32:42.000,9.6
2026-03-16 07:32:42.000,10.8
2026-03-16 07:32:44.000,10.8
2026-03-16 07:32:44.000,9.6
2026-03-16 07:32:50.000,9.6
2026-03-16 07:32:50.000,8.4
2026-03-16 07:32:58.000,8.4
2026-03-16 07:32:58.000,9.6
2026-03-16 07:33:14.000,9.6
2026-03-16 07:33:14.000,8.4
2026-03-16 07:33:24.000,8.4
2026-03-16 07:33:24.000,9.6
2026-03-16 07:34:04.000,9.6
2026-03-16 07:34:04.000,14.4
2026-03-16 07:34:06.000,14.4
2026-03-16 07:34:06.000,13.2
2026-03-16 07:34:08.000,13.2
2026-03-16 07:34:08.000,0
2026-03-16 07:34:14.000,0
2026-03-16 07:34:14.000,3.6
2026-03-16 07:34:16.000,3.6
2026-03-16 07:34:16.000,9.6
2026-03-16 07:34:18.000,9.6
2026-03-16 07:34:18.000,14.4
2026-03-16 07:34:20.000,14.4
2026-03-16 07:34:20.000,18
2026-03-16 07:34:22.000,18
2026-03-16 07:34:22.000,20.4
2026-03-16 07:34:24.000,20.4
2026-03-16 07:34:24.000,22.8
2026-03-16 07:34:26.000,22.8
2026-03-16 07:34:26.000,26.4
2026-03-16 07:34:28.000,26.4
2026-03-16 07:34:28.000,25.2
2026-03-16 07:34:30.000,25.2
2026-03-16 07:34:30.000,26.4
2026-03-16 07:34:32.000,26.4
2026-03-16 07:34:32.000,27.6
2026-03-16 07:34:34.000,27.6
2026-03-16 07:34:34.000,26.4
2026-03-16 07:34:40.000,26.4
2026-03-16 07:34:40.000,27.6
2026-03-16 07:34:46.000,27.6
2026-03-16 07:34:46.000,26.4
2026-03-16 07:34:48.000,26.4
2026-03-16 07:34:48.000,27.6
2026-03-16 07:34:52.000,27.6
2026-03-16 07:34:52.000,28.8
2026-03-16 07:34:58.000,28.8
2026-03-16 07:34:58.000,30
2026-03-16 07:35:16.000,30
2026-03-16 07:35:16.000,31.2
2026-03-16 07:35:28.000,31.2
2026-03-16 07:35:28.000,32.4
2026-03-16 07:35:40.000,32.4
2026-03-16 07:35:40.000,33.6
2026-03-16 07:35:52.000,33.6
2026-03-16 07:35:52.000,32.4
2026-03-16 07:35:56.000,32.4
2026-03-16 07:35:56.000,33.6
2026-03-16 07:36:02.000,33.6
2026-03-16 07:36:02.000,32.4
2026-03-16 07:36:06.000,32.4
2026-03-16 07:36:06.000,33.6
2026-03-16 07:36:22.000,33.6
2026-03-16 07:36:22.000,34.8
2026-03-16 07:36:32.000,34.8
2026-03-16 07:36:32.000,33.6
2026-03-16 07:36:34.000,33.6
2026-03-16 07:36:34.000,28.8
2026-03-16 07:36:36.000,28.8
2026-03-16 07:36:36.000,30
2026-03-16 07:36:38.000,30
2026-03-16 07:36:38.000,22.8
2026-03-16 07:36:40.000,22.8
2026-03-16 07:36:40.000,25.2
2026-03-16 07:36:42.000,25.2
2026-03-16 07:36:42.000,22.8
2026-03-16 07:36:44.000,22.8
2026-03-16 07:36:44.000,24
2026-03-16 07:36:54.000,24
2026-03-16 07:36:54.000,25.2
2026-03-16 07:37:02.000,25.2
2026-03-16 07:37:02.000,26.4
2026-03-16 07:37:10.000,26.4
2026-03-16 07:37:10.000,27.6
2026-03-16 07:37:22.000,27.6
2026-03-16 07:37:22.000,26.4
2026-03-16 07:37:26.000,26.4
2026-03-16 07:37:26.000,27.6
2026-03-16 07:37:34.000,27.6
2026-03-16 07:37:34.000,25.2
2026-03-16 07:37:36.000,25.2
2026-03-16 07:37:36.000,20.4
2026-03-16 07:37:38.000,20.4
2026-03-16 07:37:38.000,18
2026-03-16 07:37:40.000,18
2026-03-16 07:37:40.000,15.6
2026-03-16 07:37:42.000,15.6
2026-03-16 07:37:42.000,16.8
2026-03-16 07:37:44.000,16.8
2026-03-16 07:37:44.000,14.4
2026-03-16 07:38:00.000,14.4
2026-03-16 07:38:00.000,15.6
2026-03-16 07:38:04.000,15.6
2026-03-16 07:38:04.000,16.8
2026-03-16 07:38:08.000,16.8
2026-03-16 07:38:08.000,15.6
2026-03-16 07:38:46.000,15.6
2026-03-16 07:38:46.000,16.8
2026-03-16 07:38:48.000,16.8
2026-03-16 07:38:48.000,15.6
2026-03-16 07:39:44.000,15.6
2026-03-16 07:39:44.000,14.4
2026-03-16 07:39:48.000,14.4
2026-03-16 07:39:48.000,15.6
2026-03-16 07:40:10.000,15.6
2026-03-16 07:40:10.000,14.4
2026-03-16 07:40:34.000,14.4
2026-03-16 07:40:34.000,15.6
2026-03-16 07:40:40.000,15.6
2026-03-16 07:40:40.000,14.4
2026-03-16 07:40:58.000,14.4
2026-03-16 07:40:58.000,15.6
2026-03-16 07:41:12.000,15.6
2026-03-16 07:41:12.000,14.4
2026-03-16 07:41:36.000,14.4
2026-03-16 07:41:36.000,16.8
2026-03-16 07:41:38.000,16.8
2026-03-16 07:41:38.000,38.4
2026-03-16 07:41:40.000,38.4
2026-03-16 07:41:40.000,12
2026-03-16 07:41:42.000,12
2026-03-16 07:41:42.000,18
2026-03-16 07:41:44.000,18
2026-03-16 07:41:44.000,13.2
2026-03-16 07:41:46.000,13.2
2026-03-16 07:41:46.000,6
2026-03-16 07:41:48.000,6
2026-03-16 07:41:48.000,4.8
2026-03-16 07:41:50.000,4.8
2026-03-16 07:41:50.000,7.2
2026-03-16 07:41:52.000,7.2
2026-03-16 07:41:52.000,12
2026-03-16 07:41:54.000,12
2026-03-16 07:41:54.000,9.6
2026-03-16 07:41:56.000,9.6
2026-03-16 07:41:56.000,12
2026-03-16 07:41:58.000,12
2026-03-16 07:41:58.000,13.2
2026-03-16 07:42:00.000,13.2
2026-03-16 07:42:00.000,14.4
2026-03-16 07:42:04.000,14.4
2026-03-16 07:42:04.000,15.6
2026-03-16 07:42:06.000,15.6
2026-03-16 07:42:06.000,16.8
2026-03-16 07:42:08.000,16.8
2026-03-16 07:42:08.000,18
2026-03-16 07:42:14.000,18
2026-03-16 07:42:14.000,16.8
2026-03-16 07:42:20.000,16.8
2026-03-16 07:42:20.000,15.6
2026-03-16 07:42:24.000,15.6
2026-03-16 07:42:24.000,16.8
2026-03-16 07:42:40.000,16.8
2026-03-16 07:42:40.000,18
2026-03-16 07:42:48.000,18
2026-03-16 07:42:48.000,19.2
2026-03-16 07:42:50.000,19.2
2026-03-16 07:42:50.000,18
2026-03-16 07:42:54.000,18
2026-03-16 07:42:54.000,19.2
2026-03-16 07:42:58.000,19.2
2026-03-16 07:42:58.000,18
2026-03-16 07:43:00.000,18
2026-03-16 07:43:00.000,16.8
2026-03-16 07:43:02.000,16.8
2026-03-16 07:43:02.000,15.6
2026-03-16 07:43:04.000,15.6
2026-03-16 07:43:04.000,14.4
2026-03-16 07:43:24.000,14.4
2026-03-16 07:43:24.000,15.6
2026-03-16 07:43:28.000,15.6
2026-03-16 07:43:28.000,16.8
2026-03-16 07:43:30.000,16.8
2026-03-16 07:43:30.000,15.6
2026-03-16 07:43:38.000,15.6
2026-03-16 07:43:38.000,16.8
2026-03-16 07:43:40.000,16.8
2026-03-16 07:43:40.000,24
2026-03-16 07:43:42.000,24
2026-03-16 07:43:42.000,39.6
2026-03-16 07:43:44.000,39.6
2026-03-16 07:43:44.000,52.8
2026-03-16 07:43:46.000,52.8
2026-03-16 07:43:46.000,13.2
2026-03-16 07:43:48.000,13.2
2026-03-16 07:43:48.000,20.4
2026-03-16 07:43:50.000,20.4
