Timestamp_ET,LeakRate_Lpm
2026-03-07 23:53:24.000,9.6
2026-03-07 23:53:26.000,9.6
2026-03-07 23:53:26.000,6
2026-03-07 23:53:28.000,6
2026-03-07 23:53:28.000,8.4
2026-03-07 23:53:30.000,8.4
2026-03-07 23:53:30.000,4.8
2026-03-07 23:53:32.000,4.8
2026-03-07 23:53:32.000,6
2026-03-07 23:53:36.000,6
2026-03-07 23:53:36.000,4.8
2026-03-07 23:53:38.000,4.8
2026-03-07 23:53:38.000,6
2026-03-07 23:53:40.000,6
2026-03-07 23:53:40.000,7.2
2026-03-07 23:53:46.000,7.2
2026-03-07 23:53:46.000,8.4
2026-03-07 23:54:32.000,8.4
2026-03-07 23:54:32.000,9.6
2026-03-07 23:54:34.000,9.6
2026-03-07 23:54:34.000,8.4
2026-03-07 23:54:38.000,8.4
2026-03-07 23:54:38.000,7.2
2026-03-07 23:54:44.000,7.2
2026-03-07 23:54:44.000,9.6
2026-03-07 23:54:48.000,9.6
2026-03-07 23:54:48.000,8.4
2026-03-07 23:55:16.000,8.4
2026-03-07 23:55:16.000,9.6
2026-03-07 23:55:20.000,9.6
2026-03-07 23:55:20.000,8.4
2026-03-07 23:55:24.000,8.4
2026-03-07 23:55:24.000,9.6
2026-03-07 23:55:28.000,9.6
2026-03-07 23:55:28.000,8.4
2026-03-07 23:55:30.000,8.4
2026-03-07 23:55:30.000,7.2
2026-03-07 23:55:32.000,7.2
2026-03-07 23:55:32.000,8.4
2026-03-07 23:55:36.000,8.4
2026-03-07 23:55:36.000,6
2026-03-07 23:55:38.000,6
2026-03-07 23:55:38.000,8.4
2026-03-07 23:55:40.000,8.4
2026-03-07 23:55:40.000,6
2026-03-07 23:55:42.000,6
2026-03-07 23:55:42.000,7.2
2026-03-07 23:55:44.000,7.2
2026-03-07 23:55:44.000,6
2026-03-07 23:55:52.000,6
2026-03-07 23:55:52.000,7.2
2026-03-07 23:55:54.000,7.2
2026-03-07 23:55:54.000,8.4
2026-03-07 23:56:08.000,8.4
2026-03-07 23:56:08.000,7.2
2026-03-07 23:56:20.000,7.2
2026-03-07 23:56:20.000,8.4
2026-03-07 23:56:22.000,8.4
2026-03-07 23:56:22.000,7.2
2026-03-07 23:56:24.000,7.2
2026-03-07 23:56:24.000,8.4
2026-03-07 23:56:26.000,8.4
2026-03-07 23:56:26.000,7.2
2026-03-07 23:56:28.000,7.2
2026-03-07 23:56:28.000,8.4
2026-03-07 23:56:30.000,8.4
2026-03-07 23:56:30.000,7.2
2026-03-07 23:56:34.000,7.2
2026-03-07 23:56:34.000,6
2026-03-07 23:56:40.000,6
2026-03-07 23:56:40.000,2.4
2026-03-07 23:56:42.000,2.4
2026-03-07 23:56:42.000,3.6
2026-03-07 23:56:44.000,3.6
2026-03-07 23:56:44.000,2.4
2026-03-07 23:56:46.000,2.4
2026-03-07 23:56:46.000,4.8
2026-03-07 23:56:54.000,4.8
2026-03-07 23:56:54.000,6
2026-03-07 23:56:58.000,6
2026-03-07 23:56:58.000,4.8
2026-03-07 23:57:02.000,4.8
2026-03-07 23:57:02.000,6
2026-03-07 23:57:26.000,6
2026-03-07 23:57:26.000,7.2
2026-03-07 23:57:30.000,7.2
2026-03-07 23:57:30.000,8.4
2026-03-07 23:57:34.000,8.4
2026-03-07 23:57:34.000,7.2
2026-03-07 23:57:36.000,7.2
2026-03-07 23:57:36.000,4.8
2026-03-07 23:57:38.000,4.8
2026-03-07 23:57:38.000,3.6
2026-03-07 23:57:40.000,3.6
2026-03-07 23:57:40.000,2.4
2026-03-07 23:57:44.000,2.4
2026-03-07 23:57:44.000,3.6
2026-03-07 23:57:56.000,3.6
2026-03-07 23:57:56.000,4.8
2026-03-07 23:58:00.000,4.8
2026-03-07 23:58:00.000,6
2026-03-07 23:58:04.000,6
2026-03-07 23:58:04.000,10.8
2026-03-07 23:58:06.000,10.8
2026-03-07 23:58:06.000,8.4
2026-03-07 23:58:10.000,8.4
2026-03-07 23:58:10.000,10.8
2026-03-07 23:58:12.000,10.8
2026-03-07 23:58:12.000,8.4
2026-03-07 23:58:14.000,8.4
2026-03-07 23:58:14.000,4.8
2026-03-07 23:58:16.000,4.8
2026-03-07 23:58:16.000,2.4
2026-03-07 23:58:18.000,2.4
2026-03-07 23:58:18.000,3.6
2026-03-07 23:58:20.000,3.6
2026-03-07 23:58:20.000,4.8
2026-03-07 23:58:34.000,4.8
2026-03-07 23:58:34.000,6
2026-03-07 23:58:38.000,6
2026-03-07 23:58:38.000,7.2
2026-03-07 23:58:40.000,7.2
2026-03-07 23:58:40.000,8.4
2026-03-07 23:58:44.000,8.4
2026-03-07 23:58:44.000,7.2
2026-03-07 23:58:48.000,7.2
2026-03-07 23:58:48.000,6
2026-03-07 23:59:08.000,6
2026-03-07 23:59:08.000,7.2
2026-03-07 23:59:18.000,7.2
2026-03-07 23:59:18.000,6
2026-03-07 23:59:36.000,6
2026-03-07 23:59:36.000,7.2
2026-03-07 23:59:46.000,7.2
2026-03-07 23:59:46.000,6
2026-03-08 00:00:46.000,6
2026-03-08 00:00:46.000,7.2
2026-03-08 00:00:48.000,7.2
2026-03-08 00:00:48.000,6
2026-03-08 00:01:18.000,6
2026-03-08 00:01:18.000,7.2
2026-03-08 00:01:20.000,7.2
2026-03-08 00:01:20.000,6
2026-03-08 00:03:12.000,6
2026-03-08 00:03:12.000,7.2
2026-03-08 00:03:46.000,7.2
2026-03-08 00:03:46.000,8.4
2026-03-08 00:04:30.000,8.4
2026-03-08 00:04:30.000,9.6
2026-03-08 00:04:50.000,9.6
2026-03-08 00:04:50.000,10.8
2026-03-08 00:05:14.000,10.8
2026-03-08 00:05:14.000,12
2026-03-08 00:05:50.000,12
2026-03-08 00:05:50.000,13.2
2026-03-08 00:06:12.000,13.2
2026-03-08 00:06:12.000,14.4
2026-03-08 00:06:18.000,14.4
2026-03-08 00:06:18.000,15.6
2026-03-08 00:06:20.000,15.6
2026-03-08 00:06:20.000,14.4
2026-03-08 00:06:22.000,14.4
2026-03-08 00:06:22.000,13.2
2026-03-08 00:06:26.000,13.2
2026-03-08 00:06:26.000,12
2026-03-08 00:06:28.000,12
2026-03-08 00:06:28.000,13.2
2026-03-08 00:06:38.000,13.2
2026-03-08 00:06:38.000,14.4
2026-03-08 00:07:18.000,14.4
2026-03-08 00:07:18.000,15.6
2026-03-08 00:07:20.000,15.6
2026-03-08 00:07:20.000,14.4
2026-03-08 00:07:22.000,14.4
2026-03-08 00:07:22.000,15.6
2026-03-08 00:08:00.000,15.6
2026-03-08 00:08:00.000,14.4
2026-03-08 00:08:06.000,14.4
2026-03-08 00:08:06.000,15.6
2026-03-08 00:08:16.000,15.6
2026-03-08 00:08:16.000,16.8
2026-03-08 00:08:34.000,16.8
2026-03-08 00:08:34.000,18
2026-03-08 00:08:48.000,18
2026-03-08 00:08:48.000,19.2
2026-03-08 00:09:52.000,19.2
2026-03-08 00:09:52.000,20.4
2026-03-08 00:10:56.000,20.4
2026-03-08 00:10:56.000,21.6
2026-03-08 00:12:20.000,21.6
2026-03-08 00:12:20.000,22.8
2026-03-08 00:12:32.000,22.8
2026-03-08 00:12:32.000,24
2026-03-08 00:12:52.000,24
2026-03-08 00:12:52.000,25.2
2026-03-08 00:13:16.000,25.2
2026-03-08 00:13:16.000,26.4
2026-03-08 00:13:22.000,26.4
2026-03-08 00:13:22.000,27.6
2026-03-08 00:13:26.000,27.6
2026-03-08 00:13:26.000,28.8
2026-03-08 00:13:30.000,28.8
2026-03-08 00:13:30.000,30
2026-03-08 00:13:34.000,30
2026-03-08 00:13:34.000,31.2
2026-03-08 00:13:40.000,31.2
2026-03-08 00:13:40.000,32.4
2026-03-08 00:13:46.000,32.4
2026-03-08 00:13:46.000,33.6
2026-03-08 00:13:58.000,33.6
2026-03-08 00:13:58.000,34.8
2026-03-08 00:14:26.000,34.8
2026-03-08 00:14:26.000,36
2026-03-08 00:15:16.000,36
2026-03-08 00:15:16.000,34.8
2026-03-08 00:15:26.000,34.8
2026-03-08 00:15:26.000,33.6
2026-03-08 00:15:36.000,33.6
2026-03-08 00:15:36.000,32.4
2026-03-08 00:15:44.000,32.4
2026-03-08 00:15:44.000,31.2
2026-03-08 00:15:54.000,31.2
2026-03-08 00:15:54.000,30
2026-03-08 00:16:26.000,30
2026-03-08 00:16:26.000,28.8
2026-03-08 00:16:50.000,28.8
2026-03-08 00:16:50.000,27.6
2026-03-08 00:17:48.000,27.6
2026-03-08 00:17:48.000,26.4
2026-03-08 00:18:46.000,26.4
2026-03-08 00:18:46.000,27.6
2026-03-08 00:18:54.000,27.6
2026-03-08 00:18:54.000,26.4
2026-03-08 00:19:00.000,26.4
2026-03-08 00:19:00.000,27.6
2026-03-08 00:19:04.000,27.6
2026-03-08 00:19:04.000,26.4
2026-03-08 00:19:30.000,26.4
2026-03-08 00:19:30.000,27.6
2026-03-08 00:19:34.000,27.6
2026-03-08 00:19:34.000,26.4
2026-03-08 00:20:18.000,26.4
2026-03-08 00:20:18.000,27.6
2026-03-08 00:20:22.000,27.6
2026-03-08 00:20:22.000,26.4
2026-03-08 00:21:12.000,26.4
2026-03-08 00:21:12.000,25.2
2026-03-08 00:21:18.000,25.2
2026-03-08 00:21:18.000,26.4
2026-03-08 00:21:22.000,26.4
2026-03-08 00:21:22.000,25.2
2026-03-08 00:21:24.000,25.2
2026-03-08 00:21:24.000,26.4
2026-03-08 00:21:40.000,26.4
2026-03-08 00:21:40.000,25.2
2026-03-08 00:21:44.000,25.2
2026-03-08 00:21:44.000,26.4
2026-03-08 00:21:54.000,26.4
2026-03-08 00:21:54.000,25.2
2026-03-08 00:22:22.000,25.2
2026-03-08 00:22:22.000,24
2026-03-08 00:22:24.000,24
2026-03-08 00:22:24.000,25.2
2026-03-08 00:22:56.000,25.2
2026-03-08 00:22:56.000,24
2026-03-08 00:27:06.000,24
2026-03-08 00:27:06.000,22.8
2026-03-08 00:27:10.000,22.8
2026-03-08 00:27:10.000,21.6
2026-03-08 00:27:52.000,21.6
2026-03-08 00:27:52.000,22.8
2026-03-08 00:28:18.000,22.8
2026-03-08 00:28:18.000,24
2026-03-08 00:28:20.000,24
2026-03-08 00:28:20.000,22.8
2026-03-08 00:28:22.000,22.8
2026-03-08 00:28:22.000,24
2026-03-08 00:29:24.000,24
2026-03-08 00:29:24.000,25.2
2026-03-08 00:30:20.000,25.2
2026-03-08 00:30:20.000,26.4
2026-03-08 00:30:22.000,26.4
2026-03-08 00:30:22.000,25.2
2026-03-08 00:30:44.000,25.2
2026-03-08 00:30:44.000,24
2026-03-08 00:30:46.000,24
2026-03-08 00:30:46.000,25.2
2026-03-08 00:36:16.000,25.2
2026-03-08 00:36:16.000,26.4
2026-03-08 00:36:18.000,26.4
2026-03-08 00:36:18.000,28.8
2026-03-08 00:36:20.000,28.8
2026-03-08 00:36:20.000,27.6
2026-03-08 00:36:22.000,27.6
2026-03-08 00:36:22.000,24
2026-03-08 00:36:24.000,24
2026-03-08 00:36:24.000,19.2
2026-03-08 00:36:26.000,19.2
2026-03-08 00:36:26.000,15.6
2026-03-08 00:36:28.000,15.6
2026-03-08 00:36:28.000,8.4
2026-03-08 00:36:30.000,8.4
2026-03-08 00:36:30.000,4.8
2026-03-08 00:36:32.000,4.8
2026-03-08 00:36:32.000,0
2026-03-08 00:36:34.000,0
2026-03-08 00:36:34.000,3.6
2026-03-08 00:36:38.000,3.6
2026-03-08 00:36:38.000,2.4
2026-03-08 00:36:40.000,2.4
2026-03-08 00:36:40.000,4.8
2026-03-08 00:36:46.000,4.8
2026-03-08 00:36:46.000,6
2026-03-08 00:36:48.000,6
2026-03-08 00:36:48.000,7.2
2026-03-08 00:37:02.000,7.2
2026-03-08 00:37:02.000,6
2026-03-08 00:37:12.000,6
2026-03-08 00:37:12.000,7.2
2026-03-08 00:37:48.000,7.2
2026-03-08 00:37:48.000,6
2026-03-08 00:37:50.000,6
2026-03-08 00:37:50.000,7.2
2026-03-08 00:44:30.000,7.2
2026-03-08 00:44:30.000,6
2026-03-08 00:44:32.000,6
2026-03-08 00:44:32.000,7.2
2026-03-08 00:46:38.000,7.2
2026-03-08 00:46:38.000,8.4
2026-03-08 00:46:40.000,8.4
2026-03-08 00:46:40.000,6
2026-03-08 00:47:04.000,6
2026-03-08 00:47:04.000,7.2
2026-03-08 00:47:30.000,7.2
2026-03-08 00:47:30.000,6
2026-03-08 00:47:40.000,6
2026-03-08 00:47:40.000,7.2
2026-03-08 00:48:38.000,7.2
2026-03-08 00:48:38.000,9.6
2026-03-08 00:48:40.000,9.6
2026-03-08 00:48:40.000,10.8
2026-03-08 00:48:42.000,10.8
2026-03-08 00:48:42.000,8.4
2026-03-08 00:48:44.000,8.4
2026-03-08 00:48:44.000,6
2026-03-08 00:48:48.000,6
2026-03-08 00:48:48.000,7.2
2026-03-08 00:48:50.000,7.2
2026-03-08 00:48:50.000,6
2026-03-08 00:48:52.000,6
2026-03-08 00:48:52.000,4.8
2026-03-08 00:48:54.000,4.8
2026-03-08 00:48:54.000,6
2026-03-08 00:48:56.000,6
2026-03-08 00:48:56.000,4.8
2026-03-08 00:48:58.000,4.8
2026-03-08 00:48:58.000,3.6
2026-03-08 00:49:04.000,3.6
2026-03-08 00:49:04.000,4.8
2026-03-08 00:49:36.000,4.8
2026-03-08 00:49:36.000,6
2026-03-08 00:49:40.000,6
2026-03-08 00:49:40.000,4.8
2026-03-08 00:49:46.000,4.8
2026-03-08 00:49:46.000,6
2026-03-08 00:49:52.000,6
2026-03-08 00:49:52.000,4.8
2026-03-08 00:50:08.000,4.8
2026-03-08 00:50:08.000,6
2026-03-08 00:50:20.000,6
2026-03-08 00:50:20.000,8.4
2026-03-08 00:50:22.000,8.4
2026-03-08 00:50:22.000,10.8
2026-03-08 00:50:24.000,10.8
2026-03-08 00:50:24.000,6
2026-03-08 00:50:26.000,6
2026-03-08 00:50:26.000,3.6
2026-03-08 00:50:28.000,3.6
2026-03-08 00:50:28.000,6
2026-03-08 00:50:30.000,6
2026-03-08 00:50:30.000,4.8
2026-03-08 00:50:32.000,4.8
2026-03-08 00:50:32.000,3.6
2026-03-08 00:50:38.000,3.6
2026-03-08 00:50:38.000,4.8
2026-03-08 00:50:54.000,4.8
2026-03-08 00:50:54.000,6
2026-03-08 00:51:06.000,6
2026-03-08 00:51:06.000,4.8
2026-03-08 00:51:08.000,4.8
2026-03-08 00:51:08.000,6
2026-03-08 00:51:12.000,6
2026-03-08 00:51:12.000,4.8
2026-03-08 00:51:14.000,4.8
2026-03-08 00:51:14.000,6
2026-03-08 00:51:16.000,6
2026-03-08 00:51:16.000,4.8
2026-03-08 00:51:28.000,4.8
2026-03-08 00:51:28.000,6
2026-03-08 00:51:30.000,6
2026-03-08 00:51:30.000,7.2
2026-03-08 00:51:38.000,7.2
2026-03-08 00:51:38.000,6
2026-03-08 00:51:58.000,6
2026-03-08 00:51:58.000,7.2
2026-03-08 00:52:08.000,7.2
2026-03-08 00:52:08.000,6
2026-03-08 00:53:32.000,6
2026-03-08 00:53:32.000,7.2
2026-03-08 00:53:34.000,7.2
2026-03-08 00:53:34.000,6
2026-03-08 00:54:52.000,6
2026-03-08 00:54:52.000,7.2
2026-03-08 00:54:54.000,7.2
2026-03-08 00:54:54.000,6
2026-03-08 00:55:36.000,6
2026-03-08 00:55:36.000,7.2
2026-03-08 00:55:38.000,7.2
2026-03-08 00:55:38.000,6
2026-03-08 00:56:28.000,6
2026-03-08 00:56:28.000,7.2
2026-03-08 00:56:34.000,7.2
2026-03-08 00:56:34.000,6
2026-03-08 00:56:42.000,6
2026-03-08 00:56:42.000,4.8
2026-03-08 00:56:44.000,4.8
2026-03-08 00:56:44.000,6
2026-03-08 00:56:52.000,6
2026-03-08 00:56:52.000,7.2
2026-03-08 00:57:02.000,7.2
2026-03-08 00:57:02.000,6
2026-03-08 00:57:04.000,6
2026-03-08 00:57:04.000,9.6
2026-03-08 00:57:06.000,9.6
2026-03-08 00:57:06.000,28.8
2026-03-08 00:57:08.000,28.8
2026-03-08 00:57:08.000,3.6
2026-03-08 00:57:10.000,3.6
2026-03-08 00:57:10.000,14.4
2026-03-08 00:57:12.000,14.4
2026-03-08 00:57:12.000,12
2026-03-08 00:57:16.000,12
2026-03-08 00:57:16.000,10.8
2026-03-08 00:57:18.000,10.8
2026-03-08 00:57:18.000,21.6
2026-03-08 00:57:20.000,21.6
2026-03-08 00:57:20.000,39.6
2026-03-08 00:57:22.000,39.6
2026-03-08 00:57:22.000,93.6
2026-03-08 00:57:24.000,93.6
2026-03-08 00:57:24.000,26.4
2026-03-08 00:57:26.000,26.4
2026-03-08 00:57:26.000,30
2026-03-08 00:57:30.000,30
2026-03-08 00:57:30.000,21.6
2026-03-08 00:57:32.000,21.6
2026-03-08 00:57:32.000,26.4
2026-03-08 00:57:34.000,26.4
2026-03-08 00:57:34.000,22.8
2026-03-08 00:57:38.000,22.8
2026-03-08 00:57:38.000,21.6
2026-03-08 00:57:40.000,21.6
2026-03-08 00:57:40.000,22.8
2026-03-08 00:57:42.000,22.8
2026-03-08 00:57:42.000,24
2026-03-08 00:57:46.000,24
2026-03-08 00:57:46.000,25.2
2026-03-08 00:57:48.000,25.2
2026-03-08 00:57:48.000,26.4
2026-03-08 00:57:50.000,26.4
2026-03-08 00:57:50.000,28.8
2026-03-08 00:57:52.000,28.8
2026-03-08 00:57:52.000,31.2
2026-03-08 00:57:54.000,31.2
2026-03-08 00:57:54.000,33.6
2026-03-08 00:57:56.000,33.6
2026-03-08 00:57:56.000,34.8
2026-03-08 00:57:58.000,34.8
2026-03-08 00:57:58.000,36
2026-03-08 00:58:00.000,36
2026-03-08 00:58:00.000,37.2
2026-03-08 00:58:02.000,37.2
2026-03-08 00:58:02.000,38.4
2026-03-08 00:58:04.000,38.4
2026-03-08 00:58:04.000,40.8
2026-03-08 00:58:06.000,40.8
2026-03-08 00:58:06.000,42
2026-03-08 00:58:08.000,42
2026-03-08 00:58:08.000,43.2
2026-03-08 00:58:10.000,43.2
2026-03-08 00:58:10.000,44.4
2026-03-08 00:58:12.000,44.4
2026-03-08 00:58:12.000,45.6
2026-03-08 00:58:14.000,45.6
2026-03-08 00:58:14.000,48
2026-03-08 00:58:16.000,48
2026-03-08 00:58:16.000,49.2
2026-03-08 00:58:18.000,49.2
2026-03-08 00:58:18.000,50.4
2026-03-08 00:58:22.000,50.4
2026-03-08 00:58:22.000,51.6
2026-03-08 00:58:26.000,51.6
2026-03-08 00:58:26.000,52.8
2026-03-08 00:58:30.000,52.8
2026-03-08 00:58:30.000,51.6
2026-03-08 00:58:32.000,51.6
2026-03-08 00:58:32.000,48
2026-03-08 00:58:34.000,48
2026-03-08 00:58:34.000,46.8
2026-03-08 00:58:36.000,46.8
2026-03-08 00:58:36.000,49.2
2026-03-08 00:58:38.000,49.2
2026-03-08 00:58:38.000,52.8
2026-03-08 00:58:40.000,52.8
2026-03-08 00:58:40.000,54
2026-03-08 00:58:42.000,54
2026-03-08 00:58:42.000,56.4
2026-03-08 00:58:44.000,56.4
2026-03-08 00:58:44.000,57.6
2026-03-08 00:58:48.000,57.6
2026-03-08 00:58:48.000,58.8
2026-03-08 00:58:50.000,58.8
2026-03-08 00:58:50.000,60
2026-03-08 00:58:52.000,60
2026-03-08 00:58:52.000,61.2
2026-03-08 00:58:58.000,61.2
2026-03-08 00:58:58.000,60
2026-03-08 00:59:00.000,60
2026-03-08 00:59:00.000,56.4
2026-03-08 00:59:02.000,56.4
2026-03-08 00:59:02.000,58.8
2026-03-08 00:59:04.000,58.8
2026-03-08 00:59:04.000,57.6
2026-03-08 00:59:06.000,57.6
2026-03-08 00:59:06.000,58.8
2026-03-08 00:59:12.000,58.8
2026-03-08 00:59:12.000,60
2026-03-08 00:59:18.000,60
2026-03-08 00:59:18.000,56.4
2026-03-08 00:59:20.000,56.4
2026-03-08 00:59:20.000,49.2
2026-03-08 00:59:22.000,49.2
2026-03-08 00:59:22.000,31.2
2026-03-08 00:59:24.000,31.2
2026-03-08 00:59:24.000,32.4
2026-03-08 00:59:26.000,32.4
2026-03-08 00:59:26.000,25.2
2026-03-08 00:59:28.000,25.2
2026-03-08 00:59:28.000,22.8
2026-03-08 00:59:30.000,22.8
2026-03-08 00:59:30.000,24
2026-03-08 00:59:36.000,24
2026-03-08 00:59:36.000,25.2
2026-03-08 00:59:42.000,25.2
2026-03-08 00:59:42.000,27.6
2026-03-08 00:59:44.000,27.6
2026-03-08 00:59:44.000,28.8
2026-03-08 00:59:46.000,28.8
2026-03-08 00:59:46.000,30
2026-03-08 00:59:48.000,30
2026-03-08 00:59:48.000,32.4
2026-03-08 00:59:50.000,32.4
2026-03-08 00:59:50.000,33.6
2026-03-08 00:59:52.000,33.6
2026-03-08 00:59:52.000,36
2026-03-08 00:59:54.000,36
2026-03-08 00:59:54.000,37.2
2026-03-08 00:59:56.000,37.2
2026-03-08 00:59:56.000,39.6
2026-03-08 00:59:58.000,39.6
2026-03-08 00:59:58.000,40.8
2026-03-08 01:00:00.000,40.8
2026-03-08 01:00:00.000,43.2
2026-03-08 01:00:04.000,43.2
2026-03-08 01:00:04.000,44.4
2026-03-08 01:00:08.000,44.4
2026-03-08 01:00:08.000,45.6
2026-03-08 01:00:14.000,45.6
2026-03-08 01:00:14.000,46.8
2026-03-08 01:00:16.000,46.8
2026-03-08 01:00:16.000,49.2
2026-03-08 01:00:18.000,49.2
2026-03-08 01:00:18.000,51.6
2026-03-08 01:00:20.000,51.6
2026-03-08 01:00:20.000,54
2026-03-08 01:00:22.000,54
2026-03-08 01:00:22.000,56.4
2026-03-08 01:00:26.000,56.4
2026-03-08 01:00:26.000,55.2
2026-03-08 01:00:28.000,55.2
2026-03-08 01:00:28.000,54
2026-03-08 01:00:30.000,54
2026-03-08 01:00:30.000,55.2
2026-03-08 01:00:32.000,55.2
2026-03-08 01:00:32.000,56.4
2026-03-08 01:00:34.000,56.4
2026-03-08 01:00:34.000,57.6
2026-03-08 01:00:36.000,57.6
2026-03-08 01:00:36.000,58.8
2026-03-08 01:00:38.000,58.8
2026-03-08 01:00:38.000,60
2026-03-08 01:00:42.000,60
2026-03-08 01:00:42.000,61.2
2026-03-08 01:00:44.000,61.2
2026-03-08 01:00:44.000,62.4
2026-03-08 01:00:50.000,62.4
2026-03-08 01:00:50.000,63.6
2026-03-08 01:01:06.000,63.6
2026-03-08 01:01:06.000,64.8
2026-03-08 01:01:22.000,64.8
2026-03-08 01:01:22.000,66
2026-03-08 01:01:26.000,66
2026-03-08 01:01:26.000,64.8
2026-03-08 01:01:28.000,64.8
2026-03-08 01:01:28.000,66
2026-03-08 01:01:32.000,66
2026-03-08 01:01:32.000,64.8
2026-03-08 01:01:48.000,64.8
2026-03-08 01:01:48.000,63.6
2026-03-08 01:01:50.000,63.6
2026-03-08 01:01:50.000,60
2026-03-08 01:01:52.000,60
2026-03-08 01:01:52.000,58.8
2026-03-08 01:01:54.000,58.8
2026-03-08 01:01:54.000,60
2026-03-08 01:01:58.000,60
2026-03-08 01:01:58.000,61.2
2026-03-08 01:02:00.000,61.2
2026-03-08 01:02:00.000,62.4
2026-03-08 01:02:04.000,62.4
2026-03-08 01:02:04.000,63.6
2026-03-08 01:02:10.000,63.6
2026-03-08 01:02:10.000,64.8
2026-03-08 01:02:40.000,64.8
2026-03-08 01:02:40.000,66
2026-03-08 01:02:58.000,66
2026-03-08 01:02:58.000,64.8
2026-03-08 01:03:00.000,64.8
2026-03-08 01:03:00.000,66
2026-03-08 01:03:02.000,66
2026-03-08 01:03:02.000,64.8
2026-03-08 01:03:06.000,64.8
2026-03-08 01:03:06.000,63.6
2026-03-08 01:04:00.000,63.6
2026-03-08 01:04:00.000,62.4
2026-03-08 01:04:02.000,62.4
2026-03-08 01:04:02.000,51.6
2026-03-08 01:04:04.000,51.6
2026-03-08 01:04:04.000,27.6
2026-03-08 01:04:06.000,27.6
2026-03-08 01:04:06.000,48
2026-03-08 01:04:08.000,48
2026-03-08 01:04:08.000,45.6
2026-03-08 01:04:10.000,45.6
2026-03-08 01:04:10.000,49.2
2026-03-08 01:04:12.000,49.2
2026-03-08 01:04:12.000,50.4
2026-03-08 01:04:16.000,50.4
2026-03-08 01:04:16.000,51.6
2026-03-08 01:04:22.000,51.6
2026-03-08 01:04:22.000,52.8
2026-03-08 01:04:26.000,52.8
2026-03-08 01:04:26.000,54
2026-03-08 01:04:48.000,54
2026-03-08 01:04:48.000,52.8
2026-03-08 01:04:52.000,52.8
2026-03-08 01:04:52.000,54
2026-03-08 01:04:54.000,54
2026-03-08 01:04:54.000,55.2
2026-03-08 01:04:58.000,55.2
2026-03-08 01:04:58.000,56.4
2026-03-08 01:05:04.000,56.4
2026-03-08 01:05:04.000,57.6
2026-03-08 01:05:12.000,57.6
2026-03-08 01:05:12.000,58.8
2026-03-08 01:05:28.000,58.8
2026-03-08 01:05:28.000,57.6
2026-03-08 01:05:46.000,57.6
2026-03-08 01:05:46.000,58.8
2026-03-08 01:06:02.000,58.8
2026-03-08 01:06:02.000,60
2026-03-08 01:06:14.000,60
2026-03-08 01:06:14.000,58.8
2026-03-08 01:06:26.000,58.8
2026-03-08 01:06:26.000,60
2026-03-08 01:06:28.000,60
2026-03-08 01:06:28.000,61.2
2026-03-08 01:06:34.000,61.2
2026-03-08 01:06:34.000,62.4
2026-03-08 01:06:44.000,62.4
2026-03-08 01:06:44.000,63.6
2026-03-08 01:07:12.000,63.6
2026-03-08 01:07:12.000,62.4
2026-03-08 01:07:22.000,62.4
2026-03-08 01:07:22.000,61.2
2026-03-08 01:07:34.000,61.2
2026-03-08 01:07:34.000,62.4
2026-03-08 01:07:52.000,62.4
2026-03-08 01:07:52.000,61.2
2026-03-08 01:07:54.000,61.2
2026-03-08 01:07:54.000,60
2026-03-08 01:08:00.000,60
2026-03-08 01:08:00.000,61.2
2026-03-08 01:08:20.000,61.2
2026-03-08 01:08:20.000,62.4
2026-03-08 01:08:38.000,62.4
2026-03-08 01:08:38.000,55.2
2026-03-08 01:08:40.000,55.2
2026-03-08 01:08:40.000,52.8
2026-03-08 01:08:42.000,52.8
2026-03-08 01:08:42.000,46.8
2026-03-08 01:08:44.000,46.8
2026-03-08 01:08:44.000,52.8
2026-03-08 01:08:46.000,52.8
2026-03-08 01:08:46.000,51.6
2026-03-08 01:08:48.000,51.6
2026-03-08 01:08:48.000,52.8
2026-03-08 01:08:50.000,52.8
2026-03-08 01:08:50.000,54
2026-03-08 01:08:52.000,54
2026-03-08 01:08:52.000,55.2
2026-03-08 01:08:54.000,55.2
2026-03-08 01:08:54.000,57.6
2026-03-08 01:08:56.000,57.6
2026-03-08 01:08:56.000,58.8
2026-03-08 01:08:58.000,58.8
2026-03-08 01:08:58.000,60
2026-03-08 01:09:00.000,60
2026-03-08 01:09:00.000,61.2
2026-03-08 01:09:04.000,61.2
2026-03-08 01:09:04.000,62.4
2026-03-08 01:09:50.000,62.4
2026-03-08 01:09:50.000,63.6
2026-03-08 01:10:04.000,63.6
2026-03-08 01:10:04.000,62.4
2026-03-08 01:10:06.000,62.4
2026-03-08 01:10:06.000,49.2
2026-03-08 01:10:08.000,49.2
2026-03-08 01:10:08.000,38.4
2026-03-08 01:10:10.000,38.4
2026-03-08 01:10:10.000,7.2
2026-03-08 01:10:12.000,7.2
2026-03-08 01:10:12.000,21.6
2026-03-08 01:10:14.000,21.6
2026-03-08 01:10:14.000,15.6
2026-03-08 01:10:16.000,15.6
2026-03-08 01:10:16.000,13.2
2026-03-08 01:10:18.000,13.2
2026-03-08 01:10:18.000,14.4
2026-03-08 01:10:20.000,14.4
2026-03-08 01:10:20.000,13.2
2026-03-08 01:10:22.000,13.2
2026-03-08 01:10:22.000,14.4
2026-03-08 01:10:38.000,14.4
2026-03-08 01:10:38.000,15.6
2026-03-08 01:10:40.000,15.6
2026-03-08 01:10:40.000,14.4
2026-03-08 01:10:42.000,14.4
2026-03-08 01:10:42.000,15.6
2026-03-08 01:10:54.000,15.6
2026-03-08 01:10:54.000,14.4
2026-03-08 01:11:38.000,14.4
2026-03-08 01:11:38.000,15.6
2026-03-08 01:11:40.000,15.6
2026-03-08 01:11:40.000,14.4
2026-03-08 01:11:46.000,14.4
2026-03-08 01:11:46.000,15.6
2026-03-08 01:11:50.000,15.6
2026-03-08 01:11:50.000,14.4
2026-03-08 01:12:04.000,14.4
2026-03-08 01:12:04.000,15.6
2026-03-08 01:12:08.000,15.6
2026-03-08 01:12:08.000,14.4
2026-03-08 01:12:10.000,14.4
2026-03-08 01:12:10.000,15.6
2026-03-08 01:12:16.000,15.6
2026-03-08 01:12:16.000,14.4
2026-03-08 01:12:20.000,14.4
2026-03-08 01:12:20.000,15.6
2026-03-08 01:12:34.000,15.6
2026-03-08 01:12:34.000,14.4
2026-03-08 01:15:52.000,14.4
2026-03-08 01:15:52.000,13.2
2026-03-08 01:15:54.000,13.2
2026-03-08 01:15:54.000,14.4
2026-03-08 01:17:32.000,14.4
2026-03-08 01:17:32.000,13.2
2026-03-08 01:17:34.000,13.2
2026-03-08 01:17:34.000,14.4
2026-03-08 01:17:56.000,14.4
2026-03-08 01:17:56.000,13.2
2026-03-08 01:18:14.000,13.2
2026-03-08 01:18:14.000,14.4
2026-03-08 01:18:22.000,14.4
2026-03-08 01:18:22.000,13.2
2026-03-08 01:18:24.000,13.2
2026-03-08 01:18:24.000,14.4
2026-03-08 01:18:38.000,14.4
2026-03-08 01:18:38.000,13.2
2026-03-08 01:18:50.000,13.2
2026-03-08 01:18:50.000,14.4
2026-03-08 01:18:52.000,14.4
2026-03-08 01:18:52.000,13.2
2026-03-08 01:18:58.000,13.2
2026-03-08 01:18:58.000,14.4
2026-03-08 01:19:12.000,14.4
2026-03-08 01:19:12.000,15.6
2026-03-08 01:19:14.000,15.6
2026-03-08 01:19:14.000,14.4
2026-03-08 01:19:16.000,14.4
2026-03-08 01:19:16.000,13.2
2026-03-08 01:19:20.000,13.2
2026-03-08 01:19:20.000,12
2026-03-08 01:19:22.000,12
2026-03-08 01:19:22.000,13.2
2026-03-08 01:19:24.000,13.2
2026-03-08 01:19:24.000,14.4
2026-03-08 01:19:26.000,14.4
2026-03-08 01:19:26.000,15.6
2026-03-08 01:19:30.000,15.6
2026-03-08 01:19:30.000,16.8
2026-03-08 01:19:32.000,16.8
2026-03-08 01:19:32.000,18
2026-03-08 01:19:34.000,18
2026-03-08 01:19:34.000,20.4
2026-03-08 01:19:36.000,20.4
2026-03-08 01:19:36.000,21.6
2026-03-08 01:19:40.000,21.6
2026-03-08 01:19:40.000,24
2026-03-08 01:19:42.000,24
2026-03-08 01:19:42.000,22.8
2026-03-08 01:19:44.000,22.8
2026-03-08 01:19:44.000,24
2026-03-08 01:19:52.000,24
2026-03-08 01:19:52.000,22.8
2026-03-08 01:20:06.000,22.8
2026-03-08 01:20:06.000,24
2026-03-08 01:20:20.000,24
2026-03-08 01:20:20.000,25.2
2026-03-08 01:21:12.000,25.2
2026-03-08 01:21:12.000,26.4
2026-03-08 01:21:52.000,26.4
2026-03-08 01:21:52.000,25.2
2026-03-08 01:21:54.000,25.2
2026-03-08 01:21:54.000,24
2026-03-08 01:21:56.000,24
2026-03-08 01:21:56.000,22.8
2026-03-08 01:22:00.000,22.8
2026-03-08 01:22:00.000,19.2
2026-03-08 01:22:02.000,19.2
2026-03-08 01:22:02.000,16.8
2026-03-08 01:22:06.000,16.8
2026-03-08 01:22:06.000,15.6
2026-03-08 01:22:18.000,15.6
2026-03-08 01:22:18.000,14.4
2026-03-08 01:22:30.000,14.4
2026-03-08 01:22:30.000,13.2
2026-03-08 01:22:44.000,13.2
2026-03-08 01:22:44.000,14.4
2026-03-08 01:22:46.000,14.4
2026-03-08 01:22:46.000,13.2
2026-03-08 01:23:12.000,13.2
2026-03-08 01:23:12.000,14.4
2026-03-08 01:23:16.000,14.4
2026-03-08 01:23:16.000,13.2
2026-03-08 01:24:32.000,13.2
2026-03-08 01:24:32.000,12
2026-03-08 01:24:34.000,12
2026-03-08 01:24:34.000,13.2
2026-03-08 01:25:18.000,13.2
2026-03-08 01:25:18.000,12
2026-03-08 01:25:20.000,12
2026-03-08 01:25:20.000,13.2
2026-03-08 01:25:30.000,13.2
2026-03-08 01:25:30.000,12
2026-03-08 01:25:44.000,12
2026-03-08 01:25:44.000,13.2
2026-03-08 01:26:06.000,13.2
2026-03-08 01:26:06.000,12
2026-03-08 01:26:08.000,12
2026-03-08 01:26:08.000,13.2
2026-03-08 01:26:14.000,13.2
2026-03-08 01:26:14.000,12
2026-03-08 01:26:30.000,12
2026-03-08 01:26:30.000,13.2
2026-03-08 01:26:40.000,13.2
2026-03-08 01:26:40.000,12
2026-03-08 01:27:04.000,12
2026-03-08 01:27:04.000,13.2
2026-03-08 01:27:06.000,13.2
2026-03-08 01:27:06.000,12
2026-03-08 01:28:28.000,12
2026-03-08 01:28:28.000,13.2
2026-03-08 01:28:32.000,13.2
2026-03-08 01:28:32.000,12
2026-03-08 01:28:36.000,12
2026-03-08 01:28:36.000,13.2
2026-03-08 01:28:42.000,13.2
2026-03-08 01:28:42.000,12
2026-03-08 01:28:48.000,12
2026-03-08 01:28:48.000,10.8
2026-03-08 01:28:56.000,10.8
2026-03-08 01:28:56.000,12
2026-03-08 01:29:50.000,12
2026-03-08 01:29:50.000,13.2
2026-03-08 01:30:04.000,13.2
2026-03-08 01:30:04.000,14.4
2026-03-08 01:30:10.000,14.4
2026-03-08 01:30:10.000,13.2
2026-03-08 01:30:12.000,13.2
2026-03-08 01:30:12.000,12
2026-03-08 01:30:18.000,12
2026-03-08 01:30:18.000,13.2
2026-03-08 01:30:28.000,13.2
2026-03-08 01:30:28.000,14.4
2026-03-08 01:30:30.000,14.4
2026-03-08 01:30:30.000,15.6
2026-03-08 01:30:36.000,15.6
2026-03-08 01:30:36.000,14.4
2026-03-08 01:30:46.000,14.4
2026-03-08 01:30:46.000,13.2
2026-03-08 01:31:14.000,13.2
2026-03-08 01:31:14.000,14.4
2026-03-08 01:31:26.000,14.4
2026-03-08 01:31:26.000,13.2
2026-03-08 01:32:40.000,13.2
2026-03-08 01:32:40.000,12
2026-03-08 01:32:44.000,12
2026-03-08 01:32:44.000,10.8
2026-03-08 01:33:04.000,10.8
2026-03-08 01:33:04.000,12
2026-03-08 01:33:12.000,12
2026-03-08 01:33:12.000,10.8
2026-03-08 01:33:24.000,10.8
2026-03-08 01:33:24.000,9.6
2026-03-08 01:33:30.000,9.6
2026-03-08 01:33:30.000,10.8
2026-03-08 01:35:54.000,10.8
2026-03-08 01:35:54.000,12
2026-03-08 01:35:56.000,12
2026-03-08 01:35:56.000,10.8
2026-03-08 01:35:58.000,10.8
2026-03-08 01:35:58.000,12
2026-03-08 01:36:02.000,12
2026-03-08 01:36:02.000,10.8
2026-03-08 01:36:14.000,10.8
2026-03-08 01:36:14.000,12
2026-03-08 01:36:16.000,12
2026-03-08 01:36:16.000,10.8
2026-03-08 01:36:20.000,10.8
2026-03-08 01:36:20.000,12
2026-03-08 01:36:22.000,12
2026-03-08 01:36:22.000,10.8
2026-03-08 01:36:26.000,10.8
2026-03-08 01:36:26.000,12
2026-03-08 01:37:42.000,12
2026-03-08 01:37:42.000,13.2
2026-03-08 01:37:44.000,13.2
2026-03-08 01:37:44.000,12
2026-03-08 01:37:46.000,12
2026-03-08 01:37:46.000,10.8
2026-03-08 01:37:56.000,10.8
2026-03-08 01:37:56.000,9.6
2026-03-08 01:37:58.000,9.6
2026-03-08 01:37:58.000,10.8
2026-03-08 01:38:00.000,10.8
2026-03-08 01:38:00.000,12
2026-03-08 01:38:02.000,12
2026-03-08 01:38:02.000,10.8
2026-03-08 01:38:16.000,10.8
2026-03-08 01:38:16.000,12
2026-03-08 01:38:24.000,12
2026-03-08 01:38:24.000,10.8
2026-03-08 01:38:36.000,10.8
2026-03-08 01:38:36.000,12
2026-03-08 01:38:52.000,12
2026-03-08 01:38:52.000,10.8
2026-03-08 01:38:56.000,10.8
2026-03-08 01:38:56.000,12
2026-03-08 01:39:06.000,12
2026-03-08 01:39:06.000,10.8
2026-03-08 01:39:28.000,10.8
2026-03-08 01:39:28.000,12
2026-03-08 01:39:36.000,12
2026-03-08 01:39:36.000,10.8
2026-03-08 01:40:20.000,10.8
2026-03-08 01:40:20.000,12
2026-03-08 01:40:24.000,12
2026-03-08 01:40:24.000,10.8
2026-03-08 01:40:28.000,10.8
2026-03-08 01:40:28.000,12
2026-03-08 01:40:32.000,12
2026-03-08 01:40:32.000,10.8
2026-03-08 01:41:04.000,10.8
2026-03-08 01:41:04.000,12
2026-03-08 01:41:12.000,12
2026-03-08 01:41:12.000,10.8
2026-03-08 01:41:30.000,10.8
2026-03-08 01:41:30.000,12
2026-03-08 01:42:02.000,12
2026-03-08 01:42:02.000,10.8
2026-03-08 01:43:56.000,10.8
2026-03-08 01:43:56.000,12
2026-03-08 01:44:00.000,12
2026-03-08 01:44:00.000,13.2
2026-03-08 01:44:02.000,13.2
2026-03-08 01:44:02.000,14.4
2026-03-08 01:44:06.000,14.4
2026-03-08 01:44:06.000,13.2
2026-03-08 01:44:08.000,13.2
2026-03-08 01:44:08.000,8.4
2026-03-08 01:44:10.000,8.4
2026-03-08 01:44:10.000,13.2
2026-03-08 01:44:12.000,13.2
2026-03-08 01:44:12.000,14.4
2026-03-08 01:44:14.000,14.4
2026-03-08 01:44:14.000,18
2026-03-08 01:44:16.000,18
2026-03-08 01:44:16.000,16.8
2026-03-08 01:44:20.000,16.8
2026-03-08 01:44:20.000,15.6
2026-03-08 01:44:28.000,15.6
2026-03-08 01:44:28.000,10.8
2026-03-08 01:44:30.000,10.8
2026-03-08 01:44:30.000,15.6
2026-03-08 01:44:32.000,15.6
2026-03-08 01:44:32.000,16.8
2026-03-08 01:44:34.000,16.8
2026-03-08 01:44:34.000,14.4
2026-03-08 01:44:38.000,14.4
2026-03-08 01:44:38.000,12
2026-03-08 01:44:40.000,12
2026-03-08 01:44:40.000,10.8
2026-03-08 01:44:42.000,10.8
2026-03-08 01:44:42.000,9.6
2026-03-08 01:44:52.000,9.6
2026-03-08 01:44:52.000,13.2
2026-03-08 01:44:54.000,13.2
2026-03-08 01:44:54.000,10.8
2026-03-08 01:44:56.000,10.8
2026-03-08 01:44:56.000,8.4
2026-03-08 01:44:58.000,8.4
2026-03-08 01:44:58.000,2.4
2026-03-08 01:45:00.000,2.4
2026-03-08 01:45:00.000,3.6
2026-03-08 01:45:04.000,3.6
2026-03-08 01:45:04.000,4.8
2026-03-08 01:45:08.000,4.8
2026-03-08 01:45:08.000,6
2026-03-08 01:45:12.000,6
2026-03-08 01:45:12.000,7.2
2026-03-08 01:45:16.000,7.2
2026-03-08 01:45:16.000,8.4
2026-03-08 01:45:20.000,8.4
2026-03-08 01:45:20.000,9.6
2026-03-08 01:45:32.000,9.6
2026-03-08 01:45:32.000,8.4
2026-03-08 01:45:40.000,8.4
2026-03-08 01:45:40.000,7.2
2026-03-08 01:45:44.000,7.2
2026-03-08 01:45:44.000,8.4
2026-03-08 01:46:10.000,8.4
2026-03-08 01:46:10.000,9.6
2026-03-08 01:46:22.000,9.6
2026-03-08 01:46:22.000,8.4
2026-03-08 01:46:50.000,8.4
2026-03-08 01:46:50.000,12
2026-03-08 01:46:52.000,12
2026-03-08 01:46:52.000,18
2026-03-08 01:46:54.000,18
2026-03-08 01:46:54.000,13.2
2026-03-08 01:46:56.000,13.2
2026-03-08 01:46:56.000,16.8
2026-03-08 01:46:58.000,16.8
2026-03-08 01:46:58.000,15.6
2026-03-08 01:47:02.000,15.6
2026-03-08 01:47:02.000,14.4
2026-03-08 01:47:06.000,14.4
2026-03-08 01:47:06.000,13.2
2026-03-08 01:47:14.000,13.2
2026-03-08 01:47:14.000,10.8
2026-03-08 01:47:16.000,10.8
2026-03-08 01:47:16.000,6
2026-03-08 01:47:18.000,6
2026-03-08 01:47:18.000,10.8
2026-03-08 01:47:20.000,10.8
2026-03-08 01:47:20.000,7.2
2026-03-08 01:47:22.000,7.2
2026-03-08 01:47:22.000,8.4
2026-03-08 01:47:24.000,8.4
2026-03-08 01:47:24.000,7.2
2026-03-08 01:47:34.000,7.2
2026-03-08 01:47:34.000,8.4
2026-03-08 01:48:14.000,8.4
2026-03-08 01:48:14.000,9.6
2026-03-08 01:48:30.000,9.6
2026-03-08 01:48:30.000,8.4
2026-03-08 01:48:52.000,8.4
2026-03-08 01:48:52.000,9.6
2026-03-08 01:49:12.000,9.6
2026-03-08 01:49:12.000,8.4
2026-03-08 01:49:20.000,8.4
2026-03-08 01:49:20.000,9.6
2026-03-08 01:49:30.000,9.6
2026-03-08 01:49:30.000,8.4
2026-03-08 01:49:44.000,8.4
2026-03-08 01:49:44.000,9.6
2026-03-08 01:49:46.000,9.6
2026-03-08 01:49:46.000,8.4
2026-03-08 01:49:50.000,8.4
2026-03-08 01:49:50.000,9.6
2026-03-08 01:49:56.000,9.6
2026-03-08 01:49:56.000,10.8
2026-03-08 01:49:58.000,10.8
2026-03-08 01:49:58.000,12
2026-03-08 01:50:06.000,12
2026-03-08 01:50:06.000,13.2
2026-03-08 01:50:08.000,13.2
2026-03-08 01:50:08.000,14.4
2026-03-08 01:50:10.000,14.4
2026-03-08 01:50:10.000,15.6
2026-03-08 01:50:14.000,15.6
2026-03-08 01:50:14.000,14.4
2026-03-08 01:50:16.000,14.4
2026-03-08 01:50:16.000,13.2
2026-03-08 01:50:18.000,13.2
2026-03-08 01:50:18.000,12
2026-03-08 01:50:20.000,12
2026-03-08 01:50:20.000,13.2
2026-03-08 01:50:24.000,13.2
2026-03-08 01:50:24.000,10.8
2026-03-08 01:50:26.000,10.8
2026-03-08 01:50:26.000,9.6
2026-03-08 01:50:28.000,9.6
2026-03-08 01:50:28.000,10.8
2026-03-08 01:50:30.000,10.8
2026-03-08 01:50:30.000,13.2
2026-03-08 01:50:34.000,13.2
2026-03-08 01:50:34.000,14.4
2026-03-08 01:50:36.000,14.4
2026-03-08 01:50:36.000,13.2
2026-03-08 01:50:38.000,13.2
2026-03-08 01:50:38.000,12
2026-03-08 01:50:50.000,12
2026-03-08 01:50:50.000,13.2
2026-03-08 01:50:52.000,13.2
2026-03-08 01:50:52.000,12
2026-03-08 01:50:54.000,12
2026-03-08 01:50:54.000,14.4
2026-03-08 01:51:00.000,14.4
2026-03-08 01:51:00.000,13.2
2026-03-08 01:51:04.000,13.2
2026-03-08 01:51:04.000,12
2026-03-08 01:51:10.000,12
2026-03-08 01:51:10.000,13.2
2026-03-08 01:51:12.000,13.2
2026-03-08 01:51:12.000,10.8
2026-03-08 01:51:14.000,10.8
2026-03-08 01:51:14.000,12
2026-03-08 01:51:16.000,12
2026-03-08 01:51:16.000,8.4
2026-03-08 01:51:18.000,8.4
2026-03-08 01:51:18.000,10.8
2026-03-08 01:51:20.000,10.8
2026-03-08 01:51:20.000,9.6
2026-03-08 01:51:24.000,9.6
2026-03-08 01:51:24.000,8.4
2026-03-08 01:51:28.000,8.4
2026-03-08 01:51:28.000,9.6
2026-03-08 01:51:36.000,9.6
2026-03-08 01:51:36.000,10.8
2026-03-08 01:51:38.000,10.8
2026-03-08 01:51:38.000,9.6
2026-03-08 01:51:40.000,9.6
2026-03-08 01:51:40.000,10.8
2026-03-08 01:51:42.000,10.8
2026-03-08 01:51:42.000,13.2
2026-03-08 01:51:44.000,13.2
2026-03-08 01:51:44.000,8.4
2026-03-08 01:51:46.000,8.4
2026-03-08 01:51:46.000,12
2026-03-08 01:51:48.000,12
2026-03-08 01:51:48.000,10.8
2026-03-08 01:51:50.000,10.8
2026-03-08 01:51:50.000,9.6
2026-03-08 01:51:58.000,9.6
2026-03-08 01:51:58.000,8.4
2026-03-08 01:52:00.000,8.4
2026-03-08 01:52:00.000,9.6
2026-03-08 01:52:02.000,9.6
2026-03-08 01:52:02.000,10.8
2026-03-08 01:52:10.000,10.8
2026-03-08 01:52:10.000,12
2026-03-08 01:52:12.000,12
2026-03-08 01:52:12.000,10.8
2026-03-08 01:52:50.000,10.8
2026-03-08 01:52:50.000,12
2026-03-08 01:52:58.000,12
2026-03-08 01:52:58.000,10.8
2026-03-08 01:53:00.000,10.8
2026-03-08 01:53:00.000,12
2026-03-08 01:53:06.000,12
2026-03-08 01:53:06.000,10.8
2026-03-08 01:53:24.000,10.8
2026-03-08 01:53:24.000,12
2026-03-08 01:54:00.000,12
2026-03-08 01:54:00.000,10.8
2026-03-08 01:54:08.000,10.8
2026-03-08 01:54:08.000,12
2026-03-08 01:55:16.000,12
2026-03-08 01:55:16.000,13.2
2026-03-08 01:55:22.000,13.2
2026-03-08 01:55:22.000,12
2026-03-08 01:56:10.000,12
2026-03-08 01:56:10.000,13.2
2026-03-08 01:56:18.000,13.2
2026-03-08 01:56:18.000,12
2026-03-08 01:56:24.000,12
2026-03-08 01:56:24.000,13.2
2026-03-08 01:56:26.000,13.2
2026-03-08 01:56:26.000,12
2026-03-08 01:56:38.000,12
2026-03-08 01:56:38.000,13.2
2026-03-08 01:56:46.000,13.2
2026-03-08 01:56:46.000,14.4
2026-03-08 01:57:06.000,14.4
2026-03-08 01:57:06.000,13.2
2026-03-08 01:57:16.000,13.2
2026-03-08 01:57:16.000,12
2026-03-08 01:57:18.000,12
2026-03-08 01:57:18.000,13.2
2026-03-08 01:57:22.000,13.2
2026-03-08 01:57:22.000,12
2026-03-08 01:57:30.000,12
2026-03-08 01:57:30.000,10.8
2026-03-08 01:57:46.000,10.8
2026-03-08 01:57:46.000,13.2
2026-03-08 01:57:48.000,13.2
2026-03-08 01:57:48.000,12
2026-03-08 01:57:52.000,12
2026-03-08 01:57:52.000,10.8
2026-03-08 01:58:00.000,10.8
2026-03-08 01:58:00.000,12
2026-03-08 01:58:40.000,12
2026-03-08 01:58:40.000,10.8
2026-03-08 01:58:42.000,10.8
2026-03-08 01:58:42.000,12
2026-03-08 01:58:44.000,12
2026-03-08 01:58:44.000,10.8
2026-03-08 01:58:50.000,10.8
2026-03-08 01:58:50.000,12
2026-03-08 01:59:26.000,12
2026-03-08 01:59:26.000,10.8
2026-03-08 01:59:30.000,10.8
2026-03-08 01:59:30.000,12
2026-03-08 01:59:32.000,12
2026-03-08 01:59:32.000,10.8
2026-03-08 01:59:34.000,10.8
2026-03-08 01:59:34.000,12
2026-03-08 01:59:44.000,12
2026-03-08 01:59:44.000,13.2
2026-03-08 01:59:46.000,13.2
2026-03-08 01:59:46.000,14.4
2026-03-08 01:59:48.000,14.4
2026-03-08 01:59:48.000,15.6
2026-03-08 01:59:50.000,15.6
2026-03-08 01:59:50.000,14.4
2026-03-08 01:59:52.000,14.4
2026-03-08 01:59:52.000,13.2
2026-03-08 01:59:54.000,13.2
2026-03-08 01:59:54.000,12
2026-03-08 02:00:00.000,12
2026-03-08 02:00:00.000,10.8
2026-03-08 02:00:08.000,10.8
2026-03-08 02:00:08.000,12
2026-03-08 02:00:16.000,12
2026-03-08 02:00:16.000,13.2
2026-03-08 02:00:28.000,13.2
2026-03-08 02:00:28.000,12
2026-03-08 02:00:30.000,12
2026-03-08 02:00:30.000,13.2
2026-03-08 02:00:32.000,13.2
2026-03-08 02:00:32.000,12
2026-03-08 02:00:34.000,12
2026-03-08 02:00:34.000,16.8
2026-03-08 02:00:52.000,16.8
2026-03-08 02:00:52.000,18
2026-03-08 02:00:54.000,18
2026-03-08 02:00:54.000,16.8
2026-03-08 02:00:58.000,16.8
2026-03-08 02:00:58.000,15.6
2026-03-08 02:01:06.000,15.6
2026-03-08 02:01:06.000,14.4
2026-03-08 02:01:28.000,14.4
2026-03-08 02:01:28.000,15.6
2026-03-08 02:01:30.000,15.6
2026-03-08 02:01:30.000,16.8
2026-03-08 02:01:32.000,16.8
2026-03-08 02:01:32.000,18
2026-03-08 02:01:34.000,18
2026-03-08 02:01:34.000,16.8
2026-03-08 02:01:36.000,16.8
2026-03-08 02:01:36.000,14.4
2026-03-08 02:01:40.000,14.4
2026-03-08 02:01:40.000,18
2026-03-08 02:01:44.000,18
2026-03-08 02:01:44.000,19.2
2026-03-08 02:01:48.000,19.2
2026-03-08 02:01:48.000,18
2026-03-08 02:01:52.000,18
2026-03-08 02:01:52.000,16.8
2026-03-08 02:01:54.000,16.8
2026-03-08 02:01:54.000,18
2026-03-08 02:01:56.000,18
2026-03-08 02:01:56.000,16.8
2026-03-08 02:01:58.000,16.8
2026-03-08 02:01:58.000,15.6
2026-03-08 02:02:00.000,15.6
2026-03-08 02:02:00.000,14.4
2026-03-08 02:02:10.000,14.4
2026-03-08 02:02:10.000,15.6
2026-03-08 02:02:24.000,15.6
2026-03-08 02:02:24.000,14.4
2026-03-08 02:02:36.000,14.4
2026-03-08 02:02:36.000,15.6
2026-03-08 02:02:38.000,15.6
2026-03-08 02:02:38.000,16.8
2026-03-08 02:02:46.000,16.8
2026-03-08 02:02:46.000,15.6
2026-03-08 02:02:50.000,15.6
2026-03-08 02:02:50.000,14.4
2026-03-08 02:03:14.000,14.4
2026-03-08 02:03:14.000,15.6
2026-03-08 02:03:28.000,15.6
2026-03-08 02:03:28.000,14.4
2026-03-08 02:03:48.000,14.4
2026-03-08 02:03:48.000,15.6
2026-03-08 02:04:18.000,15.6
2026-03-08 02:04:18.000,14.4
2026-03-08 02:04:22.000,14.4
2026-03-08 02:04:22.000,15.6
2026-03-08 02:04:26.000,15.6
2026-03-08 02:04:26.000,14.4
2026-03-08 02:04:28.000,14.4
2026-03-08 02:04:28.000,15.6
2026-03-08 02:04:50.000,15.6
2026-03-08 02:04:50.000,16.8
2026-03-08 02:05:02.000,16.8
2026-03-08 02:05:02.000,15.6
2026-03-08 02:05:20.000,15.6
2026-03-08 02:05:20.000,16.8
2026-03-08 02:06:46.000,16.8
2026-03-08 02:06:46.000,15.6
2026-03-08 02:06:48.000,15.6
2026-03-08 02:06:48.000,14.4
2026-03-08 02:07:00.000,14.4
2026-03-08 02:07:00.000,15.6
2026-03-08 02:07:28.000,15.6
2026-03-08 02:07:28.000,16.8
2026-03-08 02:07:36.000,16.8
2026-03-08 02:07:36.000,15.6
2026-03-08 02:07:40.000,15.6
2026-03-08 02:07:40.000,16.8
2026-03-08 02:07:44.000,16.8
2026-03-08 02:07:44.000,15.6
2026-03-08 02:08:02.000,15.6
2026-03-08 02:08:02.000,16.8
2026-03-08 02:08:08.000,16.8
2026-03-08 02:08:08.000,15.6
2026-03-08 02:08:20.000,15.6
2026-03-08 02:08:20.000,16.8
2026-03-08 02:08:50.000,16.8
2026-03-08 02:08:50.000,15.6
2026-03-08 02:08:54.000,15.6
2026-03-08 02:08:54.000,16.8
2026-03-08 02:09:56.000,16.8
2026-03-08 02:09:56.000,18
2026-03-08 02:09:58.000,18
2026-03-08 02:09:58.000,15.6
2026-03-08 02:10:00.000,15.6
2026-03-08 02:10:00.000,9.6
2026-03-08 02:10:02.000,9.6
2026-03-08 02:10:02.000,15.6
2026-03-08 02:10:04.000,15.6
2026-03-08 02:10:04.000,10.8
2026-03-08 02:10:06.000,10.8
2026-03-08 02:10:06.000,9.6
2026-03-08 02:10:14.000,9.6
2026-03-08 02:10:14.000,10.8
2026-03-08 02:10:20.000,10.8
2026-03-08 02:10:20.000,12
2026-03-08 02:10:26.000,12
2026-03-08 02:10:26.000,13.2
2026-03-08 02:10:44.000,13.2
2026-03-08 02:10:44.000,12
2026-03-08 02:11:10.000,12
2026-03-08 02:11:10.000,13.2
2026-03-08 02:11:14.000,13.2
2026-03-08 02:11:14.000,12
2026-03-08 02:11:16.000,12
2026-03-08 02:11:16.000,13.2
2026-03-08 02:11:30.000,13.2
2026-03-08 02:11:30.000,12
2026-03-08 02:11:50.000,12
2026-03-08 02:11:50.000,13.2
2026-03-08 02:12:06.000,13.2
2026-03-08 02:12:06.000,12
2026-03-08 02:12:20.000,12
2026-03-08 02:12:20.000,13.2
2026-03-08 02:12:26.000,13.2
2026-03-08 02:12:26.000,12
2026-03-08 02:12:36.000,12
2026-03-08 02:12:36.000,13.2
2026-03-08 02:12:38.000,13.2
2026-03-08 02:12:38.000,12
2026-03-08 02:12:48.000,12
2026-03-08 02:12:48.000,13.2
2026-03-08 02:13:06.000,13.2
2026-03-08 02:13:06.000,14.4
2026-03-08 02:13:08.000,14.4
2026-03-08 02:13:08.000,13.2
2026-03-08 02:13:22.000,13.2
2026-03-08 02:13:22.000,12
2026-03-08 02:13:40.000,12
2026-03-08 02:13:40.000,13.2
2026-03-08 02:14:02.000,13.2
2026-03-08 02:14:02.000,12
2026-03-08 02:14:06.000,12
2026-03-08 02:14:06.000,13.2
2026-03-08 02:14:10.000,13.2
2026-03-08 02:14:10.000,12
2026-03-08 02:14:20.000,12
2026-03-08 02:14:20.000,13.2
2026-03-08 02:14:24.000,13.2
2026-03-08 02:14:24.000,12
2026-03-08 02:14:26.000,12
2026-03-08 02:14:26.000,13.2
2026-03-08 02:14:36.000,13.2
2026-03-08 02:14:36.000,10.8
2026-03-08 02:14:38.000,10.8
2026-03-08 02:14:38.000,12
2026-03-08 02:15:00.000,12
2026-03-08 02:15:00.000,13.2
2026-03-08 02:15:04.000,13.2
2026-03-08 02:15:04.000,12
2026-03-08 02:15:06.000,12
2026-03-08 02:15:06.000,13.2
2026-03-08 02:15:20.000,13.2
2026-03-08 02:15:20.000,12
2026-03-08 02:15:30.000,12
2026-03-08 02:15:30.000,10.8
2026-03-08 02:15:38.000,10.8
2026-03-08 02:15:38.000,12
2026-03-08 02:15:40.000,12
2026-03-08 02:15:40.000,13.2
2026-03-08 02:15:44.000,13.2
2026-03-08 02:15:44.000,14.4
2026-03-08 02:15:46.000,14.4
2026-03-08 02:15:46.000,15.6
2026-03-08 02:15:48.000,15.6
2026-03-08 02:15:48.000,16.8
2026-03-08 02:15:50.000,16.8
2026-03-08 02:15:50.000,19.2
2026-03-08 02:15:52.000,19.2
2026-03-08 02:15:52.000,24
2026-03-08 02:15:54.000,24
2026-03-08 02:15:54.000,27.6
2026-03-08 02:15:56.000,27.6
2026-03-08 02:15:56.000,31.2
2026-03-08 02:15:58.000,31.2
2026-03-08 02:15:58.000,28.8
2026-03-08 02:16:00.000,28.8
2026-03-08 02:16:00.000,27.6
2026-03-08 02:16:02.000,27.6
2026-03-08 02:16:02.000,21.6
2026-03-08 02:16:04.000,21.6
2026-03-08 02:16:04.000,25.2
2026-03-08 02:16:06.000,25.2
2026-03-08 02:16:06.000,21.6
2026-03-08 02:16:08.000,21.6
2026-03-08 02:16:08.000,24
2026-03-08 02:16:12.000,24
2026-03-08 02:16:12.000,25.2
2026-03-08 02:16:18.000,25.2
2026-03-08 02:16:18.000,26.4
2026-03-08 02:16:20.000,26.4
2026-03-08 02:16:20.000,27.6
2026-03-08 02:16:22.000,27.6
2026-03-08 02:16:22.000,25.2
2026-03-08 02:16:24.000,25.2
2026-03-08 02:16:24.000,21.6
2026-03-08 02:16:26.000,21.6
2026-03-08 02:16:26.000,20.4
2026-03-08 02:16:28.000,20.4
2026-03-08 02:16:28.000,15.6
2026-03-08 02:16:30.000,15.6
2026-03-08 02:16:30.000,14.4
2026-03-08 02:16:32.000,14.4
2026-03-08 02:16:32.000,13.2
2026-03-08 02:16:36.000,13.2
2026-03-08 02:16:36.000,12
2026-03-08 02:16:56.000,12
2026-03-08 02:16:56.000,13.2
2026-03-08 02:17:02.000,13.2
2026-03-08 02:17:02.000,12
2026-03-08 02:17:14.000,12
2026-03-08 02:17:14.000,10.8
2026-03-08 02:17:28.000,10.8
2026-03-08 02:17:28.000,13.2
2026-03-08 02:17:30.000,13.2
2026-03-08 02:17:30.000,16.8
2026-03-08 02:17:32.000,16.8
2026-03-08 02:17:32.000,22.8
2026-03-08 02:17:36.000,22.8
2026-03-08 02:17:36.000,27.6
2026-03-08 02:17:38.000,27.6
2026-03-08 02:17:38.000,25.2
2026-03-08 02:17:40.000,25.2
2026-03-08 02:17:40.000,27.6
2026-03-08 02:17:42.000,27.6
2026-03-08 02:17:42.000,26.4
2026-03-08 02:17:44.000,26.4
2026-03-08 02:17:44.000,27.6
2026-03-08 02:17:46.000,27.6
2026-03-08 02:17:46.000,26.4
2026-03-08 02:17:54.000,26.4
2026-03-08 02:17:54.000,25.2
2026-03-08 02:18:00.000,25.2
2026-03-08 02:18:00.000,24
2026-03-08 02:18:02.000,24
2026-03-08 02:18:02.000,25.2
2026-03-08 02:18:04.000,25.2
2026-03-08 02:18:04.000,24
2026-03-08 02:18:22.000,24
2026-03-08 02:18:22.000,25.2
2026-03-08 02:18:26.000,25.2
2026-03-08 02:18:26.000,26.4
2026-03-08 02:18:30.000,26.4
2026-03-08 02:18:30.000,27.6
2026-03-08 02:18:32.000,27.6
2026-03-08 02:18:32.000,28.8
2026-03-08 02:18:38.000,28.8
2026-03-08 02:18:38.000,30
2026-03-08 02:18:44.000,30
2026-03-08 02:18:44.000,28.8
2026-03-08 02:18:54.000,28.8
2026-03-08 02:18:54.000,27.6
2026-03-08 02:19:02.000,27.6
2026-03-08 02:19:02.000,26.4
2026-03-08 02:19:04.000,26.4
2026-03-08 02:19:04.000,27.6
2026-03-08 02:19:06.000,27.6
2026-03-08 02:19:06.000,26.4
2026-03-08 02:19:22.000,26.4
2026-03-08 02:19:22.000,25.2
2026-03-08 02:19:30.000,25.2
2026-03-08 02:19:30.000,24
2026-03-08 02:19:32.000,24
2026-03-08 02:19:32.000,25.2
2026-03-08 02:19:40.000,25.2
2026-03-08 02:19:40.000,26.4
2026-03-08 02:19:42.000,26.4
2026-03-08 02:19:42.000,25.2
2026-03-08 02:19:46.000,25.2
2026-03-08 02:19:46.000,26.4
2026-03-08 02:19:50.000,26.4
2026-03-08 02:19:50.000,27.6
2026-03-08 02:19:54.000,27.6
2026-03-08 02:19:54.000,28.8
2026-03-08 02:20:02.000,28.8
2026-03-08 02:20:02.000,30
2026-03-08 02:20:12.000,30
2026-03-08 02:20:12.000,28.8
2026-03-08 02:20:14.000,28.8
2026-03-08 02:20:14.000,30
2026-03-08 02:20:30.000,30
2026-03-08 02:20:30.000,28.8
2026-03-08 02:20:38.000,28.8
2026-03-08 02:20:38.000,27.6
2026-03-08 02:20:54.000,27.6
2026-03-08 02:20:54.000,28.8
2026-03-08 02:21:02.000,28.8
2026-03-08 02:21:02.000,30
2026-03-08 02:21:20.000,30
2026-03-08 02:21:20.000,28.8
2026-03-08 02:21:22.000,28.8
2026-03-08 02:21:22.000,30
2026-03-08 02:22:22.000,30
2026-03-08 02:22:22.000,28.8
2026-03-08 02:22:24.000,28.8
2026-03-08 02:22:24.000,26.4
2026-03-08 02:22:26.000,26.4
2026-03-08 02:22:26.000,25.2
2026-03-08 02:22:28.000,25.2
2026-03-08 02:22:28.000,21.6
2026-03-08 02:22:30.000,21.6
2026-03-08 02:22:30.000,22.8
2026-03-08 02:22:32.000,22.8
2026-03-08 02:22:32.000,21.6
2026-03-08 02:22:34.000,21.6
2026-03-08 02:22:34.000,20.4
2026-03-08 02:22:40.000,20.4
2026-03-08 02:22:40.000,21.6
2026-03-08 02:22:42.000,21.6
2026-03-08 02:22:42.000,26.4
2026-03-08 02:22:44.000,26.4
2026-03-08 02:22:44.000,30
2026-03-08 02:22:46.000,30
2026-03-08 02:22:46.000,31.2
2026-03-08 02:22:48.000,31.2
2026-03-08 02:22:48.000,33.6
2026-03-08 02:22:50.000,33.6
2026-03-08 02:22:50.000,32.4
2026-03-08 02:22:52.000,32.4
2026-03-08 02:22:52.000,34.8
2026-03-08 02:22:58.000,34.8
2026-03-08 02:22:58.000,33.6
2026-03-08 02:23:18.000,33.6
2026-03-08 02:23:18.000,32.4
2026-03-08 02:23:34.000,32.4
2026-03-08 02:23:34.000,33.6
2026-03-08 02:23:36.000,33.6
2026-03-08 02:23:36.000,32.4
2026-03-08 02:23:42.000,32.4
2026-03-08 02:23:42.000,31.2
2026-03-08 02:24:02.000,31.2
2026-03-08 02:24:02.000,30
2026-03-08 02:24:10.000,30
2026-03-08 02:24:10.000,28.8
2026-03-08 02:24:14.000,28.8
2026-03-08 02:24:14.000,27.6
2026-03-08 02:24:18.000,27.6
2026-03-08 02:24:18.000,28.8
2026-03-08 02:24:28.000,28.8
2026-03-08 02:24:28.000,30
2026-03-08 02:24:30.000,30
2026-03-08 02:24:30.000,28.8
2026-03-08 02:24:32.000,28.8
2026-03-08 02:24:32.000,30
2026-03-08 02:24:36.000,30
2026-03-08 02:24:36.000,28.8
2026-03-08 02:24:52.000,28.8
2026-03-08 02:24:52.000,30
2026-03-08 02:24:56.000,30
2026-03-08 02:24:56.000,28.8
2026-03-08 02:25:00.000,28.8
2026-03-08 02:25:00.000,30
2026-03-08 02:25:08.000,30
2026-03-08 02:25:08.000,31.2
2026-03-08 02:25:10.000,31.2
2026-03-08 02:25:10.000,30
2026-03-08 02:25:12.000,30
2026-03-08 02:25:12.000,26.4
2026-03-08 02:25:14.000,26.4
2026-03-08 02:25:14.000,21.6
2026-03-08 02:25:16.000,21.6
2026-03-08 02:25:16.000,15.6
2026-03-08 02:25:20.000,15.6
2026-03-08 02:25:20.000,13.2
2026-03-08 02:25:22.000,13.2
2026-03-08 02:25:22.000,10.8
2026-03-08 02:25:24.000,10.8
2026-03-08 02:25:24.000,12
2026-03-08 02:25:26.000,12
2026-03-08 02:25:26.000,10.8
2026-03-08 02:25:28.000,10.8
2026-03-08 02:25:28.000,12
2026-03-08 02:25:44.000,12
2026-03-08 02:25:44.000,10.8
2026-03-08 02:25:58.000,10.8
2026-03-08 02:25:58.000,12
2026-03-08 02:26:06.000,12
2026-03-08 02:26:06.000,10.8
2026-03-08 02:26:08.000,10.8
2026-03-08 02:26:08.000,12
2026-03-08 02:26:10.000,12
2026-03-08 02:26:10.000,10.8
2026-03-08 02:27:36.000,10.8
2026-03-08 02:27:36.000,12
2026-03-08 02:27:40.000,12
2026-03-08 02:27:40.000,10.8
2026-03-08 02:28:52.000,10.8
2026-03-08 02:28:52.000,12
2026-03-08 02:29:04.000,12
2026-03-08 02:29:04.000,10.8
2026-03-08 02:29:08.000,10.8
2026-03-08 02:29:08.000,12
2026-03-08 02:29:10.000,12
2026-03-08 02:29:10.000,10.8
2026-03-08 02:29:36.000,10.8
2026-03-08 02:29:36.000,12
2026-03-08 02:29:46.000,12
2026-03-08 02:29:46.000,13.2
2026-03-08 02:29:48.000,13.2
2026-03-08 02:29:48.000,14.4
2026-03-08 02:29:50.000,14.4
2026-03-08 02:29:50.000,15.6
2026-03-08 02:29:52.000,15.6
2026-03-08 02:29:52.000,16.8
2026-03-08 02:29:54.000,16.8
2026-03-08 02:29:54.000,18
2026-03-08 02:29:56.000,18
2026-03-08 02:29:56.000,19.2
2026-03-08 02:29:58.000,19.2
2026-03-08 02:29:58.000,20.4
2026-03-08 02:30:00.000,20.4
2026-03-08 02:30:00.000,21.6
2026-03-08 02:30:02.000,21.6
2026-03-08 02:30:02.000,22.8
2026-03-08 02:30:06.000,22.8
2026-03-08 02:30:06.000,24
2026-03-08 02:30:08.000,24
2026-03-08 02:30:08.000,25.2
2026-03-08 02:30:10.000,25.2
2026-03-08 02:30:10.000,24
2026-03-08 02:30:12.000,24
2026-03-08 02:30:12.000,22.8
2026-03-08 02:30:14.000,22.8
2026-03-08 02:30:14.000,16.8
2026-03-08 02:30:16.000,16.8
2026-03-08 02:30:16.000,20.4
2026-03-08 02:30:18.000,20.4
2026-03-08 02:30:18.000,19.2
2026-03-08 02:30:20.000,19.2
2026-03-08 02:30:20.000,18
2026-03-08 02:30:22.000,18
2026-03-08 02:30:22.000,14.4
2026-03-08 02:30:24.000,14.4
2026-03-08 02:30:24.000,16.8
2026-03-08 02:30:26.000,16.8
2026-03-08 02:30:26.000,9.6
2026-03-08 02:30:30.000,9.6
2026-03-08 02:30:30.000,8.4
2026-03-08 02:30:34.000,8.4
2026-03-08 02:30:34.000,7.2
2026-03-08 02:30:36.000,7.2
2026-03-08 02:30:36.000,8.4
2026-03-08 02:30:40.000,8.4
2026-03-08 02:30:40.000,9.6
2026-03-08 02:30:42.000,9.6
2026-03-08 02:30:42.000,13.2
2026-03-08 02:30:44.000,13.2
2026-03-08 02:30:44.000,10.8
2026-03-08 02:30:46.000,10.8
2026-03-08 02:30:46.000,12
2026-03-08 02:30:48.000,12
2026-03-08 02:30:48.000,15.6
2026-03-08 02:30:56.000,15.6
2026-03-08 02:30:56.000,14.4
2026-03-08 02:30:58.000,14.4
2026-03-08 02:30:58.000,15.6
2026-03-08 02:31:00.000,15.6
2026-03-08 02:31:00.000,16.8
2026-03-08 02:31:02.000,16.8
2026-03-08 02:31:02.000,19.2
2026-03-08 02:31:04.000,19.2
2026-03-08 02:31:04.000,27.6
2026-03-08 02:31:06.000,27.6
2026-03-08 02:31:06.000,25.2
2026-03-08 02:31:08.000,25.2
2026-03-08 02:31:08.000,32.4
2026-03-08 02:31:10.000,32.4
2026-03-08 02:31:10.000,31.2
2026-03-08 02:31:12.000,31.2
2026-03-08 02:31:12.000,36
2026-03-08 02:31:16.000,36
2026-03-08 02:31:16.000,39.6
2026-03-08 02:31:20.000,39.6
2026-03-08 02:31:20.000,43.2
2026-03-08 02:31:22.000,43.2
2026-03-08 02:31:22.000,44.4
2026-03-08 02:31:24.000,44.4
2026-03-08 02:31:24.000,45.6
2026-03-08 02:31:26.000,45.6
2026-03-08 02:31:26.000,48
2026-03-08 02:31:28.000,48
2026-03-08 02:31:28.000,51.6
2026-03-08 02:31:30.000,51.6
2026-03-08 02:31:30.000,52.8
2026-03-08 02:31:32.000,52.8
2026-03-08 02:31:32.000,54
2026-03-08 02:31:34.000,54
2026-03-08 02:31:34.000,55.2
2026-03-08 02:31:44.000,55.2
2026-03-08 02:31:44.000,54
2026-03-08 02:31:48.000,54
2026-03-08 02:31:48.000,52.8
2026-03-08 02:31:58.000,52.8
2026-03-08 02:31:58.000,51.6
2026-03-08 02:32:08.000,51.6
2026-03-08 02:32:08.000,50.4
2026-03-08 02:32:16.000,50.4
2026-03-08 02:32:16.000,51.6
2026-03-08 02:32:30.000,51.6
2026-03-08 02:32:30.000,44.4
2026-03-08 02:32:32.000,44.4
2026-03-08 02:32:32.000,31.2
2026-03-08 02:32:34.000,31.2
2026-03-08 02:32:34.000,19.2
2026-03-08 02:32:36.000,19.2
2026-03-08 02:32:36.000,21.6
2026-03-08 02:32:38.000,21.6
2026-03-08 02:32:38.000,14.4
2026-03-08 02:32:40.000,14.4
2026-03-08 02:32:40.000,16.8
2026-03-08 02:32:42.000,16.8
2026-03-08 02:32:42.000,20.4
2026-03-08 02:32:44.000,20.4
2026-03-08 02:32:44.000,16.8
2026-03-08 02:32:48.000,16.8
2026-03-08 02:32:48.000,15.6
2026-03-08 02:32:54.000,15.6
2026-03-08 02:32:54.000,14.4
2026-03-08 02:33:06.000,14.4
2026-03-08 02:33:06.000,15.6
2026-03-08 02:33:16.000,15.6
2026-03-08 02:33:16.000,14.4
2026-03-08 02:33:18.000,14.4
2026-03-08 02:33:18.000,15.6
2026-03-08 02:33:22.000,15.6
2026-03-08 02:33:22.000,16.8
2026-03-08 02:33:26.000,16.8
2026-03-08 02:33:26.000,18
2026-03-08 02:33:32.000,18
2026-03-08 02:33:32.000,19.2
2026-03-08 02:33:40.000,19.2
2026-03-08 02:33:40.000,20.4
2026-03-08 02:33:50.000,20.4
2026-03-08 02:33:50.000,21.6
2026-03-08 02:35:10.000,21.6
2026-03-08 02:35:10.000,22.8
2026-03-08 02:35:58.000,22.8
2026-03-08 02:35:58.000,21.6
2026-03-08 02:36:02.000,21.6
2026-03-08 02:36:02.000,22.8
2026-03-08 02:36:48.000,22.8
2026-03-08 02:36:48.000,24
2026-03-08 02:36:50.000,24
2026-03-08 02:36:50.000,22.8
2026-03-08 02:37:14.000,22.8
2026-03-08 02:37:14.000,24
2026-03-08 02:37:38.000,24
2026-03-08 02:37:38.000,22.8
2026-03-08 02:37:44.000,22.8
2026-03-08 02:37:44.000,24
2026-03-08 02:40:02.000,24
2026-03-08 02:40:02.000,22.8
2026-03-08 02:43:30.000,22.8
2026-03-08 02:43:30.000,21.6
2026-03-08 02:43:32.000,21.6
2026-03-08 02:43:32.000,20.4
2026-03-08 02:43:44.000,20.4
2026-03-08 02:43:44.000,21.6
2026-03-08 02:43:58.000,21.6
2026-03-08 02:43:58.000,22.8
2026-03-08 02:45:44.000,22.8
2026-03-08 02:45:44.000,24
2026-03-08 02:46:36.000,24
2026-03-08 02:46:36.000,22.8
2026-03-08 02:47:08.000,22.8
2026-03-08 02:47:08.000,24
2026-03-08 02:47:20.000,24
2026-03-08 02:47:20.000,22.8
2026-03-08 02:48:02.000,22.8
2026-03-08 02:48:02.000,24
2026-03-08 02:48:12.000,24
2026-03-08 02:48:12.000,22.8
2026-03-08 02:48:14.000,22.8
2026-03-08 02:48:14.000,24
2026-03-08 02:49:50.000,24
2026-03-08 02:49:50.000,31.2
2026-03-08 02:49:52.000,31.2
2026-03-08 02:49:52.000,19.2
2026-03-08 02:49:54.000,19.2
2026-03-08 02:49:54.000,16.8
2026-03-08 02:49:56.000,16.8
2026-03-08 02:49:56.000,18
2026-03-08 02:49:58.000,18
2026-03-08 02:49:58.000,19.2
2026-03-08 02:50:02.000,19.2
2026-03-08 02:50:02.000,18
2026-03-08 02:50:04.000,18
2026-03-08 02:50:04.000,15.6
2026-03-08 02:50:06.000,15.6
2026-03-08 02:50:06.000,16.8
2026-03-08 02:50:14.000,16.8
2026-03-08 02:50:14.000,19.2
2026-03-08 02:50:24.000,19.2
2026-03-08 02:50:24.000,20.4
2026-03-08 02:50:26.000,20.4
2026-03-08 02:50:26.000,19.2
2026-03-08 02:50:28.000,19.2
2026-03-08 02:50:28.000,18
2026-03-08 02:50:32.000,18
2026-03-08 02:50:32.000,15.6
2026-03-08 02:50:34.000,15.6
2026-03-08 02:50:34.000,14.4
2026-03-08 02:50:36.000,14.4
2026-03-08 02:50:36.000,18
2026-03-08 02:50:38.000,18
2026-03-08 02:50:38.000,16.8
2026-03-08 02:50:40.000,16.8
2026-03-08 02:50:40.000,15.6
2026-03-08 02:50:42.000,15.6
2026-03-08 02:50:42.000,18
2026-03-08 02:50:44.000,18
2026-03-08 02:50:44.000,16.8
2026-03-08 02:50:46.000,16.8
2026-03-08 02:50:46.000,15.6
2026-03-08 02:50:48.000,15.6
2026-03-08 02:50:48.000,12
2026-03-08 02:50:56.000,12
2026-03-08 02:50:56.000,13.2
2026-03-08 02:51:02.000,13.2
2026-03-08 02:51:02.000,14.4
2026-03-08 02:51:04.000,14.4
2026-03-08 02:51:04.000,13.2
2026-03-08 02:51:12.000,13.2
2026-03-08 02:51:12.000,14.4
2026-03-08 02:51:18.000,14.4
2026-03-08 02:51:18.000,13.2
2026-03-08 02:51:20.000,13.2
2026-03-08 02:51:20.000,14.4
2026-03-08 02:51:22.000,14.4
2026-03-08 02:51:22.000,15.6
2026-03-08 02:51:24.000,15.6
2026-03-08 02:51:24.000,14.4
2026-03-08 02:51:26.000,14.4
2026-03-08 02:51:26.000,13.2
2026-03-08 02:51:28.000,13.2
2026-03-08 02:51:28.000,12
2026-03-08 02:51:30.000,12
2026-03-08 02:51:30.000,10.8
2026-03-08 02:51:32.000,10.8
2026-03-08 02:51:32.000,12
2026-03-08 02:51:34.000,12
2026-03-08 02:51:34.000,9.6
2026-03-08 02:51:40.000,9.6
2026-03-08 02:51:40.000,10.8
2026-03-08 02:51:48.000,10.8
2026-03-08 02:51:48.000,12
2026-03-08 02:51:52.000,12
2026-03-08 02:51:52.000,10.8
2026-03-08 02:51:56.000,10.8
2026-03-08 02:51:56.000,12
2026-03-08 02:51:58.000,12
2026-03-08 02:51:58.000,13.2
2026-03-08 02:52:00.000,13.2
2026-03-08 02:52:00.000,14.4
2026-03-08 02:52:02.000,14.4
2026-03-08 02:52:02.000,15.6
2026-03-08 02:52:04.000,15.6
2026-03-08 02:52:04.000,14.4
2026-03-08 02:52:08.000,14.4
2026-03-08 02:52:08.000,13.2
2026-03-08 02:52:10.000,13.2
2026-03-08 02:52:10.000,12
2026-03-08 02:52:12.000,12
2026-03-08 02:52:12.000,13.2
2026-03-08 02:52:16.000,13.2
2026-03-08 02:52:16.000,14.4
2026-03-08 02:52:20.000,14.4
2026-03-08 02:52:20.000,15.6
2026-03-08 02:52:22.000,15.6
2026-03-08 02:52:22.000,14.4
2026-03-08 02:52:26.000,14.4
2026-03-08 02:52:26.000,13.2
2026-03-08 02:52:34.000,13.2
2026-03-08 02:52:34.000,12
2026-03-08 02:55:54.000,12
2026-03-08 02:55:54.000,13.2
2026-03-08 02:55:56.000,13.2
2026-03-08 02:55:56.000,12
2026-03-08 03:04:26.000,12
2026-03-08 03:04:26.000,13.2
2026-03-08 03:04:28.000,13.2
2026-03-08 03:04:28.000,14.4
2026-03-08 03:04:30.000,14.4
2026-03-08 03:04:30.000,10.8
2026-03-08 03:04:34.000,10.8
2026-03-08 03:04:34.000,9.6
2026-03-08 03:04:38.000,9.6
2026-03-08 03:04:38.000,10.8
2026-03-08 03:04:40.000,10.8
2026-03-08 03:04:40.000,12
2026-03-08 03:04:46.000,12
2026-03-08 03:04:46.000,13.2
2026-03-08 03:04:52.000,13.2
2026-03-08 03:04:52.000,14.4
2026-03-08 03:05:04.000,14.4
2026-03-08 03:05:04.000,13.2
2026-03-08 03:05:24.000,13.2
2026-03-08 03:05:24.000,14.4
2026-03-08 03:06:56.000,14.4
2026-03-08 03:06:56.000,15.6
2026-03-08 03:06:58.000,15.6
2026-03-08 03:06:58.000,24
2026-03-08 03:07:00.000,24
2026-03-08 03:07:00.000,12
2026-03-08 03:07:02.000,12
2026-03-08 03:07:02.000,9.6
2026-03-08 03:07:04.000,9.6
2026-03-08 03:07:04.000,1.2
2026-03-08 03:07:06.000,1.2
2026-03-08 03:07:06.000,12
2026-03-08 03:07:08.000,12
2026-03-08 03:07:08.000,7.2
2026-03-08 03:07:10.000,7.2
2026-03-08 03:07:10.000,8.4
2026-03-08 03:07:32.000,8.4
2026-03-08 03:07:32.000,9.6
2026-03-08 03:07:34.000,9.6
2026-03-08 03:07:34.000,10.8
2026-03-08 03:07:38.000,10.8
2026-03-08 03:07:38.000,12
2026-03-08 03:07:40.000,12
2026-03-08 03:07:40.000,13.2
2026-03-08 03:07:42.000,13.2
2026-03-08 03:07:42.000,12
2026-03-08 03:07:44.000,12
2026-03-08 03:07:44.000,10.8
2026-03-08 03:07:46.000,10.8
2026-03-08 03:07:46.000,9.6
2026-03-08 03:07:52.000,9.6
2026-03-08 03:07:52.000,8.4
2026-03-08 03:08:06.000,8.4
2026-03-08 03:08:06.000,9.6
2026-03-08 03:08:20.000,9.6
2026-03-08 03:08:20.000,10.8
2026-03-08 03:08:26.000,10.8
2026-03-08 03:08:26.000,9.6
2026-03-08 03:08:48.000,9.6
2026-03-08 03:08:48.000,10.8
2026-03-08 03:08:50.000,10.8
2026-03-08 03:08:50.000,9.6
2026-03-08 03:08:52.000,9.6
2026-03-08 03:08:52.000,12
2026-03-08 03:08:54.000,12
2026-03-08 03:08:54.000,9.6
2026-03-08 03:08:56.000,9.6
2026-03-08 03:08:56.000,8.4
2026-03-08 03:09:00.000,8.4
2026-03-08 03:09:00.000,7.2
2026-03-08 03:09:02.000,7.2
2026-03-08 03:09:02.000,8.4
2026-03-08 03:09:12.000,8.4
2026-03-08 03:09:12.000,9.6
2026-03-08 03:09:18.000,9.6
2026-03-08 03:09:18.000,10.8
2026-03-08 03:09:22.000,10.8
2026-03-08 03:09:22.000,12
2026-03-08 03:09:24.000,12
2026-03-08 03:09:24.000,13.2
2026-03-08 03:09:28.000,13.2
2026-03-08 03:09:28.000,10.8
2026-03-08 03:09:32.000,10.8
2026-03-08 03:09:32.000,9.6
2026-03-08 03:09:34.000,9.6
2026-03-08 03:09:34.000,8.4
2026-03-08 03:09:42.000,8.4
2026-03-08 03:09:42.000,9.6
2026-03-08 03:09:54.000,9.6
2026-03-08 03:09:54.000,10.8
2026-03-08 03:10:08.000,10.8
2026-03-08 03:10:08.000,9.6
2026-03-08 03:10:34.000,9.6
2026-03-08 03:10:34.000,10.8
2026-03-08 03:10:50.000,10.8
2026-03-08 03:10:50.000,9.6
2026-03-08 03:11:10.000,9.6
2026-03-08 03:11:10.000,10.8
2026-03-08 03:11:16.000,10.8
2026-03-08 03:11:16.000,9.6
2026-03-08 03:11:38.000,9.6
2026-03-08 03:11:38.000,10.8
2026-03-08 03:11:56.000,10.8
2026-03-08 03:11:56.000,9.6
2026-03-08 03:12:22.000,9.6
2026-03-08 03:12:22.000,10.8
2026-03-08 03:12:42.000,10.8
2026-03-08 03:12:42.000,9.6
2026-03-08 03:13:14.000,9.6
2026-03-08 03:13:14.000,10.8
2026-03-08 03:13:30.000,10.8
2026-03-08 03:13:30.000,9.6
2026-03-08 03:14:04.000,9.6
2026-03-08 03:14:04.000,10.8
2026-03-08 03:14:06.000,10.8
2026-03-08 03:14:06.000,9.6
2026-03-08 03:14:10.000,9.6
2026-03-08 03:14:10.000,10.8
2026-03-08 03:14:22.000,10.8
2026-03-08 03:14:22.000,9.6
2026-03-08 03:14:26.000,9.6
2026-03-08 03:14:26.000,10.8
2026-03-08 03:14:28.000,10.8
2026-03-08 03:14:28.000,9.6
2026-03-08 03:14:50.000,9.6
2026-03-08 03:14:50.000,10.8
2026-03-08 03:14:52.000,10.8
2026-03-08 03:14:52.000,9.6
2026-03-08 03:15:00.000,9.6
2026-03-08 03:15:00.000,10.8
2026-03-08 03:15:04.000,10.8
2026-03-08 03:15:04.000,9.6
2026-03-08 03:15:08.000,9.6
2026-03-08 03:15:08.000,10.8
2026-03-08 03:15:10.000,10.8
2026-03-08 03:15:10.000,9.6
2026-03-08 03:15:14.000,9.6
2026-03-08 03:15:14.000,10.8
2026-03-08 03:15:18.000,10.8
2026-03-08 03:15:18.000,9.6
2026-03-08 03:15:50.000,9.6
2026-03-08 03:15:50.000,10.8
2026-03-08 03:16:04.000,10.8
2026-03-08 03:16:04.000,9.6
2026-03-08 03:16:06.000,9.6
2026-03-08 03:16:06.000,10.8
2026-03-08 03:16:10.000,10.8
2026-03-08 03:16:10.000,9.6
2026-03-08 03:16:14.000,9.6
2026-03-08 03:16:14.000,10.8
2026-03-08 03:16:18.000,10.8
2026-03-08 03:16:18.000,9.6
2026-03-08 03:16:36.000,9.6
2026-03-08 03:16:36.000,10.8
2026-03-08 03:16:40.000,10.8
2026-03-08 03:16:40.000,9.6
2026-03-08 03:16:44.000,9.6
2026-03-08 03:16:44.000,10.8
2026-03-08 03:16:48.000,10.8
2026-03-08 03:16:48.000,9.6
2026-03-08 03:16:50.000,9.6
2026-03-08 03:16:50.000,10.8
2026-03-08 03:16:58.000,10.8
2026-03-08 03:16:58.000,9.6
2026-03-08 03:17:20.000,9.6
2026-03-08 03:17:20.000,10.8
2026-03-08 03:17:48.000,10.8
2026-03-08 03:17:48.000,9.6
2026-03-08 03:18:02.000,9.6
2026-03-08 03:18:02.000,10.8
2026-03-08 03:18:04.000,10.8
2026-03-08 03:18:04.000,9.6
2026-03-08 03:18:12.000,9.6
2026-03-08 03:18:12.000,10.8
2026-03-08 03:18:14.000,10.8
2026-03-08 03:18:14.000,9.6
2026-03-08 03:18:16.000,9.6
2026-03-08 03:18:16.000,10.8
2026-03-08 03:18:18.000,10.8
2026-03-08 03:18:18.000,9.6
2026-03-08 03:18:20.000,9.6
2026-03-08 03:18:20.000,10.8
2026-03-08 03:18:28.000,10.8
2026-03-08 03:18:28.000,9.6
2026-03-08 03:18:36.000,9.6
2026-03-08 03:18:36.000,10.8
2026-03-08 03:19:06.000,10.8
2026-03-08 03:19:06.000,9.6
2026-03-08 03:19:10.000,9.6
2026-03-08 03:19:10.000,10.8
2026-03-08 03:19:14.000,10.8
2026-03-08 03:19:14.000,9.6
2026-03-08 03:19:16.000,9.6
2026-03-08 03:19:16.000,10.8
2026-03-08 03:19:20.000,10.8
2026-03-08 03:19:20.000,9.6
2026-03-08 03:19:24.000,9.6
2026-03-08 03:19:24.000,10.8
2026-03-08 03:19:28.000,10.8
2026-03-08 03:19:28.000,9.6
2026-03-08 03:19:30.000,9.6
2026-03-08 03:19:30.000,10.8
2026-03-08 03:19:36.000,10.8
2026-03-08 03:19:36.000,9.6
2026-03-08 03:19:44.000,9.6
2026-03-08 03:19:44.000,10.8
2026-03-08 03:19:46.000,10.8
2026-03-08 03:19:46.000,9.6
2026-03-08 03:19:48.000,9.6
2026-03-08 03:19:48.000,10.8
2026-03-08 03:19:56.000,10.8
2026-03-08 03:19:56.000,9.6
2026-03-08 03:20:00.000,9.6
2026-03-08 03:20:00.000,10.8
2026-03-08 03:20:04.000,10.8
2026-03-08 03:20:04.000,9.6
2026-03-08 03:20:06.000,9.6
2026-03-08 03:20:06.000,10.8
2026-03-08 03:20:56.000,10.8
2026-03-08 03:20:56.000,9.6
2026-03-08 03:21:00.000,9.6
2026-03-08 03:21:00.000,10.8
2026-03-08 03:21:44.000,10.8
2026-03-08 03:21:44.000,9.6
2026-03-08 03:21:48.000,9.6
2026-03-08 03:21:48.000,10.8
2026-03-08 03:22:32.000,10.8
2026-03-08 03:22:32.000,9.6
2026-03-08 03:22:34.000,9.6
2026-03-08 03:22:34.000,10.8
2026-03-08 03:23:50.000,10.8
2026-03-08 03:23:50.000,9.6
2026-03-08 03:23:56.000,9.6
2026-03-08 03:23:56.000,10.8
2026-03-08 03:24:26.000,10.8
2026-03-08 03:24:26.000,9.6
2026-03-08 03:24:28.000,9.6
2026-03-08 03:24:28.000,10.8
2026-03-08 03:24:32.000,10.8
2026-03-08 03:24:32.000,9.6
2026-03-08 03:24:36.000,9.6
2026-03-08 03:24:36.000,10.8
2026-03-08 03:25:18.000,10.8
2026-03-08 03:25:18.000,9.6
2026-03-08 03:25:20.000,9.6
2026-03-08 03:25:20.000,10.8
2026-03-08 03:26:32.000,10.8
2026-03-08 03:26:32.000,9.6
2026-03-08 03:26:34.000,9.6
2026-03-08 03:26:34.000,10.8
2026-03-08 03:27:18.000,10.8
2026-03-08 03:27:18.000,9.6
2026-03-08 03:27:24.000,9.6
2026-03-08 03:27:24.000,10.8
2026-03-08 03:28:02.000,10.8
2026-03-08 03:28:02.000,9.6
2026-03-08 03:28:06.000,9.6
2026-03-08 03:28:06.000,10.8
2026-03-08 03:30:00.000,10.8
2026-03-08 03:30:00.000,9.6
2026-03-08 03:30:12.000,9.6
2026-03-08 03:30:12.000,10.8
2026-03-08 03:30:16.000,10.8
2026-03-08 03:30:16.000,12
2026-03-08 03:30:20.000,12
2026-03-08 03:30:20.000,13.2
2026-03-08 03:30:24.000,13.2
2026-03-08 03:30:24.000,12
2026-03-08 03:30:26.000,12
2026-03-08 03:30:26.000,10.8
2026-03-08 03:30:28.000,10.8
2026-03-08 03:30:28.000,12
2026-03-08 03:30:34.000,12
2026-03-08 03:30:34.000,10.8
2026-03-08 03:30:36.000,10.8
2026-03-08 03:30:36.000,12
2026-03-08 03:30:46.000,12
2026-03-08 03:30:46.000,13.2
2026-03-08 03:30:48.000,13.2
2026-03-08 03:30:48.000,12
2026-03-08 03:30:56.000,12
2026-03-08 03:30:56.000,13.2
2026-03-08 03:31:12.000,13.2
2026-03-08 03:31:12.000,12
2026-03-08 03:31:14.000,12
2026-03-08 03:31:14.000,13.2
2026-03-08 03:34:00.000,13.2
2026-03-08 03:34:00.000,12
2026-03-08 03:34:02.000,12
2026-03-08 03:34:02.000,13.2
2026-03-08 03:34:28.000,13.2
2026-03-08 03:34:28.000,14.4
2026-03-08 03:34:32.000,14.4
2026-03-08 03:34:32.000,18
2026-03-08 03:34:34.000,18
2026-03-08 03:34:34.000,19.2
2026-03-08 03:34:36.000,19.2
2026-03-08 03:34:36.000,18
2026-03-08 03:34:38.000,18
2026-03-08 03:34:38.000,15.6
2026-03-08 03:34:40.000,15.6
2026-03-08 03:34:40.000,13.2
2026-03-08 03:34:42.000,13.2
2026-03-08 03:34:42.000,6
2026-03-08 03:34:44.000,6
2026-03-08 03:34:44.000,8.4
2026-03-08 03:34:48.000,8.4
2026-03-08 03:34:48.000,9.6
2026-03-08 03:34:52.000,9.6
2026-03-08 03:34:52.000,10.8
2026-03-08 03:34:56.000,10.8
2026-03-08 03:34:56.000,12
2026-03-08 03:35:00.000,12
2026-03-08 03:35:00.000,13.2
2026-03-08 03:35:04.000,13.2
2026-03-08 03:35:04.000,14.4
2026-03-08 03:35:22.000,14.4
2026-03-08 03:35:22.000,13.2
2026-03-08 03:35:42.000,13.2
2026-03-08 03:35:42.000,14.4
2026-03-08 03:36:22.000,14.4
2026-03-08 03:36:22.000,15.6
2026-03-08 03:36:26.000,15.6
2026-03-08 03:36:26.000,16.8
2026-03-08 03:36:30.000,16.8
2026-03-08 03:36:30.000,18
2026-03-08 03:36:32.000,18
2026-03-08 03:36:32.000,15.6
2026-03-08 03:36:34.000,15.6
2026-03-08 03:36:34.000,13.2
2026-03-08 03:36:36.000,13.2
2026-03-08 03:36:36.000,9.6
2026-03-08 03:36:42.000,9.6
2026-03-08 03:36:42.000,10.8
2026-03-08 03:36:44.000,10.8
2026-03-08 03:36:44.000,9.6
2026-03-08 03:36:46.000,9.6
2026-03-08 03:36:46.000,10.8
2026-03-08 03:36:58.000,10.8
2026-03-08 03:36:58.000,12
2026-03-08 03:37:18.000,12
2026-03-08 03:37:18.000,10.8
2026-03-08 03:37:38.000,10.8
2026-03-08 03:37:38.000,12
2026-03-08 03:37:42.000,12
2026-03-08 03:37:42.000,10.8
2026-03-08 03:37:44.000,10.8
2026-03-08 03:37:44.000,12
2026-03-08 03:37:46.000,12
2026-03-08 03:37:46.000,10.8
2026-03-08 03:37:48.000,10.8
2026-03-08 03:37:48.000,12
2026-03-08 03:38:32.000,12
2026-03-08 03:38:32.000,13.2
2026-03-08 03:38:40.000,13.2
2026-03-08 03:38:40.000,12
2026-03-08 03:40:02.000,12
2026-03-08 03:40:02.000,13.2
2026-03-08 03:40:04.000,13.2
2026-03-08 03:40:04.000,12
2026-03-08 03:40:58.000,12
2026-03-08 03:40:58.000,10.8
2026-03-08 03:41:04.000,10.8
2026-03-08 03:41:04.000,12
2026-03-08 03:41:24.000,12
2026-03-08 03:41:24.000,13.2
2026-03-08 03:41:26.000,13.2
2026-03-08 03:41:26.000,12
2026-03-08 03:41:28.000,12
2026-03-08 03:41:28.000,13.2
2026-03-08 03:41:30.000,13.2
2026-03-08 03:41:30.000,14.4
2026-03-08 03:41:32.000,14.4
2026-03-08 03:41:32.000,16.8
2026-03-08 03:41:34.000,16.8
2026-03-08 03:41:34.000,13.2
2026-03-08 03:41:36.000,13.2
2026-03-08 03:41:36.000,8.4
2026-03-08 03:41:42.000,8.4
2026-03-08 03:41:42.000,9.6
2026-03-08 03:41:54.000,9.6
2026-03-08 03:41:54.000,10.8
2026-03-08 03:41:56.000,10.8
2026-03-08 03:41:56.000,12
2026-03-08 03:41:58.000,12
2026-03-08 03:41:58.000,13.2
2026-03-08 03:42:02.000,13.2
2026-03-08 03:42:02.000,14.4
2026-03-08 03:42:04.000,14.4
2026-03-08 03:42:04.000,13.2
2026-03-08 03:42:08.000,13.2
2026-03-08 03:42:08.000,12
2026-03-08 03:42:12.000,12
2026-03-08 03:42:12.000,10.8
2026-03-08 03:42:34.000,10.8
2026-03-08 03:42:34.000,12
2026-03-08 03:42:40.000,12
2026-03-08 03:42:40.000,13.2
2026-03-08 03:42:44.000,13.2
2026-03-08 03:42:44.000,12
2026-03-08 03:42:52.000,12
2026-03-08 03:42:52.000,10.8
2026-03-08 03:43:18.000,10.8
2026-03-08 03:43:18.000,12
2026-03-08 03:43:36.000,12
2026-03-08 03:43:36.000,10.8
2026-03-08 03:44:00.000,10.8
2026-03-08 03:44:00.000,12
2026-03-08 03:44:02.000,12
2026-03-08 03:44:02.000,10.8
2026-03-08 03:44:04.000,10.8
2026-03-08 03:44:04.000,12
2026-03-08 03:44:16.000,12
2026-03-08 03:44:16.000,10.8
2026-03-08 03:44:56.000,10.8
2026-03-08 03:44:56.000,12
2026-03-08 03:44:58.000,12
2026-03-08 03:44:58.000,10.8
2026-03-08 03:45:34.000,10.8
2026-03-08 03:45:34.000,12
2026-03-08 03:45:38.000,12
2026-03-08 03:45:38.000,13.2
2026-03-08 03:45:42.000,13.2
2026-03-08 03:45:42.000,15.6
2026-03-08 03:45:44.000,15.6
2026-03-08 03:45:44.000,14.4
2026-03-08 03:45:46.000,14.4
2026-03-08 03:45:46.000,9.6
2026-03-08 03:45:54.000,9.6
2026-03-08 03:45:54.000,10.8
2026-03-08 03:46:04.000,10.8
2026-03-08 03:46:04.000,12
2026-03-08 03:46:20.000,12
2026-03-08 03:46:20.000,10.8
2026-03-08 03:46:38.000,10.8
2026-03-08 03:46:38.000,12
2026-03-08 03:46:44.000,12
2026-03-08 03:46:44.000,13.2
2026-03-08 03:46:48.000,13.2
2026-03-08 03:46:48.000,14.4
2026-03-08 03:46:50.000,14.4
2026-03-08 03:46:50.000,15.6
2026-03-08 03:47:00.000,15.6
2026-03-08 03:47:00.000,16.8
2026-03-08 03:47:14.000,16.8
2026-03-08 03:47:14.000,18
2026-03-08 03:47:28.000,18
2026-03-08 03:47:28.000,19.2
2026-03-08 03:48:06.000,19.2
2026-03-08 03:48:06.000,20.4
2026-03-08 03:48:08.000,20.4
2026-03-08 03:48:08.000,19.2
2026-03-08 03:48:10.000,19.2
2026-03-08 03:48:10.000,20.4
2026-03-08 03:48:36.000,20.4
2026-03-08 03:48:36.000,21.6
2026-03-08 03:48:42.000,21.6
2026-03-08 03:48:42.000,20.4
2026-03-08 03:48:44.000,20.4
2026-03-08 03:48:44.000,18
2026-03-08 03:48:46.000,18
2026-03-08 03:48:46.000,14.4
2026-03-08 03:48:50.000,14.4
2026-03-08 03:48:50.000,12
2026-03-08 03:49:10.000,12
2026-03-08 03:49:10.000,13.2
2026-03-08 03:49:20.000,13.2
2026-03-08 03:49:20.000,12
2026-03-08 03:51:48.000,12
2026-03-08 03:51:48.000,14.4
2026-03-08 03:51:50.000,14.4
2026-03-08 03:51:50.000,10.8
2026-03-08 03:51:52.000,10.8
2026-03-08 03:51:52.000,9.6
2026-03-08 03:51:54.000,9.6
2026-03-08 03:51:54.000,10.8
2026-03-08 03:51:56.000,10.8
2026-03-08 03:51:56.000,9.6
2026-03-08 03:52:04.000,9.6
2026-03-08 03:52:04.000,10.8
2026-03-08 03:52:12.000,10.8
2026-03-08 03:52:12.000,12
2026-03-08 03:52:14.000,12
2026-03-08 03:52:14.000,14.4
2026-03-08 03:52:16.000,14.4
2026-03-08 03:52:16.000,15.6
2026-03-08 03:52:18.000,15.6
2026-03-08 03:52:18.000,21.6
2026-03-08 03:52:20.000,21.6
2026-03-08 03:52:20.000,19.2
2026-03-08 03:52:22.000,19.2
2026-03-08 03:52:22.000,22.8
2026-03-08 03:52:24.000,22.8
2026-03-08 03:52:24.000,21.6
2026-03-08 03:52:26.000,21.6
2026-03-08 03:52:26.000,22.8
2026-03-08 03:52:32.000,22.8
2026-03-08 03:52:32.000,24
2026-03-08 03:52:42.000,24
2026-03-08 03:52:42.000,25.2
2026-03-08 03:52:56.000,25.2
2026-03-08 03:52:56.000,26.4
2026-03-08 03:53:04.000,26.4
2026-03-08 03:53:04.000,25.2
2026-03-08 03:53:26.000,25.2
2026-03-08 03:53:26.000,26.4
2026-03-08 03:54:04.000,26.4
2026-03-08 03:54:04.000,27.6
2026-03-08 03:54:06.000,27.6
2026-03-08 03:54:06.000,26.4
2026-03-08 03:54:36.000,26.4
2026-03-08 03:54:36.000,27.6
2026-03-08 03:54:38.000,27.6
2026-03-08 03:54:38.000,26.4
2026-03-08 03:54:42.000,26.4
2026-03-08 03:54:42.000,27.6
2026-03-08 03:54:44.000,27.6
2026-03-08 03:54:44.000,26.4
2026-03-08 03:54:46.000,26.4
2026-03-08 03:54:46.000,27.6
2026-03-08 03:56:04.000,27.6
2026-03-08 03:56:04.000,28.8
2026-03-08 03:56:14.000,28.8
2026-03-08 03:56:14.000,27.6
2026-03-08 03:56:16.000,27.6
2026-03-08 03:56:16.000,21.6
2026-03-08 03:56:18.000,21.6
2026-03-08 03:56:18.000,32.4
2026-03-08 03:56:20.000,32.4
2026-03-08 03:56:20.000,24
2026-03-08 03:56:22.000,24
2026-03-08 03:56:22.000,16.8
2026-03-08 03:56:24.000,16.8
2026-03-08 03:56:24.000,8.4
2026-03-08 03:56:26.000,8.4
2026-03-08 03:56:26.000,10.8
2026-03-08 03:56:36.000,10.8
2026-03-08 03:56:36.000,12
2026-03-08 03:56:42.000,12
2026-03-08 03:56:42.000,10.8
2026-03-08 03:57:00.000,10.8
2026-03-08 03:57:00.000,12
2026-03-08 03:57:08.000,12
2026-03-08 03:57:08.000,10.8
2026-03-08 03:57:48.000,10.8
2026-03-08 03:57:48.000,12
2026-03-08 03:57:56.000,12
2026-03-08 03:57:56.000,10.8
2026-03-08 03:58:00.000,10.8
2026-03-08 03:58:00.000,13.2
2026-03-08 03:58:02.000,13.2
2026-03-08 03:58:02.000,15.6
2026-03-08 03:58:04.000,15.6
2026-03-08 03:58:04.000,14.4
2026-03-08 03:58:10.000,14.4
2026-03-08 03:58:10.000,13.2
2026-03-08 03:58:14.000,13.2
2026-03-08 03:58:14.000,9.6
2026-03-08 03:58:18.000,9.6
2026-03-08 03:58:18.000,10.8
2026-03-08 03:58:22.000,10.8
2026-03-08 03:58:22.000,12
2026-03-08 03:58:26.000,12
2026-03-08 03:58:26.000,13.2
2026-03-08 03:58:30.000,13.2
2026-03-08 03:58:30.000,14.4
2026-03-08 03:58:32.000,14.4
2026-03-08 03:58:32.000,15.6
2026-03-08 03:58:36.000,15.6
2026-03-08 03:58:36.000,16.8
2026-03-08 03:58:40.000,16.8
2026-03-08 03:58:40.000,15.6
2026-03-08 03:58:44.000,15.6
2026-03-08 03:58:44.000,14.4
2026-03-08 03:58:52.000,14.4
2026-03-08 03:58:52.000,13.2
2026-03-08 03:58:54.000,13.2
2026-03-08 03:58:54.000,15.6
2026-03-08 03:58:56.000,15.6
2026-03-08 03:58:56.000,19.2
2026-03-08 03:58:58.000,19.2
2026-03-08 03:58:58.000,25.2
2026-03-08 03:59:00.000,25.2
2026-03-08 03:59:00.000,27.6
2026-03-08 03:59:02.000,27.6
2026-03-08 03:59:02.000,31.2
2026-03-08 03:59:06.000,31.2
2026-03-08 03:59:06.000,33.6
2026-03-08 03:59:08.000,33.6
2026-03-08 03:59:08.000,34.8
2026-03-08 03:59:10.000,34.8
2026-03-08 03:59:10.000,36
2026-03-08 03:59:14.000,36
2026-03-08 03:59:14.000,37.2
2026-03-08 03:59:16.000,37.2
2026-03-08 03:59:16.000,38.4
2026-03-08 03:59:20.000,38.4
2026-03-08 03:59:20.000,39.6
2026-03-08 03:59:26.000,39.6
2026-03-08 03:59:26.000,40.8
2026-03-08 03:59:34.000,40.8
2026-03-08 03:59:34.000,42
2026-03-08 03:59:42.000,42
2026-03-08 03:59:42.000,43.2
2026-03-08 03:59:54.000,43.2
2026-03-08 03:59:54.000,44.4
2026-03-08 04:00:08.000,44.4
2026-03-08 04:00:08.000,45.6
2026-03-08 04:00:18.000,45.6
2026-03-08 04:00:18.000,44.4
2026-03-08 04:00:20.000,44.4
2026-03-08 04:00:20.000,43.2
2026-03-08 04:00:26.000,43.2
2026-03-08 04:00:26.000,44.4
2026-03-08 04:00:32.000,44.4
2026-03-08 04:00:32.000,45.6
2026-03-08 04:00:38.000,45.6
2026-03-08 04:00:38.000,43.2
2026-03-08 04:00:40.000,43.2
2026-03-08 04:00:40.000,38.4
2026-03-08 04:00:42.000,38.4
2026-03-08 04:00:42.000,24
2026-03-08 04:00:44.000,24
2026-03-08 04:00:44.000,22.8
2026-03-08 04:00:46.000,22.8
2026-03-08 04:00:46.000,16.8
2026-03-08 04:00:52.000,16.8
2026-03-08 04:00:52.000,18
2026-03-08 04:01:06.000,18
2026-03-08 04:01:06.000,19.2
2026-03-08 04:01:16.000,19.2
2026-03-08 04:01:16.000,18
2026-03-08 04:01:28.000,18
2026-03-08 04:01:28.000,19.2
2026-03-08 04:01:30.000,19.2
2026-03-08 04:01:30.000,20.4
2026-03-08 04:01:32.000,20.4
2026-03-08 04:01:32.000,21.6
2026-03-08 04:01:34.000,21.6
2026-03-08 04:01:34.000,24
2026-03-08 04:01:36.000,24
2026-03-08 04:01:36.000,25.2
2026-03-08 04:01:38.000,25.2
2026-03-08 04:01:38.000,27.6
2026-03-08 04:01:42.000,27.6
2026-03-08 04:01:42.000,28.8
2026-03-08 04:01:44.000,28.8
2026-03-08 04:01:44.000,30
2026-03-08 04:01:46.000,30
2026-03-08 04:01:46.000,31.2
2026-03-08 04:01:48.000,31.2
2026-03-08 04:01:48.000,32.4
2026-03-08 04:01:50.000,32.4
2026-03-08 04:01:50.000,33.6
2026-03-08 04:01:54.000,33.6
2026-03-08 04:01:54.000,34.8
2026-03-08 04:01:58.000,34.8
2026-03-08 04:01:58.000,36
2026-03-08 04:02:02.000,36
2026-03-08 04:02:02.000,37.2
2026-03-08 04:02:22.000,37.2
2026-03-08 04:02:22.000,38.4
2026-03-08 04:02:38.000,38.4
2026-03-08 04:02:38.000,39.6
2026-03-08 04:02:42.000,39.6
2026-03-08 04:02:42.000,40.8
2026-03-08 04:02:46.000,40.8
2026-03-08 04:02:46.000,42
2026-03-08 04:02:54.000,42
2026-03-08 04:02:54.000,43.2
2026-03-08 04:03:06.000,43.2
2026-03-08 04:03:06.000,44.4
2026-03-08 04:03:18.000,44.4
2026-03-08 04:03:18.000,45.6
2026-03-08 04:04:08.000,45.6
2026-03-08 04:04:08.000,46.8
2026-03-08 04:04:10.000,46.8
2026-03-08 04:04:10.000,45.6
2026-03-08 04:04:26.000,45.6
2026-03-08 04:04:26.000,46.8
2026-03-08 04:06:14.000,46.8
2026-03-08 04:06:14.000,45.6
2026-03-08 04:06:16.000,45.6
2026-03-08 04:06:16.000,40.8
2026-03-08 04:06:18.000,40.8
2026-03-08 04:06:18.000,19.2
2026-03-08 04:06:20.000,19.2
2026-03-08 04:06:20.000,16.8
2026-03-08 04:06:22.000,16.8
2026-03-08 04:06:22.000,15.6
2026-03-08 04:06:24.000,15.6
2026-03-08 04:06:24.000,19.2
2026-03-08 04:06:26.000,19.2
2026-03-08 04:06:26.000,16.8
2026-03-08 04:06:28.000,16.8
2026-03-08 04:06:28.000,18
2026-03-08 04:06:30.000,18
2026-03-08 04:06:30.000,16.8
2026-03-08 04:06:32.000,16.8
2026-03-08 04:06:32.000,18
2026-03-08 04:06:34.000,18
2026-03-08 04:06:34.000,16.8
2026-03-08 04:06:36.000,16.8
2026-03-08 04:06:36.000,18
2026-03-08 04:07:06.000,18
2026-03-08 04:07:06.000,16.8
2026-03-08 04:07:30.000,16.8
2026-03-08 04:07:30.000,18
2026-03-08 04:07:36.000,18
2026-03-08 04:07:36.000,19.2
2026-03-08 04:07:38.000,19.2
2026-03-08 04:07:38.000,20.4
2026-03-08 04:07:40.000,20.4
2026-03-08 04:07:40.000,21.6
2026-03-08 04:07:42.000,21.6
2026-03-08 04:07:42.000,24
2026-03-08 04:07:44.000,24
2026-03-08 04:07:44.000,21.6
2026-03-08 04:07:46.000,21.6
2026-03-08 04:07:46.000,22.8
2026-03-08 04:07:48.000,22.8
2026-03-08 04:07:48.000,21.6
2026-03-08 04:07:52.000,21.6
2026-03-08 04:07:52.000,19.2
2026-03-08 04:07:54.000,19.2
2026-03-08 04:07:54.000,18
2026-03-08 04:07:56.000,18
2026-03-08 04:07:56.000,20.4
2026-03-08 04:07:58.000,20.4
2026-03-08 04:07:58.000,19.2
2026-03-08 04:08:02.000,19.2
2026-03-08 04:08:02.000,15.6
2026-03-08 04:08:06.000,15.6
2026-03-08 04:08:06.000,14.4
2026-03-08 04:08:08.000,14.4
2026-03-08 04:08:08.000,13.2
2026-03-08 04:08:12.000,13.2
2026-03-08 04:08:12.000,12
2026-03-08 04:08:22.000,12
2026-03-08 04:08:22.000,13.2
2026-03-08 04:08:24.000,13.2
2026-03-08 04:08:24.000,14.4
2026-03-08 04:08:32.000,14.4
2026-03-08 04:08:32.000,13.2
2026-03-08 04:08:36.000,13.2
2026-03-08 04:08:36.000,12
2026-03-08 04:09:28.000,12
2026-03-08 04:09:28.000,13.2
2026-03-08 04:09:30.000,13.2
2026-03-08 04:09:30.000,12
2026-03-08 04:13:58.000,12
2026-03-08 04:13:58.000,10.8
2026-03-08 04:14:00.000,10.8
2026-03-08 04:14:00.000,12
2026-03-08 04:16:56.000,12
2026-03-08 04:16:56.000,13.2
2026-03-08 04:16:58.000,13.2
2026-03-08 04:16:58.000,12
2026-03-08 04:17:02.000,12
2026-03-08 04:17:02.000,13.2
2026-03-08 04:17:16.000,13.2
2026-03-08 04:17:16.000,16.8
2026-03-08 04:17:18.000,16.8
2026-03-08 04:17:18.000,15.6
2026-03-08 04:17:20.000,15.6
2026-03-08 04:17:20.000,14.4
2026-03-08 04:17:24.000,14.4
2026-03-08 04:17:24.000,15.6
2026-03-08 04:17:30.000,15.6
2026-03-08 04:17:30.000,16.8
2026-03-08 04:17:32.000,16.8
2026-03-08 04:17:32.000,15.6
2026-03-08 04:17:50.000,15.6
2026-03-08 04:17:50.000,16.8
2026-03-08 04:18:12.000,16.8
2026-03-08 04:18:12.000,15.6
2026-03-08 04:18:14.000,15.6
2026-03-08 04:18:14.000,16.8
2026-03-08 04:18:16.000,16.8
2026-03-08 04:18:16.000,15.6
2026-03-08 04:18:20.000,15.6
2026-03-08 04:18:20.000,16.8
2026-03-08 04:18:24.000,16.8
2026-03-08 04:18:24.000,15.6
2026-03-08 04:18:36.000,15.6
2026-03-08 04:18:36.000,16.8
2026-03-08 04:18:38.000,16.8
2026-03-08 04:18:38.000,18
2026-03-08 04:18:40.000,18
2026-03-08 04:18:40.000,19.2
2026-03-08 04:18:44.000,19.2
2026-03-08 04:18:44.000,20.4
2026-03-08 04:18:48.000,20.4
2026-03-08 04:18:48.000,21.6
2026-03-08 04:22:04.000,21.6
2026-03-08 04:22:04.000,20.4
2026-03-08 04:22:08.000,20.4
2026-03-08 04:22:08.000,18
2026-03-08 04:22:14.000,18
2026-03-08 04:22:14.000,16.8
2026-03-08 04:22:36.000,16.8
2026-03-08 04:22:36.000,18
2026-03-08 04:22:42.000,18
2026-03-08 04:22:42.000,16.8
2026-03-08 04:30:08.000,16.8
2026-03-08 04:30:08.000,15.6
2026-03-08 04:30:12.000,15.6
2026-03-08 04:30:12.000,16.8
2026-03-08 04:30:16.000,16.8
2026-03-08 04:30:16.000,15.6
2026-03-08 04:30:22.000,15.6
2026-03-08 04:30:22.000,16.8
2026-03-08 04:30:44.000,16.8
2026-03-08 04:30:44.000,15.6
2026-03-08 04:30:58.000,15.6
2026-03-08 04:30:58.000,16.8
2026-03-08 04:31:00.000,16.8
2026-03-08 04:31:00.000,15.6
2026-03-08 04:31:16.000,15.6
2026-03-08 04:31:16.000,16.8
2026-03-08 04:31:20.000,16.8
2026-03-08 04:31:20.000,15.6
2026-03-08 04:31:22.000,15.6
2026-03-08 04:31:22.000,16.8
2026-03-08 04:31:24.000,16.8
2026-03-08 04:31:24.000,15.6
2026-03-08 04:31:58.000,15.6
2026-03-08 04:31:58.000,16.8
2026-03-08 04:32:00.000,16.8
2026-03-08 04:32:00.000,15.6
2026-03-08 04:32:16.000,15.6
2026-03-08 04:32:16.000,16.8
2026-03-08 04:32:18.000,16.8
2026-03-08 04:32:18.000,21.6
2026-03-08 04:32:20.000,21.6
2026-03-08 04:32:20.000,16.8
2026-03-08 04:32:22.000,16.8
2026-03-08 04:32:22.000,14.4
2026-03-08 04:32:24.000,14.4
2026-03-08 04:32:24.000,15.6
2026-03-08 04:32:26.000,15.6
2026-03-08 04:32:26.000,13.2
2026-03-08 04:32:28.000,13.2
2026-03-08 04:32:28.000,14.4
2026-03-08 04:32:32.000,14.4
2026-03-08 04:32:32.000,15.6
2026-03-08 04:32:34.000,15.6
2026-03-08 04:32:34.000,16.8
2026-03-08 04:32:36.000,16.8
2026-03-08 04:32:36.000,18
2026-03-08 04:32:42.000,18
2026-03-08 04:32:42.000,22.8
2026-03-08 04:32:44.000,22.8
2026-03-08 04:32:44.000,25.2
2026-03-08 04:32:46.000,25.2
2026-03-08 04:32:46.000,27.6
2026-03-08 04:32:52.000,27.6
2026-03-08 04:32:52.000,28.8
2026-03-08 04:33:02.000,28.8
2026-03-08 04:33:02.000,30
2026-03-08 04:33:16.000,30
2026-03-08 04:33:16.000,31.2
2026-03-08 04:34:00.000,31.2
2026-03-08 04:34:00.000,30
2026-03-08 04:34:10.000,30
2026-03-08 04:34:10.000,27.6
2026-03-08 04:34:12.000,27.6
2026-03-08 04:34:12.000,28.8
2026-03-08 04:34:14.000,28.8
2026-03-08 04:34:14.000,20.4
2026-03-08 04:34:16.000,20.4
2026-03-08 04:34:16.000,16.8
2026-03-08 04:34:18.000,16.8
2026-03-08 04:34:18.000,15.6
2026-03-08 04:34:20.000,15.6
2026-03-08 04:34:20.000,12
2026-03-08 04:34:22.000,12
2026-03-08 04:34:22.000,13.2
2026-03-08 04:34:40.000,13.2
2026-03-08 04:34:40.000,14.4
2026-03-08 04:34:42.000,14.4
2026-03-08 04:34:42.000,19.2
2026-03-08 04:34:46.000,19.2
2026-03-08 04:34:46.000,21.6
2026-03-08 04:34:48.000,21.6
2026-03-08 04:34:48.000,22.8
2026-03-08 04:34:52.000,22.8
2026-03-08 04:34:52.000,24
2026-03-08 04:34:56.000,24
2026-03-08 04:34:56.000,25.2
2026-03-08 04:34:58.000,25.2
2026-03-08 04:34:58.000,26.4
2026-03-08 04:35:02.000,26.4
2026-03-08 04:35:02.000,25.2
2026-03-08 04:35:04.000,25.2
2026-03-08 04:35:04.000,24
2026-03-08 04:35:06.000,24
2026-03-08 04:35:06.000,22.8
2026-03-08 04:35:10.000,22.8
2026-03-08 04:35:10.000,24
2026-03-08 04:35:18.000,24
2026-03-08 04:35:18.000,25.2
2026-03-08 04:35:20.000,25.2
2026-03-08 04:35:20.000,26.4
2026-03-08 04:35:26.000,26.4
2026-03-08 04:35:26.000,27.6
2026-03-08 04:35:30.000,27.6
2026-03-08 04:35:30.000,28.8
2026-03-08 04:35:42.000,28.8
2026-03-08 04:35:42.000,26.4
2026-03-08 04:35:44.000,26.4
2026-03-08 04:35:44.000,25.2
2026-03-08 04:35:46.000,25.2
2026-03-08 04:35:46.000,24
2026-03-08 04:35:52.000,24
2026-03-08 04:35:52.000,25.2
2026-03-08 04:35:58.000,25.2
2026-03-08 04:35:58.000,26.4
2026-03-08 04:36:14.000,26.4
2026-03-08 04:36:14.000,27.6
2026-03-08 04:36:18.000,27.6
2026-03-08 04:36:18.000,28.8
2026-03-08 04:36:30.000,28.8
2026-03-08 04:36:30.000,27.6
2026-03-08 04:36:40.000,27.6
2026-03-08 04:36:40.000,28.8
2026-03-08 04:36:58.000,28.8
2026-03-08 04:36:58.000,27.6
2026-03-08 04:37:12.000,27.6
2026-03-08 04:37:12.000,28.8
2026-03-08 04:37:14.000,28.8
2026-03-08 04:37:14.000,30
2026-03-08 04:37:16.000,30
2026-03-08 04:37:16.000,31.2
2026-03-08 04:37:18.000,31.2
2026-03-08 04:37:18.000,32.4
2026-03-08 04:37:20.000,32.4
2026-03-08 04:37:20.000,33.6
2026-03-08 04:37:22.000,33.6
2026-03-08 04:37:22.000,31.2
2026-03-08 04:37:24.000,31.2
2026-03-08 04:37:24.000,27.6
2026-03-08 04:37:26.000,27.6
2026-03-08 04:37:26.000,22.8
2026-03-08 04:37:28.000,22.8
2026-03-08 04:37:28.000,20.4
2026-03-08 04:37:30.000,20.4
2026-03-08 04:37:30.000,18
2026-03-08 04:37:32.000,18
2026-03-08 04:37:32.000,16.8
2026-03-08 04:37:36.000,16.8
2026-03-08 04:37:36.000,15.6
2026-03-08 04:37:40.000,15.6
2026-03-08 04:37:40.000,14.4
2026-03-08 04:37:42.000,14.4
2026-03-08 04:37:42.000,15.6
2026-03-08 04:37:48.000,15.6
2026-03-08 04:37:48.000,16.8
2026-03-08 04:37:52.000,16.8
2026-03-08 04:37:52.000,18
2026-03-08 04:38:00.000,18
2026-03-08 04:38:00.000,19.2
2026-03-08 04:38:06.000,19.2
2026-03-08 04:38:06.000,20.4
2026-03-08 04:38:12.000,20.4
2026-03-08 04:38:12.000,21.6
2026-03-08 04:38:18.000,21.6
2026-03-08 04:38:18.000,20.4
2026-03-08 04:38:20.000,20.4
2026-03-08 04:38:20.000,19.2
2026-03-08 04:38:22.000,19.2
2026-03-08 04:38:22.000,20.4
2026-03-08 04:38:24.000,20.4
2026-03-08 04:38:24.000,22.8
2026-03-08 04:38:26.000,22.8
2026-03-08 04:38:26.000,25.2
2026-03-08 04:38:30.000,25.2
2026-03-08 04:38:30.000,26.4
2026-03-08 04:38:42.000,26.4
2026-03-08 04:38:42.000,27.6
2026-03-08 04:39:04.000,27.6
2026-03-08 04:39:04.000,26.4
2026-03-08 04:39:24.000,26.4
2026-03-08 04:39:24.000,27.6
2026-03-08 04:39:28.000,27.6
2026-03-08 04:39:28.000,28.8
2026-03-08 04:39:30.000,28.8
2026-03-08 04:39:30.000,27.6
2026-03-08 04:39:32.000,27.6
2026-03-08 04:39:32.000,28.8
2026-03-08 04:39:36.000,28.8
2026-03-08 04:39:36.000,27.6
2026-03-08 04:39:38.000,27.6
2026-03-08 04:39:38.000,28.8
2026-03-08 04:39:40.000,28.8
2026-03-08 04:39:40.000,27.6
2026-03-08 04:39:44.000,27.6
2026-03-08 04:39:44.000,26.4
2026-03-08 04:39:46.000,26.4
2026-03-08 04:39:46.000,21.6
2026-03-08 04:39:48.000,21.6
2026-03-08 04:39:48.000,24
2026-03-08 04:39:50.000,24
2026-03-08 04:39:50.000,20.4
2026-03-08 04:40:00.000,20.4
2026-03-08 04:40:00.000,19.2
2026-03-08 04:40:02.000,19.2
2026-03-08 04:40:02.000,20.4
2026-03-08 04:40:20.000,20.4
2026-03-08 04:40:20.000,21.6
2026-03-08 04:41:34.000,21.6
2026-03-08 04:41:34.000,22.8
2026-03-08 04:41:36.000,22.8
2026-03-08 04:41:36.000,21.6
2026-03-08 04:41:42.000,21.6
2026-03-08 04:41:42.000,20.4
2026-03-08 04:41:46.000,20.4
2026-03-08 04:41:46.000,19.2
2026-03-08 04:41:50.000,19.2
2026-03-08 04:41:50.000,18
2026-03-08 04:41:52.000,18
2026-03-08 04:41:52.000,19.2
2026-03-08 04:41:54.000,19.2
2026-03-08 04:41:54.000,18
2026-03-08 04:41:56.000,18
2026-03-08 04:41:56.000,19.2
2026-03-08 04:42:00.000,19.2
2026-03-08 04:42:00.000,20.4
2026-03-08 04:42:08.000,20.4
2026-03-08 04:42:08.000,21.6
2026-03-08 04:42:22.000,21.6
2026-03-08 04:42:22.000,22.8
2026-03-08 04:42:36.000,22.8
2026-03-08 04:42:36.000,24
2026-03-08 04:42:44.000,24
2026-03-08 04:42:44.000,25.2
2026-03-08 04:43:24.000,25.2
2026-03-08 04:43:24.000,24
2026-03-08 04:43:26.000,24
2026-03-08 04:43:26.000,7.2
2026-03-08 04:43:28.000,7.2
2026-03-08 04:43:28.000,24
2026-03-08 04:43:30.000,24
2026-03-08 04:43:30.000,7.2
2026-03-08 04:43:32.000,7.2
2026-03-08 04:43:32.000,14.4
2026-03-08 04:43:36.000,14.4
2026-03-08 04:43:36.000,15.6
2026-03-08 04:43:38.000,15.6
2026-03-08 04:43:38.000,14.4
2026-03-08 04:43:40.000,14.4
2026-03-08 04:43:40.000,16.8
2026-03-08 04:43:42.000,16.8
2026-03-08 04:43:42.000,21.6
2026-03-08 04:43:44.000,21.6
2026-03-08 04:43:44.000,28.8
2026-03-08 04:43:46.000,28.8
2026-03-08 04:43:46.000,36
2026-03-08 04:43:48.000,36
2026-03-08 04:43:48.000,40.8
2026-03-08 04:43:50.000,40.8
2026-03-08 04:43:50.000,42
2026-03-08 04:43:52.000,42
2026-03-08 04:43:52.000,43.2
2026-03-08 04:43:54.000,43.2
2026-03-08 04:43:54.000,44.4
2026-03-08 04:43:56.000,44.4
2026-03-08 04:43:56.000,43.2
2026-03-08 04:44:00.000,43.2
2026-03-08 04:44:00.000,42
2026-03-08 04:44:28.000,42
2026-03-08 04:44:28.000,40.8
2026-03-08 04:44:48.000,40.8
2026-03-08 04:44:48.000,39.6
2026-03-08 04:44:50.000,39.6
2026-03-08 04:44:50.000,36
2026-03-08 04:44:52.000,36
2026-03-08 04:44:52.000,24
2026-03-08 04:44:54.000,24
2026-03-08 04:44:54.000,18
2026-03-08 04:44:56.000,18
2026-03-08 04:44:56.000,12
2026-03-08 04:44:58.000,12
2026-03-08 04:44:58.000,14.4
2026-03-08 04:45:00.000,14.4
2026-03-08 04:45:00.000,10.8
2026-03-08 04:45:02.000,10.8
2026-03-08 04:45:02.000,13.2
2026-03-08 04:45:04.000,13.2
2026-03-08 04:45:04.000,10.8
2026-03-08 04:45:06.000,10.8
2026-03-08 04:45:06.000,12
2026-03-08 04:45:12.000,12
2026-03-08 04:45:12.000,13.2
2026-03-08 04:45:14.000,13.2
2026-03-08 04:45:14.000,14.4
2026-03-08 04:45:16.000,14.4
2026-03-08 04:45:16.000,15.6
2026-03-08 04:45:24.000,15.6
2026-03-08 04:45:24.000,14.4
2026-03-08 04:45:32.000,14.4
2026-03-08 04:45:32.000,13.2
2026-03-08 04:45:38.000,13.2
2026-03-08 04:45:38.000,14.4
2026-03-08 04:45:40.000,14.4
2026-03-08 04:45:40.000,15.6
2026-03-08 04:45:42.000,15.6
2026-03-08 04:45:42.000,18
2026-03-08 04:45:46.000,18
2026-03-08 04:45:46.000,19.2
2026-03-08 04:45:50.000,19.2
2026-03-08 04:45:50.000,20.4
2026-03-08 04:45:52.000,20.4
2026-03-08 04:45:52.000,19.2
2026-03-08 04:45:54.000,19.2
2026-03-08 04:45:54.000,20.4
2026-03-08 04:46:04.000,20.4
2026-03-08 04:46:04.000,21.6
2026-03-08 04:46:12.000,21.6
2026-03-08 04:46:12.000,20.4
2026-03-08 04:46:16.000,20.4
2026-03-08 04:46:16.000,18
2026-03-08 04:46:20.000,18
2026-03-08 04:46:20.000,16.8
2026-03-08 04:46:36.000,16.8
2026-03-08 04:46:36.000,18
2026-03-08 04:46:48.000,18
2026-03-08 04:46:48.000,19.2
2026-03-08 04:46:50.000,19.2
2026-03-08 04:46:50.000,20.4
2026-03-08 04:46:52.000,20.4
2026-03-08 04:46:52.000,22.8
2026-03-08 04:46:56.000,22.8
2026-03-08 04:46:56.000,24
2026-03-08 04:46:58.000,24
2026-03-08 04:46:58.000,25.2
2026-03-08 04:47:00.000,25.2
2026-03-08 04:47:00.000,24
2026-03-08 04:47:46.000,24
2026-03-08 04:47:46.000,25.2
2026-03-08 04:47:56.000,25.2
2026-03-08 04:47:56.000,24
2026-03-08 04:48:00.000,24
2026-03-08 04:48:00.000,22.8
2026-03-08 04:48:04.000,22.8
2026-03-08 04:48:04.000,21.6
2026-03-08 04:48:12.000,21.6
2026-03-08 04:48:12.000,22.8
2026-03-08 04:48:26.000,22.8
2026-03-08 04:48:26.000,24
2026-03-08 04:48:32.000,24
2026-03-08 04:48:32.000,25.2
2026-03-08 04:48:42.000,25.2
2026-03-08 04:48:42.000,26.4
2026-03-08 04:49:08.000,26.4
2026-03-08 04:49:08.000,25.2
2026-03-08 04:49:16.000,25.2
2026-03-08 04:49:16.000,26.4
2026-03-08 04:49:20.000,26.4
2026-03-08 04:49:20.000,25.2
2026-03-08 04:49:22.000,25.2
2026-03-08 04:49:22.000,26.4
2026-03-08 04:49:36.000,26.4
2026-03-08 04:49:36.000,25.2
2026-03-08 04:49:40.000,25.2
2026-03-08 04:49:40.000,24
2026-03-08 04:49:50.000,24
2026-03-08 04:49:50.000,22.8
2026-03-08 04:49:54.000,22.8
2026-03-08 04:49:54.000,24
2026-03-08 04:49:56.000,24
2026-03-08 04:49:56.000,25.2
2026-03-08 04:50:02.000,25.2
2026-03-08 04:50:02.000,26.4
2026-03-08 04:50:06.000,26.4
2026-03-08 04:50:06.000,27.6
2026-03-08 04:50:22.000,27.6
2026-03-08 04:50:22.000,26.4
2026-03-08 04:50:30.000,26.4
2026-03-08 04:50:30.000,25.2
2026-03-08 04:50:38.000,25.2
2026-03-08 04:50:38.000,24
2026-03-08 04:50:50.000,24
2026-03-08 04:50:50.000,25.2
2026-03-08 04:51:08.000,25.2
2026-03-08 04:51:08.000,24
2026-03-08 04:51:10.000,24
2026-03-08 04:51:10.000,19.2
2026-03-08 04:51:14.000,19.2
2026-03-08 04:51:14.000,14.4
2026-03-08 04:51:16.000,14.4
2026-03-08 04:51:16.000,18
2026-03-08 04:51:18.000,18
2026-03-08 04:51:18.000,14.4
2026-03-08 04:51:26.000,14.4
2026-03-08 04:51:26.000,13.2
2026-03-08 04:51:38.000,13.2
2026-03-08 04:51:38.000,14.4
2026-03-08 04:51:44.000,14.4
2026-03-08 04:51:44.000,15.6
2026-03-08 04:51:46.000,15.6
2026-03-08 04:51:46.000,18
2026-03-08 04:51:48.000,18
2026-03-08 04:51:48.000,19.2
2026-03-08 04:51:50.000,19.2
2026-03-08 04:51:50.000,20.4
2026-03-08 04:51:52.000,20.4
2026-03-08 04:51:52.000,22.8
2026-03-08 04:51:54.000,22.8
2026-03-08 04:51:54.000,19.2
2026-03-08 04:51:56.000,19.2
2026-03-08 04:51:56.000,18
2026-03-08 04:51:58.000,18
2026-03-08 04:51:58.000,14.4
2026-03-08 04:52:00.000,14.4
2026-03-08 04:52:00.000,15.6
2026-03-08 04:52:02.000,15.6
2026-03-08 04:52:02.000,14.4
2026-03-08 04:52:10.000,14.4
2026-03-08 04:52:10.000,13.2
2026-03-08 04:52:14.000,13.2
2026-03-08 04:52:14.000,14.4
2026-03-08 04:52:26.000,14.4
2026-03-08 04:52:26.000,13.2
2026-03-08 04:52:32.000,13.2
2026-03-08 04:52:32.000,14.4
2026-03-08 04:52:34.000,14.4
2026-03-08 04:52:34.000,21.6
2026-03-08 04:52:36.000,21.6
2026-03-08 04:52:36.000,27.6
2026-03-08 04:52:38.000,27.6
2026-03-08 04:52:38.000,36
2026-03-08 04:52:40.000,36
2026-03-08 04:52:40.000,33.6
2026-03-08 04:52:42.000,33.6
2026-03-08 04:52:42.000,38.4
2026-03-08 04:52:44.000,38.4
2026-03-08 04:52:44.000,34.8
2026-03-08 04:52:46.000,34.8
2026-03-08 04:52:46.000,36
2026-03-08 04:52:48.000,36
2026-03-08 04:52:48.000,33.6
2026-03-08 04:52:50.000,33.6
2026-03-08 04:52:50.000,31.2
2026-03-08 04:52:52.000,31.2
2026-03-08 04:52:52.000,27.6
2026-03-08 04:52:54.000,27.6
2026-03-08 04:52:54.000,25.2
2026-03-08 04:52:58.000,25.2
2026-03-08 04:52:58.000,24
2026-03-08 04:53:00.000,24
2026-03-08 04:53:00.000,25.2
2026-03-08 04:53:02.000,25.2
2026-03-08 04:53:02.000,24
2026-03-08 04:53:04.000,24
2026-03-08 04:53:04.000,25.2
2026-03-08 04:53:08.000,25.2
2026-03-08 04:53:08.000,26.4
2026-03-08 04:53:10.000,26.4
2026-03-08 04:53:10.000,27.6
2026-03-08 04:53:12.000,27.6
2026-03-08 04:53:12.000,24
2026-03-08 04:53:14.000,24
2026-03-08 04:53:14.000,21.6
2026-03-08 04:53:16.000,21.6
2026-03-08 04:53:16.000,14.4
2026-03-08 04:53:20.000,14.4
2026-03-08 04:53:20.000,8.4
2026-03-08 04:53:36.000,8.4
2026-03-08 04:53:36.000,9.6
2026-03-08 04:53:38.000,9.6
2026-03-08 04:53:38.000,14.4
2026-03-08 04:53:40.000,14.4
2026-03-08 04:53:40.000,15.6
2026-03-08 04:53:42.000,15.6
2026-03-08 04:53:42.000,18
2026-03-08 04:53:44.000,18
2026-03-08 04:53:44.000,20.4
2026-03-08 04:53:48.000,20.4
2026-03-08 04:53:48.000,21.6
2026-03-08 04:53:50.000,21.6
2026-03-08 04:53:50.000,22.8
2026-03-08 04:53:52.000,22.8
2026-03-08 04:53:52.000,24
2026-03-08 04:53:56.000,24
2026-03-08 04:53:56.000,25.2
2026-03-08 04:53:58.000,25.2
2026-03-08 04:53:58.000,26.4
2026-03-08 04:54:02.000,26.4
2026-03-08 04:54:02.000,27.6
2026-03-08 04:54:04.000,27.6
2026-03-08 04:54:04.000,21.6
2026-03-08 04:54:06.000,21.6
2026-03-08 04:54:06.000,10.8
2026-03-08 04:54:08.000,10.8
2026-03-08 04:54:08.000,6
2026-03-08 04:54:10.000,6
2026-03-08 04:54:10.000,15.6
2026-03-08 04:54:12.000,15.6
2026-03-08 04:54:12.000,9.6
2026-03-08 04:54:16.000,9.6
2026-03-08 04:54:16.000,8.4
2026-03-08 04:54:26.000,8.4
2026-03-08 04:54:26.000,9.6
2026-03-08 04:54:40.000,9.6
2026-03-08 04:54:40.000,10.8
2026-03-08 04:54:42.000,10.8
2026-03-08 04:54:42.000,12
2026-03-08 04:54:44.000,12
2026-03-08 04:54:44.000,13.2
2026-03-08 04:54:46.000,13.2
2026-03-08 04:54:46.000,15.6
2026-03-08 04:54:48.000,15.6
2026-03-08 04:54:48.000,16.8
2026-03-08 04:54:50.000,16.8
2026-03-08 04:54:50.000,19.2
2026-03-08 04:54:52.000,19.2
2026-03-08 04:54:52.000,21.6
2026-03-08 04:54:54.000,21.6
2026-03-08 04:54:54.000,22.8
2026-03-08 04:54:58.000,22.8
2026-03-08 04:54:58.000,25.2
2026-03-08 04:55:02.000,25.2
2026-03-08 04:55:02.000,26.4
2026-03-08 04:55:06.000,26.4
2026-03-08 04:55:06.000,27.6
2026-03-08 04:55:18.000,27.6
2026-03-08 04:55:18.000,28.8
2026-03-08 04:55:20.000,28.8
2026-03-08 04:55:20.000,30
2026-03-08 04:55:26.000,30
2026-03-08 04:55:26.000,28.8
2026-03-08 04:55:30.000,28.8
2026-03-08 04:55:30.000,27.6
2026-03-08 04:56:00.000,27.6
2026-03-08 04:56:00.000,26.4
2026-03-08 04:56:04.000,26.4
2026-03-08 04:56:04.000,22.8
2026-03-08 04:56:06.000,22.8
2026-03-08 04:56:06.000,20.4
2026-03-08 04:56:08.000,20.4
2026-03-08 04:56:08.000,13.2
2026-03-08 04:56:12.000,13.2
2026-03-08 04:56:12.000,9.6
2026-03-08 04:56:14.000,9.6
2026-03-08 04:56:14.000,12
2026-03-08 04:56:16.000,12
2026-03-08 04:56:16.000,9.6
2026-03-08 04:56:18.000,9.6
2026-03-08 04:56:18.000,10.8
2026-03-08 04:56:20.000,10.8
2026-03-08 04:56:20.000,9.6
2026-03-08 04:56:22.000,9.6
2026-03-08 04:56:22.000,10.8
2026-03-08 04:56:30.000,10.8
2026-03-08 04:56:30.000,12
2026-03-08 04:56:32.000,12
2026-03-08 04:56:32.000,10.8
2026-03-08 04:56:36.000,10.8
2026-03-08 04:56:36.000,9.6
2026-03-08 04:56:40.000,9.6
2026-03-08 04:56:40.000,8.4
2026-03-08 04:57:06.000,8.4
2026-03-08 04:57:06.000,9.6
2026-03-08 04:57:16.000,9.6
2026-03-08 04:57:16.000,8.4
2026-03-08 04:57:18.000,8.4
2026-03-08 04:57:18.000,7.2
2026-03-08 04:57:20.000,7.2
2026-03-08 04:57:20.000,3.6
2026-03-08 04:57:24.000,3.6
2026-03-08 04:57:24.000,1.2
2026-03-08 04:57:32.000,1.2
2026-03-08 04:57:32.000,0
2026-03-08 04:57:34.000,0
2026-03-08 04:57:34.000,1.2
2026-03-08 04:57:44.000,1.2
2026-03-08 04:57:44.000,4.8
2026-03-08 04:57:46.000,4.8
2026-03-08 04:57:46.000,0
2026-03-08 04:57:48.000,0
2026-03-08 04:57:48.000,15.6
2026-03-08 04:57:50.000,15.6
2026-03-08 04:57:50.000,6
2026-03-08 04:57:52.000,6
2026-03-08 04:57:52.000,10.8
2026-03-08 04:57:54.000,10.8
2026-03-08 04:57:54.000,9.6
2026-03-08 04:58:00.000,9.6
2026-03-08 04:58:00.000,10.8
2026-03-08 04:58:16.000,10.8
2026-03-08 04:58:16.000,12
2026-03-08 04:58:22.000,12
2026-03-08 04:58:22.000,13.2
2026-03-08 04:58:24.000,13.2
2026-03-08 04:58:24.000,12
2026-03-08 04:58:26.000,12
2026-03-08 04:58:26.000,14.4
2026-03-08 04:58:28.000,14.4
2026-03-08 04:58:28.000,13.2
2026-03-08 04:58:40.000,13.2
2026-03-08 04:58:40.000,14.4
2026-03-08 04:59:22.000,14.4
2026-03-08 04:59:22.000,15.6
2026-03-08 04:59:34.000,15.6
2026-03-08 04:59:34.000,14.4
2026-03-08 04:59:36.000,14.4
2026-03-08 04:59:36.000,15.6
2026-03-08 04:59:38.000,15.6
2026-03-08 04:59:38.000,14.4
2026-03-08 04:59:40.000,14.4
2026-03-08 04:59:40.000,15.6
2026-03-08 04:59:42.000,15.6
2026-03-08 04:59:42.000,14.4
2026-03-08 05:00:36.000,14.4
2026-03-08 05:00:36.000,15.6
2026-03-08 05:00:38.000,15.6
2026-03-08 05:00:38.000,14.4
2026-03-08 05:01:16.000,14.4
2026-03-08 05:01:16.000,13.2
2026-03-08 05:01:18.000,13.2
2026-03-08 05:01:18.000,14.4
2026-03-08 05:01:52.000,14.4
2026-03-08 05:01:52.000,15.6
2026-03-08 05:01:58.000,15.6
2026-03-08 05:01:58.000,14.4
2026-03-08 05:02:00.000,14.4
2026-03-08 05:02:00.000,13.2
2026-03-08 05:02:08.000,13.2
2026-03-08 05:02:08.000,12
2026-03-08 05:02:10.000,12
2026-03-08 05:02:10.000,13.2
2026-03-08 05:02:14.000,13.2
2026-03-08 05:02:14.000,12
2026-03-08 05:02:20.000,12
2026-03-08 05:02:20.000,13.2
2026-03-08 05:02:22.000,13.2
2026-03-08 05:02:22.000,12
2026-03-08 05:02:24.000,12
2026-03-08 05:02:24.000,13.2
2026-03-08 05:02:30.000,13.2
2026-03-08 05:02:30.000,12
2026-03-08 05:02:36.000,12
2026-03-08 05:02:36.000,13.2
2026-03-08 05:02:44.000,13.2
2026-03-08 05:02:44.000,14.4
2026-03-08 05:02:46.000,14.4
2026-03-08 05:02:46.000,13.2
2026-03-08 05:02:48.000,13.2
2026-03-08 05:02:48.000,15.6
2026-03-08 05:02:50.000,15.6
2026-03-08 05:02:50.000,13.2
2026-03-08 05:02:58.000,13.2
2026-03-08 05:02:58.000,12
2026-03-08 05:03:10.000,12
2026-03-08 05:03:10.000,13.2
2026-03-08 05:03:20.000,13.2
2026-03-08 05:03:20.000,12
2026-03-08 05:03:30.000,12
2026-03-08 05:03:30.000,13.2
2026-03-08 05:03:32.000,13.2
2026-03-08 05:03:32.000,16.8
2026-03-08 05:03:34.000,16.8
2026-03-08 05:03:34.000,15.6
2026-03-08 05:03:36.000,15.6
2026-03-08 05:03:36.000,8.4
2026-03-08 05:03:38.000,8.4
2026-03-08 05:03:38.000,13.2
2026-03-08 05:03:40.000,13.2
2026-03-08 05:03:40.000,9.6
2026-03-08 05:03:42.000,9.6
2026-03-08 05:03:42.000,8.4
2026-03-08 05:03:44.000,8.4
2026-03-08 05:03:44.000,7.2
2026-03-08 05:03:46.000,7.2
2026-03-08 05:03:46.000,8.4
2026-03-08 05:03:48.000,8.4
2026-03-08 05:03:48.000,10.8
2026-03-08 05:03:52.000,10.8
2026-03-08 05:03:52.000,12
2026-03-08 05:03:56.000,12
2026-03-08 05:03:56.000,13.2
2026-03-08 05:04:02.000,13.2
2026-03-08 05:04:02.000,14.4
2026-03-08 05:04:10.000,14.4
2026-03-08 05:04:10.000,13.2
2026-03-08 05:05:30.000,13.2
2026-03-08 05:05:30.000,14.4
2026-03-08 05:05:32.000,14.4
2026-03-08 05:05:32.000,13.2
2026-03-08 05:05:42.000,13.2
2026-03-08 05:05:42.000,12
2026-03-08 05:05:52.000,12
2026-03-08 05:05:52.000,13.2
2026-03-08 05:06:16.000,13.2
2026-03-08 05:06:16.000,12
2026-03-08 05:06:18.000,12
2026-03-08 05:06:18.000,13.2
2026-03-08 05:06:50.000,13.2
2026-03-08 05:06:50.000,12
2026-03-08 05:06:54.000,12
2026-03-08 05:06:54.000,13.2
2026-03-08 05:07:06.000,13.2
2026-03-08 05:07:06.000,12
2026-03-08 05:07:10.000,12
2026-03-08 05:07:10.000,13.2
2026-03-08 05:07:18.000,13.2
2026-03-08 05:07:18.000,14.4
2026-03-08 05:07:20.000,14.4
2026-03-08 05:07:20.000,13.2
2026-03-08 05:08:04.000,13.2
2026-03-08 05:08:04.000,14.4
2026-03-08 05:08:14.000,14.4
2026-03-08 05:08:14.000,13.2
2026-03-08 05:08:40.000,13.2
2026-03-08 05:08:40.000,14.4
2026-03-08 05:08:42.000,14.4
2026-03-08 05:08:42.000,15.6
2026-03-08 05:08:48.000,15.6
2026-03-08 05:08:48.000,18
2026-03-08 05:08:50.000,18
2026-03-08 05:08:50.000,13.2
2026-03-08 05:08:54.000,13.2
2026-03-08 05:08:54.000,12
2026-03-08 05:08:56.000,12
2026-03-08 05:08:56.000,10.8
2026-03-08 05:09:02.000,10.8
2026-03-08 05:09:02.000,12
2026-03-08 05:09:06.000,12
2026-03-08 05:09:06.000,10.8
2026-03-08 05:09:10.000,10.8
2026-03-08 05:09:10.000,12
2026-03-08 05:09:16.000,12
2026-03-08 05:09:16.000,13.2
2026-03-08 05:09:18.000,13.2
2026-03-08 05:09:18.000,15.6
2026-03-08 05:09:20.000,15.6
2026-03-08 05:09:20.000,14.4
2026-03-08 05:09:24.000,14.4
2026-03-08 05:09:24.000,13.2
2026-03-08 05:09:26.000,13.2
2026-03-08 05:09:26.000,14.4
2026-03-08 05:09:28.000,14.4
2026-03-08 05:09:28.000,15.6
2026-03-08 05:09:34.000,15.6
2026-03-08 05:09:34.000,14.4
2026-03-08 05:09:40.000,14.4
2026-03-08 05:09:40.000,13.2
2026-03-08 05:09:50.000,13.2
2026-03-08 05:09:50.000,15.6
2026-03-08 05:09:52.000,15.6
2026-03-08 05:09:52.000,16.8
2026-03-08 05:09:54.000,16.8
2026-03-08 05:09:54.000,18
2026-03-08 05:09:56.000,18
2026-03-08 05:09:56.000,20.4
2026-03-08 05:10:00.000,20.4
2026-03-08 05:10:00.000,21.6
2026-03-08 05:10:02.000,21.6
2026-03-08 05:10:02.000,20.4
2026-03-08 05:10:08.000,20.4
2026-03-08 05:10:08.000,21.6
2026-03-08 05:10:10.000,21.6
2026-03-08 05:10:10.000,22.8
2026-03-08 05:10:14.000,22.8
2026-03-08 05:10:14.000,25.2
2026-03-08 05:10:16.000,25.2
2026-03-08 05:10:16.000,26.4
2026-03-08 05:10:20.000,26.4
2026-03-08 05:10:20.000,27.6
2026-03-08 05:10:22.000,27.6
2026-03-08 05:10:22.000,28.8
2026-03-08 05:10:26.000,28.8
2026-03-08 05:10:26.000,31.2
2026-03-08 05:10:28.000,31.2
2026-03-08 05:10:28.000,33.6
2026-03-08 05:10:30.000,33.6
2026-03-08 05:10:30.000,32.4
2026-03-08 05:10:32.000,32.4
2026-03-08 05:10:32.000,30
2026-03-08 05:10:34.000,30
2026-03-08 05:10:34.000,27.6
2026-03-08 05:10:38.000,27.6
2026-03-08 05:10:38.000,30
2026-03-08 05:10:40.000,30
2026-03-08 05:10:40.000,32.4
2026-03-08 05:10:42.000,32.4
2026-03-08 05:10:42.000,33.6
2026-03-08 05:10:44.000,33.6
2026-03-08 05:10:44.000,36
2026-03-08 05:10:46.000,36
2026-03-08 05:10:46.000,37.2
2026-03-08 05:10:50.000,37.2
2026-03-08 05:10:50.000,38.4
2026-03-08 05:10:56.000,38.4
2026-03-08 05:10:56.000,36
2026-03-08 05:10:58.000,36
2026-03-08 05:10:58.000,30
2026-03-08 05:11:00.000,30
2026-03-08 05:11:00.000,26.4
2026-03-08 05:11:02.000,26.4
2026-03-08 05:11:02.000,14.4
2026-03-08 05:11:06.000,14.4
2026-03-08 05:11:06.000,12
2026-03-08 05:11:08.000,12
2026-03-08 05:11:08.000,13.2
2026-03-08 05:11:10.000,13.2
2026-03-08 05:11:10.000,12
2026-03-08 05:11:12.000,12
2026-03-08 05:11:12.000,13.2
2026-03-08 05:11:16.000,13.2
2026-03-08 05:11:16.000,12
2026-03-08 05:11:40.000,12
2026-03-08 05:11:40.000,13.2
2026-03-08 05:11:58.000,13.2
2026-03-08 05:11:58.000,12
2026-03-08 05:12:38.000,12
2026-03-08 05:12:38.000,13.2
2026-03-08 05:12:46.000,13.2
2026-03-08 05:12:46.000,12
2026-03-08 05:13:10.000,12
2026-03-08 05:13:10.000,13.2
2026-03-08 05:13:22.000,13.2
2026-03-08 05:13:22.000,14.4
2026-03-08 05:13:30.000,14.4
2026-03-08 05:13:30.000,15.6
2026-03-08 05:13:40.000,15.6
2026-03-08 05:13:40.000,16.8
2026-03-08 05:13:54.000,16.8
2026-03-08 05:13:54.000,15.6
2026-03-08 05:14:12.000,15.6
2026-03-08 05:14:12.000,18
2026-03-08 05:14:14.000,18
2026-03-08 05:14:14.000,14.4
2026-03-08 05:14:16.000,14.4
2026-03-08 05:14:16.000,15.6
2026-03-08 05:14:18.000,15.6
2026-03-08 05:14:18.000,19.2
2026-03-08 05:14:20.000,19.2
2026-03-08 05:14:20.000,20.4
2026-03-08 05:14:22.000,20.4
2026-03-08 05:14:22.000,15.6
2026-03-08 05:14:24.000,15.6
2026-03-08 05:14:24.000,12
2026-03-08 05:14:26.000,12
2026-03-08 05:14:26.000,9.6
2026-03-08 05:14:28.000,9.6
2026-03-08 05:14:28.000,12
2026-03-08 05:14:30.000,12
2026-03-08 05:14:30.000,14.4
2026-03-08 05:14:36.000,14.4
2026-03-08 05:14:36.000,16.8
2026-03-08 05:14:38.000,16.8
2026-03-08 05:14:38.000,19.2
2026-03-08 05:14:40.000,19.2
2026-03-08 05:14:40.000,30
2026-03-08 05:14:42.000,30
2026-03-08 05:14:42.000,9.6
2026-03-08 05:14:44.000,9.6
2026-03-08 05:14:44.000,14.4
2026-03-08 05:14:46.000,14.4
2026-03-08 05:14:46.000,9.6
2026-03-08 05:14:48.000,9.6
2026-03-08 05:14:48.000,10.8
2026-03-08 05:14:50.000,10.8
2026-03-08 05:14:50.000,13.2
2026-03-08 05:14:54.000,13.2
2026-03-08 05:14:54.000,14.4
2026-03-08 05:14:56.000,14.4
2026-03-08 05:14:56.000,15.6
2026-03-08 05:15:02.000,15.6
2026-03-08 05:15:02.000,16.8
2026-03-08 05:15:06.000,16.8
2026-03-08 05:15:06.000,18
2026-03-08 05:15:20.000,18
2026-03-08 05:15:20.000,16.8
2026-03-08 05:15:34.000,16.8
2026-03-08 05:15:34.000,18
2026-03-08 05:15:36.000,18
2026-03-08 05:15:36.000,19.2
2026-03-08 05:15:42.000,19.2
2026-03-08 05:15:42.000,18
2026-03-08 05:16:00.000,18
2026-03-08 05:16:00.000,19.2
2026-03-08 05:16:10.000,19.2
2026-03-08 05:16:10.000,18
2026-03-08 05:16:16.000,18
2026-03-08 05:16:16.000,15.6
2026-03-08 05:16:28.000,15.6
2026-03-08 05:16:28.000,16.8
2026-03-08 05:16:30.000,16.8
2026-03-08 05:16:30.000,15.6
2026-03-08 05:16:42.000,15.6
2026-03-08 05:16:42.000,14.4
2026-03-08 05:16:54.000,14.4
2026-03-08 05:16:54.000,15.6
2026-03-08 05:17:00.000,15.6
2026-03-08 05:17:00.000,14.4
2026-03-08 05:17:30.000,14.4
2026-03-08 05:17:30.000,15.6
2026-03-08 05:17:34.000,15.6
2026-03-08 05:17:34.000,14.4
2026-03-08 05:18:38.000,14.4
2026-03-08 05:18:38.000,13.2
2026-03-08 05:18:42.000,13.2
2026-03-08 05:18:42.000,14.4
2026-03-08 05:18:46.000,14.4
2026-03-08 05:18:46.000,15.6
2026-03-08 05:18:50.000,15.6
2026-03-08 05:18:50.000,14.4
2026-03-08 05:19:08.000,14.4
2026-03-08 05:19:08.000,15.6
2026-03-08 05:19:18.000,15.6
2026-03-08 05:19:18.000,14.4
2026-03-08 05:19:28.000,14.4
2026-03-08 05:19:28.000,13.2
2026-03-08 05:19:30.000,13.2
2026-03-08 05:19:30.000,14.4
2026-03-08 05:19:32.000,14.4
2026-03-08 05:19:32.000,13.2
2026-03-08 05:19:36.000,13.2
2026-03-08 05:19:36.000,14.4
2026-03-08 05:19:48.000,14.4
2026-03-08 05:19:48.000,15.6
2026-03-08 05:19:58.000,15.6
2026-03-08 05:19:58.000,16.8
2026-03-08 05:20:00.000,16.8
2026-03-08 05:20:00.000,15.6
2026-03-08 05:20:02.000,15.6
2026-03-08 05:20:02.000,14.4
2026-03-08 05:20:18.000,14.4
2026-03-08 05:20:18.000,15.6
2026-03-08 05:20:56.000,15.6
2026-03-08 05:20:56.000,16.8
2026-03-08 05:21:02.000,16.8
2026-03-08 05:21:02.000,15.6
2026-03-08 05:21:06.000,15.6
2026-03-08 05:21:06.000,14.4
2026-03-08 05:21:08.000,14.4
2026-03-08 05:21:08.000,15.6
2026-03-08 05:21:12.000,15.6
2026-03-08 05:21:12.000,14.4
2026-03-08 05:21:14.000,14.4
2026-03-08 05:21:14.000,13.2
2026-03-08 05:21:16.000,13.2
2026-03-08 05:21:16.000,15.6
2026-03-08 05:21:18.000,15.6
2026-03-08 05:21:18.000,13.2
2026-03-08 05:21:20.000,13.2
2026-03-08 05:21:20.000,9.6
2026-03-08 05:21:22.000,9.6
2026-03-08 05:21:22.000,8.4
2026-03-08 05:21:24.000,8.4
2026-03-08 05:21:24.000,9.6
2026-03-08 05:21:26.000,9.6
2026-03-08 05:21:26.000,6
2026-03-08 05:21:28.000,6
2026-03-08 05:21:28.000,4.8
2026-03-08 05:21:30.000,4.8
2026-03-08 05:21:30.000,3.6
2026-03-08 05:21:38.000,3.6
2026-03-08 05:21:38.000,2.4
2026-03-08 05:21:44.000,2.4
2026-03-08 05:21:44.000,3.6
2026-03-08 05:21:48.000,3.6
2026-03-08 05:21:48.000,4.8
2026-03-08 05:21:52.000,4.8
2026-03-08 05:21:52.000,3.6
2026-03-08 05:21:58.000,3.6
2026-03-08 05:21:58.000,2.4
2026-03-08 05:22:26.000,2.4
2026-03-08 05:22:26.000,3.6
2026-03-08 05:22:32.000,3.6
2026-03-08 05:22:32.000,2.4
2026-03-08 05:22:42.000,2.4
2026-03-08 05:22:42.000,1.2
2026-03-08 05:22:44.000,1.2
2026-03-08 05:22:44.000,2.4
2026-03-08 05:22:54.000,2.4
2026-03-08 05:22:54.000,1.2
2026-03-08 05:22:56.000,1.2
2026-03-08 05:22:56.000,2.4
2026-03-08 05:23:00.000,2.4
2026-03-08 05:23:00.000,3.6
2026-03-08 05:23:08.000,3.6
2026-03-08 05:23:08.000,2.4
2026-03-08 05:23:16.000,2.4
2026-03-08 05:23:16.000,1.2
2026-03-08 05:23:18.000,1.2
2026-03-08 05:23:18.000,2.4
2026-03-08 05:23:20.000,2.4
2026-03-08 05:23:20.000,1.2
2026-03-08 05:23:34.000,1.2
2026-03-08 05:23:34.000,2.4
2026-03-08 05:24:12.000,2.4
2026-03-08 05:24:12.000,1.2
2026-03-08 05:24:32.000,1.2
2026-03-08 05:24:32.000,2.4
2026-03-08 05:24:44.000,2.4
2026-03-08 05:24:44.000,1.2
2026-03-08 05:24:46.000,1.2
2026-03-08 05:24:46.000,2.4
2026-03-08 05:24:50.000,2.4
2026-03-08 05:24:50.000,1.2
2026-03-08 05:24:58.000,1.2
2026-03-08 05:24:58.000,2.4
2026-03-08 05:25:02.000,2.4
2026-03-08 05:25:02.000,1.2
2026-03-08 05:25:04.000,1.2
2026-03-08 05:25:04.000,2.4
2026-03-08 05:25:12.000,2.4
2026-03-08 05:25:12.000,1.2
2026-03-08 05:25:34.000,1.2
2026-03-08 05:25:34.000,2.4
2026-03-08 05:25:36.000,2.4
2026-03-08 05:25:36.000,1.2
2026-03-08 05:26:00.000,1.2
2026-03-08 05:26:00.000,2.4
2026-03-08 05:26:04.000,2.4
2026-03-08 05:26:04.000,3.6
2026-03-08 05:26:06.000,3.6
2026-03-08 05:26:06.000,4.8
2026-03-08 05:26:12.000,4.8
2026-03-08 05:26:12.000,1.2
2026-03-08 05:26:14.000,1.2
2026-03-08 05:26:14.000,6
2026-03-08 05:26:16.000,6
2026-03-08 05:26:16.000,7.2
2026-03-08 05:26:18.000,7.2
2026-03-08 05:26:18.000,9.6
2026-03-08 05:26:20.000,9.6
2026-03-08 05:26:20.000,8.4
2026-03-08 05:26:22.000,8.4
2026-03-08 05:26:22.000,10.8
2026-03-08 05:26:24.000,10.8
2026-03-08 05:26:24.000,12
2026-03-08 05:26:26.000,12
2026-03-08 05:26:26.000,15.6
2026-03-08 05:26:28.000,15.6
2026-03-08 05:26:28.000,18
2026-03-08 05:26:30.000,18
2026-03-08 05:26:30.000,21.6
2026-03-08 05:26:32.000,21.6
2026-03-08 05:26:32.000,26.4
2026-03-08 05:26:36.000,26.4
2026-03-08 05:26:36.000,28.8
2026-03-08 05:26:40.000,28.8
2026-03-08 05:26:40.000,30
2026-03-08 05:26:44.000,30
2026-03-08 05:26:44.000,31.2
2026-03-08 05:26:48.000,31.2
2026-03-08 05:26:48.000,32.4
2026-03-08 05:26:58.000,32.4
2026-03-08 05:26:58.000,33.6
2026-03-08 05:27:02.000,33.6
2026-03-08 05:27:02.000,32.4
2026-03-08 05:27:08.000,32.4
2026-03-08 05:27:08.000,33.6
2026-03-08 05:27:10.000,33.6
2026-03-08 05:27:10.000,32.4
2026-03-08 05:27:16.000,32.4
2026-03-08 05:27:16.000,33.6
2026-03-08 05:27:24.000,33.6
2026-03-08 05:27:24.000,34.8
2026-03-08 05:27:42.000,34.8
2026-03-08 05:27:42.000,36
2026-03-08 05:27:44.000,36
2026-03-08 05:27:44.000,34.8
2026-03-08 05:27:46.000,34.8
2026-03-08 05:27:46.000,36
2026-03-08 05:28:50.000,36
2026-03-08 05:28:50.000,34.8
2026-03-08 05:28:56.000,34.8
2026-03-08 05:28:56.000,36
2026-03-08 05:29:20.000,36
2026-03-08 05:29:20.000,34.8
2026-03-08 05:29:22.000,34.8
2026-03-08 05:29:22.000,33.6
2026-03-08 05:29:26.000,33.6
2026-03-08 05:29:26.000,28.8
2026-03-08 05:29:28.000,28.8
2026-03-08 05:29:28.000,22.8
2026-03-08 05:29:30.000,22.8
2026-03-08 05:29:30.000,9.6
2026-03-08 05:29:32.000,9.6
2026-03-08 05:29:32.000,6
2026-03-08 05:29:34.000,6
2026-03-08 05:29:34.000,4.8
2026-03-08 05:29:36.000,4.8
2026-03-08 05:29:36.000,10.8
2026-03-08 05:29:38.000,10.8
2026-03-08 05:29:38.000,8.4
2026-03-08 05:29:42.000,8.4
2026-03-08 05:29:42.000,9.6
2026-03-08 05:29:44.000,9.6
2026-03-08 05:29:44.000,12
2026-03-08 05:29:46.000,12
2026-03-08 05:29:46.000,15.6
2026-03-08 05:29:50.000,15.6
2026-03-08 05:29:50.000,19.2
2026-03-08 05:29:54.000,19.2
2026-03-08 05:29:54.000,20.4
2026-03-08 05:29:56.000,20.4
2026-03-08 05:29:56.000,21.6
2026-03-08 05:29:58.000,21.6
2026-03-08 05:29:58.000,22.8
2026-03-08 05:30:04.000,22.8
2026-03-08 05:30:04.000,24
2026-03-08 05:30:08.000,24
2026-03-08 05:30:08.000,25.2
2026-03-08 05:30:12.000,25.2
2026-03-08 05:30:12.000,26.4
2026-03-08 05:30:14.000,26.4
2026-03-08 05:30:14.000,27.6
2026-03-08 05:30:16.000,27.6
2026-03-08 05:30:16.000,30
2026-03-08 05:30:18.000,30
2026-03-08 05:30:18.000,33.6
2026-03-08 05:30:20.000,33.6
2026-03-08 05:30:20.000,36
2026-03-08 05:30:22.000,36
2026-03-08 05:30:22.000,38.4
2026-03-08 05:30:24.000,38.4
2026-03-08 05:30:24.000,40.8
2026-03-08 05:30:28.000,40.8
2026-03-08 05:30:28.000,43.2
2026-03-08 05:30:32.000,43.2
2026-03-08 05:30:32.000,44.4
2026-03-08 05:30:52.000,44.4
2026-03-08 05:30:52.000,45.6
2026-03-08 05:31:04.000,45.6
2026-03-08 05:31:04.000,44.4
2026-03-08 05:31:06.000,44.4
2026-03-08 05:31:06.000,32.4
2026-03-08 05:31:08.000,32.4
2026-03-08 05:31:08.000,19.2
2026-03-08 05:31:10.000,19.2
2026-03-08 05:31:10.000,26.4
2026-03-08 05:31:12.000,26.4
2026-03-08 05:31:12.000,9.6
2026-03-08 05:31:14.000,9.6
2026-03-08 05:31:14.000,10.8
2026-03-08 05:31:16.000,10.8
2026-03-08 05:31:16.000,14.4
2026-03-08 05:31:18.000,14.4
2026-03-08 05:31:18.000,10.8
2026-03-08 05:31:20.000,10.8
2026-03-08 05:31:20.000,12
2026-03-08 05:31:30.000,12
2026-03-08 05:31:30.000,10.8
2026-03-08 05:31:40.000,10.8
2026-03-08 05:31:40.000,12
2026-03-08 05:31:58.000,12
2026-03-08 05:31:58.000,10.8
2026-03-08 05:32:32.000,10.8
2026-03-08 05:32:32.000,12
2026-03-08 05:32:44.000,12
2026-03-08 05:32:44.000,10.8
2026-03-08 05:33:00.000,10.8
2026-03-08 05:33:00.000,12
2026-03-08 05:33:02.000,12
2026-03-08 05:33:02.000,10.8
2026-03-08 05:33:04.000,10.8
2026-03-08 05:33:04.000,12
2026-03-08 05:33:14.000,12
2026-03-08 05:33:14.000,10.8
2026-03-08 05:33:30.000,10.8
2026-03-08 05:33:30.000,12
2026-03-08 05:33:34.000,12
2026-03-08 05:33:34.000,13.2
2026-03-08 05:33:36.000,13.2
2026-03-08 05:33:36.000,14.4
2026-03-08 05:33:38.000,14.4
2026-03-08 05:33:38.000,12
2026-03-08 05:33:40.000,12
2026-03-08 05:33:40.000,8.4
2026-03-08 05:33:44.000,8.4
2026-03-08 05:33:44.000,4.8
2026-03-08 05:33:46.000,4.8
2026-03-08 05:33:46.000,6
2026-03-08 05:33:48.000,6
2026-03-08 05:33:48.000,4.8
2026-03-08 05:33:58.000,4.8
2026-03-08 05:33:58.000,3.6
2026-03-08 05:34:00.000,3.6
2026-03-08 05:34:00.000,4.8
2026-03-08 05:34:02.000,4.8
2026-03-08 05:34:02.000,3.6
2026-03-08 05:34:06.000,3.6
2026-03-08 05:34:06.000,4.8
2026-03-08 05:34:08.000,4.8
2026-03-08 05:34:08.000,3.6
2026-03-08 05:34:12.000,3.6
2026-03-08 05:34:12.000,4.8
2026-03-08 05:34:18.000,4.8
2026-03-08 05:34:18.000,7.2
2026-03-08 05:34:20.000,7.2
2026-03-08 05:34:20.000,3.6
2026-03-08 05:34:22.000,3.6
2026-03-08 05:34:22.000,1.2
2026-03-08 05:34:24.000,1.2
2026-03-08 05:34:24.000,6
2026-03-08 05:34:26.000,6
2026-03-08 05:34:26.000,3.6
2026-03-08 05:34:28.000,3.6
2026-03-08 05:34:28.000,4.8
2026-03-08 05:34:30.000,4.8
2026-03-08 05:34:30.000,3.6
2026-03-08 05:34:34.000,3.6
2026-03-08 05:34:34.000,2.4
2026-03-08 05:34:40.000,2.4
2026-03-08 05:34:40.000,3.6
2026-03-08 05:34:58.000,3.6
2026-03-08 05:34:58.000,4.8
2026-03-08 05:35:00.000,4.8
2026-03-08 05:35:00.000,3.6
2026-03-08 05:35:18.000,3.6
2026-03-08 05:35:18.000,4.8
2026-03-08 05:35:42.000,4.8
2026-03-08 05:35:42.000,3.6
2026-03-08 05:36:04.000,3.6
2026-03-08 05:36:04.000,4.8
2026-03-08 05:36:22.000,4.8
2026-03-08 05:36:22.000,3.6
2026-03-08 05:37:54.000,3.6
2026-03-08 05:37:54.000,4.8
2026-03-08 05:38:02.000,4.8
2026-03-08 05:38:02.000,3.6
2026-03-08 05:38:20.000,3.6
2026-03-08 05:38:20.000,2.4
2026-03-08 05:38:24.000,2.4
2026-03-08 05:38:24.000,3.6
2026-03-08 05:38:38.000,3.6
2026-03-08 05:38:38.000,4.8
2026-03-08 05:38:42.000,4.8
2026-03-08 05:38:42.000,3.6
2026-03-08 05:39:00.000,3.6
2026-03-08 05:39:00.000,2.4
2026-03-08 05:39:02.000,2.4
2026-03-08 05:39:02.000,3.6
2026-03-08 05:39:54.000,3.6
2026-03-08 05:39:54.000,2.4
2026-03-08 05:40:20.000,2.4
2026-03-08 05:40:20.000,1.2
2026-03-08 05:40:22.000,1.2
2026-03-08 05:40:22.000,2.4
2026-03-08 05:41:18.000,2.4
2026-03-08 05:41:18.000,1.2
2026-03-08 05:41:22.000,1.2
2026-03-08 05:41:22.000,2.4
2026-03-08 05:42:08.000,2.4
2026-03-08 05:42:08.000,3.6
2026-03-08 05:42:10.000,3.6
2026-03-08 05:42:10.000,4.8
2026-03-08 05:42:12.000,4.8
2026-03-08 05:42:12.000,6
2026-03-08 05:42:14.000,6
2026-03-08 05:42:14.000,7.2
2026-03-08 05:42:16.000,7.2
2026-03-08 05:42:16.000,8.4
2026-03-08 05:42:20.000,8.4
2026-03-08 05:42:20.000,9.6
2026-03-08 05:42:22.000,9.6
2026-03-08 05:42:22.000,10.8
2026-03-08 05:42:24.000,10.8
2026-03-08 05:42:24.000,8.4
2026-03-08 05:42:28.000,8.4
2026-03-08 05:42:28.000,2.4
2026-03-08 05:42:32.000,2.4
2026-03-08 05:42:32.000,1.2
2026-03-08 05:42:36.000,1.2
2026-03-08 05:42:36.000,0
2026-03-08 05:42:38.000,0
2026-03-08 05:42:38.000,1.2
2026-03-08 05:42:50.000,1.2
2026-03-08 05:42:50.000,2.4
2026-03-08 05:42:54.000,2.4
2026-03-08 05:42:54.000,1.2
2026-03-08 05:42:56.000,1.2
2026-03-08 05:42:56.000,2.4
2026-03-08 05:43:12.000,2.4
2026-03-08 05:43:12.000,1.2
2026-03-08 05:43:32.000,1.2
2026-03-08 05:43:32.000,2.4
2026-03-08 05:43:34.000,2.4
2026-03-08 05:43:34.000,1.2
2026-03-08 05:44:18.000,1.2
2026-03-08 05:44:18.000,2.4
2026-03-08 05:44:30.000,2.4
2026-03-08 05:44:30.000,3.6
2026-03-08 05:44:36.000,3.6
2026-03-08 05:44:36.000,4.8
2026-03-08 05:44:38.000,4.8
2026-03-08 05:44:38.000,2.4
2026-03-08 05:44:42.000,2.4
2026-03-08 05:44:42.000,1.2
2026-03-08 05:46:08.000,1.2
2026-03-08 05:46:08.000,2.4
2026-03-08 05:46:14.000,2.4
2026-03-08 05:46:14.000,3.6
2026-03-08 05:46:32.000,3.6
2026-03-08 05:46:32.000,4.8
2026-03-08 05:47:02.000,4.8
2026-03-08 05:47:02.000,6
2026-03-08 05:47:58.000,6
2026-03-08 05:47:58.000,7.2
2026-03-08 05:48:00.000,7.2
2026-03-08 05:48:00.000,6
2026-03-08 05:48:02.000,6
2026-03-08 05:48:02.000,7.2
2026-03-08 05:48:06.000,7.2
2026-03-08 05:48:06.000,6
2026-03-08 05:48:10.000,6
2026-03-08 05:48:10.000,7.2
2026-03-08 05:49:04.000,7.2
2026-03-08 05:49:04.000,8.4
2026-03-08 05:49:32.000,8.4
2026-03-08 05:49:32.000,7.2
2026-03-08 05:49:34.000,7.2
2026-03-08 05:49:34.000,8.4
2026-03-08 05:49:48.000,8.4
2026-03-08 05:49:48.000,7.2
2026-03-08 05:49:50.000,7.2
2026-03-08 05:49:50.000,8.4
2026-03-08 05:50:46.000,8.4
2026-03-08 05:50:46.000,9.6
2026-03-08 05:50:48.000,9.6
2026-03-08 05:50:48.000,8.4
2026-03-08 05:50:52.000,8.4
2026-03-08 05:50:52.000,9.6
2026-03-08 05:50:54.000,9.6
2026-03-08 05:50:54.000,8.4
2026-03-08 05:51:02.000,8.4
2026-03-08 05:51:02.000,9.6
2026-03-08 05:51:04.000,9.6
2026-03-08 05:51:04.000,8.4
2026-03-08 05:51:30.000,8.4
2026-03-08 05:51:30.000,9.6
2026-03-08 05:51:32.000,9.6
2026-03-08 05:51:32.000,8.4
2026-03-08 05:51:36.000,8.4
2026-03-08 05:51:36.000,9.6
2026-03-08 05:51:50.000,9.6
2026-03-08 05:51:50.000,10.8
2026-03-08 05:51:52.000,10.8
2026-03-08 05:51:52.000,9.6
2026-03-08 05:51:58.000,9.6
2026-03-08 05:51:58.000,8.4
2026-03-08 05:52:02.000,8.4
2026-03-08 05:52:02.000,7.2
2026-03-08 05:52:04.000,7.2
2026-03-08 05:52:04.000,3.6
2026-03-08 05:52:06.000,3.6
2026-03-08 05:52:06.000,4.8
2026-03-08 05:52:08.000,4.8
2026-03-08 05:52:08.000,2.4
2026-03-08 05:52:12.000,2.4
2026-03-08 05:52:12.000,1.2
2026-03-08 05:52:54.000,1.2
2026-03-08 05:52:54.000,0
2026-03-08 05:52:56.000,0
2026-03-08 05:52:56.000,1.2
2026-03-08 05:53:54.000,1.2
2026-03-08 05:53:54.000,0
2026-03-08 05:54:12.000,0
2026-03-08 05:54:12.000,1.2
2026-03-08 05:54:16.000,1.2
2026-03-08 05:54:16.000,0
2026-03-08 05:54:20.000,0
2026-03-08 05:54:20.000,1.2
2026-03-08 05:54:42.000,1.2
2026-03-08 05:54:42.000,0
2026-03-08 05:55:02.000,0
2026-03-08 05:55:02.000,1.2
2026-03-08 05:55:24.000,1.2
2026-03-08 05:55:24.000,0
2026-03-08 05:55:54.000,0
2026-03-08 05:55:54.000,1.2
2026-03-08 05:56:00.000,1.2
2026-03-08 05:56:00.000,0
2026-03-08 05:56:06.000,0
2026-03-08 05:56:06.000,1.2
2026-03-08 05:56:08.000,1.2
2026-03-08 05:56:08.000,0
2026-03-08 05:56:18.000,0
2026-03-08 05:56:18.000,1.2
2026-03-08 05:56:20.000,1.2
2026-03-08 05:56:20.000,0
2026-03-08 05:56:42.000,0
2026-03-08 05:56:42.000,1.2
2026-03-08 05:56:58.000,1.2
2026-03-08 05:56:58.000,2.4
2026-03-08 05:57:22.000,2.4
2026-03-08 05:57:22.000,3.6
2026-03-08 05:57:50.000,3.6
2026-03-08 05:57:50.000,4.8
2026-03-08 05:58:16.000,4.8
2026-03-08 05:58:16.000,6
2026-03-08 05:58:20.000,6
2026-03-08 05:58:20.000,4.8
2026-03-08 05:58:36.000,4.8
2026-03-08 05:58:36.000,6
2026-03-08 05:59:24.000,6
2026-03-08 05:59:24.000,7.2
2026-03-08 05:59:46.000,7.2
2026-03-08 05:59:46.000,8.4
2026-03-08 06:02:18.000,8.4
2026-03-08 06:02:18.000,9.6
2026-03-08 06:02:26.000,9.6
2026-03-08 06:02:26.000,8.4
2026-03-08 06:02:36.000,8.4
2026-03-08 06:02:36.000,9.6
2026-03-08 06:02:38.000,9.6
2026-03-08 06:02:38.000,8.4
2026-03-08 06:02:40.000,8.4
2026-03-08 06:02:40.000,9.6
2026-03-08 06:03:06.000,9.6
2026-03-08 06:03:06.000,8.4
2026-03-08 06:03:08.000,8.4
2026-03-08 06:03:08.000,9.6
2026-03-08 06:09:30.000,9.6
2026-03-08 06:09:30.000,10.8
2026-03-08 06:09:32.000,10.8
2026-03-08 06:09:32.000,9.6
2026-03-08 06:10:42.000,9.6
2026-03-08 06:10:42.000,10.8
2026-03-08 06:10:46.000,10.8
2026-03-08 06:10:46.000,9.6
2026-03-08 06:11:22.000,9.6
2026-03-08 06:11:22.000,10.8
2026-03-08 06:12:08.000,10.8
2026-03-08 06:12:08.000,9.6
2026-03-08 06:12:10.000,9.6
2026-03-08 06:12:10.000,10.8
2026-03-08 06:12:12.000,10.8
2026-03-08 06:12:12.000,8.4
2026-03-08 06:12:14.000,8.4
2026-03-08 06:12:14.000,9.6
2026-03-08 06:12:16.000,9.6
2026-03-08 06:12:16.000,10.8
2026-03-08 06:12:18.000,10.8
2026-03-08 06:12:18.000,8.4
2026-03-08 06:12:22.000,8.4
2026-03-08 06:12:22.000,9.6
2026-03-08 06:12:24.000,9.6
2026-03-08 06:12:24.000,8.4
2026-03-08 06:12:28.000,8.4
2026-03-08 06:12:28.000,6
2026-03-08 06:12:30.000,6
2026-03-08 06:12:30.000,7.2
2026-03-08 06:12:38.000,7.2
2026-03-08 06:12:38.000,8.4
2026-03-08 06:12:52.000,8.4
2026-03-08 06:12:52.000,9.6
2026-03-08 06:12:54.000,9.6
2026-03-08 06:12:54.000,10.8
2026-03-08 06:12:56.000,10.8
2026-03-08 06:12:56.000,13.2
2026-03-08 06:12:58.000,13.2
2026-03-08 06:12:58.000,14.4
2026-03-08 06:13:00.000,14.4
2026-03-08 06:13:00.000,16.8
2026-03-08 06:13:02.000,16.8
2026-03-08 06:13:02.000,18
2026-03-08 06:13:04.000,18
2026-03-08 06:13:04.000,21.6
2026-03-08 06:13:06.000,21.6
2026-03-08 06:13:06.000,25.2
2026-03-08 06:13:08.000,25.2
2026-03-08 06:13:08.000,27.6
2026-03-08 06:13:10.000,27.6
2026-03-08 06:13:10.000,30
2026-03-08 06:13:12.000,30
2026-03-08 06:13:12.000,32.4
2026-03-08 06:13:16.000,32.4
2026-03-08 06:13:16.000,33.6
2026-03-08 06:13:18.000,33.6
2026-03-08 06:13:18.000,34.8
2026-03-08 06:13:22.000,34.8
2026-03-08 06:13:22.000,33.6
2026-03-08 06:13:26.000,33.6
2026-03-08 06:13:26.000,32.4
2026-03-08 06:13:28.000,32.4
2026-03-08 06:13:28.000,30
2026-03-08 06:13:32.000,30
2026-03-08 06:13:32.000,28.8
2026-03-08 06:13:36.000,28.8
2026-03-08 06:13:36.000,27.6
2026-03-08 06:13:46.000,27.6
2026-03-08 06:13:46.000,28.8
2026-03-08 06:14:36.000,28.8
2026-03-08 06:14:36.000,30
2026-03-08 06:14:52.000,30
2026-03-08 06:14:52.000,28.8
2026-03-08 06:15:14.000,28.8
2026-03-08 06:15:14.000,30
2026-03-08 06:15:16.000,30
2026-03-08 06:15:16.000,28.8
2026-03-08 06:15:26.000,28.8
2026-03-08 06:15:26.000,30
2026-03-08 06:16:18.000,30
2026-03-08 06:16:18.000,28.8
2026-03-08 06:16:20.000,28.8
2026-03-08 06:16:20.000,30
2026-03-08 06:18:16.000,30
2026-03-08 06:18:16.000,31.2
2026-03-08 06:19:48.000,31.2
2026-03-08 06:19:48.000,32.4
2026-03-08 06:19:50.000,32.4
2026-03-08 06:19:50.000,31.2
2026-03-08 06:19:54.000,31.2
2026-03-08 06:19:54.000,32.4
2026-03-08 06:19:56.000,32.4
2026-03-08 06:19:56.000,31.2
2026-03-08 06:20:04.000,31.2
2026-03-08 06:20:04.000,32.4
2026-03-08 06:20:18.000,32.4
2026-03-08 06:20:18.000,31.2
2026-03-08 06:20:22.000,31.2
2026-03-08 06:20:22.000,32.4
2026-03-08 06:20:28.000,32.4
2026-03-08 06:20:28.000,31.2
2026-03-08 06:20:30.000,31.2
2026-03-08 06:20:30.000,32.4
2026-03-08 06:21:04.000,32.4
2026-03-08 06:21:04.000,30
2026-03-08 06:21:08.000,30
2026-03-08 06:21:08.000,25.2
2026-03-08 06:21:10.000,25.2
2026-03-08 06:21:10.000,24
2026-03-08 06:21:12.000,24
2026-03-08 06:21:12.000,7.2
2026-03-08 06:21:14.000,7.2
2026-03-08 06:21:14.000,10.8
2026-03-08 06:21:16.000,10.8
2026-03-08 06:21:16.000,6
2026-03-08 06:21:18.000,6
2026-03-08 06:21:18.000,7.2
2026-03-08 06:21:30.000,7.2
2026-03-08 06:21:30.000,8.4
2026-03-08 06:21:34.000,8.4
2026-03-08 06:21:34.000,9.6
2026-03-08 06:21:36.000,9.6
2026-03-08 06:21:36.000,8.4
2026-03-08 06:21:38.000,8.4
2026-03-08 06:21:38.000,9.6
2026-03-08 06:21:40.000,9.6
2026-03-08 06:21:40.000,7.2
2026-03-08 06:21:44.000,7.2
2026-03-08 06:21:44.000,6
2026-03-08 06:22:06.000,6
2026-03-08 06:22:06.000,7.2
2026-03-08 06:22:32.000,7.2
2026-03-08 06:22:32.000,6
2026-03-08 06:24:10.000,6
2026-03-08 06:24:10.000,4.8
2026-03-08 06:24:20.000,4.8
2026-03-08 06:24:20.000,6
2026-03-08 06:24:26.000,6
2026-03-08 06:24:26.000,4.8
2026-03-08 06:26:10.000,4.8
2026-03-08 06:26:10.000,3.6
2026-03-08 06:26:56.000,3.6
2026-03-08 06:26:56.000,6
2026-03-08 06:26:58.000,6
2026-03-08 06:26:58.000,9.6
2026-03-08 06:27:00.000,9.6
2026-03-08 06:27:00.000,6
2026-03-08 06:27:04.000,6
2026-03-08 06:27:04.000,1.2
2026-03-08 06:27:06.000,1.2
2026-03-08 06:27:06.000,2.4
2026-03-08 06:27:08.000,2.4
2026-03-08 06:27:08.000,3.6
2026-03-08 06:27:10.000,3.6
2026-03-08 06:27:10.000,2.4
2026-03-08 06:27:12.000,2.4
2026-03-08 06:27:12.000,3.6
2026-03-08 06:27:14.000,3.6
2026-03-08 06:27:14.000,4.8
2026-03-08 06:27:16.000,4.8
2026-03-08 06:27:16.000,6
2026-03-08 06:27:18.000,6
2026-03-08 06:27:18.000,7.2
2026-03-08 06:27:22.000,7.2
2026-03-08 06:27:22.000,8.4
2026-03-08 06:28:18.000,8.4
2026-03-08 06:28:18.000,9.6
2026-03-08 06:28:28.000,9.6
2026-03-08 06:28:28.000,8.4
2026-03-08 06:28:56.000,8.4
2026-03-08 06:28:56.000,9.6
2026-03-08 06:28:58.000,9.6
2026-03-08 06:28:58.000,8.4
2026-03-08 06:29:26.000,8.4
2026-03-08 06:29:26.000,9.6
2026-03-08 06:29:30.000,9.6
2026-03-08 06:29:30.000,8.4
2026-03-08 06:30:32.000,8.4
2026-03-08 06:30:32.000,9.6
2026-03-08 06:30:34.000,9.6
2026-03-08 06:30:34.000,8.4
2026-03-08 06:30:46.000,8.4
2026-03-08 06:30:46.000,9.6
2026-03-08 06:30:48.000,9.6
2026-03-08 06:30:48.000,8.4
2026-03-08 06:31:14.000,8.4
2026-03-08 06:31:14.000,9.6
2026-03-08 06:31:28.000,9.6
2026-03-08 06:31:28.000,8.4
2026-03-08 06:32:08.000,8.4
2026-03-08 06:32:08.000,9.6
2026-03-08 06:32:24.000,9.6
2026-03-08 06:32:24.000,8.4
2026-03-08 06:32:56.000,8.4
2026-03-08 06:32:56.000,9.6
2026-03-08 06:33:12.000,9.6
2026-03-08 06:33:12.000,8.4
2026-03-08 06:33:44.000,8.4
2026-03-08 06:33:44.000,9.6
2026-03-08 06:33:56.000,9.6
2026-03-08 06:33:56.000,8.4
2026-03-08 06:34:30.000,8.4
2026-03-08 06:34:30.000,9.6
2026-03-08 06:34:44.000,9.6
2026-03-08 06:34:44.000,8.4
2026-03-08 06:35:18.000,8.4
2026-03-08 06:35:18.000,9.6
2026-03-08 06:35:30.000,9.6
2026-03-08 06:35:30.000,8.4
2026-03-08 06:36:02.000,8.4
2026-03-08 06:36:02.000,9.6
2026-03-08 06:36:14.000,9.6
2026-03-08 06:36:14.000,8.4
2026-03-08 06:36:46.000,8.4
2026-03-08 06:36:46.000,9.6
2026-03-08 06:37:00.000,9.6
2026-03-08 06:37:00.000,8.4
2026-03-08 06:37:36.000,8.4
2026-03-08 06:37:36.000,9.6
2026-03-08 06:37:48.000,9.6
2026-03-08 06:37:48.000,8.4
2026-03-08 06:38:24.000,8.4
2026-03-08 06:38:24.000,9.6
2026-03-08 06:38:40.000,9.6
2026-03-08 06:38:40.000,8.4
2026-03-08 06:39:16.000,8.4
2026-03-08 06:39:16.000,9.6
2026-03-08 06:39:28.000,9.6
2026-03-08 06:39:28.000,8.4
2026-03-08 06:40:06.000,8.4
2026-03-08 06:40:06.000,9.6
2026-03-08 06:40:18.000,9.6
2026-03-08 06:40:18.000,8.4
2026-03-08 06:40:54.000,8.4
2026-03-08 06:40:54.000,9.6
2026-03-08 06:41:08.000,9.6
2026-03-08 06:41:08.000,8.4
2026-03-08 06:41:44.000,8.4
2026-03-08 06:41:44.000,9.6
2026-03-08 06:42:02.000,9.6
2026-03-08 06:42:02.000,10.8
2026-03-08 06:42:18.000,10.8
2026-03-08 06:42:18.000,9.6
2026-03-08 06:42:32.000,9.6
2026-03-08 06:42:32.000,10.8
2026-03-08 06:42:34.000,10.8
2026-03-08 06:42:34.000,12
2026-03-08 06:42:36.000,12
2026-03-08 06:42:36.000,15.6
2026-03-08 06:42:38.000,15.6
2026-03-08 06:42:38.000,9.6
2026-03-08 06:42:40.000,9.6
2026-03-08 06:42:40.000,12
2026-03-08 06:42:42.000,12
2026-03-08 06:42:42.000,9.6
2026-03-08 06:42:44.000,9.6
2026-03-08 06:42:44.000,12
2026-03-08 06:42:46.000,12
2026-03-08 06:42:46.000,8.4
2026-03-08 06:42:48.000,8.4
2026-03-08 06:42:48.000,9.6
2026-03-08 06:42:50.000,9.6
2026-03-08 06:42:50.000,8.4
2026-03-08 06:42:56.000,8.4
2026-03-08 06:42:56.000,9.6
2026-03-08 06:43:06.000,9.6
2026-03-08 06:43:06.000,10.8
2026-03-08 06:43:12.000,10.8
2026-03-08 06:43:12.000,12
2026-03-08 06:43:22.000,12
2026-03-08 06:43:22.000,10.8
2026-03-08 06:43:30.000,10.8
2026-03-08 06:43:30.000,9.6
2026-03-08 06:43:42.000,9.6
2026-03-08 06:43:42.000,10.8
2026-03-08 06:43:54.000,10.8
2026-03-08 06:43:54.000,12
2026-03-08 06:44:06.000,12
2026-03-08 06:44:06.000,10.8
2026-03-08 06:44:38.000,10.8
2026-03-08 06:44:38.000,12
2026-03-08 06:44:50.000,12
2026-03-08 06:44:50.000,10.8
2026-03-08 06:45:22.000,10.8
2026-03-08 06:45:22.000,12
2026-03-08 06:45:36.000,12
2026-03-08 06:45:36.000,10.8
2026-03-08 06:46:04.000,10.8
2026-03-08 06:46:04.000,12
2026-03-08 06:46:06.000,12
2026-03-08 06:46:06.000,10.8
2026-03-08 06:46:22.000,10.8
2026-03-08 06:46:22.000,12
2026-03-08 06:46:26.000,12
2026-03-08 06:46:26.000,14.4
2026-03-08 06:46:30.000,14.4
2026-03-08 06:46:30.000,7.2
2026-03-08 06:46:32.000,7.2
2026-03-08 06:46:32.000,4.8
2026-03-08 06:46:34.000,4.8
2026-03-08 06:46:34.000,2.4
2026-03-08 06:46:36.000,2.4
2026-03-08 06:46:36.000,4.8
2026-03-08 06:46:38.000,4.8
2026-03-08 06:46:38.000,6
2026-03-08 06:46:42.000,6
2026-03-08 06:46:42.000,7.2
2026-03-08 06:46:48.000,7.2
2026-03-08 06:46:48.000,9.6
2026-03-08 06:46:50.000,9.6
2026-03-08 06:46:50.000,8.4
2026-03-08 06:46:52.000,8.4
2026-03-08 06:46:52.000,13.2
2026-03-08 06:46:54.000,13.2
2026-03-08 06:46:54.000,10.8
2026-03-08 06:46:56.000,10.8
2026-03-08 06:46:56.000,13.2
2026-03-08 06:46:58.000,13.2
2026-03-08 06:46:58.000,12
2026-03-08 06:47:00.000,12
2026-03-08 06:47:00.000,10.8
2026-03-08 06:47:02.000,10.8
2026-03-08 06:47:02.000,9.6
2026-03-08 06:47:04.000,9.6
2026-03-08 06:47:04.000,7.2
2026-03-08 06:47:06.000,7.2
2026-03-08 06:47:06.000,9.6
2026-03-08 06:47:08.000,9.6
2026-03-08 06:47:08.000,8.4
2026-03-08 06:47:12.000,8.4
2026-03-08 06:47:12.000,7.2
2026-03-08 06:47:26.000,7.2
2026-03-08 06:47:26.000,8.4
2026-03-08 06:47:32.000,8.4
2026-03-08 06:47:32.000,9.6
2026-03-08 06:47:44.000,9.6
2026-03-08 06:47:44.000,8.4
2026-03-08 06:48:12.000,8.4
2026-03-08 06:48:12.000,9.6
2026-03-08 06:48:24.000,9.6
2026-03-08 06:48:24.000,8.4
2026-03-08 06:48:40.000,8.4
2026-03-08 06:48:40.000,7.2
2026-03-08 06:48:44.000,7.2
2026-03-08 06:48:44.000,8.4
2026-03-08 06:48:58.000,8.4
2026-03-08 06:48:58.000,9.6
2026-03-08 06:49:00.000,9.6
2026-03-08 06:49:00.000,10.8
2026-03-08 06:49:06.000,10.8
2026-03-08 06:49:06.000,9.6
2026-03-08 06:49:10.000,9.6
2026-03-08 06:49:10.000,8.4
2026-03-08 06:49:12.000,8.4
2026-03-08 06:49:12.000,7.2
2026-03-08 06:49:32.000,7.2
2026-03-08 06:49:32.000,8.4
2026-03-08 06:49:42.000,8.4
2026-03-08 06:49:42.000,9.6
2026-03-08 06:49:52.000,9.6
2026-03-08 06:49:52.000,8.4
2026-03-08 06:50:02.000,8.4
2026-03-08 06:50:02.000,7.2
2026-03-08 06:50:14.000,7.2
2026-03-08 06:50:14.000,8.4
2026-03-08 06:50:24.000,8.4
2026-03-08 06:50:24.000,9.6
2026-03-08 06:50:34.000,9.6
2026-03-08 06:50:34.000,8.4
2026-03-08 06:50:48.000,8.4
2026-03-08 06:50:48.000,7.2
2026-03-08 06:50:58.000,7.2
2026-03-08 06:50:58.000,8.4
2026-03-08 06:51:10.000,8.4
2026-03-08 06:51:10.000,10.8
2026-03-08 06:51:12.000,10.8
2026-03-08 06:51:12.000,9.6
2026-03-08 06:51:20.000,9.6
2026-03-08 06:51:20.000,8.4
2026-03-08 06:51:24.000,8.4
2026-03-08 06:51:24.000,7.2
2026-03-08 06:51:40.000,7.2
2026-03-08 06:51:40.000,8.4
2026-03-08 06:51:52.000,8.4
2026-03-08 06:51:52.000,9.6
2026-03-08 06:52:04.000,9.6
2026-03-08 06:52:04.000,8.4
2026-03-08 06:52:08.000,8.4
2026-03-08 06:52:08.000,7.2
2026-03-08 06:52:26.000,7.2
2026-03-08 06:52:26.000,8.4
2026-03-08 06:52:34.000,8.4
2026-03-08 06:52:34.000,9.6
2026-03-08 06:52:48.000,9.6
2026-03-08 06:52:48.000,8.4
2026-03-08 06:52:52.000,8.4
2026-03-08 06:52:52.000,7.2
2026-03-08 06:53:12.000,7.2
2026-03-08 06:53:12.000,8.4
2026-03-08 06:53:22.000,8.4
2026-03-08 06:53:22.000,9.6
2026-03-08 06:53:32.000,9.6
2026-03-08 06:53:32.000,8.4
2026-03-08 06:53:40.000,8.4
2026-03-08 06:53:40.000,7.2
2026-03-08 06:53:50.000,7.2
2026-03-08 06:53:50.000,8.4
2026-03-08 06:54:26.000,8.4
2026-03-08 06:54:26.000,7.2
2026-03-08 06:54:30.000,7.2
2026-03-08 06:54:30.000,8.4
2026-03-08 06:54:48.000,8.4
2026-03-08 06:54:48.000,9.6
2026-03-08 06:54:50.000,9.6
2026-03-08 06:54:50.000,8.4
2026-03-08 06:55:00.000,8.4
2026-03-08 06:55:00.000,7.2
2026-03-08 06:55:04.000,7.2
2026-03-08 06:55:04.000,8.4
2026-03-08 06:55:26.000,8.4
2026-03-08 06:55:26.000,9.6
2026-03-08 06:55:30.000,9.6
2026-03-08 06:55:30.000,8.4
2026-03-08 06:55:44.000,8.4
2026-03-08 06:55:44.000,7.2
2026-03-08 06:55:52.000,7.2
2026-03-08 06:55:52.000,8.4
2026-03-08 06:55:56.000,8.4
2026-03-08 06:55:56.000,10.8
2026-03-08 06:55:58.000,10.8
2026-03-08 06:55:58.000,7.2
2026-03-08 06:56:02.000,7.2
2026-03-08 06:56:02.000,4.8
2026-03-08 06:56:04.000,4.8
2026-03-08 06:56:04.000,3.6
2026-03-08 06:56:12.000,3.6
2026-03-08 06:56:12.000,4.8
2026-03-08 06:56:16.000,4.8
2026-03-08 06:56:16.000,6
2026-03-08 06:56:20.000,6
2026-03-08 06:56:20.000,7.2
2026-03-08 06:56:22.000,7.2
2026-03-08 06:56:22.000,13.2
2026-03-08 06:56:24.000,13.2
2026-03-08 06:56:24.000,0
2026-03-08 06:56:26.000,0
2026-03-08 06:56:26.000,7.2
2026-03-08 06:56:28.000,7.2
2026-03-08 06:56:28.000,0
2026-03-08 06:56:32.000,0
2026-03-08 06:56:32.000,1.2
2026-03-08 06:56:34.000,1.2
2026-03-08 06:56:34.000,2.4
2026-03-08 06:56:40.000,2.4
2026-03-08 06:56:40.000,3.6
2026-03-08 06:56:48.000,3.6
2026-03-08 06:56:48.000,4.8
2026-03-08 06:56:54.000,4.8
2026-03-08 06:56:54.000,6
2026-03-08 06:56:56.000,6
2026-03-08 06:56:56.000,7.2
2026-03-08 06:56:58.000,7.2
2026-03-08 06:56:58.000,9.6
2026-03-08 06:57:04.000,9.6
2026-03-08 06:57:04.000,10.8
2026-03-08 06:57:16.000,10.8
2026-03-08 06:57:16.000,12
2026-03-08 06:57:20.000,12
2026-03-08 06:57:20.000,13.2
2026-03-08 06:57:38.000,13.2
2026-03-08 06:57:38.000,14.4
2026-03-08 06:57:44.000,14.4
2026-03-08 06:57:44.000,15.6
2026-03-08 06:57:48.000,15.6
2026-03-08 06:57:48.000,16.8
2026-03-08 06:57:50.000,16.8
2026-03-08 06:57:50.000,15.6
2026-03-08 06:58:00.000,15.6
2026-03-08 06:58:00.000,14.4
2026-03-08 06:58:20.000,14.4
2026-03-08 06:58:20.000,15.6
2026-03-08 06:58:24.000,15.6
2026-03-08 06:58:24.000,16.8
2026-03-08 06:58:28.000,16.8
2026-03-08 06:58:28.000,18
2026-03-08 06:58:32.000,18
2026-03-08 06:58:32.000,16.8
2026-03-08 06:58:34.000,16.8
2026-03-08 06:58:34.000,15.6
2026-03-08 06:58:36.000,15.6
2026-03-08 06:58:36.000,16.8
2026-03-08 06:59:00.000,16.8
2026-03-08 06:59:00.000,18
2026-03-08 06:59:04.000,18
2026-03-08 06:59:04.000,19.2
2026-03-08 06:59:08.000,19.2
2026-03-08 06:59:08.000,16.8
2026-03-08 06:59:10.000,16.8
2026-03-08 06:59:10.000,12
2026-03-08 06:59:12.000,12
2026-03-08 06:59:12.000,9.6
2026-03-08 06:59:14.000,9.6
2026-03-08 06:59:14.000,10.8
2026-03-08 06:59:16.000,10.8
2026-03-08 06:59:16.000,8.4
2026-03-08 06:59:18.000,8.4
2026-03-08 06:59:18.000,7.2
2026-03-08 06:59:22.000,7.2
2026-03-08 06:59:22.000,8.4
2026-03-08 06:59:24.000,8.4
2026-03-08 06:59:24.000,10.8
2026-03-08 06:59:26.000,10.8
2026-03-08 06:59:26.000,13.2
2026-03-08 06:59:28.000,13.2
2026-03-08 06:59:28.000,15.6
2026-03-08 06:59:30.000,15.6
2026-03-08 06:59:30.000,18
2026-03-08 06:59:32.000,18
2026-03-08 06:59:32.000,19.2
2026-03-08 06:59:34.000,19.2
2026-03-08 06:59:34.000,20.4
2026-03-08 06:59:36.000,20.4
2026-03-08 06:59:36.000,21.6
2026-03-08 06:59:38.000,21.6
2026-03-08 06:59:38.000,22.8
2026-03-08 06:59:42.000,22.8
2026-03-08 06:59:42.000,25.2
2026-03-08 06:59:44.000,25.2
2026-03-08 06:59:44.000,27.6
2026-03-08 06:59:46.000,27.6
2026-03-08 06:59:46.000,31.2
2026-03-08 06:59:48.000,31.2
2026-03-08 06:59:48.000,32.4
2026-03-08 06:59:50.000,32.4
2026-03-08 06:59:50.000,34.8
2026-03-08 06:59:52.000,34.8
2026-03-08 06:59:52.000,36
2026-03-08 06:59:56.000,36
2026-03-08 06:59:56.000,37.2
2026-03-08 06:59:58.000,37.2
2026-03-08 06:59:58.000,36
2026-03-08 07:00:00.000,36
2026-03-08 07:00:00.000,32.4
2026-03-08 07:00:02.000,32.4
2026-03-08 07:00:02.000,24
2026-03-08 07:00:04.000,24
2026-03-08 07:00:04.000,14.4
2026-03-08 07:00:06.000,14.4
2026-03-08 07:00:06.000,13.2
2026-03-08 07:00:12.000,13.2
2026-03-08 07:00:12.000,12
2026-03-08 07:00:14.000,12
2026-03-08 07:00:14.000,13.2
2026-03-08 07:00:30.000,13.2
2026-03-08 07:00:30.000,12
2026-03-08 07:00:32.000,12
2026-03-08 07:00:32.000,13.2
2026-03-08 07:00:36.000,13.2
2026-03-08 07:00:36.000,14.4
2026-03-08 07:01:00.000,14.4
2026-03-08 07:01:00.000,15.6
2026-03-08 07:01:02.000,15.6
2026-03-08 07:01:02.000,18
2026-03-08 07:01:04.000,18
2026-03-08 07:01:04.000,19.2
2026-03-08 07:01:08.000,19.2
2026-03-08 07:01:08.000,18
2026-03-08 07:01:12.000,18
2026-03-08 07:01:12.000,13.2
2026-03-08 07:01:14.000,13.2
2026-03-08 07:01:14.000,9.6
2026-03-08 07:01:18.000,9.6
2026-03-08 07:01:18.000,8.4
2026-03-08 07:01:20.000,8.4
2026-03-08 07:01:20.000,7.2
2026-03-08 07:01:38.000,7.2
2026-03-08 07:01:38.000,10.8
2026-03-08 07:01:40.000,10.8
2026-03-08 07:01:40.000,7.2
2026-03-08 07:01:42.000,7.2
2026-03-08 07:01:42.000,21.6
2026-03-08 07:01:44.000,21.6
2026-03-08 07:01:44.000,20.4
2026-03-08 07:01:46.000,20.4
2026-03-08 07:01:46.000,18
2026-03-08 07:01:48.000,18
2026-03-08 07:01:48.000,13.2
2026-03-08 07:01:50.000,13.2
2026-03-08 07:01:50.000,9.6
2026-03-08 07:01:52.000,9.6
2026-03-08 07:01:52.000,0
2026-03-08 07:01:54.000,0
2026-03-08 07:01:54.000,4.8
2026-03-08 07:01:56.000,4.8
2026-03-08 07:01:56.000,8.4
2026-03-08 07:02:00.000,8.4
2026-03-08 07:02:00.000,9.6
2026-03-08 07:02:04.000,9.6
2026-03-08 07:02:04.000,10.8
2026-03-08 07:02:20.000,10.8
2026-03-08 07:02:20.000,12
2026-03-08 07:02:22.000,12
2026-03-08 07:02:22.000,15.6
2026-03-08 07:02:26.000,15.6
2026-03-08 07:02:26.000,19.2
2026-03-08 07:02:30.000,19.2
2026-03-08 07:02:30.000,21.6
2026-03-08 07:02:34.000,21.6
2026-03-08 07:02:34.000,22.8
2026-03-08 07:02:36.000,22.8
2026-03-08 07:02:36.000,24
2026-03-08 07:02:38.000,24
2026-03-08 07:02:38.000,25.2
2026-03-08 07:02:40.000,25.2
2026-03-08 07:02:40.000,26.4
2026-03-08 07:02:42.000,26.4
2026-03-08 07:02:42.000,27.6
2026-03-08 07:02:44.000,27.6
2026-03-08 07:02:44.000,30
2026-03-08 07:02:46.000,30
2026-03-08 07:02:46.000,28.8
2026-03-08 07:02:48.000,28.8
2026-03-08 07:02:48.000,30
2026-03-08 07:02:50.000,30
2026-03-08 07:02:50.000,31.2
2026-03-08 07:02:58.000,31.2
2026-03-08 07:02:58.000,32.4
2026-03-08 07:03:02.000,32.4
2026-03-08 07:03:02.000,33.6
2026-03-08 07:03:06.000,33.6
2026-03-08 07:03:06.000,34.8
2026-03-08 07:03:08.000,34.8
2026-03-08 07:03:08.000,36
2026-03-08 07:03:12.000,36
2026-03-08 07:03:12.000,34.8
2026-03-08 07:03:16.000,34.8
2026-03-08 07:03:16.000,36
2026-03-08 07:03:18.000,36
2026-03-08 07:03:18.000,34.8
2026-03-08 07:03:26.000,34.8
2026-03-08 07:03:26.000,38.4
2026-03-08 07:03:28.000,38.4
2026-03-08 07:03:28.000,39.6
2026-03-08 07:03:30.000,39.6
2026-03-08 07:03:30.000,40.8
2026-03-08 07:03:36.000,40.8
2026-03-08 07:03:36.000,39.6
2026-03-08 07:03:46.000,39.6
2026-03-08 07:03:46.000,33.6
2026-03-08 07:03:48.000,33.6
2026-03-08 07:03:48.000,0
2026-03-08 07:03:50.000,0
2026-03-08 07:03:50.000,21.6
2026-03-08 07:03:52.000,21.6
2026-03-08 07:03:52.000,1.2
2026-03-08 07:03:54.000,1.2
2026-03-08 07:03:54.000,9.6
2026-03-08 07:03:56.000,9.6
2026-03-08 07:03:56.000,4.8
2026-03-08 07:03:58.000,4.8
2026-03-08 07:03:58.000,6
2026-03-08 07:04:00.000,6
2026-03-08 07:04:00.000,7.2
2026-03-08 07:04:10.000,7.2
2026-03-08 07:04:10.000,8.4
2026-03-08 07:04:24.000,8.4
2026-03-08 07:04:24.000,9.6
2026-03-08 07:04:36.000,9.6
2026-03-08 07:04:36.000,8.4
2026-03-08 07:04:46.000,8.4
2026-03-08 07:04:46.000,7.2
2026-03-08 07:04:58.000,7.2
2026-03-08 07:04:58.000,8.4
2026-03-08 07:05:12.000,8.4
2026-03-08 07:05:12.000,9.6
2026-03-08 07:05:14.000,9.6
2026-03-08 07:05:14.000,8.4
2026-03-08 07:05:26.000,8.4
2026-03-08 07:05:26.000,7.2
2026-03-08 07:05:28.000,7.2
2026-03-08 07:05:28.000,8.4
2026-03-08 07:05:32.000,8.4
2026-03-08 07:05:32.000,7.2
2026-03-08 07:05:34.000,7.2
2026-03-08 07:05:34.000,8.4
2026-03-08 07:05:46.000,8.4
2026-03-08 07:05:46.000,9.6
2026-03-08 07:05:50.000,9.6
2026-03-08 07:05:50.000,8.4
2026-03-08 07:05:58.000,8.4
2026-03-08 07:05:58.000,7.2
2026-03-08 07:06:02.000,7.2
2026-03-08 07:06:02.000,8.4
2026-03-08 07:06:52.000,8.4
2026-03-08 07:06:52.000,9.6
2026-03-08 07:06:56.000,9.6
2026-03-08 07:06:56.000,10.8
2026-03-08 07:06:58.000,10.8
2026-03-08 07:06:58.000,8.4
2026-03-08 07:07:02.000,8.4
2026-03-08 07:07:02.000,10.8
2026-03-08 07:07:04.000,10.8
2026-03-08 07:07:04.000,20.4
2026-03-08 07:07:06.000,20.4
2026-03-08 07:07:06.000,32.4
2026-03-08 07:07:08.000,32.4
2026-03-08 07:07:08.000,31.2
2026-03-08 07:07:10.000,31.2
2026-03-08 07:07:10.000,33.6
2026-03-08 07:07:12.000,33.6
2026-03-08 07:07:12.000,31.2
2026-03-08 07:07:14.000,31.2
2026-03-08 07:07:14.000,33.6
2026-03-08 07:07:16.000,33.6
2026-03-08 07:07:16.000,32.4
2026-03-08 07:07:20.000,32.4
2026-03-08 07:07:20.000,31.2
2026-03-08 07:07:24.000,31.2
2026-03-08 07:07:24.000,30
2026-03-08 07:07:30.000,30
2026-03-08 07:07:30.000,28.8
2026-03-08 07:07:32.000,28.8
2026-03-08 07:07:32.000,30
2026-03-08 07:07:34.000,30
2026-03-08 07:07:34.000,28.8
2026-03-08 07:07:38.000,28.8
2026-03-08 07:07:38.000,30
2026-03-08 07:07:52.000,30
2026-03-08 07:07:52.000,31.2
2026-03-08 07:07:58.000,31.2
2026-03-08 07:07:58.000,32.4
2026-03-08 07:08:04.000,32.4
2026-03-08 07:08:04.000,33.6
2026-03-08 07:08:14.000,33.6
2026-03-08 07:08:14.000,28.8
2026-03-08 07:08:16.000,28.8
2026-03-08 07:08:16.000,16.8
2026-03-08 07:08:18.000,16.8
2026-03-08 07:08:18.000,14.4
2026-03-08 07:08:20.000,14.4
2026-03-08 07:08:20.000,10.8
2026-03-08 07:08:24.000,10.8
2026-03-08 07:08:24.000,9.6
2026-03-08 07:08:26.000,9.6
2026-03-08 07:08:26.000,10.8
2026-03-08 07:08:28.000,10.8
2026-03-08 07:08:28.000,9.6
2026-03-08 07:08:30.000,9.6
2026-03-08 07:08:30.000,10.8
2026-03-08 07:08:42.000,10.8
2026-03-08 07:08:42.000,12
2026-03-08 07:08:50.000,12
2026-03-08 07:08:50.000,13.2
2026-03-08 07:08:54.000,13.2
2026-03-08 07:08:54.000,12
2026-03-08 07:09:08.000,12
2026-03-08 07:09:08.000,10.8
2026-03-08 07:09:12.000,10.8
2026-03-08 07:09:12.000,12
2026-03-08 07:09:22.000,12
2026-03-08 07:09:22.000,13.2
2026-03-08 07:09:30.000,13.2
2026-03-08 07:09:30.000,12
2026-03-08 07:10:04.000,12
2026-03-08 07:10:04.000,13.2
2026-03-08 07:10:28.000,13.2
2026-03-08 07:10:28.000,12
2026-03-08 07:10:30.000,12
2026-03-08 07:10:30.000,13.2
2026-03-08 07:10:36.000,13.2
2026-03-08 07:10:36.000,12
2026-03-08 07:10:42.000,12
2026-03-08 07:10:42.000,13.2
2026-03-08 07:10:48.000,13.2
2026-03-08 07:10:48.000,14.4
2026-03-08 07:11:04.000,14.4
2026-03-08 07:11:04.000,15.6
2026-03-08 07:11:12.000,15.6
2026-03-08 07:11:12.000,16.8
2026-03-08 07:11:36.000,16.8
2026-03-08 07:11:36.000,18
2026-03-08 07:11:40.000,18
2026-03-08 07:11:40.000,19.2
2026-03-08 07:11:44.000,19.2
2026-03-08 07:11:44.000,20.4
2026-03-08 07:11:50.000,20.4
2026-03-08 07:11:50.000,16.8
2026-03-08 07:11:52.000,16.8
2026-03-08 07:11:52.000,13.2
2026-03-08 07:11:54.000,13.2
2026-03-08 07:11:54.000,12
2026-03-08 07:12:00.000,12
2026-03-08 07:12:00.000,10.8
2026-03-08 07:12:14.000,10.8
2026-03-08 07:12:14.000,12
2026-03-08 07:12:26.000,12
2026-03-08 07:12:26.000,13.2
2026-03-08 07:12:30.000,13.2
2026-03-08 07:12:30.000,14.4
2026-03-08 07:12:38.000,14.4
2026-03-08 07:12:38.000,15.6
2026-03-08 07:12:42.000,15.6
2026-03-08 07:12:42.000,16.8
2026-03-08 07:12:48.000,16.8
2026-03-08 07:12:48.000,15.6
2026-03-08 07:12:54.000,15.6
2026-03-08 07:12:54.000,14.4
2026-03-08 07:12:56.000,14.4
2026-03-08 07:12:56.000,15.6
2026-03-08 07:13:00.000,15.6
2026-03-08 07:13:00.000,16.8
2026-03-08 07:13:02.000,16.8
2026-03-08 07:13:02.000,19.2
2026-03-08 07:13:04.000,19.2
2026-03-08 07:13:04.000,24
2026-03-08 07:13:06.000,24
2026-03-08 07:13:06.000,26.4
2026-03-08 07:13:08.000,26.4
2026-03-08 07:13:08.000,27.6
2026-03-08 07:13:10.000,27.6
2026-03-08 07:13:10.000,30
2026-03-08 07:13:12.000,30
2026-03-08 07:13:12.000,28.8
2026-03-08 07:13:14.000,28.8
2026-03-08 07:13:14.000,30
2026-03-08 07:13:16.000,30
2026-03-08 07:13:16.000,28.8
2026-03-08 07:13:18.000,28.8
2026-03-08 07:13:18.000,27.6
2026-03-08 07:13:20.000,27.6
2026-03-08 07:13:20.000,28.8
2026-03-08 07:13:34.000,28.8
2026-03-08 07:13:34.000,30
2026-03-08 07:13:40.000,30
2026-03-08 07:13:40.000,24
2026-03-08 07:13:42.000,24
2026-03-08 07:13:42.000,14.4
2026-03-08 07:13:44.000,14.4
2026-03-08 07:13:44.000,12
2026-03-08 07:13:46.000,12
2026-03-08 07:13:46.000,15.6
2026-03-08 07:13:48.000,15.6
2026-03-08 07:13:48.000,14.4
2026-03-08 07:13:52.000,14.4
2026-03-08 07:13:52.000,13.2
2026-03-08 07:13:56.000,13.2
2026-03-08 07:13:56.000,14.4
2026-03-08 07:14:04.000,14.4
2026-03-08 07:14:04.000,16.8
2026-03-08 07:14:08.000,16.8
2026-03-08 07:14:08.000,18
2026-03-08 07:14:16.000,18
2026-03-08 07:14:16.000,16.8
2026-03-08 07:14:20.000,16.8
2026-03-08 07:14:20.000,18
2026-03-08 07:14:34.000,18
2026-03-08 07:14:34.000,19.2
2026-03-08 07:14:38.000,19.2
2026-03-08 07:14:38.000,20.4
2026-03-08 07:14:42.000,20.4
2026-03-08 07:14:42.000,21.6
2026-03-08 07:14:44.000,21.6
2026-03-08 07:14:44.000,22.8
2026-03-08 07:14:52.000,22.8
2026-03-08 07:14:52.000,24
2026-03-08 07:14:54.000,24
2026-03-08 07:14:54.000,25.2
2026-03-08 07:15:02.000,25.2
2026-03-08 07:15:02.000,26.4
2026-03-08 07:15:10.000,26.4
2026-03-08 07:15:10.000,27.6
2026-03-08 07:15:32.000,27.6
2026-03-08 07:15:32.000,28.8
2026-03-08 07:15:34.000,28.8
2026-03-08 07:15:34.000,27.6
2026-03-08 07:15:38.000,27.6
2026-03-08 07:15:38.000,28.8
2026-03-08 07:15:44.000,28.8
2026-03-08 07:15:44.000,27.6
2026-03-08 07:15:46.000,27.6
2026-03-08 07:15:46.000,21.6
2026-03-08 07:15:48.000,21.6
2026-03-08 07:15:48.000,16.8
2026-03-08 07:15:50.000,16.8
2026-03-08 07:15:50.000,9.6
2026-03-08 07:15:52.000,9.6
2026-03-08 07:15:52.000,13.2
2026-03-08 07:15:54.000,13.2
2026-03-08 07:15:54.000,12
2026-03-08 07:16:00.000,12
2026-03-08 07:16:00.000,13.2
2026-03-08 07:16:02.000,13.2
2026-03-08 07:16:02.000,12
2026-03-08 07:16:18.000,12
2026-03-08 07:16:18.000,13.2
2026-03-08 07:16:20.000,13.2
2026-03-08 07:16:20.000,14.4
2026-03-08 07:16:22.000,14.4
2026-03-08 07:16:22.000,15.6
2026-03-08 07:16:24.000,15.6
2026-03-08 07:16:24.000,19.2
2026-03-08 07:16:28.000,19.2
2026-03-08 07:16:28.000,22.8
2026-03-08 07:16:32.000,22.8
2026-03-08 07:16:32.000,24
2026-03-08 07:16:34.000,24
2026-03-08 07:16:34.000,22.8
2026-03-08 07:16:36.000,22.8
2026-03-08 07:16:36.000,24
2026-03-08 07:16:44.000,24
2026-03-08 07:16:44.000,25.2
2026-03-08 07:16:56.000,25.2
2026-03-08 07:16:56.000,26.4
2026-03-08 07:17:16.000,26.4
2026-03-08 07:17:16.000,27.6
2026-03-08 07:17:28.000,27.6
2026-03-08 07:17:28.000,28.8
2026-03-08 07:17:32.000,28.8
2026-03-08 07:17:32.000,30
2026-03-08 07:17:34.000,30
2026-03-08 07:17:34.000,31.2
2026-03-08 07:17:36.000,31.2
2026-03-08 07:17:36.000,32.4
2026-03-08 07:17:40.000,32.4
2026-03-08 07:17:40.000,27.6
2026-03-08 07:17:42.000,27.6
2026-03-08 07:17:42.000,21.6
2026-03-08 07:17:44.000,21.6
2026-03-08 07:17:44.000,19.2
2026-03-08 07:17:46.000,19.2
2026-03-08 07:17:46.000,24
2026-03-08 07:17:48.000,24
2026-03-08 07:17:48.000,22.8
2026-03-08 07:17:50.000,22.8
2026-03-08 07:17:50.000,24
2026-03-08 07:17:54.000,24
2026-03-08 07:17:54.000,26.4
2026-03-08 07:18:00.000,26.4
2026-03-08 07:18:00.000,27.6
2026-03-08 07:18:10.000,27.6
2026-03-08 07:18:10.000,28.8
2026-03-08 07:18:14.000,28.8
2026-03-08 07:18:14.000,30
2026-03-08 07:18:18.000,30
2026-03-08 07:18:18.000,31.2
2026-03-08 07:18:48.000,31.2
2026-03-08 07:18:48.000,32.4
2026-03-08 07:18:52.000,32.4
2026-03-08 07:18:52.000,33.6
2026-03-08 07:18:56.000,33.6
2026-03-08 07:18:56.000,34.8
2026-03-08 07:18:58.000,34.8
2026-03-08 07:18:58.000,36
2026-03-08 07:19:00.000,36
2026-03-08 07:19:00.000,37.2
2026-03-08 07:19:08.000,37.2
2026-03-08 07:19:08.000,32.4
2026-03-08 07:19:10.000,32.4
2026-03-08 07:19:10.000,30
2026-03-08 07:19:14.000,30
2026-03-08 07:19:14.000,28.8
2026-03-08 07:19:16.000,28.8
2026-03-08 07:19:16.000,32.4
2026-03-08 07:19:18.000,32.4
2026-03-08 07:19:18.000,30
2026-03-08 07:19:20.000,30
2026-03-08 07:19:20.000,31.2
2026-03-08 07:19:22.000,31.2
2026-03-08 07:19:22.000,27.6
2026-03-08 07:19:24.000,27.6
2026-03-08 07:19:24.000,24
2026-03-08 07:19:26.000,24
2026-03-08 07:19:26.000,0
2026-03-08 07:19:28.000,0
2026-03-08 07:19:28.000,26.4
2026-03-08 07:19:30.000,26.4
2026-03-08 07:19:30.000,2.4
2026-03-08 07:19:34.000,2.4
2026-03-08 07:19:34.000,6
2026-03-08 07:19:36.000,6
2026-03-08 07:19:36.000,8.4
2026-03-08 07:19:40.000,8.4
2026-03-08 07:19:40.000,9.6
2026-03-08 07:19:44.000,9.6
2026-03-08 07:19:44.000,13.2
2026-03-08 07:19:46.000,13.2
2026-03-08 07:19:46.000,18
2026-03-08 07:19:48.000,18
2026-03-08 07:19:48.000,14.4
2026-03-08 07:19:56.000,14.4
2026-03-08 07:19:56.000,13.2
2026-03-08 07:19:58.000,13.2
2026-03-08 07:19:58.000,12
2026-03-08 07:20:02.000,12
2026-03-08 07:20:02.000,10.8
2026-03-08 07:20:12.000,10.8
2026-03-08 07:20:12.000,12
2026-03-08 07:20:24.000,12
2026-03-08 07:20:24.000,10.8
2026-03-08 07:20:30.000,10.8
2026-03-08 07:20:30.000,12
2026-03-08 07:20:32.000,12
2026-03-08 07:20:32.000,14.4
2026-03-08 07:20:40.000,14.4
2026-03-08 07:20:40.000,15.6
2026-03-08 07:20:42.000,15.6
2026-03-08 07:20:42.000,16.8
2026-03-08 07:20:44.000,16.8
2026-03-08 07:20:44.000,15.6
2026-03-08 07:20:46.000,15.6
2026-03-08 07:20:46.000,14.4
2026-03-08 07:20:50.000,14.4
2026-03-08 07:20:50.000,12
2026-03-08 07:20:58.000,12
2026-03-08 07:20:58.000,10.8
2026-03-08 07:21:02.000,10.8
2026-03-08 07:21:02.000,15.6
2026-03-08 07:21:04.000,15.6
2026-03-08 07:21:04.000,14.4
2026-03-08 07:21:06.000,14.4
2026-03-08 07:21:06.000,13.2
2026-03-08 07:21:08.000,13.2
2026-03-08 07:21:08.000,12
2026-03-08 07:21:12.000,12
2026-03-08 07:21:12.000,10.8
2026-03-08 07:21:14.000,10.8
2026-03-08 07:21:14.000,9.6
2026-03-08 07:21:16.000,9.6
2026-03-08 07:21:16.000,10.8
2026-03-08 07:21:18.000,10.8
2026-03-08 07:21:18.000,12
2026-03-08 07:21:22.000,12
2026-03-08 07:21:22.000,10.8
2026-03-08 07:21:34.000,10.8
2026-03-08 07:21:34.000,13.2
2026-03-08 07:21:36.000,13.2
2026-03-08 07:21:36.000,14.4
2026-03-08 07:21:40.000,14.4
2026-03-08 07:21:40.000,13.2
2026-03-08 07:21:50.000,13.2
2026-03-08 07:21:50.000,14.4
2026-03-08 07:21:54.000,14.4
2026-03-08 07:21:54.000,13.2
2026-03-08 07:21:58.000,13.2
2026-03-08 07:21:58.000,12
2026-03-08 07:22:18.000,12
2026-03-08 07:22:18.000,10.8
2026-03-08 07:22:32.000,10.8
2026-03-08 07:22:32.000,12
2026-03-08 07:22:36.000,12
2026-03-08 07:22:36.000,13.2
2026-03-08 07:22:38.000,13.2
2026-03-08 07:22:38.000,12
2026-03-08 07:22:46.000,12
2026-03-08 07:22:46.000,10.8
2026-03-08 07:23:06.000,10.8
2026-03-08 07:23:06.000,12
2026-03-08 07:23:12.000,12
2026-03-08 07:23:12.000,13.2
2026-03-08 07:23:14.000,13.2
2026-03-08 07:23:14.000,14.4
2026-03-08 07:23:18.000,14.4
2026-03-08 07:23:18.000,15.6
2026-03-08 07:23:20.000,15.6
2026-03-08 07:23:20.000,13.2
2026-03-08 07:23:22.000,13.2
2026-03-08 07:23:22.000,12
2026-03-08 07:23:24.000,12
2026-03-08 07:23:24.000,10.8
2026-03-08 07:23:44.000,10.8
2026-03-08 07:23:44.000,12
2026-03-08 07:23:46.000,12
2026-03-08 07:23:46.000,13.2
2026-03-08 07:23:48.000,13.2
2026-03-08 07:23:48.000,14.4
2026-03-08 07:23:58.000,14.4
2026-03-08 07:23:58.000,16.8
2026-03-08 07:24:00.000,16.8
2026-03-08 07:24:00.000,27.6
2026-03-08 07:24:02.000,27.6
2026-03-08 07:24:02.000,22.8
2026-03-08 07:24:04.000,22.8
2026-03-08 07:24:04.000,19.2
2026-03-08 07:24:06.000,19.2
2026-03-08 07:24:06.000,18
2026-03-08 07:24:08.000,18
2026-03-08 07:24:08.000,16.8
2026-03-08 07:24:16.000,16.8
2026-03-08 07:24:16.000,15.6
2026-03-08 07:24:18.000,15.6
2026-03-08 07:24:18.000,16.8
2026-03-08 07:24:22.000,16.8
2026-03-08 07:24:22.000,14.4
2026-03-08 07:24:24.000,14.4
2026-03-08 07:24:24.000,15.6
2026-03-08 07:24:26.000,15.6
2026-03-08 07:24:26.000,14.4
2026-03-08 07:24:28.000,14.4
2026-03-08 07:24:28.000,12
2026-03-08 07:24:30.000,12
2026-03-08 07:24:30.000,10.8
2026-03-08 07:24:46.000,10.8
2026-03-08 07:24:46.000,12
2026-03-08 07:24:52.000,12
2026-03-08 07:24:52.000,13.2
2026-03-08 07:24:58.000,13.2
2026-03-08 07:24:58.000,10.8
2026-03-08 07:25:06.000,10.8
2026-03-08 07:25:06.000,9.6
2026-03-08 07:25:16.000,9.6
2026-03-08 07:25:16.000,10.8
2026-03-08 07:25:26.000,10.8
2026-03-08 07:25:26.000,12
2026-03-08 07:25:40.000,12
2026-03-08 07:25:40.000,10.8
2026-03-08 07:25:48.000,10.8
2026-03-08 07:25:48.000,9.6
2026-03-08 07:25:50.000,9.6
2026-03-08 07:25:50.000,10.8
2026-03-08 07:26:06.000,10.8
2026-03-08 07:26:06.000,12
2026-03-08 07:26:16.000,12
2026-03-08 07:26:16.000,10.8
2026-03-08 07:26:44.000,10.8
2026-03-08 07:26:44.000,12
2026-03-08 07:26:48.000,12
2026-03-08 07:26:48.000,10.8
2026-03-08 07:27:04.000,10.8
2026-03-08 07:27:04.000,12
2026-03-08 07:27:06.000,12
2026-03-08 07:27:06.000,14.4
2026-03-08 07:27:08.000,14.4
2026-03-08 07:27:08.000,3.6
2026-03-08 07:27:10.000,3.6
2026-03-08 07:27:10.000,6
2026-03-08 07:27:12.000,6
2026-03-08 07:27:12.000,7.2
2026-03-08 07:27:20.000,7.2
2026-03-08 07:27:20.000,8.4
2026-03-08 07:27:22.000,8.4
2026-03-08 07:27:22.000,9.6
2026-03-08 07:27:24.000,9.6
2026-03-08 07:27:24.000,12
2026-03-08 07:27:26.000,12
2026-03-08 07:27:26.000,15.6
2026-03-08 07:27:30.000,15.6
2026-03-08 07:27:30.000,13.2
2026-03-08 07:27:32.000,13.2
2026-03-08 07:27:32.000,12
2026-03-08 07:27:34.000,12
2026-03-08 07:27:34.000,10.8
2026-03-08 07:27:36.000,10.8
2026-03-08 07:27:36.000,9.6
2026-03-08 07:27:42.000,9.6
2026-03-08 07:27:42.000,10.8
2026-03-08 07:27:44.000,10.8
2026-03-08 07:27:44.000,9.6
2026-03-08 07:27:50.000,9.6
2026-03-08 07:27:50.000,10.8
2026-03-08 07:27:52.000,10.8
2026-03-08 07:27:52.000,12
2026-03-08 07:27:54.000,12
2026-03-08 07:27:54.000,13.2
2026-03-08 07:27:56.000,13.2
2026-03-08 07:27:56.000,12
2026-03-08 07:27:58.000,12
2026-03-08 07:27:58.000,14.4
2026-03-08 07:28:00.000,14.4
2026-03-08 07:28:00.000,13.2
2026-03-08 07:28:04.000,13.2
2026-03-08 07:28:04.000,9.6
2026-03-08 07:28:26.000,9.6
2026-03-08 07:28:26.000,10.8
2026-03-08 07:28:34.000,10.8
2026-03-08 07:28:34.000,13.2
2026-03-08 07:28:36.000,13.2
2026-03-08 07:28:36.000,12
2026-03-08 07:28:38.000,12
2026-03-08 07:28:38.000,13.2
2026-03-08 07:28:40.000,13.2
2026-03-08 07:28:40.000,12
2026-03-08 07:28:44.000,12
2026-03-08 07:28:44.000,10.8
2026-03-08 07:28:48.000,10.8
2026-03-08 07:28:48.000,9.6
2026-03-08 07:29:00.000,9.6
2026-03-08 07:29:00.000,10.8
2026-03-08 07:29:12.000,10.8
2026-03-08 07:29:12.000,12
2026-03-08 07:29:26.000,12
2026-03-08 07:29:26.000,10.8
2026-03-08 07:29:34.000,10.8
2026-03-08 07:29:34.000,9.6
2026-03-08 07:29:36.000,9.6
2026-03-08 07:29:36.000,10.8
2026-03-08 07:29:56.000,10.8
2026-03-08 07:29:56.000,16.8
2026-03-08 07:29:58.000,16.8
2026-03-08 07:29:58.000,14.4
2026-03-08 07:30:00.000,14.4
2026-03-08 07:30:00.000,6
2026-03-08 07:30:02.000,6
2026-03-08 07:30:02.000,7.2
2026-03-08 07:30:04.000,7.2
2026-03-08 07:30:04.000,8.4
2026-03-08 07:30:06.000,8.4
2026-03-08 07:30:06.000,10.8
2026-03-08 07:30:10.000,10.8
2026-03-08 07:30:10.000,12
2026-03-08 07:30:20.000,12
2026-03-08 07:30:20.000,13.2
2026-03-08 07:30:28.000,13.2
2026-03-08 07:30:28.000,15.6
2026-03-08 07:30:32.000,15.6
2026-03-08 07:30:32.000,16.8
2026-03-08 07:30:36.000,16.8
2026-03-08 07:30:36.000,15.6
2026-03-08 07:30:38.000,15.6
2026-03-08 07:30:38.000,14.4
2026-03-08 07:30:42.000,14.4
2026-03-08 07:30:42.000,13.2
2026-03-08 07:31:02.000,13.2
2026-03-08 07:31:02.000,14.4
2026-03-08 07:31:08.000,14.4
2026-03-08 07:31:08.000,15.6
2026-03-08 07:31:10.000,15.6
2026-03-08 07:31:10.000,16.8
2026-03-08 07:31:12.000,16.8
2026-03-08 07:31:12.000,15.6
2026-03-08 07:31:18.000,15.6
2026-03-08 07:31:18.000,14.4
2026-03-08 07:31:28.000,14.4
2026-03-08 07:31:28.000,13.2
2026-03-08 07:31:44.000,13.2
2026-03-08 07:31:44.000,14.4
2026-03-08 07:31:50.000,14.4
2026-03-08 07:31:50.000,15.6
2026-03-08 07:32:04.000,15.6
2026-03-08 07:32:04.000,14.4
2026-03-08 07:32:18.000,14.4
2026-03-08 07:32:18.000,15.6
2026-03-08 07:32:28.000,15.6
2026-03-08 07:32:28.000,16.8
2026-03-08 07:32:34.000,16.8
2026-03-08 07:32:34.000,19.2
2026-03-08 07:32:36.000,19.2
2026-03-08 07:32:36.000,18
2026-03-08 07:32:38.000,18
2026-03-08 07:32:38.000,16.8
2026-03-08 07:32:42.000,16.8
2026-03-08 07:32:42.000,15.6
2026-03-08 07:33:02.000,15.6
2026-03-08 07:33:02.000,16.8
2026-03-08 07:33:14.000,16.8
2026-03-08 07:33:14.000,18
2026-03-08 07:33:16.000,18
2026-03-08 07:33:16.000,16.8
2026-03-08 07:33:26.000,16.8
2026-03-08 07:33:26.000,15.6
2026-03-08 07:33:40.000,15.6
2026-03-08 07:33:40.000,16.8
2026-03-08 07:33:52.000,16.8
2026-03-08 07:33:52.000,18
2026-03-08 07:34:00.000,18
2026-03-08 07:34:00.000,16.8
2026-03-08 07:34:32.000,16.8
2026-03-08 07:34:32.000,18
2026-03-08 07:34:40.000,18
2026-03-08 07:34:40.000,19.2
2026-03-08 07:34:46.000,19.2
2026-03-08 07:34:46.000,18
2026-03-08 07:34:54.000,18
2026-03-08 07:34:54.000,16.8
2026-03-08 07:35:00.000,16.8
2026-03-08 07:35:00.000,18
2026-03-08 07:35:12.000,18
2026-03-08 07:35:12.000,19.2
2026-03-08 07:35:18.000,19.2
2026-03-08 07:35:18.000,20.4
2026-03-08 07:35:22.000,20.4
2026-03-08 07:35:22.000,19.2
2026-03-08 07:35:30.000,19.2
2026-03-08 07:35:30.000,18
2026-03-08 07:35:34.000,18
2026-03-08 07:35:34.000,16.8
2026-03-08 07:35:40.000,16.8
2026-03-08 07:35:40.000,18
2026-03-08 07:35:52.000,18
2026-03-08 07:35:52.000,19.2
2026-03-08 07:35:58.000,19.2
2026-03-08 07:35:58.000,20.4
2026-03-08 07:36:00.000,20.4
2026-03-08 07:36:00.000,19.2
2026-03-08 07:36:08.000,19.2
2026-03-08 07:36:08.000,18
2026-03-08 07:36:26.000,18
2026-03-08 07:36:26.000,19.2
2026-03-08 07:36:38.000,19.2
2026-03-08 07:36:38.000,20.4
2026-03-08 07:36:46.000,20.4
2026-03-08 07:36:46.000,19.2
2026-03-08 07:36:48.000,19.2
2026-03-08 07:36:48.000,18
2026-03-08 07:36:50.000,18
2026-03-08 07:36:50.000,16.8
2026-03-08 07:36:58.000,16.8
2026-03-08 07:36:58.000,18
2026-03-08 07:37:06.000,18
2026-03-08 07:37:06.000,16.8
2026-03-08 07:37:08.000,16.8
2026-03-08 07:37:08.000,18
2026-03-08 07:37:10.000,18
2026-03-08 07:37:10.000,14.4
2026-03-08 07:37:12.000,14.4
2026-03-08 07:37:12.000,13.2
2026-03-08 07:37:32.000,13.2
2026-03-08 07:37:32.000,14.4
2026-03-08 07:37:34.000,14.4
2026-03-08 07:37:34.000,13.2
2026-03-08 07:37:36.000,13.2
2026-03-08 07:37:36.000,18
2026-03-08 07:37:38.000,18
2026-03-08 07:37:38.000,15.6
2026-03-08 07:37:42.000,15.6
2026-03-08 07:37:42.000,13.2
2026-03-08 07:37:44.000,13.2
2026-03-08 07:37:44.000,12
2026-03-08 07:38:06.000,12
2026-03-08 07:38:06.000,13.2
2026-03-08 07:38:10.000,13.2
2026-03-08 07:38:10.000,14.4
2026-03-08 07:38:12.000,14.4
2026-03-08 07:38:12.000,15.6
2026-03-08 07:38:14.000,15.6
2026-03-08 07:38:14.000,16.8
2026-03-08 07:38:18.000,16.8
2026-03-08 07:38:18.000,22.8
2026-03-08 07:38:20.000,22.8
2026-03-08 07:38:20.000,33.6
2026-03-08 07:38:22.000,33.6
2026-03-08 07:38:22.000,42
2026-03-08 07:38:24.000,42
2026-03-08 07:38:24.000,45.6
2026-03-08 07:38:26.000,45.6
2026-03-08 07:38:26.000,46.8
2026-03-08 07:38:36.000,46.8
2026-03-08 07:38:36.000,48
2026-03-08 07:38:42.000,48
2026-03-08 07:38:42.000,49.2
2026-03-08 07:38:44.000,49.2
2026-03-08 07:38:44.000,48
2026-03-08 07:38:52.000,48
2026-03-08 07:38:52.000,46.8
2026-03-08 07:38:54.000,46.8
2026-03-08 07:38:54.000,45.6
2026-03-08 07:38:56.000,45.6
2026-03-08 07:38:56.000,44.4
2026-03-08 07:39:00.000,44.4
2026-03-08 07:39:00.000,43.2
2026-03-08 07:39:02.000,43.2
2026-03-08 07:39:02.000,37.2
2026-03-08 07:39:04.000,37.2
2026-03-08 07:39:04.000,22.8
2026-03-08 07:39:08.000,22.8
2026-03-08 07:39:08.000,14.4
2026-03-08 07:39:10.000,14.4
2026-03-08 07:39:10.000,19.2
2026-03-08 07:39:14.000,19.2
2026-03-08 07:39:14.000,26.4
2026-03-08 07:39:16.000,26.4
2026-03-08 07:39:16.000,21.6
2026-03-08 07:39:18.000,21.6
2026-03-08 07:39:18.000,13.2
2026-03-08 07:39:20.000,13.2
2026-03-08 07:39:20.000,7.2
2026-03-08 07:39:22.000,7.2
2026-03-08 07:39:22.000,9.6
2026-03-08 07:39:24.000,9.6
2026-03-08 07:39:24.000,16.8
2026-03-08 07:39:26.000,16.8
2026-03-08 07:39:26.000,13.2
2026-03-08 07:39:30.000,13.2
2026-03-08 07:39:30.000,14.4
2026-03-08 07:39:32.000,14.4
2026-03-08 07:39:32.000,15.6
2026-03-08 07:39:38.000,15.6
2026-03-08 07:39:38.000,16.8
2026-03-08 07:39:40.000,16.8
2026-03-08 07:39:40.000,19.2
2026-03-08 07:39:42.000,19.2
2026-03-08 07:39:42.000,22.8
2026-03-08 07:39:44.000,22.8
2026-03-08 07:39:44.000,21.6
2026-03-08 07:39:46.000,21.6
2026-03-08 07:39:46.000,20.4
2026-03-08 07:39:50.000,20.4
2026-03-08 07:39:50.000,16.8
2026-03-08 07:39:56.000,16.8
2026-03-08 07:39:56.000,15.6
2026-03-08 07:39:58.000,15.6
2026-03-08 07:39:58.000,16.8
2026-03-08 07:40:06.000,16.8
2026-03-08 07:40:06.000,18
2026-03-08 07:40:08.000,18
2026-03-08 07:40:08.000,20.4
2026-03-08 07:40:12.000,20.4
2026-03-08 07:40:12.000,21.6
2026-03-08 07:40:18.000,21.6
2026-03-08 07:40:18.000,24
2026-03-08 07:40:20.000,24
2026-03-08 07:40:20.000,27.6
2026-03-08 07:40:22.000,27.6
2026-03-08 07:40:22.000,22.8
2026-03-08 07:40:24.000,22.8
2026-03-08 07:40:24.000,18
2026-03-08 07:40:26.000,18
2026-03-08 07:40:26.000,20.4
2026-03-08 07:40:28.000,20.4
2026-03-08 07:40:28.000,14.4
2026-03-08 07:40:30.000,14.4
2026-03-08 07:40:30.000,15.6
2026-03-08 07:40:32.000,15.6
2026-03-08 07:40:32.000,12
2026-03-08 07:40:42.000,12
2026-03-08 07:40:42.000,13.2
2026-03-08 07:40:50.000,13.2
2026-03-08 07:40:50.000,12
2026-03-08 07:41:02.000,12
2026-03-08 07:41:02.000,14.4
2026-03-08 07:41:08.000,14.4
2026-03-08 07:41:08.000,13.2
2026-03-08 07:41:14.000,13.2
2026-03-08 07:41:14.000,12
2026-03-08 07:41:30.000,12
2026-03-08 07:41:30.000,13.2
2026-03-08 07:41:34.000,13.2
2026-03-08 07:41:34.000,14.4
2026-03-08 07:41:40.000,14.4
2026-03-08 07:41:40.000,13.2
2026-03-08 07:41:48.000,13.2
2026-03-08 07:41:48.000,12
2026-03-08 07:41:54.000,12
2026-03-08 07:41:54.000,13.2
2026-03-08 07:42:08.000,13.2
2026-03-08 07:42:08.000,14.4
2026-03-08 07:42:14.000,14.4
2026-03-08 07:42:14.000,15.6
2026-03-08 07:42:16.000,15.6
2026-03-08 07:42:16.000,16.8
2026-03-08 07:42:24.000,16.8
2026-03-08 07:42:24.000,15.6
2026-03-08 07:42:32.000,15.6
2026-03-08 07:42:32.000,14.4
2026-03-08 07:42:46.000,14.4
2026-03-08 07:42:46.000,15.6
2026-03-08 07:42:50.000,15.6
2026-03-08 07:42:50.000,16.8
2026-03-08 07:42:52.000,16.8
2026-03-08 07:42:52.000,15.6
2026-03-08 07:42:54.000,15.6
2026-03-08 07:42:54.000,16.8
2026-03-08 07:42:56.000,16.8
2026-03-08 07:42:56.000,15.6
2026-03-08 07:43:00.000,15.6
2026-03-08 07:43:00.000,12
2026-03-08 07:43:02.000,12
2026-03-08 07:43:02.000,13.2
2026-03-08 07:43:04.000,13.2
2026-03-08 07:43:04.000,12
2026-03-08 07:43:20.000,12
2026-03-08 07:43:20.000,13.2
2026-03-08 07:43:24.000,13.2
2026-03-08 07:43:24.000,14.4
2026-03-08 07:43:26.000,14.4
2026-03-08 07:43:26.000,13.2
2026-03-08 07:43:34.000,13.2
2026-03-08 07:43:34.000,12
2026-03-08 07:43:40.000,12
2026-03-08 07:43:40.000,13.2
2026-03-08 07:43:42.000,13.2
2026-03-08 07:43:42.000,14.4
2026-03-08 07:43:46.000,14.4
2026-03-08 07:43:46.000,15.6
2026-03-08 07:43:52.000,15.6
2026-03-08 07:43:52.000,16.8
2026-03-08 07:43:54.000,16.8
2026-03-08 07:43:54.000,18
2026-03-08 07:43:56.000,18
2026-03-08 07:43:56.000,19.2
2026-03-08 07:43:58.000,19.2
2026-03-08 07:43:58.000,20.4
2026-03-08 07:44:00.000,20.4
2026-03-08 07:44:00.000,19.2
2026-03-08 07:44:02.000,19.2
2026-03-08 07:44:02.000,20.4
2026-03-08 07:44:04.000,20.4
2026-03-08 07:44:04.000,19.2
2026-03-08 07:44:08.000,19.2
2026-03-08 07:44:08.000,20.4
2026-03-08 07:44:12.000,20.4
2026-03-08 07:44:12.000,21.6
2026-03-08 07:44:14.000,21.6
2026-03-08 07:44:14.000,20.4
2026-03-08 07:44:16.000,20.4
2026-03-08 07:44:16.000,22.8
2026-03-08 07:44:18.000,22.8
2026-03-08 07:44:18.000,21.6
2026-03-08 07:44:22.000,21.6
2026-03-08 07:44:22.000,16.8
2026-03-08 07:44:24.000,16.8
2026-03-08 07:44:24.000,18
2026-03-08 07:44:26.000,18
2026-03-08 07:44:26.000,16.8
2026-03-08 07:44:30.000,16.8
2026-03-08 07:44:30.000,18
2026-03-08 07:44:32.000,18
2026-03-08 07:44:32.000,16.8
2026-03-08 07:44:34.000,16.8
2026-03-08 07:44:34.000,18
2026-03-08 07:44:42.000,18
2026-03-08 07:44:42.000,19.2
2026-03-08 07:44:46.000,19.2
2026-03-08 07:44:46.000,22.8
2026-03-08 07:44:48.000,22.8
2026-03-08 07:44:48.000,21.6
2026-03-08 07:44:54.000,21.6
2026-03-08 07:44:54.000,19.2
2026-03-08 07:44:58.000,19.2
2026-03-08 07:44:58.000,18
2026-03-08 07:45:08.000,18
2026-03-08 07:45:08.000,19.2
2026-03-08 07:45:20.000,19.2
2026-03-08 07:45:20.000,20.4
2026-03-08 07:45:22.000,20.4
2026-03-08 07:45:22.000,22.8
2026-03-08 07:45:28.000,22.8
2026-03-08 07:45:28.000,21.6
2026-03-08 07:45:30.000,21.6
2026-03-08 07:45:30.000,20.4
2026-03-08 07:45:34.000,20.4
2026-03-08 07:45:34.000,19.2
2026-03-08 07:45:40.000,19.2
2026-03-08 07:45:40.000,20.4
2026-03-08 07:45:46.000,20.4
2026-03-08 07:45:46.000,24
2026-03-08 07:45:48.000,24
2026-03-08 07:45:48.000,25.2
2026-03-08 07:45:50.000,25.2
2026-03-08 07:45:50.000,21.6
2026-03-08 07:45:52.000,21.6
2026-03-08 07:45:52.000,20.4
2026-03-08 07:45:54.000,20.4
2026-03-08 07:45:54.000,18
2026-03-08 07:45:56.000,18
2026-03-08 07:45:56.000,16.8
2026-03-08 07:45:58.000,16.8
2026-03-08 07:45:58.000,15.6
2026-03-08 07:46:04.000,15.6
2026-03-08 07:46:04.000,12
2026-03-08 07:46:06.000,12
2026-03-08 07:46:06.000,14.4
2026-03-08 07:46:10.000,14.4
2026-03-08 07:46:10.000,15.6
2026-03-08 07:46:12.000,15.6
2026-03-08 07:46:12.000,16.8
2026-03-08 07:46:20.000,16.8
2026-03-08 07:46:20.000,15.6
2026-03-08 07:47:00.000,15.6
2026-03-08 07:47:00.000,14.4
2026-03-08 07:47:04.000,14.4
2026-03-08 07:47:04.000,15.6
2026-03-08 07:47:26.000,15.6
2026-03-08 07:47:26.000,16.8
2026-03-08 07:47:32.000,16.8
2026-03-08 07:47:32.000,15.6
2026-03-08 07:47:58.000,15.6
2026-03-08 07:47:58.000,16.8
2026-03-08 07:48:10.000,16.8
2026-03-08 07:48:10.000,15.6
2026-03-08 07:48:16.000,15.6
2026-03-08 07:48:16.000,16.8
2026-03-08 07:48:20.000,16.8
2026-03-08 07:48:20.000,15.6
2026-03-08 07:48:24.000,15.6
2026-03-08 07:48:24.000,13.2
2026-03-08 07:48:26.000,13.2
2026-03-08 07:48:26.000,12
2026-03-08 07:48:28.000,12
2026-03-08 07:48:28.000,13.2
2026-03-08 07:48:36.000,13.2
2026-03-08 07:48:36.000,14.4
2026-03-08 07:48:42.000,14.4
2026-03-08 07:48:42.000,15.6
2026-03-08 07:48:56.000,15.6
2026-03-08 07:48:56.000,16.8
2026-03-08 07:49:00.000,16.8
2026-03-08 07:49:00.000,19.2
2026-03-08 07:49:02.000,19.2
2026-03-08 07:49:02.000,18
2026-03-08 07:49:04.000,18
2026-03-08 07:49:04.000,16.8
2026-03-08 07:49:06.000,16.8
2026-03-08 07:49:06.000,15.6
2026-03-08 07:49:08.000,15.6
2026-03-08 07:49:08.000,14.4
2026-03-08 07:49:30.000,14.4
2026-03-08 07:49:30.000,15.6
2026-03-08 07:49:54.000,15.6
2026-03-08 07:49:54.000,14.4
2026-03-08 07:49:58.000,14.4
2026-03-08 07:49:58.000,15.6
2026-03-08 07:50:00.000,15.6
2026-03-08 07:50:00.000,14.4
2026-03-08 07:50:08.000,14.4
2026-03-08 07:50:08.000,15.6
2026-03-08 07:50:38.000,15.6
2026-03-08 07:50:38.000,14.4
2026-03-08 07:50:58.000,14.4
2026-03-08 07:50:58.000,15.6
2026-03-08 07:51:12.000,15.6
2026-03-08 07:51:12.000,14.4
2026-03-08 07:52:36.000,14.4
2026-03-08 07:52:36.000,15.6
2026-03-08 07:52:42.000,15.6
2026-03-08 07:52:42.000,14.4
2026-03-08 07:53:14.000,14.4
2026-03-08 07:53:14.000,15.6
2026-03-08 07:53:24.000,15.6
2026-03-08 07:53:24.000,14.4
2026-03-08 07:53:58.000,14.4
2026-03-08 07:53:58.000,15.6
2026-03-08 07:54:04.000,15.6
2026-03-08 07:54:04.000,14.4
2026-03-08 07:54:38.000,14.4
2026-03-08 07:54:38.000,15.6
2026-03-08 07:54:46.000,15.6
2026-03-08 07:54:46.000,14.4
2026-03-08 07:55:08.000,14.4
2026-03-08 07:55:08.000,15.6
2026-03-08 07:55:10.000,15.6
2026-03-08 07:55:10.000,16.8
2026-03-08 07:55:12.000,16.8
2026-03-08 07:55:12.000,15.6
2026-03-08 07:55:18.000,15.6
2026-03-08 07:55:18.000,16.8
2026-03-08 07:55:20.000,16.8
2026-03-08 07:55:20.000,18
2026-03-08 07:55:22.000,18
2026-03-08 07:55:22.000,16.8
2026-03-08 07:55:24.000,16.8
2026-03-08 07:55:24.000,15.6
2026-03-08 07:55:26.000,15.6
2026-03-08 07:55:26.000,16.8
2026-03-08 07:55:28.000,16.8
2026-03-08 07:55:28.000,15.6
2026-03-08 07:55:34.000,15.6
2026-03-08 07:55:34.000,14.4
2026-03-08 07:55:38.000,14.4
2026-03-08 07:55:38.000,15.6
2026-03-08 07:55:40.000,15.6
2026-03-08 07:55:40.000,14.4
2026-03-08 07:55:42.000,14.4
2026-03-08 07:55:42.000,13.2
2026-03-08 07:55:44.000,13.2
2026-03-08 07:55:44.000,12
2026-03-08 07:55:50.000,12
2026-03-08 07:55:50.000,10.8
2026-03-08 07:55:56.000,10.8
2026-03-08 07:55:56.000,12
2026-03-08 07:56:02.000,12
2026-03-08 07:56:02.000,10.8
2026-03-08 07:56:04.000,10.8
2026-03-08 07:56:04.000,12
2026-03-08 07:56:18.000,12
2026-03-08 07:56:18.000,10.8
2026-03-08 07:56:26.000,10.8
2026-03-08 07:56:26.000,12
2026-03-08 07:56:28.000,12
2026-03-08 07:56:28.000,10.8
2026-03-08 07:56:34.000,10.8
2026-03-08 07:56:34.000,12
2026-03-08 07:56:56.000,12
2026-03-08 07:56:56.000,10.8
2026-03-08 07:57:00.000,10.8
2026-03-08 07:57:00.000,12
2026-03-08 07:57:22.000,12
2026-03-08 07:57:22.000,10.8
2026-03-08 07:57:34.000,10.8
2026-03-08 07:57:34.000,12
2026-03-08 07:58:12.000,12
2026-03-08 07:58:12.000,10.8
2026-03-08 07:58:14.000,10.8
2026-03-08 07:58:14.000,12
2026-03-08 07:59:24.000,12
2026-03-08 07:59:24.000,10.8
2026-03-08 07:59:26.000,10.8
2026-03-08 07:59:26.000,12
2026-03-08 08:00:26.000,12
2026-03-08 08:00:26.000,10.8
2026-03-08 08:00:30.000,10.8
2026-03-08 08:00:30.000,12
2026-03-08 08:00:38.000,12
2026-03-08 08:00:38.000,10.8
2026-03-08 08:00:42.000,10.8
2026-03-08 08:00:42.000,12
2026-03-08 08:01:16.000,12
2026-03-08 08:01:16.000,10.8
2026-03-08 08:01:32.000,10.8
2026-03-08 08:01:32.000,12
2026-03-08 08:02:00.000,12
2026-03-08 08:02:00.000,10.8
2026-03-08 08:02:08.000,10.8
2026-03-08 08:02:08.000,12
2026-03-08 08:02:12.000,12
2026-03-08 08:02:12.000,10.8
2026-03-08 08:02:16.000,10.8
2026-03-08 08:02:16.000,12
2026-03-08 08:06:18.000,12
2026-03-08 08:06:18.000,14.4
2026-03-08 08:06:20.000,14.4
2026-03-08 08:06:20.000,13.2
2026-03-08 08:06:24.000,13.2
2026-03-08 08:06:24.000,12
2026-03-08 08:06:26.000,12
2026-03-08 08:06:26.000,14.4
2026-03-08 08:06:28.000,14.4
2026-03-08 08:06:28.000,8.4
2026-03-08 08:06:34.000,8.4
2026-03-08 08:06:34.000,9.6
2026-03-08 08:06:36.000,9.6
2026-03-08 08:06:36.000,10.8
2026-03-08 08:06:38.000,10.8
2026-03-08 08:06:38.000,9.6
2026-03-08 08:06:40.000,9.6
2026-03-08 08:06:40.000,8.4
2026-03-08 08:06:42.000,8.4
2026-03-08 08:06:42.000,9.6
2026-03-08 08:06:46.000,9.6
2026-03-08 08:06:46.000,10.8
2026-03-08 08:06:54.000,10.8
2026-03-08 08:06:54.000,12
2026-03-08 08:06:58.000,12
2026-03-08 08:06:58.000,10.8
2026-03-08 08:07:00.000,10.8
2026-03-08 08:07:00.000,12
2026-03-08 08:07:02.000,12
2026-03-08 08:07:02.000,10.8
2026-03-08 08:07:08.000,10.8
2026-03-08 08:07:08.000,9.6
2026-03-08 08:07:22.000,9.6
2026-03-08 08:07:22.000,10.8
2026-03-08 08:07:38.000,10.8
2026-03-08 08:07:38.000,9.6
2026-03-08 08:07:40.000,9.6
2026-03-08 08:07:40.000,12
2026-03-08 08:07:42.000,12
2026-03-08 08:07:42.000,9.6
2026-03-08 08:07:48.000,9.6
2026-03-08 08:07:48.000,8.4
2026-03-08 08:07:54.000,8.4
2026-03-08 08:07:54.000,9.6
2026-03-08 08:07:58.000,9.6
2026-03-08 08:07:58.000,10.8
2026-03-08 08:08:00.000,10.8
2026-03-08 08:08:00.000,9.6
2026-03-08 08:08:20.000,9.6
2026-03-08 08:08:20.000,10.8
2026-03-08 08:08:24.000,10.8
2026-03-08 08:08:24.000,12
2026-03-08 08:08:26.000,12
2026-03-08 08:08:26.000,13.2
2026-03-08 08:08:32.000,13.2
2026-03-08 08:08:32.000,12
2026-03-08 08:08:38.000,12
2026-03-08 08:08:38.000,10.8
2026-03-08 08:08:44.000,10.8
2026-03-08 08:08:44.000,9.6
2026-03-08 08:08:46.000,9.6
2026-03-08 08:08:46.000,10.8
2026-03-08 08:08:48.000,10.8
2026-03-08 08:08:48.000,12
2026-03-08 08:08:50.000,12
2026-03-08 08:08:50.000,10.8
2026-03-08 08:08:56.000,10.8
2026-03-08 08:08:56.000,9.6
2026-03-08 08:09:08.000,9.6
2026-03-08 08:09:08.000,10.8
2026-03-08 08:09:16.000,10.8
2026-03-08 08:09:16.000,12
2026-03-08 08:09:18.000,12
2026-03-08 08:09:18.000,14.4
2026-03-08 08:09:22.000,14.4
2026-03-08 08:09:22.000,13.2
2026-03-08 08:09:24.000,13.2
