Timestamp_ET,LeakRate_Lpm
2026-03-10 22:39:18.000,3.6
2026-03-10 22:39:20.000,3.6
2026-03-10 22:39:20.000,2.4
2026-03-10 22:39:22.000,2.4
2026-03-10 22:39:22.000,10.8
2026-03-10 22:39:24.000,10.8
2026-03-10 22:39:24.000,9.6
2026-03-10 22:39:26.000,9.6
2026-03-10 22:39:26.000,13.2
2026-03-10 22:39:28.000,13.2
2026-03-10 22:39:28.000,10.8
2026-03-10 22:39:30.000,10.8
2026-03-10 22:39:30.000,13.2
2026-03-10 22:39:32.000,13.2
2026-03-10 22:39:32.000,10.8
2026-03-10 22:39:34.000,10.8
2026-03-10 22:39:34.000,12
2026-03-10 22:39:40.000,12
2026-03-10 22:39:40.000,10.8
2026-03-10 22:39:44.000,10.8
2026-03-10 22:39:44.000,12
2026-03-10 22:39:46.000,12
2026-03-10 22:39:46.000,13.2
2026-03-10 22:39:48.000,13.2
2026-03-10 22:39:48.000,12
2026-03-10 22:40:10.000,12
2026-03-10 22:40:10.000,13.2
2026-03-10 22:40:14.000,13.2
2026-03-10 22:40:14.000,12
2026-03-10 22:40:18.000,12
2026-03-10 22:40:18.000,13.2
2026-03-10 22:40:20.000,13.2
2026-03-10 22:40:20.000,12
2026-03-10 22:40:40.000,12
2026-03-10 22:40:40.000,13.2
2026-03-10 22:40:52.000,13.2
2026-03-10 22:40:52.000,12
2026-03-10 22:40:56.000,12
2026-03-10 22:40:56.000,15.6
2026-03-10 22:40:58.000,15.6
2026-03-10 22:40:58.000,12
2026-03-10 22:41:00.000,12
2026-03-10 22:41:00.000,14.4
2026-03-10 22:41:02.000,14.4
2026-03-10 22:41:02.000,12
2026-03-10 22:41:04.000,12
2026-03-10 22:41:04.000,14.4
2026-03-10 22:41:10.000,14.4
2026-03-10 22:41:10.000,13.2
2026-03-10 22:41:12.000,13.2
2026-03-10 22:41:12.000,14.4
2026-03-10 22:41:18.000,14.4
2026-03-10 22:41:18.000,13.2
2026-03-10 22:41:40.000,13.2
2026-03-10 22:41:40.000,14.4
2026-03-10 22:41:42.000,14.4
2026-03-10 22:41:42.000,13.2
2026-03-10 22:41:52.000,13.2
2026-03-10 22:41:52.000,14.4
2026-03-10 22:41:56.000,14.4
2026-03-10 22:41:56.000,13.2
2026-03-10 22:42:22.000,13.2
2026-03-10 22:42:22.000,14.4
2026-03-10 22:42:26.000,14.4
2026-03-10 22:42:26.000,13.2
2026-03-10 22:42:42.000,13.2
2026-03-10 22:42:42.000,14.4
2026-03-10 22:42:48.000,14.4
2026-03-10 22:42:48.000,13.2
2026-03-10 22:43:20.000,13.2
2026-03-10 22:43:20.000,14.4
2026-03-10 22:43:22.000,14.4
2026-03-10 22:43:22.000,12
2026-03-10 22:43:24.000,12
2026-03-10 22:43:24.000,13.2
2026-03-10 22:43:26.000,13.2
2026-03-10 22:43:26.000,12
2026-03-10 22:43:32.000,12
2026-03-10 22:43:32.000,13.2
2026-03-10 22:43:38.000,13.2
2026-03-10 22:43:38.000,12
2026-03-10 22:43:42.000,12
2026-03-10 22:43:42.000,13.2
2026-03-10 22:43:44.000,13.2
2026-03-10 22:43:44.000,12
2026-03-10 22:43:46.000,12
2026-03-10 22:43:46.000,13.2
2026-03-10 22:43:54.000,13.2
2026-03-10 22:43:54.000,14.4
2026-03-10 22:43:58.000,14.4
2026-03-10 22:43:58.000,13.2
2026-03-10 22:45:08.000,13.2
2026-03-10 22:45:08.000,14.4
2026-03-10 22:45:10.000,14.4
2026-03-10 22:45:10.000,13.2
2026-03-10 22:45:30.000,13.2
2026-03-10 22:45:30.000,14.4
2026-03-10 22:45:34.000,14.4
2026-03-10 22:45:34.000,13.2
2026-03-10 22:45:50.000,13.2
2026-03-10 22:45:50.000,12
2026-03-10 22:45:52.000,12
2026-03-10 22:45:52.000,13.2
2026-03-10 22:45:58.000,13.2
2026-03-10 22:45:58.000,14.4
2026-03-10 22:46:02.000,14.4
2026-03-10 22:46:02.000,13.2
2026-03-10 22:46:06.000,13.2
2026-03-10 22:46:06.000,12
2026-03-10 22:46:08.000,12
2026-03-10 22:46:08.000,13.2
2026-03-10 22:46:12.000,13.2
2026-03-10 22:46:12.000,12
2026-03-10 22:46:14.000,12
2026-03-10 22:46:14.000,13.2
2026-03-10 22:46:48.000,13.2
2026-03-10 22:46:48.000,14.4
2026-03-10 22:46:50.000,14.4
2026-03-10 22:46:50.000,10.8
2026-03-10 22:46:52.000,10.8
2026-03-10 22:46:52.000,12
2026-03-10 22:46:54.000,12
2026-03-10 22:46:54.000,10.8
2026-03-10 22:47:00.000,10.8
2026-03-10 22:47:00.000,12
2026-03-10 22:47:06.000,12
2026-03-10 22:47:06.000,13.2
2026-03-10 22:47:36.000,13.2
2026-03-10 22:47:36.000,14.4
2026-03-10 22:47:38.000,14.4
2026-03-10 22:47:38.000,13.2
2026-03-10 22:48:38.000,13.2
2026-03-10 22:48:38.000,14.4
2026-03-10 22:48:40.000,14.4
2026-03-10 22:48:40.000,13.2
2026-03-10 22:48:42.000,13.2
2026-03-10 22:48:42.000,14.4
2026-03-10 22:48:46.000,14.4
2026-03-10 22:48:46.000,13.2
2026-03-10 22:49:04.000,13.2
2026-03-10 22:49:04.000,14.4
2026-03-10 22:49:06.000,14.4
2026-03-10 22:49:06.000,13.2
2026-03-10 22:49:10.000,13.2
2026-03-10 22:49:10.000,14.4
2026-03-10 22:49:20.000,14.4
2026-03-10 22:49:20.000,13.2
2026-03-10 22:52:08.000,13.2
2026-03-10 22:52:08.000,14.4
2026-03-10 22:52:12.000,14.4
2026-03-10 22:52:12.000,13.2
2026-03-10 22:53:42.000,13.2
2026-03-10 22:53:42.000,12
2026-03-10 22:53:44.000,12
2026-03-10 22:53:44.000,13.2
2026-03-10 22:53:56.000,13.2
2026-03-10 22:53:56.000,14.4
2026-03-10 22:53:58.000,14.4
2026-03-10 22:53:58.000,8.4
2026-03-10 22:54:00.000,8.4
2026-03-10 22:54:00.000,9.6
2026-03-10 22:54:02.000,9.6
2026-03-10 22:54:02.000,8.4
2026-03-10 22:54:04.000,8.4
2026-03-10 22:54:04.000,9.6
2026-03-10 22:54:06.000,9.6
2026-03-10 22:54:06.000,10.8
2026-03-10 22:54:10.000,10.8
2026-03-10 22:54:10.000,12
2026-03-10 22:54:26.000,12
2026-03-10 22:54:26.000,13.2
2026-03-10 22:54:38.000,13.2
2026-03-10 22:54:38.000,12
2026-03-10 22:54:40.000,12
2026-03-10 22:54:40.000,13.2
2026-03-10 22:54:58.000,13.2
2026-03-10 22:54:58.000,12
2026-03-10 22:55:00.000,12
2026-03-10 22:55:00.000,13.2
2026-03-10 22:55:10.000,13.2
2026-03-10 22:55:10.000,12
2026-03-10 22:55:12.000,12
2026-03-10 22:55:12.000,13.2
2026-03-10 22:55:14.000,13.2
2026-03-10 22:55:14.000,12
2026-03-10 22:55:22.000,12
2026-03-10 22:55:22.000,13.2
2026-03-10 22:55:42.000,13.2
2026-03-10 22:55:42.000,12
2026-03-10 22:55:52.000,12
2026-03-10 22:55:52.000,13.2
2026-03-10 22:56:10.000,13.2
2026-03-10 22:56:10.000,12
2026-03-10 22:56:12.000,12
2026-03-10 22:56:12.000,13.2
2026-03-10 22:56:28.000,13.2
2026-03-10 22:56:28.000,12
2026-03-10 22:56:30.000,12
2026-03-10 22:56:30.000,13.2
2026-03-10 22:56:42.000,13.2
2026-03-10 22:56:42.000,12
2026-03-10 22:56:44.000,12
2026-03-10 22:56:44.000,13.2
2026-03-10 22:56:48.000,13.2
2026-03-10 22:56:48.000,12
2026-03-10 22:56:52.000,12
2026-03-10 22:56:52.000,13.2
2026-03-10 22:57:00.000,13.2
2026-03-10 22:57:00.000,12
2026-03-10 22:57:02.000,12
2026-03-10 22:57:02.000,13.2
2026-03-10 22:57:14.000,13.2
2026-03-10 22:57:14.000,12
2026-03-10 22:57:16.000,12
2026-03-10 22:57:16.000,13.2
2026-03-10 22:57:20.000,13.2
2026-03-10 22:57:20.000,12
2026-03-10 22:57:26.000,12
2026-03-10 22:57:26.000,13.2
2026-03-10 22:57:28.000,13.2
2026-03-10 22:57:28.000,12
2026-03-10 22:57:44.000,12
2026-03-10 22:57:44.000,10.8
2026-03-10 22:57:46.000,10.8
2026-03-10 22:57:46.000,13.2
2026-03-10 22:57:48.000,13.2
2026-03-10 22:57:48.000,12
2026-03-10 22:58:04.000,12
2026-03-10 22:58:04.000,13.2
2026-03-10 22:58:06.000,13.2
2026-03-10 22:58:06.000,12
2026-03-10 22:58:16.000,12
2026-03-10 22:58:16.000,13.2
2026-03-10 22:58:26.000,13.2
2026-03-10 22:58:26.000,12
2026-03-10 22:58:38.000,12
2026-03-10 22:58:38.000,13.2
2026-03-10 22:58:46.000,13.2
2026-03-10 22:58:46.000,12
2026-03-10 22:59:04.000,12
2026-03-10 22:59:04.000,13.2
2026-03-10 22:59:08.000,13.2
2026-03-10 22:59:08.000,12
2026-03-10 22:59:20.000,12
2026-03-10 22:59:20.000,13.2
2026-03-10 22:59:22.000,13.2
2026-03-10 22:59:22.000,12
2026-03-10 22:59:26.000,12
2026-03-10 22:59:26.000,13.2
2026-03-10 22:59:28.000,13.2
2026-03-10 22:59:28.000,12
2026-03-10 22:59:38.000,12
2026-03-10 22:59:38.000,13.2
2026-03-10 22:59:44.000,13.2
2026-03-10 22:59:44.000,12
2026-03-10 22:59:52.000,12
2026-03-10 22:59:52.000,13.2
2026-03-10 22:59:54.000,13.2
2026-03-10 22:59:54.000,12
2026-03-10 22:59:56.000,12
2026-03-10 22:59:56.000,8.4
2026-03-10 22:59:58.000,8.4
2026-03-10 22:59:58.000,12
2026-03-10 23:00:00.000,12
2026-03-10 23:00:00.000,8.4
2026-03-10 23:00:02.000,8.4
2026-03-10 23:00:02.000,10.8
2026-03-10 23:00:12.000,10.8
2026-03-10 23:00:12.000,12
2026-03-10 23:00:24.000,12
2026-03-10 23:00:24.000,13.2
2026-03-10 23:00:28.000,13.2
2026-03-10 23:00:28.000,12
2026-03-10 23:00:38.000,12
2026-03-10 23:00:38.000,13.2
2026-03-10 23:00:58.000,13.2
2026-03-10 23:00:58.000,14.4
2026-03-10 23:01:00.000,14.4
2026-03-10 23:01:00.000,13.2
2026-03-10 23:01:12.000,13.2
2026-03-10 23:01:12.000,14.4
2026-03-10 23:01:14.000,14.4
2026-03-10 23:01:14.000,13.2
2026-03-10 23:01:16.000,13.2
2026-03-10 23:01:16.000,14.4
2026-03-10 23:01:18.000,14.4
2026-03-10 23:01:18.000,12
2026-03-10 23:01:22.000,12
2026-03-10 23:01:22.000,10.8
2026-03-10 23:01:30.000,10.8
2026-03-10 23:01:30.000,12
2026-03-10 23:01:34.000,12
2026-03-10 23:01:34.000,13.2
2026-03-10 23:01:52.000,13.2
2026-03-10 23:01:52.000,12
2026-03-10 23:01:54.000,12
2026-03-10 23:01:54.000,13.2
2026-03-10 23:02:28.000,13.2
2026-03-10 23:02:28.000,14.4
2026-03-10 23:02:36.000,14.4
2026-03-10 23:02:36.000,13.2
2026-03-10 23:02:48.000,13.2
2026-03-10 23:02:48.000,14.4
2026-03-10 23:02:54.000,14.4
2026-03-10 23:02:54.000,13.2
2026-03-10 23:02:56.000,13.2
2026-03-10 23:02:56.000,14.4
2026-03-10 23:03:02.000,14.4
2026-03-10 23:03:02.000,13.2
2026-03-10 23:03:08.000,13.2
2026-03-10 23:03:08.000,15.6
2026-03-10 23:03:12.000,15.6
2026-03-10 23:03:12.000,14.4
2026-03-10 23:03:18.000,14.4
2026-03-10 23:03:18.000,13.2
2026-03-10 23:03:46.000,13.2
2026-03-10 23:03:46.000,14.4
2026-03-10 23:03:50.000,14.4
2026-03-10 23:03:50.000,13.2
2026-03-10 23:03:58.000,13.2
2026-03-10 23:03:58.000,14.4
2026-03-10 23:04:02.000,14.4
2026-03-10 23:04:02.000,13.2
2026-03-10 23:04:22.000,13.2
2026-03-10 23:04:22.000,16.8
2026-03-10 23:04:24.000,16.8
2026-03-10 23:04:24.000,10.8
2026-03-10 23:04:26.000,10.8
2026-03-10 23:04:26.000,12
2026-03-10 23:04:34.000,12
2026-03-10 23:04:34.000,13.2
2026-03-10 23:04:52.000,13.2
2026-03-10 23:04:52.000,15.6
2026-03-10 23:04:54.000,15.6
2026-03-10 23:04:54.000,13.2
2026-03-10 23:04:56.000,13.2
2026-03-10 23:04:56.000,14.4
2026-03-10 23:04:58.000,14.4
2026-03-10 23:04:58.000,13.2
2026-03-10 23:05:04.000,13.2
2026-03-10 23:05:04.000,14.4
2026-03-10 23:05:06.000,14.4
2026-03-10 23:05:06.000,13.2
2026-03-10 23:05:08.000,13.2
2026-03-10 23:05:08.000,14.4
2026-03-10 23:05:16.000,14.4
2026-03-10 23:05:16.000,13.2
2026-03-10 23:05:22.000,13.2
2026-03-10 23:05:22.000,14.4
2026-03-10 23:05:42.000,14.4
2026-03-10 23:05:42.000,15.6
2026-03-10 23:05:48.000,15.6
2026-03-10 23:05:48.000,14.4
2026-03-10 23:05:50.000,14.4
2026-03-10 23:05:50.000,13.2
2026-03-10 23:05:58.000,13.2
2026-03-10 23:05:58.000,12
2026-03-10 23:06:06.000,12
2026-03-10 23:06:06.000,13.2
2026-03-10 23:06:20.000,13.2
2026-03-10 23:06:20.000,12
2026-03-10 23:06:34.000,12
2026-03-10 23:06:34.000,13.2
2026-03-10 23:06:44.000,13.2
2026-03-10 23:06:44.000,12
2026-03-10 23:06:58.000,12
2026-03-10 23:06:58.000,13.2
2026-03-10 23:07:06.000,13.2
2026-03-10 23:07:06.000,12
2026-03-10 23:07:10.000,12
2026-03-10 23:07:10.000,13.2
2026-03-10 23:07:22.000,13.2
2026-03-10 23:07:22.000,12
2026-03-10 23:07:32.000,12
2026-03-10 23:07:32.000,13.2
2026-03-10 23:07:34.000,13.2
2026-03-10 23:07:34.000,12
2026-03-10 23:07:38.000,12
2026-03-10 23:07:38.000,14.4
2026-03-10 23:07:40.000,14.4
2026-03-10 23:07:40.000,12
2026-03-10 23:07:44.000,12
2026-03-10 23:07:44.000,10.8
2026-03-10 23:07:54.000,10.8
2026-03-10 23:07:54.000,12
2026-03-10 23:08:00.000,12
2026-03-10 23:08:00.000,13.2
2026-03-10 23:08:02.000,13.2
2026-03-10 23:08:02.000,12
2026-03-10 23:08:04.000,12
2026-03-10 23:08:04.000,13.2
2026-03-10 23:08:10.000,13.2
2026-03-10 23:08:10.000,12
2026-03-10 23:08:16.000,12
2026-03-10 23:08:16.000,13.2
2026-03-10 23:08:18.000,13.2
2026-03-10 23:08:18.000,12
2026-03-10 23:08:24.000,12
2026-03-10 23:08:24.000,13.2
2026-03-10 23:08:44.000,13.2
2026-03-10 23:08:44.000,12
2026-03-10 23:08:46.000,12
2026-03-10 23:08:46.000,13.2
2026-03-10 23:08:54.000,13.2
2026-03-10 23:08:54.000,12
2026-03-10 23:09:00.000,12
2026-03-10 23:09:00.000,13.2
2026-03-10 23:09:08.000,13.2
2026-03-10 23:09:08.000,12
2026-03-10 23:09:14.000,12
2026-03-10 23:09:14.000,13.2
2026-03-10 23:09:32.000,13.2
2026-03-10 23:09:32.000,12
2026-03-10 23:09:36.000,12
2026-03-10 23:09:36.000,13.2
2026-03-10 23:09:40.000,13.2
2026-03-10 23:09:40.000,12
2026-03-10 23:09:42.000,12
2026-03-10 23:09:42.000,13.2
2026-03-10 23:10:00.000,13.2
2026-03-10 23:10:00.000,12
2026-03-10 23:10:08.000,12
2026-03-10 23:10:08.000,13.2
2026-03-10 23:10:28.000,13.2
2026-03-10 23:10:28.000,12
2026-03-10 23:10:30.000,12
2026-03-10 23:10:30.000,13.2
2026-03-10 23:10:42.000,13.2
2026-03-10 23:10:42.000,14.4
2026-03-10 23:10:44.000,14.4
2026-03-10 23:10:44.000,13.2
2026-03-10 23:11:08.000,13.2
2026-03-10 23:11:08.000,14.4
2026-03-10 23:11:22.000,14.4
2026-03-10 23:11:22.000,13.2
2026-03-10 23:11:30.000,13.2
2026-03-10 23:11:30.000,14.4
2026-03-10 23:11:46.000,14.4
2026-03-10 23:11:46.000,13.2
2026-03-10 23:11:48.000,13.2
2026-03-10 23:11:48.000,14.4
2026-03-10 23:11:50.000,14.4
2026-03-10 23:11:50.000,13.2
2026-03-10 23:11:58.000,13.2
2026-03-10 23:11:58.000,12
2026-03-10 23:12:00.000,12
2026-03-10 23:12:00.000,13.2
2026-03-10 23:12:06.000,13.2
2026-03-10 23:12:06.000,12
2026-03-10 23:12:08.000,12
2026-03-10 23:12:08.000,13.2
2026-03-10 23:12:18.000,13.2
2026-03-10 23:12:18.000,14.4
2026-03-10 23:12:22.000,14.4
2026-03-10 23:12:22.000,13.2
2026-03-10 23:12:24.000,13.2
2026-03-10 23:12:24.000,12
2026-03-10 23:12:34.000,12
2026-03-10 23:12:34.000,13.2
2026-03-10 23:12:36.000,13.2
2026-03-10 23:12:36.000,14.4
2026-03-10 23:12:46.000,14.4
2026-03-10 23:12:46.000,13.2
2026-03-10 23:12:56.000,13.2
2026-03-10 23:12:56.000,14.4
2026-03-10 23:12:58.000,14.4
2026-03-10 23:12:58.000,15.6
2026-03-10 23:13:00.000,15.6
2026-03-10 23:13:00.000,18
2026-03-10 23:13:02.000,18
2026-03-10 23:13:02.000,19.2
2026-03-10 23:13:04.000,19.2
2026-03-10 23:13:04.000,16.8
2026-03-10 23:13:08.000,16.8
2026-03-10 23:13:08.000,15.6
2026-03-10 23:13:12.000,15.6
2026-03-10 23:13:12.000,14.4
2026-03-10 23:13:14.000,14.4
2026-03-10 23:13:14.000,15.6
2026-03-10 23:13:16.000,15.6
2026-03-10 23:13:16.000,14.4
2026-03-10 23:13:22.000,14.4
2026-03-10 23:13:22.000,15.6
2026-03-10 23:13:24.000,15.6
2026-03-10 23:13:24.000,13.2
2026-03-10 23:13:26.000,13.2
2026-03-10 23:13:26.000,14.4
2026-03-10 23:13:28.000,14.4
2026-03-10 23:13:28.000,12
2026-03-10 23:13:32.000,12
2026-03-10 23:13:32.000,13.2
2026-03-10 23:13:34.000,13.2
2026-03-10 23:13:34.000,10.8
2026-03-10 23:13:36.000,10.8
2026-03-10 23:13:36.000,12
2026-03-10 23:13:38.000,12
2026-03-10 23:13:38.000,14.4
2026-03-10 23:13:40.000,14.4
2026-03-10 23:13:40.000,13.2
2026-03-10 23:13:52.000,13.2
2026-03-10 23:13:52.000,14.4
2026-03-10 23:13:54.000,14.4
2026-03-10 23:13:54.000,13.2
2026-03-10 23:14:10.000,13.2
2026-03-10 23:14:10.000,12
2026-03-10 23:14:16.000,12
2026-03-10 23:14:16.000,10.8
2026-03-10 23:14:24.000,10.8
2026-03-10 23:14:24.000,12
2026-03-10 23:14:32.000,12
2026-03-10 23:14:32.000,10.8
2026-03-10 23:14:40.000,10.8
2026-03-10 23:14:40.000,12
2026-03-10 23:14:44.000,12
2026-03-10 23:14:44.000,10.8
2026-03-10 23:14:48.000,10.8
2026-03-10 23:14:48.000,9.6
2026-03-10 23:14:56.000,9.6
2026-03-10 23:14:56.000,8.4
2026-03-10 23:14:58.000,8.4
2026-03-10 23:14:58.000,7.2
2026-03-10 23:15:00.000,7.2
2026-03-10 23:15:00.000,8.4
2026-03-10 23:15:02.000,8.4
2026-03-10 23:15:02.000,9.6
2026-03-10 23:15:04.000,9.6
2026-03-10 23:15:04.000,10.8
2026-03-10 23:15:06.000,10.8
2026-03-10 23:15:06.000,12
2026-03-10 23:15:14.000,12
2026-03-10 23:15:14.000,13.2
2026-03-10 23:15:16.000,13.2
2026-03-10 23:15:16.000,12
2026-03-10 23:15:18.000,12
2026-03-10 23:15:18.000,10.8
2026-03-10 23:15:20.000,10.8
2026-03-10 23:15:20.000,9.6
2026-03-10 23:15:26.000,9.6
2026-03-10 23:15:26.000,10.8
2026-03-10 23:15:28.000,10.8
2026-03-10 23:15:28.000,9.6
2026-03-10 23:15:30.000,9.6
2026-03-10 23:15:30.000,10.8
2026-03-10 23:15:32.000,10.8
2026-03-10 23:15:32.000,9.6
2026-03-10 23:15:36.000,9.6
2026-03-10 23:15:36.000,10.8
2026-03-10 23:15:38.000,10.8
2026-03-10 23:15:38.000,9.6
2026-03-10 23:15:40.000,9.6
2026-03-10 23:15:40.000,10.8
2026-03-10 23:15:42.000,10.8
2026-03-10 23:15:42.000,8.4
2026-03-10 23:15:48.000,8.4
2026-03-10 23:15:48.000,9.6
2026-03-10 23:15:54.000,9.6
2026-03-10 23:15:54.000,10.8
2026-03-10 23:16:00.000,10.8
2026-03-10 23:16:00.000,12
2026-03-10 23:16:02.000,12
2026-03-10 23:16:02.000,10.8
2026-03-10 23:16:08.000,10.8
2026-03-10 23:16:08.000,9.6
2026-03-10 23:16:22.000,9.6
2026-03-10 23:16:22.000,10.8
2026-03-10 23:16:52.000,10.8
2026-03-10 23:16:52.000,9.6
2026-03-10 23:17:08.000,9.6
2026-03-10 23:17:08.000,10.8
2026-03-10 23:17:14.000,10.8
2026-03-10 23:17:14.000,12
2026-03-10 23:17:20.000,12
2026-03-10 23:17:20.000,10.8
2026-03-10 23:17:26.000,10.8
2026-03-10 23:17:26.000,9.6
2026-03-10 23:17:44.000,9.6
2026-03-10 23:17:44.000,10.8
2026-03-10 23:18:08.000,10.8
2026-03-10 23:18:08.000,9.6
2026-03-10 23:18:18.000,9.6
2026-03-10 23:18:18.000,10.8
2026-03-10 23:18:36.000,10.8
2026-03-10 23:18:36.000,9.6
2026-03-10 23:18:44.000,9.6
2026-03-10 23:18:44.000,10.8
2026-03-10 23:18:48.000,10.8
2026-03-10 23:18:48.000,9.6
2026-03-10 23:18:50.000,9.6
2026-03-10 23:18:50.000,10.8
2026-03-10 23:18:56.000,10.8
2026-03-10 23:18:56.000,9.6
2026-03-10 23:18:58.000,9.6
2026-03-10 23:18:58.000,10.8
2026-03-10 23:19:20.000,10.8
2026-03-10 23:19:20.000,9.6
2026-03-10 23:19:32.000,9.6
2026-03-10 23:19:32.000,10.8
2026-03-10 23:19:58.000,10.8
2026-03-10 23:19:58.000,9.6
2026-03-10 23:20:00.000,9.6
2026-03-10 23:20:00.000,10.8
2026-03-10 23:20:26.000,10.8
2026-03-10 23:20:26.000,9.6
2026-03-10 23:20:36.000,9.6
2026-03-10 23:20:36.000,10.8
2026-03-10 23:20:58.000,10.8
2026-03-10 23:20:58.000,9.6
2026-03-10 23:21:02.000,9.6
2026-03-10 23:21:02.000,10.8
2026-03-10 23:21:32.000,10.8
2026-03-10 23:21:32.000,9.6
2026-03-10 23:21:36.000,9.6
2026-03-10 23:21:36.000,10.8
2026-03-10 23:22:18.000,10.8
2026-03-10 23:22:18.000,9.6
2026-03-10 23:22:20.000,9.6
2026-03-10 23:22:20.000,10.8
2026-03-10 23:22:46.000,10.8
2026-03-10 23:22:46.000,9.6
2026-03-10 23:22:48.000,9.6
2026-03-10 23:22:48.000,10.8
2026-03-10 23:22:52.000,10.8
2026-03-10 23:22:52.000,9.6
2026-03-10 23:23:06.000,9.6
2026-03-10 23:23:06.000,10.8
2026-03-10 23:23:12.000,10.8
2026-03-10 23:23:12.000,9.6
2026-03-10 23:23:28.000,9.6
2026-03-10 23:23:28.000,10.8
2026-03-10 23:23:30.000,10.8
2026-03-10 23:23:30.000,9.6
2026-03-10 23:23:34.000,9.6
2026-03-10 23:23:34.000,10.8
2026-03-10 23:23:40.000,10.8
2026-03-10 23:23:40.000,9.6
2026-03-10 23:23:42.000,9.6
2026-03-10 23:23:42.000,10.8
2026-03-10 23:24:00.000,10.8
2026-03-10 23:24:00.000,9.6
2026-03-10 23:24:06.000,9.6
2026-03-10 23:24:06.000,10.8
2026-03-10 23:24:10.000,10.8
2026-03-10 23:24:10.000,9.6
2026-03-10 23:24:22.000,9.6
2026-03-10 23:24:22.000,10.8
2026-03-10 23:24:36.000,10.8
2026-03-10 23:24:36.000,9.6
2026-03-10 23:25:00.000,9.6
2026-03-10 23:25:00.000,10.8
2026-03-10 23:25:12.000,10.8
2026-03-10 23:25:12.000,9.6
2026-03-10 23:25:16.000,9.6
2026-03-10 23:25:16.000,10.8
2026-03-10 23:25:24.000,10.8
2026-03-10 23:25:24.000,9.6
2026-03-10 23:25:26.000,9.6
2026-03-10 23:25:26.000,10.8
2026-03-10 23:25:36.000,10.8
2026-03-10 23:25:36.000,9.6
2026-03-10 23:25:46.000,9.6
2026-03-10 23:25:46.000,10.8
2026-03-10 23:25:56.000,10.8
2026-03-10 23:25:56.000,9.6
2026-03-10 23:25:58.000,9.6
2026-03-10 23:25:58.000,10.8
2026-03-10 23:26:00.000,10.8
2026-03-10 23:26:00.000,9.6
2026-03-10 23:26:02.000,9.6
2026-03-10 23:26:02.000,10.8
2026-03-10 23:26:10.000,10.8
2026-03-10 23:26:10.000,9.6
2026-03-10 23:26:14.000,9.6
2026-03-10 23:26:14.000,10.8
2026-03-10 23:26:16.000,10.8
2026-03-10 23:26:16.000,9.6
2026-03-10 23:26:18.000,9.6
2026-03-10 23:26:18.000,10.8
2026-03-10 23:26:22.000,10.8
2026-03-10 23:26:22.000,9.6
2026-03-10 23:26:32.000,9.6
2026-03-10 23:26:32.000,10.8
2026-03-10 23:26:38.000,10.8
2026-03-10 23:26:38.000,9.6
2026-03-10 23:26:54.000,9.6
2026-03-10 23:26:54.000,10.8
2026-03-10 23:27:02.000,10.8
2026-03-10 23:27:02.000,9.6
2026-03-10 23:27:06.000,9.6
2026-03-10 23:27:06.000,10.8
2026-03-10 23:27:10.000,10.8
2026-03-10 23:27:10.000,9.6
2026-03-10 23:27:12.000,9.6
2026-03-10 23:27:12.000,10.8
2026-03-10 23:27:18.000,10.8
2026-03-10 23:27:18.000,9.6
2026-03-10 23:27:28.000,9.6
2026-03-10 23:27:28.000,10.8
2026-03-10 23:27:32.000,10.8
2026-03-10 23:27:32.000,9.6
2026-03-10 23:27:36.000,9.6
2026-03-10 23:27:36.000,10.8
2026-03-10 23:27:46.000,10.8
2026-03-10 23:27:46.000,9.6
2026-03-10 23:27:50.000,9.6
2026-03-10 23:27:50.000,10.8
2026-03-10 23:27:58.000,10.8
2026-03-10 23:27:58.000,9.6
2026-03-10 23:28:14.000,9.6
2026-03-10 23:28:14.000,10.8
2026-03-10 23:28:26.000,10.8
2026-03-10 23:28:26.000,9.6
2026-03-10 23:28:32.000,9.6
2026-03-10 23:28:32.000,10.8
2026-03-10 23:28:42.000,10.8
2026-03-10 23:28:42.000,9.6
2026-03-10 23:28:54.000,9.6
2026-03-10 23:28:54.000,10.8
2026-03-10 23:28:58.000,10.8
2026-03-10 23:28:58.000,9.6
2026-03-10 23:29:16.000,9.6
2026-03-10 23:29:16.000,10.8
2026-03-10 23:29:26.000,10.8
2026-03-10 23:29:26.000,9.6
2026-03-10 23:29:44.000,9.6
2026-03-10 23:29:44.000,10.8
2026-03-10 23:29:46.000,10.8
2026-03-10 23:29:46.000,9.6
2026-03-10 23:29:48.000,9.6
2026-03-10 23:29:48.000,10.8
2026-03-10 23:29:50.000,10.8
2026-03-10 23:29:50.000,9.6
2026-03-10 23:30:04.000,9.6
2026-03-10 23:30:04.000,10.8
2026-03-10 23:30:12.000,10.8
2026-03-10 23:30:12.000,9.6
2026-03-10 23:30:16.000,9.6
2026-03-10 23:30:16.000,10.8
2026-03-10 23:30:18.000,10.8
2026-03-10 23:30:18.000,9.6
2026-03-10 23:30:30.000,9.6
2026-03-10 23:30:30.000,10.8
2026-03-10 23:30:36.000,10.8
2026-03-10 23:30:36.000,9.6
2026-03-10 23:30:38.000,9.6
2026-03-10 23:30:38.000,10.8
2026-03-10 23:30:40.000,10.8
2026-03-10 23:30:40.000,9.6
2026-03-10 23:30:42.000,9.6
2026-03-10 23:30:42.000,10.8
2026-03-10 23:30:44.000,10.8
2026-03-10 23:30:44.000,9.6
2026-03-10 23:31:08.000,9.6
2026-03-10 23:31:08.000,10.8
2026-03-10 23:31:24.000,10.8
2026-03-10 23:31:24.000,9.6
2026-03-10 23:31:30.000,9.6
2026-03-10 23:31:30.000,10.8
2026-03-10 23:31:32.000,10.8
2026-03-10 23:31:32.000,9.6
2026-03-10 23:31:44.000,9.6
2026-03-10 23:31:44.000,10.8
2026-03-10 23:31:46.000,10.8
2026-03-10 23:31:46.000,9.6
2026-03-10 23:32:16.000,9.6
2026-03-10 23:32:16.000,10.8
2026-03-10 23:32:18.000,10.8
2026-03-10 23:32:18.000,9.6
2026-03-10 23:32:20.000,9.6
2026-03-10 23:32:20.000,10.8
2026-03-10 23:32:26.000,10.8
2026-03-10 23:32:26.000,9.6
2026-03-10 23:33:00.000,9.6
2026-03-10 23:33:00.000,10.8
2026-03-10 23:33:02.000,10.8
2026-03-10 23:33:02.000,9.6
2026-03-10 23:33:32.000,9.6
2026-03-10 23:33:32.000,10.8
2026-03-10 23:33:34.000,10.8
2026-03-10 23:33:34.000,9.6
2026-03-10 23:33:58.000,9.6
2026-03-10 23:33:58.000,10.8
2026-03-10 23:34:12.000,10.8
2026-03-10 23:34:12.000,9.6
2026-03-10 23:34:28.000,9.6
2026-03-10 23:34:28.000,10.8
2026-03-10 23:34:32.000,10.8
2026-03-10 23:34:32.000,9.6
2026-03-10 23:34:46.000,9.6
2026-03-10 23:34:46.000,10.8
2026-03-10 23:34:50.000,10.8
2026-03-10 23:34:50.000,9.6
2026-03-10 23:34:56.000,9.6
2026-03-10 23:34:56.000,10.8
2026-03-10 23:34:58.000,10.8
2026-03-10 23:34:58.000,9.6
2026-03-10 23:35:24.000,9.6
2026-03-10 23:35:24.000,10.8
2026-03-10 23:35:26.000,10.8
2026-03-10 23:35:26.000,9.6
2026-03-10 23:36:00.000,9.6
2026-03-10 23:36:00.000,10.8
2026-03-10 23:36:08.000,10.8
2026-03-10 23:36:08.000,9.6
2026-03-10 23:36:18.000,9.6
2026-03-10 23:36:18.000,10.8
2026-03-10 23:36:20.000,10.8
2026-03-10 23:36:20.000,9.6
2026-03-10 23:36:46.000,9.6
2026-03-10 23:36:46.000,10.8
2026-03-10 23:36:56.000,10.8
2026-03-10 23:36:56.000,9.6
2026-03-10 23:36:58.000,9.6
2026-03-10 23:36:58.000,10.8
2026-03-10 23:37:02.000,10.8
2026-03-10 23:37:02.000,9.6
2026-03-10 23:37:32.000,9.6
2026-03-10 23:37:32.000,10.8
2026-03-10 23:37:40.000,10.8
2026-03-10 23:37:40.000,9.6
2026-03-10 23:38:16.000,9.6
2026-03-10 23:38:16.000,10.8
2026-03-10 23:38:18.000,10.8
2026-03-10 23:38:18.000,9.6
2026-03-10 23:39:00.000,9.6
2026-03-10 23:39:00.000,10.8
2026-03-10 23:39:02.000,10.8
2026-03-10 23:39:02.000,9.6
2026-03-10 23:40:32.000,9.6
2026-03-10 23:40:32.000,10.8
2026-03-10 23:40:36.000,10.8
2026-03-10 23:40:36.000,9.6
2026-03-10 23:41:18.000,9.6
2026-03-10 23:41:18.000,10.8
2026-03-10 23:41:20.000,10.8
2026-03-10 23:41:20.000,9.6
2026-03-10 23:42:08.000,9.6
2026-03-10 23:42:08.000,10.8
2026-03-10 23:42:16.000,10.8
2026-03-10 23:42:16.000,9.6
2026-03-10 23:42:40.000,9.6
2026-03-10 23:42:40.000,10.8
2026-03-10 23:42:42.000,10.8
2026-03-10 23:42:42.000,9.6
2026-03-10 23:42:44.000,9.6
2026-03-10 23:42:44.000,10.8
2026-03-10 23:42:48.000,10.8
2026-03-10 23:42:48.000,9.6
2026-03-10 23:43:16.000,9.6
2026-03-10 23:43:16.000,10.8
2026-03-10 23:43:18.000,10.8
2026-03-10 23:43:18.000,9.6
2026-03-10 23:44:20.000,9.6
2026-03-10 23:44:20.000,10.8
2026-03-10 23:44:22.000,10.8
2026-03-10 23:44:22.000,9.6
2026-03-10 23:44:58.000,9.6
2026-03-10 23:44:58.000,10.8
2026-03-10 23:45:00.000,10.8
2026-03-10 23:45:00.000,9.6
2026-03-10 23:45:20.000,9.6
2026-03-10 23:45:20.000,10.8
2026-03-10 23:45:30.000,10.8
2026-03-10 23:45:30.000,9.6
2026-03-10 23:46:10.000,9.6
2026-03-10 23:46:10.000,10.8
2026-03-10 23:46:12.000,10.8
2026-03-10 23:46:12.000,9.6
2026-03-10 23:51:02.000,9.6
2026-03-10 23:51:02.000,10.8
2026-03-10 23:51:08.000,10.8
2026-03-10 23:51:08.000,9.6
2026-03-10 23:51:42.000,9.6
2026-03-10 23:51:42.000,10.8
2026-03-10 23:51:46.000,10.8
2026-03-10 23:51:46.000,9.6
2026-03-10 23:52:20.000,9.6
2026-03-10 23:52:20.000,10.8
2026-03-10 23:52:22.000,10.8
2026-03-10 23:52:22.000,9.6
2026-03-10 23:58:18.000,9.6
2026-03-10 23:58:18.000,10.8
2026-03-10 23:58:20.000,10.8
2026-03-10 23:58:20.000,9.6
2026-03-10 23:59:02.000,9.6
2026-03-10 23:59:02.000,10.8
2026-03-10 23:59:06.000,10.8
2026-03-10 23:59:06.000,9.6
2026-03-10 23:59:16.000,9.6
2026-03-10 23:59:16.000,10.8
2026-03-10 23:59:18.000,10.8
2026-03-10 23:59:18.000,9.6
2026-03-10 23:59:20.000,9.6
2026-03-10 23:59:20.000,12
2026-03-10 23:59:22.000,12
2026-03-10 23:59:22.000,10.8
2026-03-10 23:59:28.000,10.8
2026-03-10 23:59:28.000,9.6
2026-03-10 23:59:30.000,9.6
2026-03-10 23:59:30.000,8.4
2026-03-10 23:59:34.000,8.4
2026-03-10 23:59:34.000,9.6
2026-03-10 23:59:42.000,9.6
2026-03-10 23:59:42.000,10.8
2026-03-11 00:00:08.000,10.8
2026-03-11 00:00:08.000,9.6
2026-03-11 00:00:10.000,9.6
2026-03-11 00:00:10.000,10.8
2026-03-11 00:00:12.000,10.8
2026-03-11 00:00:12.000,9.6
2026-03-11 00:00:28.000,9.6
2026-03-11 00:00:28.000,10.8
2026-03-11 00:00:52.000,10.8
2026-03-11 00:00:52.000,9.6
2026-03-11 00:00:58.000,9.6
2026-03-11 00:00:58.000,10.8
2026-03-11 00:01:02.000,10.8
2026-03-11 00:01:02.000,9.6
2026-03-11 00:01:06.000,9.6
2026-03-11 00:01:06.000,10.8
2026-03-11 00:01:16.000,10.8
2026-03-11 00:01:16.000,12
2026-03-11 00:01:18.000,12
2026-03-11 00:01:18.000,10.8
2026-03-11 00:01:26.000,10.8
2026-03-11 00:01:26.000,9.6
2026-03-11 00:01:28.000,9.6
2026-03-11 00:01:28.000,10.8
2026-03-11 00:01:30.000,10.8
2026-03-11 00:01:30.000,9.6
2026-03-11 00:01:32.000,9.6
2026-03-11 00:01:32.000,10.8
2026-03-11 00:02:04.000,10.8
2026-03-11 00:02:04.000,9.6
2026-03-11 00:02:12.000,9.6
2026-03-11 00:02:12.000,10.8
2026-03-11 00:03:00.000,10.8
2026-03-11 00:03:00.000,9.6
2026-03-11 00:03:04.000,9.6
2026-03-11 00:03:04.000,10.8
2026-03-11 00:03:08.000,10.8
2026-03-11 00:03:08.000,9.6
2026-03-11 00:03:12.000,9.6
2026-03-11 00:03:12.000,10.8
2026-03-11 00:03:40.000,10.8
2026-03-11 00:03:40.000,9.6
2026-03-11 00:03:44.000,9.6
2026-03-11 00:03:44.000,10.8
2026-03-11 00:03:46.000,10.8
2026-03-11 00:03:46.000,9.6
2026-03-11 00:03:50.000,9.6
2026-03-11 00:03:50.000,10.8
2026-03-11 00:04:52.000,10.8
2026-03-11 00:04:52.000,9.6
2026-03-11 00:04:56.000,9.6
2026-03-11 00:04:56.000,10.8
2026-03-11 00:06:04.000,10.8
2026-03-11 00:06:04.000,9.6
2026-03-11 00:06:06.000,9.6
2026-03-11 00:06:06.000,10.8
2026-03-11 00:08:46.000,10.8
2026-03-11 00:08:46.000,9.6
2026-03-11 00:08:58.000,9.6
2026-03-11 00:08:58.000,10.8
2026-03-11 00:09:28.000,10.8
2026-03-11 00:09:28.000,9.6
2026-03-11 00:09:34.000,9.6
2026-03-11 00:09:34.000,10.8
2026-03-11 00:11:24.000,10.8
2026-03-11 00:11:24.000,9.6
2026-03-11 00:11:26.000,9.6
2026-03-11 00:11:26.000,10.8
2026-03-11 00:12:04.000,10.8
2026-03-11 00:12:04.000,12
2026-03-11 00:12:06.000,12
2026-03-11 00:12:06.000,13.2
2026-03-11 00:12:10.000,13.2
2026-03-11 00:12:10.000,14.4
2026-03-11 00:12:12.000,14.4
2026-03-11 00:12:12.000,13.2
2026-03-11 00:12:14.000,13.2
2026-03-11 00:12:14.000,8.4
2026-03-11 00:12:20.000,8.4
2026-03-11 00:12:20.000,10.8
2026-03-11 00:12:24.000,10.8
2026-03-11 00:12:24.000,9.6
2026-03-11 00:12:28.000,9.6
2026-03-11 00:12:28.000,10.8
2026-03-11 00:12:32.000,10.8
2026-03-11 00:12:32.000,9.6
2026-03-11 00:12:34.000,9.6
2026-03-11 00:12:34.000,8.4
2026-03-11 00:12:48.000,8.4
2026-03-11 00:12:48.000,9.6
2026-03-11 00:13:06.000,9.6
2026-03-11 00:13:06.000,8.4
2026-03-11 00:13:28.000,8.4
2026-03-11 00:13:28.000,9.6
2026-03-11 00:13:44.000,9.6
2026-03-11 00:13:44.000,8.4
2026-03-11 00:14:06.000,8.4
2026-03-11 00:14:06.000,9.6
2026-03-11 00:14:10.000,9.6
2026-03-11 00:14:10.000,10.8
2026-03-11 00:14:14.000,10.8
2026-03-11 00:14:14.000,12
2026-03-11 00:14:18.000,12
2026-03-11 00:14:18.000,14.4
2026-03-11 00:14:20.000,14.4
2026-03-11 00:14:20.000,18
2026-03-11 00:14:22.000,18
2026-03-11 00:14:22.000,21.6
2026-03-11 00:14:24.000,21.6
2026-03-11 00:14:24.000,25.2
2026-03-11 00:14:26.000,25.2
2026-03-11 00:14:26.000,26.4
2026-03-11 00:14:28.000,26.4
2026-03-11 00:14:28.000,28.8
2026-03-11 00:14:32.000,28.8
2026-03-11 00:14:32.000,30
2026-03-11 00:14:38.000,30
2026-03-11 00:14:38.000,31.2
2026-03-11 00:14:56.000,31.2
2026-03-11 00:14:56.000,32.4
2026-03-11 00:15:04.000,32.4
2026-03-11 00:15:04.000,33.6
2026-03-11 00:15:12.000,33.6
2026-03-11 00:15:12.000,34.8
2026-03-11 00:15:20.000,34.8
2026-03-11 00:15:20.000,36
2026-03-11 00:16:32.000,36
2026-03-11 00:16:32.000,34.8
2026-03-11 00:16:44.000,34.8
2026-03-11 00:16:44.000,36
2026-03-11 00:17:12.000,36
2026-03-11 00:17:12.000,34.8
2026-03-11 00:17:14.000,34.8
2026-03-11 00:17:14.000,33.6
2026-03-11 00:17:16.000,33.6
2026-03-11 00:17:16.000,32.4
2026-03-11 00:17:18.000,32.4
2026-03-11 00:17:18.000,33.6
2026-03-11 00:17:24.000,33.6
2026-03-11 00:17:24.000,32.4
2026-03-11 00:17:26.000,32.4
2026-03-11 00:17:26.000,28.8
2026-03-11 00:17:30.000,28.8
2026-03-11 00:17:30.000,21.6
2026-03-11 00:17:36.000,21.6
2026-03-11 00:17:36.000,20.4
2026-03-11 00:17:38.000,20.4
2026-03-11 00:17:38.000,21.6
2026-03-11 00:17:52.000,21.6
2026-03-11 00:17:52.000,22.8
2026-03-11 00:18:04.000,22.8
2026-03-11 00:18:04.000,24
2026-03-11 00:18:32.000,24
2026-03-11 00:18:32.000,25.2
2026-03-11 00:18:34.000,25.2
2026-03-11 00:18:34.000,24
2026-03-11 00:18:38.000,24
2026-03-11 00:18:38.000,25.2
2026-03-11 00:19:10.000,25.2
2026-03-11 00:19:10.000,26.4
2026-03-11 00:19:16.000,26.4
2026-03-11 00:19:16.000,27.6
2026-03-11 00:19:24.000,27.6
2026-03-11 00:19:24.000,28.8
2026-03-11 00:19:34.000,28.8
2026-03-11 00:19:34.000,30
2026-03-11 00:20:04.000,30
2026-03-11 00:20:04.000,31.2
2026-03-11 00:20:32.000,31.2
2026-03-11 00:20:32.000,32.4
2026-03-11 00:21:00.000,32.4
2026-03-11 00:21:00.000,33.6
2026-03-11 00:21:08.000,33.6
2026-03-11 00:21:08.000,32.4
2026-03-11 00:21:10.000,32.4
2026-03-11 00:21:10.000,33.6
2026-03-11 00:21:12.000,33.6
2026-03-11 00:21:12.000,32.4
2026-03-11 00:21:18.000,32.4
2026-03-11 00:21:18.000,31.2
2026-03-11 00:21:20.000,31.2
2026-03-11 00:21:20.000,28.8
2026-03-11 00:21:22.000,28.8
2026-03-11 00:21:22.000,26.4
2026-03-11 00:21:26.000,26.4
2026-03-11 00:21:26.000,24
2026-03-11 00:21:28.000,24
2026-03-11 00:21:28.000,25.2
2026-03-11 00:21:52.000,25.2
2026-03-11 00:21:52.000,26.4
2026-03-11 00:21:54.000,26.4
2026-03-11 00:21:54.000,25.2
2026-03-11 00:21:58.000,25.2
2026-03-11 00:21:58.000,26.4
2026-03-11 00:22:02.000,26.4
2026-03-11 00:22:02.000,25.2
2026-03-11 00:22:04.000,25.2
2026-03-11 00:22:04.000,24
2026-03-11 00:22:06.000,24
2026-03-11 00:22:06.000,15.6
2026-03-11 00:22:08.000,15.6
2026-03-11 00:22:08.000,13.2
2026-03-11 00:22:10.000,13.2
2026-03-11 00:22:10.000,16.8
2026-03-11 00:22:12.000,16.8
2026-03-11 00:22:12.000,14.4
2026-03-11 00:22:14.000,14.4
2026-03-11 00:22:14.000,13.2
2026-03-11 00:22:16.000,13.2
2026-03-11 00:22:16.000,14.4
2026-03-11 00:22:18.000,14.4
2026-03-11 00:22:18.000,13.2
2026-03-11 00:22:24.000,13.2
2026-03-11 00:22:24.000,15.6
2026-03-11 00:22:26.000,15.6
2026-03-11 00:22:26.000,16.8
2026-03-11 00:22:28.000,16.8
2026-03-11 00:22:28.000,20.4
2026-03-11 00:22:32.000,20.4
2026-03-11 00:22:32.000,22.8
2026-03-11 00:22:34.000,22.8
2026-03-11 00:22:34.000,24
2026-03-11 00:22:36.000,24
2026-03-11 00:22:36.000,25.2
2026-03-11 00:22:38.000,25.2
2026-03-11 00:22:38.000,26.4
2026-03-11 00:22:40.000,26.4
2026-03-11 00:22:40.000,27.6
2026-03-11 00:22:44.000,27.6
2026-03-11 00:22:44.000,28.8
2026-03-11 00:22:54.000,28.8
2026-03-11 00:22:54.000,30
2026-03-11 00:23:08.000,30
2026-03-11 00:23:08.000,31.2
2026-03-11 00:23:14.000,31.2
2026-03-11 00:23:14.000,30
2026-03-11 00:23:16.000,30
2026-03-11 00:23:16.000,26.4
2026-03-11 00:23:18.000,26.4
2026-03-11 00:23:18.000,20.4
2026-03-11 00:23:20.000,20.4
2026-03-11 00:23:20.000,14.4
2026-03-11 00:23:22.000,14.4
2026-03-11 00:23:22.000,13.2
2026-03-11 00:23:26.000,13.2
2026-03-11 00:23:26.000,12
2026-03-11 00:23:28.000,12
2026-03-11 00:23:28.000,13.2
2026-03-11 00:23:30.000,13.2
2026-03-11 00:23:30.000,12
2026-03-11 00:23:38.000,12
2026-03-11 00:23:38.000,13.2
2026-03-11 00:23:54.000,13.2
2026-03-11 00:23:54.000,12
2026-03-11 00:24:04.000,12
2026-03-11 00:24:04.000,10.8
2026-03-11 00:24:06.000,10.8
2026-03-11 00:24:06.000,12
2026-03-11 00:26:00.000,12
2026-03-11 00:26:00.000,13.2
2026-03-11 00:26:02.000,13.2
2026-03-11 00:26:02.000,10.8
2026-03-11 00:26:04.000,10.8
2026-03-11 00:26:04.000,8.4
2026-03-11 00:26:06.000,8.4
2026-03-11 00:26:06.000,10.8
2026-03-11 00:26:08.000,10.8
2026-03-11 00:26:08.000,15.6
2026-03-11 00:26:10.000,15.6
2026-03-11 00:26:10.000,18
2026-03-11 00:26:12.000,18
2026-03-11 00:26:12.000,24
2026-03-11 00:26:14.000,24
2026-03-11 00:26:14.000,26.4
2026-03-11 00:26:16.000,26.4
2026-03-11 00:26:16.000,25.2
2026-03-11 00:26:18.000,25.2
2026-03-11 00:26:18.000,26.4
2026-03-11 00:26:34.000,26.4
2026-03-11 00:26:34.000,27.6
2026-03-11 00:26:44.000,27.6
2026-03-11 00:26:44.000,26.4
2026-03-11 00:27:00.000,26.4
2026-03-11 00:27:00.000,25.2
2026-03-11 00:27:26.000,25.2
2026-03-11 00:27:26.000,26.4
2026-03-11 00:27:46.000,26.4
2026-03-11 00:27:46.000,25.2
2026-03-11 00:27:54.000,25.2
2026-03-11 00:27:54.000,26.4
2026-03-11 00:28:04.000,26.4
2026-03-11 00:28:04.000,25.2
2026-03-11 00:28:16.000,25.2
2026-03-11 00:28:16.000,26.4
2026-03-11 00:28:18.000,26.4
2026-03-11 00:28:18.000,25.2
2026-03-11 00:29:22.000,25.2
2026-03-11 00:29:22.000,26.4
2026-03-11 00:29:24.000,26.4
2026-03-11 00:29:24.000,24
2026-03-11 00:29:26.000,24
2026-03-11 00:29:26.000,22.8
2026-03-11 00:29:28.000,22.8
2026-03-11 00:29:28.000,21.6
2026-03-11 00:29:32.000,21.6
2026-03-11 00:29:32.000,20.4
2026-03-11 00:29:36.000,20.4
2026-03-11 00:29:36.000,19.2
2026-03-11 00:30:00.000,19.2
2026-03-11 00:30:00.000,20.4
2026-03-11 00:30:02.000,20.4
2026-03-11 00:30:02.000,16.8
2026-03-11 00:30:04.000,16.8
2026-03-11 00:30:04.000,13.2
2026-03-11 00:30:06.000,13.2
2026-03-11 00:30:06.000,12
2026-03-11 00:30:08.000,12
2026-03-11 00:30:08.000,14.4
2026-03-11 00:30:10.000,14.4
2026-03-11 00:30:10.000,16.8
2026-03-11 00:30:12.000,16.8
2026-03-11 00:30:12.000,15.6
2026-03-11 00:30:14.000,15.6
2026-03-11 00:30:14.000,14.4
2026-03-11 00:30:16.000,14.4
2026-03-11 00:30:16.000,13.2
2026-03-11 00:30:18.000,13.2
2026-03-11 00:30:18.000,12
2026-03-11 00:30:28.000,12
2026-03-11 00:30:28.000,13.2
2026-03-11 00:30:34.000,13.2
2026-03-11 00:30:34.000,14.4
2026-03-11 00:30:38.000,14.4
2026-03-11 00:30:38.000,15.6
2026-03-11 00:30:42.000,15.6
2026-03-11 00:30:42.000,16.8
2026-03-11 00:30:44.000,16.8
2026-03-11 00:30:44.000,18
2026-03-11 00:30:46.000,18
2026-03-11 00:30:46.000,19.2
2026-03-11 00:30:48.000,19.2
2026-03-11 00:30:48.000,21.6
2026-03-11 00:30:52.000,21.6
2026-03-11 00:30:52.000,24
2026-03-11 00:31:00.000,24
2026-03-11 00:31:00.000,25.2
2026-03-11 00:31:08.000,25.2
2026-03-11 00:31:08.000,26.4
2026-03-11 00:31:36.000,26.4
2026-03-11 00:31:36.000,27.6
2026-03-11 00:32:00.000,27.6
2026-03-11 00:32:00.000,26.4
2026-03-11 00:32:12.000,26.4
2026-03-11 00:32:12.000,27.6
2026-03-11 00:32:22.000,27.6
2026-03-11 00:32:22.000,28.8
2026-03-11 00:32:24.000,28.8
2026-03-11 00:32:24.000,27.6
2026-03-11 00:32:26.000,27.6
2026-03-11 00:32:26.000,28.8
2026-03-11 00:34:56.000,28.8
2026-03-11 00:34:56.000,30
2026-03-11 00:34:58.000,30
2026-03-11 00:34:58.000,28.8
2026-03-11 00:35:02.000,28.8
2026-03-11 00:35:02.000,30
2026-03-11 00:39:18.000,30
2026-03-11 00:39:18.000,31.2
2026-03-11 00:39:28.000,31.2
2026-03-11 00:39:28.000,30
2026-03-11 00:39:30.000,30
2026-03-11 00:39:30.000,26.4
2026-03-11 00:39:34.000,26.4
2026-03-11 00:39:34.000,18
2026-03-11 00:39:36.000,18
2026-03-11 00:39:36.000,15.6
2026-03-11 00:39:38.000,15.6
2026-03-11 00:39:38.000,12
2026-03-11 00:39:42.000,12
2026-03-11 00:39:42.000,13.2
2026-03-11 00:39:44.000,13.2
2026-03-11 00:39:44.000,14.4
2026-03-11 00:39:48.000,14.4
2026-03-11 00:39:48.000,15.6
2026-03-11 00:40:16.000,15.6
2026-03-11 00:40:16.000,14.4
2026-03-11 00:40:18.000,14.4
2026-03-11 00:40:18.000,15.6
2026-03-11 00:40:22.000,15.6
2026-03-11 00:40:22.000,14.4
2026-03-11 00:40:24.000,14.4
2026-03-11 00:40:24.000,15.6
2026-03-11 00:40:28.000,15.6
2026-03-11 00:40:28.000,14.4
2026-03-11 00:40:30.000,14.4
2026-03-11 00:40:30.000,15.6
2026-03-11 00:41:06.000,15.6
2026-03-11 00:41:06.000,14.4
2026-03-11 00:41:08.000,14.4
2026-03-11 00:41:08.000,15.6
2026-03-11 00:41:16.000,15.6
2026-03-11 00:41:16.000,14.4
2026-03-11 00:41:20.000,14.4
2026-03-11 00:41:20.000,15.6
2026-03-11 00:41:32.000,15.6
2026-03-11 00:41:32.000,14.4
2026-03-11 00:41:56.000,14.4
2026-03-11 00:41:56.000,15.6
2026-03-11 00:42:06.000,15.6
2026-03-11 00:42:06.000,14.4
2026-03-11 00:42:08.000,14.4
2026-03-11 00:42:08.000,15.6
2026-03-11 00:42:12.000,15.6
2026-03-11 00:42:12.000,14.4
2026-03-11 00:42:48.000,14.4
2026-03-11 00:42:48.000,15.6
2026-03-11 00:42:56.000,15.6
2026-03-11 00:42:56.000,14.4
2026-03-11 00:44:32.000,14.4
2026-03-11 00:44:32.000,15.6
2026-03-11 00:44:34.000,15.6
2026-03-11 00:44:34.000,14.4
2026-03-11 00:44:40.000,14.4
2026-03-11 00:44:40.000,13.2
2026-03-11 00:45:34.000,13.2
2026-03-11 00:45:34.000,12
2026-03-11 00:45:38.000,12
2026-03-11 00:45:38.000,13.2
2026-03-11 00:46:12.000,13.2
2026-03-11 00:46:12.000,12
2026-03-11 00:46:16.000,12
2026-03-11 00:46:16.000,13.2
2026-03-11 00:46:22.000,13.2
2026-03-11 00:46:22.000,12
2026-03-11 00:46:36.000,12
2026-03-11 00:46:36.000,13.2
2026-03-11 00:47:04.000,13.2
2026-03-11 00:47:04.000,12
2026-03-11 00:47:10.000,12
2026-03-11 00:47:10.000,13.2
2026-03-11 00:47:14.000,13.2
2026-03-11 00:47:14.000,12
2026-03-11 00:47:18.000,12
2026-03-11 00:47:18.000,13.2
2026-03-11 00:47:22.000,13.2
2026-03-11 00:47:22.000,12
2026-03-11 00:47:28.000,12
2026-03-11 00:47:28.000,13.2
2026-03-11 00:47:40.000,13.2
2026-03-11 00:47:40.000,12
2026-03-11 00:47:46.000,12
2026-03-11 00:47:46.000,13.2
2026-03-11 00:48:04.000,13.2
2026-03-11 00:48:04.000,12
2026-03-11 00:48:22.000,12
2026-03-11 00:48:22.000,13.2
2026-03-11 00:56:08.000,13.2
2026-03-11 00:56:08.000,12
2026-03-11 00:56:10.000,12
2026-03-11 00:56:10.000,13.2
2026-03-11 00:57:14.000,13.2
2026-03-11 00:57:14.000,14.4
2026-03-11 00:57:20.000,14.4
2026-03-11 00:57:20.000,13.2
2026-03-11 00:57:24.000,13.2
2026-03-11 00:57:24.000,14.4
2026-03-11 00:57:26.000,14.4
2026-03-11 00:57:26.000,13.2
2026-03-11 00:57:50.000,13.2
2026-03-11 00:57:50.000,14.4
2026-03-11 00:58:00.000,14.4
2026-03-11 00:58:00.000,15.6
2026-03-11 00:58:06.000,15.6
2026-03-11 00:58:06.000,16.8
2026-03-11 00:58:12.000,16.8
2026-03-11 00:58:12.000,18
2026-03-11 00:58:24.000,18
2026-03-11 00:58:24.000,19.2
2026-03-11 00:58:42.000,19.2
2026-03-11 00:58:42.000,20.4
2026-03-11 00:59:22.000,20.4
2026-03-11 00:59:22.000,21.6
2026-03-11 01:00:02.000,21.6
2026-03-11 01:00:02.000,22.8
2026-03-11 01:02:10.000,22.8
2026-03-11 01:02:10.000,24
2026-03-11 01:02:26.000,24
2026-03-11 01:02:26.000,25.2
2026-03-11 01:02:48.000,25.2
2026-03-11 01:02:48.000,26.4
2026-03-11 01:03:14.000,26.4
2026-03-11 01:03:14.000,27.6
2026-03-11 01:03:42.000,27.6
2026-03-11 01:03:42.000,28.8
2026-03-11 01:03:46.000,28.8
2026-03-11 01:03:46.000,27.6
2026-03-11 01:03:48.000,27.6
2026-03-11 01:03:48.000,28.8
2026-03-11 01:03:50.000,28.8
2026-03-11 01:03:50.000,27.6
2026-03-11 01:03:54.000,27.6
2026-03-11 01:03:54.000,26.4
2026-03-11 01:03:58.000,26.4
2026-03-11 01:03:58.000,25.2
2026-03-11 01:04:02.000,25.2
2026-03-11 01:04:02.000,24
2026-03-11 01:04:18.000,24
2026-03-11 01:04:18.000,22.8
2026-03-11 01:05:16.000,22.8
2026-03-11 01:05:16.000,21.6
2026-03-11 01:06:06.000,21.6
2026-03-11 01:06:06.000,22.8
2026-03-11 01:06:14.000,22.8
2026-03-11 01:06:14.000,21.6
2026-03-11 01:07:32.000,21.6
2026-03-11 01:07:32.000,22.8
2026-03-11 01:07:40.000,22.8
2026-03-11 01:07:40.000,21.6
2026-03-11 01:08:20.000,21.6
2026-03-11 01:08:20.000,22.8
2026-03-11 01:08:30.000,22.8
2026-03-11 01:08:30.000,21.6
2026-03-11 01:08:56.000,21.6
2026-03-11 01:08:56.000,22.8
2026-03-11 01:08:58.000,22.8
2026-03-11 01:08:58.000,21.6
2026-03-11 01:09:00.000,21.6
2026-03-11 01:09:00.000,22.8
2026-03-11 01:11:58.000,22.8
2026-03-11 01:11:58.000,21.6
2026-03-11 01:12:46.000,21.6
2026-03-11 01:12:46.000,22.8
2026-03-11 01:12:48.000,22.8
2026-03-11 01:12:48.000,21.6
2026-03-11 01:12:52.000,21.6
2026-03-11 01:12:52.000,19.2
2026-03-11 01:12:54.000,19.2
2026-03-11 01:12:54.000,20.4
2026-03-11 01:12:56.000,20.4
2026-03-11 01:12:56.000,18
2026-03-11 01:12:58.000,18
2026-03-11 01:12:58.000,16.8
2026-03-11 01:13:00.000,16.8
2026-03-11 01:13:00.000,14.4
2026-03-11 01:13:02.000,14.4
2026-03-11 01:13:02.000,13.2
2026-03-11 01:13:04.000,13.2
2026-03-11 01:13:04.000,8.4
2026-03-11 01:13:06.000,8.4
2026-03-11 01:13:06.000,10.8
2026-03-11 01:13:08.000,10.8
2026-03-11 01:13:08.000,12
2026-03-11 01:13:12.000,12
2026-03-11 01:13:12.000,13.2
2026-03-11 01:14:04.000,13.2
2026-03-11 01:14:04.000,14.4
2026-03-11 01:14:10.000,14.4
2026-03-11 01:14:10.000,13.2
2026-03-11 01:14:50.000,13.2
2026-03-11 01:14:50.000,14.4
2026-03-11 01:14:54.000,14.4
2026-03-11 01:14:54.000,13.2
2026-03-11 01:14:58.000,13.2
2026-03-11 01:14:58.000,14.4
2026-03-11 01:15:00.000,14.4
2026-03-11 01:15:00.000,13.2
2026-03-11 01:15:44.000,13.2
2026-03-11 01:15:44.000,14.4
2026-03-11 01:15:50.000,14.4
2026-03-11 01:15:50.000,13.2
2026-03-11 01:16:36.000,13.2
2026-03-11 01:16:36.000,14.4
2026-03-11 01:16:42.000,14.4
2026-03-11 01:16:42.000,13.2
2026-03-11 01:17:16.000,13.2
2026-03-11 01:17:16.000,14.4
2026-03-11 01:17:28.000,14.4
2026-03-11 01:17:28.000,13.2
2026-03-11 01:17:52.000,13.2
2026-03-11 01:17:52.000,14.4
2026-03-11 01:17:56.000,14.4
2026-03-11 01:17:56.000,13.2
2026-03-11 01:18:02.000,13.2
2026-03-11 01:18:02.000,14.4
2026-03-11 01:18:04.000,14.4
2026-03-11 01:18:04.000,13.2
2026-03-11 01:18:16.000,13.2
2026-03-11 01:18:16.000,14.4
2026-03-11 01:18:26.000,14.4
2026-03-11 01:18:26.000,15.6
2026-03-11 01:18:30.000,15.6
2026-03-11 01:18:30.000,14.4
2026-03-11 01:18:32.000,14.4
2026-03-11 01:18:32.000,16.8
2026-03-11 01:18:34.000,16.8
2026-03-11 01:18:34.000,15.6
2026-03-11 01:18:36.000,15.6
2026-03-11 01:18:36.000,14.4
2026-03-11 01:18:50.000,14.4
2026-03-11 01:18:50.000,15.6
2026-03-11 01:19:06.000,15.6
2026-03-11 01:19:06.000,14.4
2026-03-11 01:19:36.000,14.4
2026-03-11 01:19:36.000,15.6
2026-03-11 01:19:38.000,15.6
2026-03-11 01:19:38.000,14.4
2026-03-11 01:31:20.000,14.4
2026-03-11 01:31:20.000,15.6
2026-03-11 01:31:22.000,15.6
2026-03-11 01:31:22.000,18
2026-03-11 01:31:24.000,18
2026-03-11 01:31:24.000,16.8
2026-03-11 01:31:28.000,16.8
2026-03-11 01:31:28.000,14.4
2026-03-11 01:31:30.000,14.4
2026-03-11 01:31:30.000,12
2026-03-11 01:31:36.000,12
2026-03-11 01:31:36.000,13.2
2026-03-11 01:31:38.000,13.2
2026-03-11 01:31:38.000,14.4
2026-03-11 01:31:44.000,14.4
2026-03-11 01:31:44.000,15.6
2026-03-11 01:37:00.000,15.6
2026-03-11 01:37:00.000,16.8
2026-03-11 01:37:02.000,16.8
2026-03-11 01:37:02.000,15.6
2026-03-11 01:43:26.000,15.6
2026-03-11 01:43:26.000,16.8
2026-03-11 01:43:30.000,16.8
2026-03-11 01:43:30.000,15.6
2026-03-11 01:44:00.000,15.6
2026-03-11 01:44:00.000,14.4
2026-03-11 01:44:02.000,14.4
2026-03-11 01:44:02.000,15.6
2026-03-11 01:44:30.000,15.6
2026-03-11 01:44:30.000,16.8
2026-03-11 01:44:36.000,16.8
2026-03-11 01:44:36.000,18
2026-03-11 01:44:40.000,18
2026-03-11 01:44:40.000,19.2
2026-03-11 01:44:42.000,19.2
2026-03-11 01:44:42.000,22.8
2026-03-11 01:44:46.000,22.8
2026-03-11 01:44:46.000,24
2026-03-11 01:44:48.000,24
2026-03-11 01:44:48.000,25.2
2026-03-11 01:44:52.000,25.2
2026-03-11 01:44:52.000,26.4
2026-03-11 01:44:56.000,26.4
2026-03-11 01:44:56.000,27.6
2026-03-11 01:44:58.000,27.6
2026-03-11 01:44:58.000,26.4
2026-03-11 01:45:00.000,26.4
2026-03-11 01:45:00.000,27.6
2026-03-11 01:45:38.000,27.6
2026-03-11 01:45:38.000,28.8
2026-03-11 01:45:44.000,28.8
2026-03-11 01:45:44.000,27.6
2026-03-11 01:45:50.000,27.6
2026-03-11 01:45:50.000,28.8
2026-03-11 01:45:56.000,28.8
2026-03-11 01:45:56.000,27.6
2026-03-11 01:46:02.000,27.6
2026-03-11 01:46:02.000,28.8
2026-03-11 01:46:44.000,28.8
2026-03-11 01:46:44.000,30
2026-03-11 01:46:54.000,30
2026-03-11 01:46:54.000,28.8
2026-03-11 01:47:42.000,28.8
2026-03-11 01:47:42.000,27.6
2026-03-11 01:47:46.000,27.6
2026-03-11 01:47:46.000,26.4
2026-03-11 01:48:04.000,26.4
2026-03-11 01:48:04.000,25.2
2026-03-11 01:48:06.000,25.2
2026-03-11 01:48:06.000,26.4
2026-03-11 01:48:08.000,26.4
2026-03-11 01:48:08.000,25.2
2026-03-11 01:48:14.000,25.2
2026-03-11 01:48:14.000,24
2026-03-11 01:48:20.000,24
2026-03-11 01:48:20.000,12
2026-03-11 01:48:22.000,12
2026-03-11 01:48:22.000,13.2
2026-03-11 01:48:24.000,13.2
2026-03-11 01:48:24.000,15.6
2026-03-11 01:48:28.000,15.6
2026-03-11 01:48:28.000,18
2026-03-11 01:48:30.000,18
2026-03-11 01:48:30.000,19.2
2026-03-11 01:48:32.000,19.2
2026-03-11 01:48:32.000,21.6
2026-03-11 01:48:36.000,21.6
2026-03-11 01:48:36.000,22.8
2026-03-11 01:48:38.000,22.8
2026-03-11 01:48:38.000,24
2026-03-11 01:48:40.000,24
2026-03-11 01:48:40.000,25.2
2026-03-11 01:48:42.000,25.2
2026-03-11 01:48:42.000,26.4
2026-03-11 01:48:44.000,26.4
2026-03-11 01:48:44.000,27.6
2026-03-11 01:48:46.000,27.6
2026-03-11 01:48:46.000,28.8
2026-03-11 01:48:50.000,28.8
2026-03-11 01:48:50.000,30
2026-03-11 01:48:54.000,30
2026-03-11 01:48:54.000,31.2
2026-03-11 01:49:02.000,31.2
2026-03-11 01:49:02.000,32.4
2026-03-11 01:49:04.000,32.4
2026-03-11 01:49:04.000,30
2026-03-11 01:49:06.000,30
2026-03-11 01:49:06.000,28.8
2026-03-11 01:49:10.000,28.8
2026-03-11 01:49:10.000,30
2026-03-11 01:49:12.000,30
2026-03-11 01:49:12.000,28.8
2026-03-11 01:49:14.000,28.8
2026-03-11 01:49:14.000,30
2026-03-11 01:49:22.000,30
2026-03-11 01:49:22.000,31.2
2026-03-11 01:49:30.000,31.2
2026-03-11 01:49:30.000,32.4
2026-03-11 01:49:46.000,32.4
2026-03-11 01:49:46.000,33.6
2026-03-11 01:49:58.000,33.6
2026-03-11 01:49:58.000,32.4
2026-03-11 01:50:12.000,32.4
2026-03-11 01:50:12.000,33.6
2026-03-11 01:50:46.000,33.6
2026-03-11 01:50:46.000,32.4
2026-03-11 01:50:54.000,32.4
2026-03-11 01:50:54.000,30
2026-03-11 01:50:56.000,30
2026-03-11 01:50:56.000,24
2026-03-11 01:50:58.000,24
2026-03-11 01:50:58.000,26.4
2026-03-11 01:51:00.000,26.4
2026-03-11 01:51:00.000,22.8
2026-03-11 01:51:02.000,22.8
2026-03-11 01:51:02.000,24
2026-03-11 01:51:04.000,24
2026-03-11 01:51:04.000,22.8
2026-03-11 01:51:06.000,22.8
2026-03-11 01:51:06.000,24
2026-03-11 01:51:08.000,24
2026-03-11 01:51:08.000,22.8
2026-03-11 01:51:12.000,22.8
2026-03-11 01:51:12.000,24
2026-03-11 01:51:18.000,24
2026-03-11 01:51:18.000,25.2
2026-03-11 01:51:48.000,25.2
2026-03-11 01:51:48.000,26.4
2026-03-11 01:51:54.000,26.4
2026-03-11 01:51:54.000,25.2
2026-03-11 01:51:56.000,25.2
2026-03-11 01:51:56.000,21.6
2026-03-11 01:51:58.000,21.6
2026-03-11 01:51:58.000,24
2026-03-11 01:52:00.000,24
2026-03-11 01:52:00.000,21.6
2026-03-11 01:52:12.000,21.6
2026-03-11 01:52:12.000,22.8
2026-03-11 01:52:14.000,22.8
2026-03-11 01:52:14.000,24
2026-03-11 01:52:18.000,24
2026-03-11 01:52:18.000,25.2
2026-03-11 01:52:24.000,25.2
2026-03-11 01:52:24.000,26.4
2026-03-11 01:52:36.000,26.4
2026-03-11 01:52:36.000,27.6
2026-03-11 01:53:18.000,27.6
2026-03-11 01:53:18.000,28.8
2026-03-11 01:53:22.000,28.8
2026-03-11 01:53:22.000,30
2026-03-11 01:53:46.000,30
2026-03-11 01:53:46.000,28.8
2026-03-11 01:53:52.000,28.8
2026-03-11 01:53:52.000,30
2026-03-11 01:53:54.000,30
2026-03-11 01:53:54.000,28.8
2026-03-11 01:53:56.000,28.8
2026-03-11 01:53:56.000,26.4
2026-03-11 01:53:58.000,26.4
2026-03-11 01:53:58.000,25.2
2026-03-11 01:54:00.000,25.2
2026-03-11 01:54:00.000,24
2026-03-11 01:54:02.000,24
2026-03-11 01:54:02.000,25.2
2026-03-11 01:54:04.000,25.2
2026-03-11 01:54:04.000,24
2026-03-11 01:54:12.000,24
2026-03-11 01:54:12.000,25.2
2026-03-11 01:54:14.000,25.2
2026-03-11 01:54:14.000,26.4
2026-03-11 01:54:18.000,26.4
2026-03-11 01:54:18.000,27.6
2026-03-11 01:54:22.000,27.6
2026-03-11 01:54:22.000,28.8
2026-03-11 01:54:26.000,28.8
2026-03-11 01:54:26.000,30
2026-03-11 01:54:30.000,30
2026-03-11 01:54:30.000,31.2
2026-03-11 01:54:38.000,31.2
2026-03-11 01:54:38.000,32.4
2026-03-11 01:54:52.000,32.4
2026-03-11 01:54:52.000,31.2
2026-03-11 01:55:12.000,31.2
2026-03-11 01:55:12.000,32.4
2026-03-11 01:56:00.000,32.4
2026-03-11 01:56:00.000,30
2026-03-11 01:56:02.000,30
2026-03-11 01:56:02.000,22.8
2026-03-11 01:56:04.000,22.8
2026-03-11 01:56:04.000,25.2
2026-03-11 01:56:06.000,25.2
2026-03-11 01:56:06.000,22.8
2026-03-11 01:56:08.000,22.8
2026-03-11 01:56:08.000,19.2
2026-03-11 01:56:10.000,19.2
2026-03-11 01:56:10.000,20.4
2026-03-11 01:56:12.000,20.4
2026-03-11 01:56:12.000,19.2
2026-03-11 01:56:14.000,19.2
2026-03-11 01:56:14.000,21.6
2026-03-11 01:56:16.000,21.6
2026-03-11 01:56:16.000,24
2026-03-11 01:56:18.000,24
2026-03-11 01:56:18.000,28.8
2026-03-11 01:56:20.000,28.8
2026-03-11 01:56:20.000,34.8
2026-03-11 01:56:22.000,34.8
2026-03-11 01:56:22.000,40.8
2026-03-11 01:56:24.000,40.8
2026-03-11 01:56:24.000,43.2
2026-03-11 01:56:26.000,43.2
2026-03-11 01:56:26.000,49.2
2026-03-11 01:56:28.000,49.2
2026-03-11 01:56:28.000,50.4
2026-03-11 01:56:30.000,50.4
2026-03-11 01:56:30.000,52.8
2026-03-11 01:56:32.000,52.8
2026-03-11 01:56:32.000,54
2026-03-11 01:56:54.000,54
2026-03-11 01:56:54.000,52.8
2026-03-11 01:57:02.000,52.8
2026-03-11 01:57:02.000,51.6
2026-03-11 01:57:10.000,51.6
2026-03-11 01:57:10.000,50.4
2026-03-11 01:57:40.000,50.4
2026-03-11 01:57:40.000,49.2
2026-03-11 01:57:46.000,49.2
2026-03-11 01:57:46.000,48
2026-03-11 01:58:08.000,48
2026-03-11 01:58:08.000,49.2
2026-03-11 01:58:38.000,49.2
2026-03-11 01:58:38.000,48
2026-03-11 01:58:48.000,48
2026-03-11 01:58:48.000,46.8
2026-03-11 01:58:54.000,46.8
2026-03-11 01:58:54.000,43.2
2026-03-11 01:58:56.000,43.2
2026-03-11 01:58:56.000,38.4
2026-03-11 01:58:58.000,38.4
2026-03-11 01:58:58.000,15.6
2026-03-11 01:59:00.000,15.6
2026-03-11 01:59:00.000,22.8
2026-03-11 01:59:02.000,22.8
2026-03-11 01:59:02.000,13.2
2026-03-11 01:59:04.000,13.2
2026-03-11 01:59:04.000,21.6
2026-03-11 01:59:06.000,21.6
2026-03-11 01:59:06.000,18
2026-03-11 01:59:12.000,18
2026-03-11 01:59:12.000,19.2
2026-03-11 01:59:14.000,19.2
2026-03-11 01:59:14.000,22.8
2026-03-11 01:59:16.000,22.8
2026-03-11 01:59:16.000,25.2
2026-03-11 01:59:18.000,25.2
2026-03-11 01:59:18.000,26.4
2026-03-11 01:59:22.000,26.4
2026-03-11 01:59:22.000,25.2
2026-03-11 01:59:24.000,25.2
2026-03-11 01:59:24.000,22.8
2026-03-11 01:59:26.000,22.8
2026-03-11 01:59:26.000,21.6
2026-03-11 01:59:28.000,21.6
2026-03-11 01:59:28.000,20.4
2026-03-11 01:59:32.000,20.4
2026-03-11 01:59:32.000,19.2
2026-03-11 01:59:44.000,19.2
2026-03-11 01:59:44.000,18
2026-03-11 01:59:50.000,18
2026-03-11 01:59:50.000,19.2
2026-03-11 01:59:52.000,19.2
2026-03-11 01:59:52.000,20.4
2026-03-11 01:59:54.000,20.4
2026-03-11 01:59:54.000,19.2
2026-03-11 02:00:06.000,19.2
2026-03-11 02:00:06.000,18
2026-03-11 02:01:02.000,18
2026-03-11 02:01:02.000,20.4
2026-03-11 02:01:04.000,20.4
2026-03-11 02:01:04.000,25.2
2026-03-11 02:01:06.000,25.2
2026-03-11 02:01:06.000,26.4
2026-03-11 02:01:08.000,26.4
2026-03-11 02:01:08.000,31.2
2026-03-11 02:01:10.000,31.2
2026-03-11 02:01:10.000,30
2026-03-11 02:01:12.000,30
2026-03-11 02:01:12.000,31.2
2026-03-11 02:01:14.000,31.2
2026-03-11 02:01:14.000,32.4
2026-03-11 02:01:20.000,32.4
2026-03-11 02:01:20.000,33.6
2026-03-11 02:01:28.000,33.6
2026-03-11 02:01:28.000,34.8
2026-03-11 02:01:30.000,34.8
2026-03-11 02:01:30.000,33.6
2026-03-11 02:01:32.000,33.6
2026-03-11 02:01:32.000,31.2
2026-03-11 02:01:34.000,31.2
2026-03-11 02:01:34.000,28.8
2026-03-11 02:01:38.000,28.8
2026-03-11 02:01:38.000,30
2026-03-11 02:01:46.000,30
2026-03-11 02:01:46.000,31.2
2026-03-11 02:01:54.000,31.2
2026-03-11 02:01:54.000,32.4
2026-03-11 02:02:24.000,32.4
2026-03-11 02:02:24.000,33.6
2026-03-11 02:02:36.000,33.6
2026-03-11 02:02:36.000,34.8
2026-03-11 02:03:08.000,34.8
2026-03-11 02:03:08.000,36
2026-03-11 02:03:12.000,36
2026-03-11 02:03:12.000,34.8
2026-03-11 02:03:14.000,34.8
2026-03-11 02:03:14.000,36
2026-03-11 02:03:34.000,36
2026-03-11 02:03:34.000,34.8
2026-03-11 02:03:36.000,34.8
2026-03-11 02:03:36.000,36
2026-03-11 02:03:40.000,36
2026-03-11 02:03:40.000,34.8
2026-03-11 02:03:54.000,34.8
2026-03-11 02:03:54.000,36
2026-03-11 02:04:12.000,36
2026-03-11 02:04:12.000,34.8
2026-03-11 02:04:28.000,34.8
2026-03-11 02:04:28.000,33.6
2026-03-11 02:04:30.000,33.6
2026-03-11 02:04:30.000,34.8
2026-03-11 02:04:54.000,34.8
2026-03-11 02:04:54.000,36
2026-03-11 02:04:56.000,36
2026-03-11 02:04:56.000,34.8
2026-03-11 02:05:02.000,34.8
2026-03-11 02:05:02.000,33.6
2026-03-11 02:05:06.000,33.6
2026-03-11 02:05:06.000,32.4
2026-03-11 02:05:20.000,32.4
2026-03-11 02:05:20.000,31.2
2026-03-11 02:05:28.000,31.2
2026-03-11 02:05:28.000,30
2026-03-11 02:05:32.000,30
2026-03-11 02:05:32.000,28.8
2026-03-11 02:05:36.000,28.8
2026-03-11 02:05:36.000,27.6
2026-03-11 02:05:40.000,27.6
2026-03-11 02:05:40.000,28.8
2026-03-11 02:05:42.000,28.8
2026-03-11 02:05:42.000,27.6
2026-03-11 02:05:44.000,27.6
2026-03-11 02:05:44.000,26.4
2026-03-11 02:05:46.000,26.4
2026-03-11 02:05:46.000,24
2026-03-11 02:05:48.000,24
2026-03-11 02:05:48.000,20.4
2026-03-11 02:05:54.000,20.4
2026-03-11 02:05:54.000,24
2026-03-11 02:05:56.000,24
2026-03-11 02:05:56.000,28.8
2026-03-11 02:05:58.000,28.8
2026-03-11 02:05:58.000,34.8
2026-03-11 02:06:02.000,34.8
2026-03-11 02:06:02.000,38.4
2026-03-11 02:06:04.000,38.4
2026-03-11 02:06:04.000,37.2
2026-03-11 02:06:06.000,37.2
2026-03-11 02:06:06.000,38.4
2026-03-11 02:06:10.000,38.4
2026-03-11 02:06:10.000,39.6
2026-03-11 02:06:16.000,39.6
2026-03-11 02:06:16.000,40.8
2026-03-11 02:06:20.000,40.8
2026-03-11 02:06:20.000,39.6
2026-03-11 02:06:30.000,39.6
2026-03-11 02:06:30.000,38.4
2026-03-11 02:06:32.000,38.4
2026-03-11 02:06:32.000,34.8
2026-03-11 02:06:36.000,34.8
2026-03-11 02:06:36.000,33.6
2026-03-11 02:06:52.000,33.6
2026-03-11 02:06:52.000,32.4
2026-03-11 02:06:54.000,32.4
2026-03-11 02:06:54.000,33.6
2026-03-11 02:06:56.000,33.6
2026-03-11 02:06:56.000,36
2026-03-11 02:06:58.000,36
2026-03-11 02:06:58.000,40.8
2026-03-11 02:07:00.000,40.8
2026-03-11 02:07:00.000,42
2026-03-11 02:07:02.000,42
2026-03-11 02:07:02.000,44.4
2026-03-11 02:07:04.000,44.4
2026-03-11 02:07:04.000,45.6
2026-03-11 02:07:06.000,45.6
2026-03-11 02:07:06.000,46.8
2026-03-11 02:07:10.000,46.8
2026-03-11 02:07:10.000,44.4
2026-03-11 02:07:12.000,44.4
2026-03-11 02:07:12.000,45.6
2026-03-11 02:07:14.000,45.6
2026-03-11 02:07:14.000,49.2
2026-03-11 02:07:16.000,49.2
2026-03-11 02:07:16.000,52.8
2026-03-11 02:07:18.000,52.8
2026-03-11 02:07:18.000,54
2026-03-11 02:07:20.000,54
2026-03-11 02:07:20.000,57.6
2026-03-11 02:07:24.000,57.6
2026-03-11 02:07:24.000,55.2
2026-03-11 02:07:26.000,55.2
2026-03-11 02:07:26.000,51.6
2026-03-11 02:07:28.000,51.6
2026-03-11 02:07:28.000,33.6
2026-03-11 02:07:30.000,33.6
2026-03-11 02:07:30.000,12
2026-03-11 02:07:32.000,12
2026-03-11 02:07:32.000,14.4
2026-03-11 02:07:34.000,14.4
2026-03-11 02:07:34.000,19.2
2026-03-11 02:07:36.000,19.2
2026-03-11 02:07:36.000,18
2026-03-11 02:07:40.000,18
2026-03-11 02:07:40.000,19.2
2026-03-11 02:07:42.000,19.2
2026-03-11 02:07:42.000,18
2026-03-11 02:07:48.000,18
2026-03-11 02:07:48.000,19.2
2026-03-11 02:07:56.000,19.2
2026-03-11 02:07:56.000,20.4
2026-03-11 02:08:00.000,20.4
2026-03-11 02:08:00.000,19.2
2026-03-11 02:08:10.000,19.2
2026-03-11 02:08:10.000,20.4
2026-03-11 02:08:28.000,20.4
2026-03-11 02:08:28.000,19.2
2026-03-11 02:09:08.000,19.2
2026-03-11 02:09:08.000,20.4
2026-03-11 02:09:10.000,20.4
2026-03-11 02:09:10.000,19.2
2026-03-11 02:09:12.000,19.2
2026-03-11 02:09:12.000,20.4
2026-03-11 02:09:18.000,20.4
2026-03-11 02:09:18.000,19.2
2026-03-11 02:09:44.000,19.2
2026-03-11 02:09:44.000,20.4
2026-03-11 02:09:52.000,20.4
2026-03-11 02:09:52.000,19.2
2026-03-11 02:10:32.000,19.2
2026-03-11 02:10:32.000,20.4
2026-03-11 02:10:34.000,20.4
2026-03-11 02:10:34.000,19.2
2026-03-11 02:10:46.000,19.2
2026-03-11 02:10:46.000,20.4
2026-03-11 02:10:48.000,20.4
2026-03-11 02:10:48.000,19.2
2026-03-11 02:10:52.000,19.2
2026-03-11 02:10:52.000,20.4
2026-03-11 02:10:54.000,20.4
2026-03-11 02:10:54.000,19.2
2026-03-11 02:10:56.000,19.2
2026-03-11 02:10:56.000,20.4
2026-03-11 02:11:02.000,20.4
2026-03-11 02:11:02.000,19.2
2026-03-11 02:12:06.000,19.2
2026-03-11 02:12:06.000,18
2026-03-11 02:12:10.000,18
2026-03-11 02:12:10.000,19.2
2026-03-11 02:12:12.000,19.2
2026-03-11 02:12:12.000,18
2026-03-11 02:12:14.000,18
2026-03-11 02:12:14.000,19.2
2026-03-11 02:12:38.000,19.2
2026-03-11 02:12:38.000,20.4
2026-03-11 02:12:40.000,20.4
2026-03-11 02:12:40.000,21.6
2026-03-11 02:12:42.000,21.6
2026-03-11 02:12:42.000,20.4
2026-03-11 02:12:44.000,20.4
2026-03-11 02:12:44.000,19.2
2026-03-11 02:12:46.000,19.2
2026-03-11 02:12:46.000,16.8
2026-03-11 02:12:48.000,16.8
2026-03-11 02:12:48.000,14.4
2026-03-11 02:12:50.000,14.4
2026-03-11 02:12:50.000,13.2
2026-03-11 02:12:52.000,13.2
2026-03-11 02:12:52.000,14.4
2026-03-11 02:13:16.000,14.4
2026-03-11 02:13:16.000,15.6
2026-03-11 02:13:20.000,15.6
2026-03-11 02:13:20.000,14.4
2026-03-11 02:13:22.000,14.4
2026-03-11 02:13:22.000,15.6
2026-03-11 02:13:24.000,15.6
2026-03-11 02:13:24.000,14.4
2026-03-11 02:13:44.000,14.4
2026-03-11 02:13:44.000,13.2
2026-03-11 02:13:54.000,13.2
2026-03-11 02:13:54.000,14.4
2026-03-11 02:13:58.000,14.4
2026-03-11 02:13:58.000,15.6
2026-03-11 02:14:00.000,15.6
2026-03-11 02:14:00.000,14.4
2026-03-11 02:14:12.000,14.4
2026-03-11 02:14:12.000,15.6
2026-03-11 02:14:16.000,15.6
2026-03-11 02:14:16.000,19.2
2026-03-11 02:14:18.000,19.2
2026-03-11 02:14:18.000,16.8
2026-03-11 02:14:30.000,16.8
2026-03-11 02:14:30.000,15.6
2026-03-11 02:14:32.000,15.6
2026-03-11 02:14:32.000,16.8
2026-03-11 02:14:38.000,16.8
2026-03-11 02:14:38.000,15.6
2026-03-11 02:14:40.000,15.6
2026-03-11 02:14:40.000,16.8
2026-03-11 02:14:48.000,16.8
2026-03-11 02:14:48.000,18
2026-03-11 02:14:52.000,18
2026-03-11 02:14:52.000,16.8
2026-03-11 02:14:54.000,16.8
2026-03-11 02:14:54.000,18
2026-03-11 02:15:00.000,18
2026-03-11 02:15:00.000,16.8
2026-03-11 02:15:02.000,16.8
2026-03-11 02:15:02.000,18
2026-03-11 02:15:04.000,18
2026-03-11 02:15:04.000,16.8
2026-03-11 02:15:18.000,16.8
2026-03-11 02:15:18.000,18
2026-03-11 02:15:22.000,18
2026-03-11 02:15:22.000,19.2
2026-03-11 02:15:30.000,19.2
2026-03-11 02:15:30.000,21.6
2026-03-11 02:15:32.000,21.6
2026-03-11 02:15:32.000,20.4
2026-03-11 02:15:34.000,20.4
2026-03-11 02:15:34.000,22.8
2026-03-11 02:15:38.000,22.8
2026-03-11 02:15:38.000,24
2026-03-11 02:15:42.000,24
2026-03-11 02:15:42.000,22.8
2026-03-11 02:15:46.000,22.8
2026-03-11 02:15:46.000,20.4
2026-03-11 02:15:48.000,20.4
2026-03-11 02:15:48.000,19.2
2026-03-11 02:15:52.000,19.2
2026-03-11 02:15:52.000,18
2026-03-11 02:16:00.000,18
2026-03-11 02:16:00.000,16.8
2026-03-11 02:16:46.000,16.8
2026-03-11 02:16:46.000,15.6
2026-03-11 02:16:48.000,15.6
2026-03-11 02:16:48.000,16.8
2026-03-11 02:16:56.000,16.8
2026-03-11 02:16:56.000,18
2026-03-11 02:17:00.000,18
2026-03-11 02:17:00.000,19.2
2026-03-11 02:17:22.000,19.2
2026-03-11 02:17:22.000,20.4
2026-03-11 02:17:30.000,20.4
2026-03-11 02:17:30.000,21.6
2026-03-11 02:17:48.000,21.6
2026-03-11 02:17:48.000,22.8
2026-03-11 02:17:54.000,22.8
2026-03-11 02:17:54.000,24
2026-03-11 02:17:56.000,24
2026-03-11 02:17:56.000,25.2
2026-03-11 02:18:00.000,25.2
2026-03-11 02:18:00.000,26.4
2026-03-11 02:18:04.000,26.4
2026-03-11 02:18:04.000,27.6
2026-03-11 02:18:06.000,27.6
2026-03-11 02:18:06.000,28.8
2026-03-11 02:18:12.000,28.8
2026-03-11 02:18:12.000,30
2026-03-11 02:18:14.000,30
2026-03-11 02:18:14.000,31.2
2026-03-11 02:18:18.000,31.2
2026-03-11 02:18:18.000,32.4
2026-03-11 02:18:22.000,32.4
2026-03-11 02:18:22.000,33.6
2026-03-11 02:18:32.000,33.6
2026-03-11 02:18:32.000,32.4
2026-03-11 02:18:36.000,32.4
2026-03-11 02:18:36.000,31.2
2026-03-11 02:18:40.000,31.2
2026-03-11 02:18:40.000,30
2026-03-11 02:18:50.000,30
2026-03-11 02:18:50.000,31.2
2026-03-11 02:18:56.000,31.2
2026-03-11 02:18:56.000,32.4
2026-03-11 02:18:58.000,32.4
2026-03-11 02:18:58.000,31.2
2026-03-11 02:19:00.000,31.2
2026-03-11 02:19:00.000,28.8
2026-03-11 02:19:04.000,28.8
2026-03-11 02:19:04.000,30
2026-03-11 02:19:06.000,30
2026-03-11 02:19:06.000,31.2
2026-03-11 02:19:12.000,31.2
2026-03-11 02:19:12.000,32.4
2026-03-11 02:19:22.000,32.4
2026-03-11 02:19:22.000,33.6
2026-03-11 02:19:28.000,33.6
2026-03-11 02:19:28.000,36
2026-03-11 02:19:30.000,36
2026-03-11 02:19:30.000,24
2026-03-11 02:19:32.000,24
2026-03-11 02:19:32.000,16.8
2026-03-11 02:19:34.000,16.8
2026-03-11 02:19:34.000,14.4
2026-03-11 02:19:36.000,14.4
2026-03-11 02:19:36.000,21.6
2026-03-11 02:19:38.000,21.6
2026-03-11 02:19:38.000,22.8
2026-03-11 02:19:40.000,22.8
2026-03-11 02:19:40.000,24
2026-03-11 02:19:50.000,24
2026-03-11 02:19:50.000,25.2
2026-03-11 02:19:58.000,25.2
2026-03-11 02:19:58.000,24
2026-03-11 02:20:00.000,24
2026-03-11 02:20:00.000,25.2
2026-03-11 02:20:04.000,25.2
2026-03-11 02:20:04.000,22.8
2026-03-11 02:20:06.000,22.8
2026-03-11 02:20:06.000,21.6
2026-03-11 02:20:08.000,21.6
2026-03-11 02:20:08.000,18
2026-03-11 02:20:10.000,18
2026-03-11 02:20:10.000,22.8
2026-03-11 02:20:12.000,22.8
2026-03-11 02:20:12.000,25.2
2026-03-11 02:20:14.000,25.2
2026-03-11 02:20:14.000,24
2026-03-11 02:20:16.000,24
2026-03-11 02:20:16.000,25.2
2026-03-11 02:20:20.000,25.2
2026-03-11 02:20:20.000,27.6
2026-03-11 02:20:22.000,27.6
2026-03-11 02:20:22.000,31.2
2026-03-11 02:20:24.000,31.2
2026-03-11 02:20:24.000,33.6
2026-03-11 02:20:26.000,33.6
2026-03-11 02:20:26.000,37.2
2026-03-11 02:20:28.000,37.2
2026-03-11 02:20:28.000,38.4
2026-03-11 02:20:30.000,38.4
2026-03-11 02:20:30.000,40.8
2026-03-11 02:20:32.000,40.8
2026-03-11 02:20:32.000,39.6
2026-03-11 02:20:34.000,39.6
2026-03-11 02:20:34.000,42
2026-03-11 02:20:38.000,42
2026-03-11 02:20:38.000,43.2
2026-03-11 02:20:40.000,43.2
2026-03-11 02:20:40.000,42
2026-03-11 02:20:44.000,42
2026-03-11 02:20:44.000,43.2
2026-03-11 02:20:50.000,43.2
2026-03-11 02:20:50.000,44.4
2026-03-11 02:20:54.000,44.4
2026-03-11 02:20:54.000,45.6
2026-03-11 02:20:56.000,45.6
2026-03-11 02:20:56.000,46.8
2026-03-11 02:20:58.000,46.8
2026-03-11 02:20:58.000,48
2026-03-11 02:21:02.000,48
2026-03-11 02:21:02.000,49.2
2026-03-11 02:21:08.000,49.2
2026-03-11 02:21:08.000,50.4
2026-03-11 02:21:38.000,50.4
2026-03-11 02:21:38.000,51.6
2026-03-11 02:21:46.000,51.6
2026-03-11 02:21:46.000,50.4
2026-03-11 02:21:48.000,50.4
2026-03-11 02:21:48.000,49.2
2026-03-11 02:21:50.000,49.2
2026-03-11 02:21:50.000,48
2026-03-11 02:21:56.000,48
2026-03-11 02:21:56.000,46.8
2026-03-11 02:21:58.000,46.8
2026-03-11 02:21:58.000,48
2026-03-11 02:22:10.000,48
2026-03-11 02:22:10.000,49.2
2026-03-11 02:22:20.000,49.2
2026-03-11 02:22:20.000,50.4
2026-03-11 02:22:24.000,50.4
2026-03-11 02:22:24.000,51.6
2026-03-11 02:22:32.000,51.6
2026-03-11 02:22:32.000,52.8
2026-03-11 02:22:42.000,52.8
2026-03-11 02:22:42.000,51.6
2026-03-11 02:22:52.000,51.6
2026-03-11 02:22:52.000,50.4
2026-03-11 02:22:56.000,50.4
2026-03-11 02:22:56.000,49.2
2026-03-11 02:22:58.000,49.2
2026-03-11 02:22:58.000,46.8
2026-03-11 02:23:00.000,46.8
2026-03-11 02:23:00.000,45.6
2026-03-11 02:23:06.000,45.6
2026-03-11 02:23:06.000,46.8
2026-03-11 02:23:10.000,46.8
2026-03-11 02:23:10.000,48
2026-03-11 02:23:14.000,48
2026-03-11 02:23:14.000,49.2
2026-03-11 02:23:20.000,49.2
2026-03-11 02:23:20.000,50.4
2026-03-11 02:23:24.000,50.4
2026-03-11 02:23:24.000,49.2
2026-03-11 02:23:26.000,49.2
2026-03-11 02:23:26.000,43.2
2026-03-11 02:23:28.000,43.2
2026-03-11 02:23:28.000,37.2
2026-03-11 02:23:30.000,37.2
2026-03-11 02:23:30.000,32.4
2026-03-11 02:23:32.000,32.4
2026-03-11 02:23:32.000,13.2
2026-03-11 02:23:34.000,13.2
2026-03-11 02:23:34.000,10.8
2026-03-11 02:23:38.000,10.8
2026-03-11 02:23:38.000,8.4
2026-03-11 02:23:46.000,8.4
2026-03-11 02:23:46.000,9.6
2026-03-11 02:23:54.000,9.6
2026-03-11 02:23:54.000,10.8
2026-03-11 02:23:58.000,10.8
2026-03-11 02:23:58.000,9.6
2026-03-11 02:24:04.000,9.6
2026-03-11 02:24:04.000,8.4
2026-03-11 02:24:32.000,8.4
2026-03-11 02:24:32.000,9.6
2026-03-11 02:24:34.000,9.6
2026-03-11 02:24:34.000,10.8
2026-03-11 02:24:36.000,10.8
2026-03-11 02:24:36.000,14.4
2026-03-11 02:24:40.000,14.4
2026-03-11 02:24:40.000,16.8
2026-03-11 02:24:46.000,16.8
2026-03-11 02:24:46.000,18
2026-03-11 02:24:50.000,18
2026-03-11 02:24:50.000,19.2
2026-03-11 02:24:52.000,19.2
2026-03-11 02:24:52.000,20.4
2026-03-11 02:25:00.000,20.4
2026-03-11 02:25:00.000,21.6
2026-03-11 02:25:04.000,21.6
2026-03-11 02:25:04.000,22.8
2026-03-11 02:25:08.000,22.8
2026-03-11 02:25:08.000,24
2026-03-11 02:25:10.000,24
2026-03-11 02:25:10.000,25.2
2026-03-11 02:25:12.000,25.2
2026-03-11 02:25:12.000,27.6
2026-03-11 02:25:16.000,27.6
2026-03-11 02:25:16.000,30
2026-03-11 02:25:28.000,30
2026-03-11 02:25:28.000,31.2
2026-03-11 02:25:42.000,31.2
2026-03-11 02:25:42.000,32.4
2026-03-11 02:25:50.000,32.4
2026-03-11 02:25:50.000,33.6
2026-03-11 02:25:52.000,33.6
2026-03-11 02:25:52.000,37.2
2026-03-11 02:25:54.000,37.2
2026-03-11 02:25:54.000,40.8
2026-03-11 02:25:56.000,40.8
2026-03-11 02:25:56.000,48
2026-03-11 02:25:58.000,48
2026-03-11 02:25:58.000,52.8
2026-03-11 02:26:00.000,52.8
2026-03-11 02:26:00.000,57.6
2026-03-11 02:26:04.000,57.6
2026-03-11 02:26:04.000,61.2
2026-03-11 02:26:06.000,61.2
2026-03-11 02:26:06.000,60
2026-03-11 02:26:08.000,60
2026-03-11 02:26:08.000,61.2
2026-03-11 02:26:20.000,61.2
2026-03-11 02:26:20.000,60
2026-03-11 02:26:56.000,60
2026-03-11 02:26:56.000,58.8
2026-03-11 02:27:14.000,58.8
2026-03-11 02:27:14.000,57.6
2026-03-11 02:27:20.000,57.6
2026-03-11 02:27:20.000,56.4
2026-03-11 02:27:28.000,56.4
2026-03-11 02:27:28.000,57.6
2026-03-11 02:28:08.000,57.6
2026-03-11 02:28:08.000,58.8
2026-03-11 02:28:18.000,58.8
2026-03-11 02:28:18.000,60
2026-03-11 02:28:52.000,60
2026-03-11 02:28:52.000,58.8
2026-03-11 02:29:02.000,58.8
2026-03-11 02:29:02.000,55.2
2026-03-11 02:29:04.000,55.2
2026-03-11 02:29:04.000,44.4
2026-03-11 02:29:06.000,44.4
2026-03-11 02:29:06.000,43.2
2026-03-11 02:29:08.000,43.2
2026-03-11 02:29:08.000,37.2
2026-03-11 02:29:12.000,37.2
2026-03-11 02:29:12.000,39.6
2026-03-11 02:29:14.000,39.6
2026-03-11 02:29:14.000,37.2
2026-03-11 02:29:16.000,37.2
2026-03-11 02:29:16.000,38.4
2026-03-11 02:29:18.000,38.4
2026-03-11 02:29:18.000,39.6
2026-03-11 02:29:26.000,39.6
2026-03-11 02:29:26.000,40.8
2026-03-11 02:29:40.000,40.8
2026-03-11 02:29:40.000,42
2026-03-11 02:29:52.000,42
2026-03-11 02:29:52.000,43.2
2026-03-11 02:30:28.000,43.2
2026-03-11 02:30:28.000,44.4
2026-03-11 02:31:20.000,44.4
2026-03-11 02:31:20.000,45.6
2026-03-11 02:32:40.000,45.6
2026-03-11 02:32:40.000,46.8
2026-03-11 02:32:44.000,46.8
2026-03-11 02:32:44.000,45.6
2026-03-11 02:32:54.000,45.6
2026-03-11 02:32:54.000,46.8
2026-03-11 02:33:32.000,46.8
2026-03-11 02:33:32.000,48
2026-03-11 02:33:36.000,48
2026-03-11 02:33:36.000,46.8
2026-03-11 02:33:38.000,46.8
2026-03-11 02:33:38.000,48
2026-03-11 02:34:02.000,48
2026-03-11 02:34:02.000,49.2
2026-03-11 02:35:22.000,49.2
2026-03-11 02:35:22.000,50.4
2026-03-11 02:35:40.000,50.4
2026-03-11 02:35:40.000,49.2
2026-03-11 02:35:42.000,49.2
2026-03-11 02:35:42.000,50.4
2026-03-11 02:35:46.000,50.4
2026-03-11 02:35:46.000,49.2
2026-03-11 02:35:48.000,49.2
2026-03-11 02:35:48.000,50.4
2026-03-11 02:37:42.000,50.4
2026-03-11 02:37:42.000,51.6
2026-03-11 02:37:52.000,51.6
2026-03-11 02:37:52.000,50.4
2026-03-11 02:37:54.000,50.4
2026-03-11 02:37:54.000,51.6
2026-03-11 02:38:58.000,51.6
2026-03-11 02:38:58.000,52.8
2026-03-11 02:39:20.000,52.8
2026-03-11 02:39:20.000,54
2026-03-11 02:39:32.000,54
2026-03-11 02:39:32.000,52.8
2026-03-11 02:39:48.000,52.8
2026-03-11 02:39:48.000,54
2026-03-11 02:40:02.000,54
2026-03-11 02:40:02.000,52.8
2026-03-11 02:40:18.000,52.8
2026-03-11 02:40:18.000,54
2026-03-11 02:40:26.000,54
2026-03-11 02:40:26.000,52.8
2026-03-11 02:40:32.000,52.8
2026-03-11 02:40:32.000,54
2026-03-11 02:40:34.000,54
2026-03-11 02:40:34.000,52.8
2026-03-11 02:40:38.000,52.8
2026-03-11 02:40:38.000,54
2026-03-11 02:41:44.000,54
2026-03-11 02:41:44.000,52.8
2026-03-11 02:41:50.000,52.8
2026-03-11 02:41:50.000,54
2026-03-11 02:43:14.000,54
2026-03-11 02:43:14.000,55.2
2026-03-11 02:43:22.000,55.2
2026-03-11 02:43:22.000,54
2026-03-11 02:43:24.000,54
2026-03-11 02:43:24.000,55.2
2026-03-11 02:43:32.000,55.2
2026-03-11 02:43:32.000,54
2026-03-11 02:43:46.000,54
2026-03-11 02:43:46.000,55.2
2026-03-11 02:44:14.000,55.2
2026-03-11 02:44:14.000,54
2026-03-11 02:44:16.000,54
2026-03-11 02:44:16.000,49.2
2026-03-11 02:44:18.000,49.2
2026-03-11 02:44:18.000,27.6
2026-03-11 02:44:20.000,27.6
2026-03-11 02:44:20.000,3.6
2026-03-11 02:44:22.000,3.6
2026-03-11 02:44:22.000,15.6
2026-03-11 02:44:24.000,15.6
2026-03-11 02:44:24.000,9.6
2026-03-11 02:44:26.000,9.6
2026-03-11 02:44:26.000,10.8
2026-03-11 02:44:32.000,10.8
2026-03-11 02:44:32.000,12
2026-03-11 02:44:46.000,12
2026-03-11 02:44:46.000,13.2
2026-03-11 02:44:50.000,13.2
2026-03-11 02:44:50.000,12
2026-03-11 02:45:34.000,12
2026-03-11 02:45:34.000,10.8
2026-03-11 02:45:36.000,10.8
2026-03-11 02:45:36.000,12
2026-03-11 02:46:24.000,12
2026-03-11 02:46:24.000,10.8
2026-03-11 02:46:26.000,10.8
2026-03-11 02:46:26.000,12
2026-03-11 02:46:36.000,12
2026-03-11 02:46:36.000,10.8
2026-03-11 02:46:42.000,10.8
2026-03-11 02:46:42.000,12
2026-03-11 02:47:18.000,12
2026-03-11 02:47:18.000,10.8
2026-03-11 02:47:36.000,10.8
2026-03-11 02:47:36.000,12
2026-03-11 02:47:58.000,12
2026-03-11 02:47:58.000,10.8
2026-03-11 02:48:10.000,10.8
2026-03-11 02:48:10.000,12
2026-03-11 02:48:12.000,12
2026-03-11 02:48:12.000,10.8
2026-03-11 02:48:48.000,10.8
2026-03-11 02:48:48.000,12
2026-03-11 02:48:50.000,12
2026-03-11 02:48:50.000,10.8
2026-03-11 02:48:52.000,10.8
2026-03-11 02:48:52.000,12
2026-03-11 02:48:56.000,12
2026-03-11 02:48:56.000,10.8
2026-03-11 02:48:58.000,10.8
2026-03-11 02:48:58.000,12
2026-03-11 02:49:00.000,12
2026-03-11 02:49:00.000,10.8
2026-03-11 02:55:14.000,10.8
2026-03-11 02:55:14.000,15.6
2026-03-11 02:55:16.000,15.6
2026-03-11 02:55:16.000,0
2026-03-11 02:55:18.000,0
2026-03-11 02:55:18.000,12
2026-03-11 02:55:20.000,12
2026-03-11 02:55:20.000,8.4
2026-03-11 02:55:22.000,8.4
2026-03-11 02:55:22.000,9.6
2026-03-11 02:55:24.000,9.6
2026-03-11 02:55:24.000,8.4
2026-03-11 02:55:26.000,8.4
2026-03-11 02:55:26.000,9.6
2026-03-11 02:55:32.000,9.6
2026-03-11 02:55:32.000,10.8
2026-03-11 02:55:38.000,10.8
2026-03-11 02:55:38.000,12
2026-03-11 02:55:42.000,12
2026-03-11 02:55:42.000,13.2
2026-03-11 02:55:44.000,13.2
2026-03-11 02:55:44.000,14.4
2026-03-11 02:55:52.000,14.4
2026-03-11 02:55:52.000,13.2
2026-03-11 02:55:58.000,13.2
2026-03-11 02:55:58.000,12
2026-03-11 02:56:22.000,12
2026-03-11 02:56:22.000,13.2
2026-03-11 02:56:40.000,13.2
2026-03-11 02:56:40.000,12
2026-03-11 02:57:06.000,12
2026-03-11 02:57:06.000,13.2
2026-03-11 02:57:24.000,13.2
2026-03-11 02:57:24.000,12
2026-03-11 02:57:54.000,12
2026-03-11 02:57:54.000,13.2
2026-03-11 02:58:06.000,13.2
2026-03-11 02:58:06.000,12
2026-03-11 02:58:36.000,12
2026-03-11 02:58:36.000,13.2
2026-03-11 02:58:42.000,13.2
2026-03-11 02:58:42.000,12
2026-03-11 02:59:22.000,12
2026-03-11 02:59:22.000,13.2
2026-03-11 02:59:24.000,13.2
2026-03-11 02:59:24.000,14.4
2026-03-11 02:59:26.000,14.4
2026-03-11 02:59:26.000,15.6
2026-03-11 02:59:28.000,15.6
2026-03-11 02:59:28.000,19.2
2026-03-11 02:59:32.000,19.2
2026-03-11 02:59:32.000,20.4
2026-03-11 02:59:34.000,20.4
2026-03-11 02:59:34.000,21.6
2026-03-11 02:59:38.000,21.6
2026-03-11 02:59:38.000,22.8
2026-03-11 02:59:40.000,22.8
2026-03-11 02:59:40.000,24
2026-03-11 02:59:42.000,24
2026-03-11 02:59:42.000,26.4
2026-03-11 02:59:46.000,26.4
2026-03-11 02:59:46.000,27.6
2026-03-11 02:59:50.000,27.6
2026-03-11 02:59:50.000,28.8
2026-03-11 02:59:54.000,28.8
2026-03-11 02:59:54.000,30
2026-03-11 03:00:00.000,30
2026-03-11 03:00:00.000,31.2
2026-03-11 03:00:06.000,31.2
2026-03-11 03:00:06.000,32.4
2026-03-11 03:00:22.000,32.4
2026-03-11 03:00:22.000,31.2
2026-03-11 03:00:32.000,31.2
2026-03-11 03:00:32.000,32.4
2026-03-11 03:01:22.000,32.4
2026-03-11 03:01:22.000,33.6
2026-03-11 03:03:12.000,33.6
2026-03-11 03:03:12.000,34.8
2026-03-11 03:03:20.000,34.8
2026-03-11 03:03:20.000,33.6
2026-03-11 03:03:22.000,33.6
2026-03-11 03:03:22.000,34.8
2026-03-11 03:03:34.000,34.8
2026-03-11 03:03:34.000,33.6
2026-03-11 03:03:36.000,33.6
2026-03-11 03:03:36.000,34.8
2026-03-11 03:03:40.000,34.8
2026-03-11 03:03:40.000,33.6
2026-03-11 03:03:42.000,33.6
2026-03-11 03:03:42.000,34.8
2026-03-11 03:04:52.000,34.8
2026-03-11 03:04:52.000,36
2026-03-11 03:04:54.000,36
2026-03-11 03:04:54.000,34.8
2026-03-11 03:05:06.000,34.8
2026-03-11 03:05:06.000,36
2026-03-11 03:05:32.000,36
2026-03-11 03:05:32.000,37.2
2026-03-11 03:05:54.000,37.2
2026-03-11 03:05:54.000,36
2026-03-11 03:05:58.000,36
2026-03-11 03:05:58.000,37.2
2026-03-11 03:07:16.000,37.2
2026-03-11 03:07:16.000,38.4
2026-03-11 03:07:20.000,38.4
2026-03-11 03:07:20.000,37.2
2026-03-11 03:07:22.000,37.2
2026-03-11 03:07:22.000,38.4
2026-03-11 03:07:24.000,38.4
2026-03-11 03:07:24.000,37.2
2026-03-11 03:07:56.000,37.2
2026-03-11 03:07:56.000,38.4
2026-03-11 03:08:00.000,38.4
2026-03-11 03:08:00.000,37.2
2026-03-11 03:08:06.000,37.2
2026-03-11 03:08:06.000,38.4
2026-03-11 03:08:08.000,38.4
2026-03-11 03:08:08.000,37.2
2026-03-11 03:08:12.000,37.2
2026-03-11 03:08:12.000,38.4
2026-03-11 03:10:28.000,38.4
2026-03-11 03:10:28.000,39.6
2026-03-11 03:10:32.000,39.6
2026-03-11 03:10:32.000,38.4
2026-03-11 03:10:34.000,38.4
2026-03-11 03:10:34.000,39.6
2026-03-11 03:11:04.000,39.6
2026-03-11 03:11:04.000,38.4
2026-03-11 03:11:10.000,38.4
2026-03-11 03:11:10.000,39.6
2026-03-11 03:12:18.000,39.6
2026-03-11 03:12:18.000,38.4
2026-03-11 03:12:20.000,38.4
2026-03-11 03:12:20.000,39.6
2026-03-11 03:12:22.000,39.6
2026-03-11 03:12:22.000,38.4
2026-03-11 03:13:02.000,38.4
2026-03-11 03:13:02.000,39.6
2026-03-11 03:13:40.000,39.6
2026-03-11 03:13:40.000,38.4
2026-03-11 03:13:42.000,38.4
2026-03-11 03:13:42.000,39.6
2026-03-11 03:17:04.000,39.6
2026-03-11 03:17:04.000,40.8
2026-03-11 03:17:06.000,40.8
2026-03-11 03:17:06.000,39.6
2026-03-11 03:18:54.000,39.6
2026-03-11 03:18:54.000,40.8
2026-03-11 03:18:56.000,40.8
2026-03-11 03:18:56.000,39.6
2026-03-11 03:19:18.000,39.6
2026-03-11 03:19:18.000,40.8
2026-03-11 03:19:36.000,40.8
2026-03-11 03:19:36.000,39.6
2026-03-11 03:20:08.000,39.6
2026-03-11 03:20:08.000,40.8
2026-03-11 03:20:16.000,40.8
2026-03-11 03:20:16.000,39.6
2026-03-11 03:20:18.000,39.6
2026-03-11 03:20:18.000,40.8
2026-03-11 03:20:22.000,40.8
2026-03-11 03:20:22.000,39.6
2026-03-11 03:20:48.000,39.6
2026-03-11 03:20:48.000,40.8
2026-03-11 03:20:54.000,40.8
2026-03-11 03:20:54.000,39.6
2026-03-11 03:21:00.000,39.6
2026-03-11 03:21:00.000,40.8
2026-03-11 03:21:08.000,40.8
2026-03-11 03:21:08.000,39.6
2026-03-11 03:21:34.000,39.6
2026-03-11 03:21:34.000,40.8
2026-03-11 03:21:40.000,40.8
2026-03-11 03:21:40.000,39.6
2026-03-11 03:21:54.000,39.6
2026-03-11 03:21:54.000,40.8
2026-03-11 03:22:16.000,40.8
2026-03-11 03:22:16.000,39.6
2026-03-11 03:22:32.000,39.6
2026-03-11 03:22:32.000,40.8
2026-03-11 03:22:38.000,40.8
2026-03-11 03:22:38.000,39.6
2026-03-11 03:22:52.000,39.6
2026-03-11 03:22:52.000,40.8
2026-03-11 03:22:54.000,40.8
2026-03-11 03:22:54.000,39.6
2026-03-11 03:22:56.000,39.6
2026-03-11 03:22:56.000,33.6
2026-03-11 03:22:58.000,33.6
2026-03-11 03:22:58.000,18
2026-03-11 03:23:00.000,18
2026-03-11 03:23:00.000,20.4
2026-03-11 03:23:02.000,20.4
2026-03-11 03:23:02.000,56.4
2026-03-11 03:23:04.000,56.4
2026-03-11 03:23:04.000,27.6
2026-03-11 03:23:06.000,27.6
2026-03-11 03:23:06.000,15.6
2026-03-11 03:23:08.000,15.6
2026-03-11 03:23:08.000,13.2
2026-03-11 03:23:10.000,13.2
2026-03-11 03:23:10.000,4.8
2026-03-11 03:23:12.000,4.8
2026-03-11 03:23:12.000,2.4
2026-03-11 03:23:14.000,2.4
2026-03-11 03:23:14.000,8.4
2026-03-11 03:23:16.000,8.4
2026-03-11 03:23:16.000,10.8
2026-03-11 03:23:18.000,10.8
2026-03-11 03:23:18.000,9.6
2026-03-11 03:23:20.000,9.6
2026-03-11 03:23:20.000,13.2
2026-03-11 03:23:22.000,13.2
2026-03-11 03:23:22.000,12
2026-03-11 03:24:00.000,12
2026-03-11 03:24:00.000,10.8
2026-03-11 03:24:14.000,10.8
2026-03-11 03:24:14.000,12
2026-03-11 03:24:24.000,12
2026-03-11 03:24:24.000,13.2
2026-03-11 03:24:40.000,13.2
2026-03-11 03:24:40.000,12
2026-03-11 03:24:50.000,12
2026-03-11 03:24:50.000,13.2
2026-03-11 03:24:54.000,13.2
2026-03-11 03:24:54.000,12
2026-03-11 03:25:02.000,12
2026-03-11 03:25:02.000,13.2
2026-03-11 03:25:04.000,13.2
2026-03-11 03:25:04.000,12
2026-03-11 03:25:06.000,12
2026-03-11 03:25:06.000,13.2
2026-03-11 03:25:18.000,13.2
2026-03-11 03:25:18.000,14.4
2026-03-11 03:25:22.000,14.4
2026-03-11 03:25:22.000,13.2
2026-03-11 03:26:00.000,13.2
2026-03-11 03:26:00.000,14.4
2026-03-11 03:26:14.000,14.4
2026-03-11 03:26:14.000,13.2
2026-03-11 03:26:56.000,13.2
2026-03-11 03:26:56.000,14.4
2026-03-11 03:26:58.000,14.4
2026-03-11 03:26:58.000,13.2
2026-03-11 03:27:00.000,13.2
2026-03-11 03:27:00.000,14.4
2026-03-11 03:27:08.000,14.4
2026-03-11 03:27:08.000,13.2
2026-03-11 03:27:12.000,13.2
2026-03-11 03:27:12.000,14.4
2026-03-11 03:27:16.000,14.4
2026-03-11 03:27:16.000,13.2
2026-03-11 03:27:28.000,13.2
2026-03-11 03:27:28.000,14.4
2026-03-11 03:27:30.000,14.4
2026-03-11 03:27:30.000,13.2
2026-03-11 03:27:36.000,13.2
2026-03-11 03:27:36.000,14.4
2026-03-11 03:27:48.000,14.4
2026-03-11 03:27:48.000,13.2
2026-03-11 03:27:52.000,13.2
2026-03-11 03:27:52.000,14.4
2026-03-11 03:28:00.000,14.4
2026-03-11 03:28:00.000,13.2
2026-03-11 03:28:02.000,13.2
2026-03-11 03:28:02.000,14.4
2026-03-11 03:29:32.000,14.4
2026-03-11 03:29:32.000,15.6
2026-03-11 03:29:34.000,15.6
2026-03-11 03:29:34.000,22.8
2026-03-11 03:29:36.000,22.8
2026-03-11 03:29:36.000,20.4
2026-03-11 03:29:38.000,20.4
2026-03-11 03:29:38.000,19.2
2026-03-11 03:29:44.000,19.2
2026-03-11 03:29:44.000,16.8
2026-03-11 03:29:46.000,16.8
2026-03-11 03:29:46.000,13.2
2026-03-11 03:29:50.000,13.2
2026-03-11 03:29:50.000,12
2026-03-11 03:29:56.000,12
2026-03-11 03:29:56.000,10.8
2026-03-11 03:29:58.000,10.8
2026-03-11 03:29:58.000,12
2026-03-11 03:30:02.000,12
2026-03-11 03:30:02.000,14.4
2026-03-11 03:30:06.000,14.4
2026-03-11 03:30:06.000,8.4
2026-03-11 03:30:08.000,8.4
2026-03-11 03:30:08.000,3.6
2026-03-11 03:30:10.000,3.6
2026-03-11 03:30:10.000,7.2
2026-03-11 03:30:12.000,7.2
2026-03-11 03:30:12.000,6
2026-03-11 03:30:14.000,6
2026-03-11 03:30:14.000,9.6
2026-03-11 03:30:16.000,9.6
2026-03-11 03:30:16.000,8.4
2026-03-11 03:30:18.000,8.4
2026-03-11 03:30:18.000,9.6
2026-03-11 03:30:20.000,9.6
2026-03-11 03:30:20.000,8.4
2026-03-11 03:30:22.000,8.4
2026-03-11 03:30:22.000,9.6
2026-03-11 03:30:50.000,9.6
2026-03-11 03:30:50.000,10.8
2026-03-11 03:31:16.000,10.8
2026-03-11 03:31:16.000,9.6
2026-03-11 03:31:34.000,9.6
2026-03-11 03:31:34.000,10.8
2026-03-11 03:31:36.000,10.8
2026-03-11 03:31:36.000,9.6
2026-03-11 03:31:38.000,9.6
2026-03-11 03:31:38.000,10.8
2026-03-11 03:31:56.000,10.8
2026-03-11 03:31:56.000,9.6
2026-03-11 03:31:58.000,9.6
2026-03-11 03:31:58.000,10.8
2026-03-11 03:32:06.000,10.8
2026-03-11 03:32:06.000,9.6
2026-03-11 03:32:30.000,9.6
2026-03-11 03:32:30.000,10.8
2026-03-11 03:32:40.000,10.8
2026-03-11 03:32:40.000,12
2026-03-11 03:32:42.000,12
2026-03-11 03:32:42.000,10.8
2026-03-11 03:32:44.000,10.8
2026-03-11 03:32:44.000,12
2026-03-11 03:32:46.000,12
2026-03-11 03:32:46.000,8.4
2026-03-11 03:32:58.000,8.4
2026-03-11 03:32:58.000,9.6
2026-03-11 03:33:06.000,9.6
2026-03-11 03:33:06.000,10.8
2026-03-11 03:33:12.000,10.8
2026-03-11 03:33:12.000,12
2026-03-11 03:33:14.000,12
2026-03-11 03:33:14.000,10.8
2026-03-11 03:33:22.000,10.8
2026-03-11 03:33:22.000,9.6
2026-03-11 03:33:26.000,9.6
2026-03-11 03:33:26.000,10.8
2026-03-11 03:33:28.000,10.8
2026-03-11 03:33:28.000,9.6
2026-03-11 03:33:44.000,9.6
2026-03-11 03:33:44.000,10.8
2026-03-11 03:34:04.000,10.8
2026-03-11 03:34:04.000,9.6
2026-03-11 03:34:06.000,9.6
2026-03-11 03:34:06.000,10.8
2026-03-11 03:34:08.000,10.8
2026-03-11 03:34:08.000,9.6
2026-03-11 03:34:12.000,9.6
2026-03-11 03:34:12.000,10.8
2026-03-11 03:34:42.000,10.8
2026-03-11 03:34:42.000,9.6
2026-03-11 03:34:46.000,9.6
2026-03-11 03:34:46.000,10.8
2026-03-11 03:34:48.000,10.8
2026-03-11 03:34:48.000,9.6
2026-03-11 03:35:08.000,9.6
2026-03-11 03:35:08.000,10.8
2026-03-11 03:35:22.000,10.8
2026-03-11 03:35:22.000,9.6
2026-03-11 03:35:28.000,9.6
2026-03-11 03:35:28.000,10.8
2026-03-11 03:35:30.000,10.8
2026-03-11 03:35:30.000,9.6
2026-03-11 03:35:40.000,9.6
2026-03-11 03:35:40.000,10.8
2026-03-11 03:35:52.000,10.8
2026-03-11 03:35:52.000,9.6
2026-03-11 03:35:56.000,9.6
2026-03-11 03:35:56.000,10.8
2026-03-11 03:36:04.000,10.8
2026-03-11 03:36:04.000,9.6
2026-03-11 03:36:08.000,9.6
2026-03-11 03:36:08.000,10.8
2026-03-11 03:36:36.000,10.8
2026-03-11 03:36:36.000,9.6
2026-03-11 03:36:58.000,9.6
2026-03-11 03:36:58.000,10.8
2026-03-11 03:37:12.000,10.8
2026-03-11 03:37:12.000,9.6
2026-03-11 03:37:16.000,9.6
2026-03-11 03:37:16.000,10.8
2026-03-11 03:37:18.000,10.8
2026-03-11 03:37:18.000,9.6
2026-03-11 03:37:44.000,9.6
2026-03-11 03:37:44.000,10.8
2026-03-11 03:37:48.000,10.8
2026-03-11 03:37:48.000,9.6
2026-03-11 03:37:52.000,9.6
2026-03-11 03:37:52.000,10.8
2026-03-11 03:38:08.000,10.8
2026-03-11 03:38:08.000,9.6
2026-03-11 03:38:46.000,9.6
2026-03-11 03:38:46.000,10.8
2026-03-11 03:39:04.000,10.8
2026-03-11 03:39:04.000,9.6
2026-03-11 03:39:34.000,9.6
2026-03-11 03:39:34.000,18
2026-03-11 03:39:36.000,18
2026-03-11 03:39:36.000,16.8
2026-03-11 03:39:38.000,16.8
2026-03-11 03:39:38.000,15.6
2026-03-11 03:39:42.000,15.6
2026-03-11 03:39:42.000,14.4
2026-03-11 03:39:44.000,14.4
2026-03-11 03:39:44.000,10.8
2026-03-11 03:39:46.000,10.8
2026-03-11 03:39:46.000,8.4
2026-03-11 03:39:48.000,8.4
2026-03-11 03:39:48.000,4.8
2026-03-11 03:39:50.000,4.8
2026-03-11 03:39:50.000,8.4
2026-03-11 03:39:52.000,8.4
2026-03-11 03:39:52.000,10.8
2026-03-11 03:39:54.000,10.8
2026-03-11 03:39:54.000,9.6
2026-03-11 03:39:56.000,9.6
2026-03-11 03:39:56.000,10.8
2026-03-11 03:39:58.000,10.8
2026-03-11 03:39:58.000,9.6
2026-03-11 03:40:06.000,9.6
2026-03-11 03:40:06.000,10.8
2026-03-11 03:40:12.000,10.8
2026-03-11 03:40:12.000,12
2026-03-11 03:40:18.000,12
2026-03-11 03:40:18.000,13.2
2026-03-11 03:40:24.000,13.2
2026-03-11 03:40:24.000,18
2026-03-11 03:40:26.000,18
2026-03-11 03:40:26.000,24
2026-03-11 03:40:30.000,24
2026-03-11 03:40:30.000,26.4
2026-03-11 03:40:32.000,26.4
2026-03-11 03:40:32.000,28.8
2026-03-11 03:40:34.000,28.8
2026-03-11 03:40:34.000,30
2026-03-11 03:40:38.000,30
2026-03-11 03:40:38.000,31.2
2026-03-11 03:40:48.000,31.2
2026-03-11 03:40:48.000,32.4
2026-03-11 03:40:54.000,32.4
2026-03-11 03:40:54.000,33.6
2026-03-11 03:40:58.000,33.6
2026-03-11 03:40:58.000,34.8
2026-03-11 03:41:04.000,34.8
2026-03-11 03:41:04.000,36
2026-03-11 03:41:06.000,36
2026-03-11 03:41:06.000,37.2
2026-03-11 03:41:10.000,37.2
2026-03-11 03:41:10.000,38.4
2026-03-11 03:41:28.000,38.4
2026-03-11 03:41:28.000,39.6
2026-03-11 03:41:38.000,39.6
2026-03-11 03:41:38.000,40.8
2026-03-11 03:41:50.000,40.8
2026-03-11 03:41:50.000,42
2026-03-11 03:42:12.000,42
2026-03-11 03:42:12.000,40.8
2026-03-11 03:42:30.000,40.8
2026-03-11 03:42:30.000,42
2026-03-11 03:42:36.000,42
2026-03-11 03:42:36.000,40.8
2026-03-11 03:42:54.000,40.8
2026-03-11 03:42:54.000,42
2026-03-11 03:43:12.000,42
2026-03-11 03:43:12.000,40.8
2026-03-11 03:43:14.000,40.8
2026-03-11 03:43:14.000,39.6
2026-03-11 03:43:16.000,39.6
2026-03-11 03:43:16.000,36
2026-03-11 03:43:20.000,36
2026-03-11 03:43:20.000,34.8
2026-03-11 03:43:24.000,34.8
2026-03-11 03:43:24.000,33.6
2026-03-11 03:43:26.000,33.6
2026-03-11 03:43:26.000,34.8
2026-03-11 03:43:30.000,34.8
2026-03-11 03:43:30.000,33.6
2026-03-11 03:43:44.000,33.6
2026-03-11 03:43:44.000,34.8
2026-03-11 03:44:16.000,34.8
2026-03-11 03:44:16.000,33.6
2026-03-11 03:44:20.000,33.6
2026-03-11 03:44:20.000,34.8
2026-03-11 03:44:36.000,34.8
2026-03-11 03:44:36.000,33.6
2026-03-11 03:44:38.000,33.6
2026-03-11 03:44:38.000,34.8
2026-03-11 03:44:48.000,34.8
2026-03-11 03:44:48.000,33.6
2026-03-11 03:44:50.000,33.6
2026-03-11 03:44:50.000,34.8
2026-03-11 03:45:26.000,34.8
2026-03-11 03:45:26.000,33.6
2026-03-11 03:45:44.000,33.6
2026-03-11 03:45:44.000,34.8
2026-03-11 03:46:10.000,34.8
2026-03-11 03:46:10.000,26.4
2026-03-11 03:46:12.000,26.4
2026-03-11 03:46:12.000,21.6
2026-03-11 03:46:14.000,21.6
2026-03-11 03:46:14.000,12
2026-03-11 03:46:16.000,12
2026-03-11 03:46:16.000,13.2
2026-03-11 03:46:18.000,13.2
2026-03-11 03:46:18.000,12
2026-03-11 03:46:22.000,12
2026-03-11 03:46:22.000,10.8
2026-03-11 03:46:26.000,10.8
2026-03-11 03:46:26.000,12
2026-03-11 03:46:46.000,12
2026-03-11 03:46:46.000,13.2
2026-03-11 03:46:48.000,13.2
2026-03-11 03:46:48.000,12
2026-03-11 03:46:50.000,12
2026-03-11 03:46:50.000,13.2
2026-03-11 03:46:54.000,13.2
2026-03-11 03:46:54.000,12
2026-03-11 03:47:06.000,12
2026-03-11 03:47:06.000,10.8
2026-03-11 03:47:12.000,10.8
2026-03-11 03:47:12.000,12
2026-03-11 03:47:42.000,12
2026-03-11 03:47:42.000,13.2
2026-03-11 03:47:44.000,13.2
2026-03-11 03:47:44.000,21.6
2026-03-11 03:47:46.000,21.6
2026-03-11 03:47:46.000,10.8
2026-03-11 03:47:48.000,10.8
2026-03-11 03:47:48.000,1.2
2026-03-11 03:47:50.000,1.2
2026-03-11 03:47:50.000,0
2026-03-11 03:47:54.000,0
2026-03-11 03:47:54.000,1.2
2026-03-11 03:47:56.000,1.2
2026-03-11 03:47:56.000,3.6
2026-03-11 03:47:58.000,3.6
2026-03-11 03:47:58.000,6
2026-03-11 03:48:00.000,6
2026-03-11 03:48:00.000,8.4
2026-03-11 03:48:02.000,8.4
2026-03-11 03:48:02.000,9.6
2026-03-11 03:48:04.000,9.6
2026-03-11 03:48:04.000,10.8
2026-03-11 03:48:10.000,10.8
2026-03-11 03:48:10.000,12
2026-03-11 03:48:12.000,12
2026-03-11 03:48:12.000,13.2
2026-03-11 03:48:14.000,13.2
2026-03-11 03:48:14.000,16.8
2026-03-11 03:48:16.000,16.8
2026-03-11 03:48:16.000,15.6
2026-03-11 03:48:18.000,15.6
2026-03-11 03:48:18.000,20.4
2026-03-11 03:48:20.000,20.4
2026-03-11 03:48:20.000,16.8
2026-03-11 03:48:24.000,16.8
2026-03-11 03:48:24.000,14.4
2026-03-11 03:48:26.000,14.4
2026-03-11 03:48:26.000,13.2
2026-03-11 03:48:46.000,13.2
2026-03-11 03:48:46.000,14.4
2026-03-11 03:48:58.000,14.4
2026-03-11 03:48:58.000,15.6
2026-03-11 03:49:10.000,15.6
2026-03-11 03:49:10.000,14.4
2026-03-11 03:49:32.000,14.4
2026-03-11 03:49:32.000,15.6
2026-03-11 03:49:34.000,15.6
2026-03-11 03:49:34.000,16.8
2026-03-11 03:49:36.000,16.8
2026-03-11 03:49:36.000,15.6
2026-03-11 03:49:44.000,15.6
2026-03-11 03:49:44.000,14.4
2026-03-11 03:49:50.000,14.4
2026-03-11 03:49:50.000,15.6
2026-03-11 03:49:52.000,15.6
2026-03-11 03:49:52.000,14.4
2026-03-11 03:50:02.000,14.4
2026-03-11 03:50:02.000,15.6
2026-03-11 03:50:22.000,15.6
2026-03-11 03:50:22.000,14.4
2026-03-11 03:50:30.000,14.4
2026-03-11 03:50:30.000,15.6
2026-03-11 03:50:34.000,15.6
2026-03-11 03:50:34.000,16.8
2026-03-11 03:50:38.000,16.8
2026-03-11 03:50:38.000,15.6
2026-03-11 03:50:42.000,15.6
2026-03-11 03:50:42.000,16.8
2026-03-11 03:50:44.000,16.8
2026-03-11 03:50:44.000,24
2026-03-11 03:50:46.000,24
2026-03-11 03:50:46.000,10.8
2026-03-11 03:50:48.000,10.8
2026-03-11 03:50:48.000,16.8
2026-03-11 03:50:50.000,16.8
2026-03-11 03:50:50.000,13.2
2026-03-11 03:50:52.000,13.2
2026-03-11 03:50:52.000,10.8
2026-03-11 03:50:54.000,10.8
2026-03-11 03:50:54.000,8.4
2026-03-11 03:50:56.000,8.4
2026-03-11 03:50:56.000,9.6
2026-03-11 03:51:04.000,9.6
2026-03-11 03:51:04.000,10.8
2026-03-11 03:51:08.000,10.8
2026-03-11 03:51:08.000,12
2026-03-11 03:51:10.000,12
2026-03-11 03:51:10.000,13.2
2026-03-11 03:51:16.000,13.2
2026-03-11 03:51:16.000,14.4
2026-03-11 03:51:18.000,14.4
2026-03-11 03:51:18.000,13.2
2026-03-11 03:51:22.000,13.2
2026-03-11 03:51:22.000,12
2026-03-11 03:51:34.000,12
2026-03-11 03:51:34.000,10.8
2026-03-11 03:51:46.000,10.8
2026-03-11 03:51:46.000,12
2026-03-11 03:51:58.000,12
2026-03-11 03:51:58.000,13.2
2026-03-11 03:52:02.000,13.2
2026-03-11 03:52:02.000,12
2026-03-11 03:52:16.000,12
2026-03-11 03:52:16.000,10.8
2026-03-11 03:52:20.000,10.8
2026-03-11 03:52:20.000,12
2026-03-11 03:52:24.000,12
2026-03-11 03:52:24.000,10.8
2026-03-11 03:52:32.000,10.8
2026-03-11 03:52:32.000,12
2026-03-11 03:52:42.000,12
2026-03-11 03:52:42.000,13.2
2026-03-11 03:52:50.000,13.2
2026-03-11 03:52:50.000,12
2026-03-11 03:52:56.000,12
2026-03-11 03:52:56.000,10.8
2026-03-11 03:53:16.000,10.8
2026-03-11 03:53:16.000,12
2026-03-11 03:53:48.000,12
2026-03-11 03:53:48.000,10.8
2026-03-11 03:54:08.000,10.8
2026-03-11 03:54:08.000,12
2026-03-11 03:54:30.000,12
2026-03-11 03:54:30.000,10.8
2026-03-11 03:54:48.000,10.8
2026-03-11 03:54:48.000,12
2026-03-11 03:54:56.000,12
2026-03-11 03:54:56.000,10.8
2026-03-11 03:54:58.000,10.8
2026-03-11 03:54:58.000,12
2026-03-11 03:55:04.000,12
2026-03-11 03:55:04.000,10.8
2026-03-11 03:55:06.000,10.8
2026-03-11 03:55:06.000,12
2026-03-11 03:55:18.000,12
2026-03-11 03:55:18.000,10.8
2026-03-11 03:55:22.000,10.8
2026-03-11 03:55:22.000,12
2026-03-11 03:55:26.000,12
2026-03-11 03:55:26.000,10.8
2026-03-11 03:55:28.000,10.8
2026-03-11 03:55:28.000,12
2026-03-11 03:55:36.000,12
2026-03-11 03:55:36.000,10.8
2026-03-11 03:55:54.000,10.8
2026-03-11 03:55:54.000,12
2026-03-11 03:56:08.000,12
2026-03-11 03:56:08.000,10.8
2026-03-11 03:56:16.000,10.8
2026-03-11 03:56:16.000,12
2026-03-11 03:56:28.000,12
2026-03-11 03:56:28.000,10.8
2026-03-11 03:56:44.000,10.8
2026-03-11 03:56:44.000,12
2026-03-11 03:56:46.000,12
2026-03-11 03:56:46.000,10.8
2026-03-11 03:56:48.000,10.8
2026-03-11 03:56:48.000,12
2026-03-11 03:56:56.000,12
2026-03-11 03:56:56.000,10.8
2026-03-11 03:56:58.000,10.8
2026-03-11 03:56:58.000,12
2026-03-11 03:57:02.000,12
2026-03-11 03:57:02.000,10.8
2026-03-11 03:57:04.000,10.8
2026-03-11 03:57:04.000,12
2026-03-11 03:57:08.000,12
2026-03-11 03:57:08.000,13.2
2026-03-11 03:57:10.000,13.2
2026-03-11 03:57:10.000,12
2026-03-11 03:57:12.000,12
2026-03-11 03:57:12.000,10.8
2026-03-11 03:57:14.000,10.8
2026-03-11 03:57:14.000,9.6
2026-03-11 03:57:16.000,9.6
2026-03-11 03:57:16.000,8.4
2026-03-11 03:57:44.000,8.4
2026-03-11 03:57:44.000,10.8
2026-03-11 03:57:46.000,10.8
2026-03-11 03:57:46.000,18
2026-03-11 03:57:48.000,18
2026-03-11 03:57:48.000,25.2
2026-03-11 03:57:50.000,25.2
2026-03-11 03:57:50.000,31.2
2026-03-11 03:57:52.000,31.2
2026-03-11 03:57:52.000,36
2026-03-11 03:57:54.000,36
2026-03-11 03:57:54.000,34.8
2026-03-11 03:57:56.000,34.8
2026-03-11 03:57:56.000,36
2026-03-11 03:57:58.000,36
2026-03-11 03:57:58.000,34.8
2026-03-11 03:58:00.000,34.8
2026-03-11 03:58:00.000,33.6
2026-03-11 03:58:02.000,33.6
2026-03-11 03:58:02.000,30
2026-03-11 03:58:06.000,30
2026-03-11 03:58:06.000,31.2
2026-03-11 03:58:10.000,31.2
2026-03-11 03:58:10.000,32.4
2026-03-11 03:58:12.000,32.4
2026-03-11 03:58:12.000,33.6
2026-03-11 03:58:14.000,33.6
2026-03-11 03:58:14.000,34.8
2026-03-11 03:58:18.000,34.8
2026-03-11 03:58:18.000,30
2026-03-11 03:58:20.000,30
2026-03-11 03:58:20.000,22.8
2026-03-11 03:58:22.000,22.8
2026-03-11 03:58:22.000,20.4
2026-03-11 03:58:24.000,20.4
2026-03-11 03:58:24.000,14.4
2026-03-11 03:58:26.000,14.4
2026-03-11 03:58:26.000,18
2026-03-11 03:58:28.000,18
2026-03-11 03:58:28.000,21.6
2026-03-11 03:58:30.000,21.6
2026-03-11 03:58:30.000,25.2
2026-03-11 03:58:32.000,25.2
2026-03-11 03:58:32.000,24
2026-03-11 03:58:34.000,24
2026-03-11 03:58:34.000,25.2
2026-03-11 03:58:36.000,25.2
2026-03-11 03:58:36.000,22.8
2026-03-11 03:58:38.000,22.8
2026-03-11 03:58:38.000,19.2
2026-03-11 03:58:40.000,19.2
2026-03-11 03:58:40.000,20.4
2026-03-11 03:58:46.000,20.4
2026-03-11 03:58:46.000,18
2026-03-11 03:58:48.000,18
2026-03-11 03:58:48.000,14.4
2026-03-11 03:58:52.000,14.4
2026-03-11 03:58:52.000,13.2
2026-03-11 03:58:54.000,13.2
2026-03-11 03:58:54.000,14.4
2026-03-11 03:58:56.000,14.4
2026-03-11 03:58:56.000,16.8
2026-03-11 03:58:58.000,16.8
2026-03-11 03:58:58.000,18
2026-03-11 03:59:00.000,18
2026-03-11 03:59:00.000,20.4
2026-03-11 03:59:02.000,20.4
2026-03-11 03:59:02.000,22.8
2026-03-11 03:59:16.000,22.8
2026-03-11 03:59:16.000,21.6
2026-03-11 03:59:24.000,21.6
2026-03-11 03:59:24.000,20.4
2026-03-11 03:59:30.000,20.4
2026-03-11 03:59:30.000,21.6
2026-03-11 03:59:34.000,21.6
2026-03-11 03:59:34.000,20.4
2026-03-11 03:59:36.000,20.4
2026-03-11 03:59:36.000,19.2
2026-03-11 03:59:38.000,19.2
2026-03-11 03:59:38.000,18
2026-03-11 03:59:46.000,18
2026-03-11 03:59:46.000,16.8
2026-03-11 03:59:48.000,16.8
2026-03-11 03:59:48.000,15.6
2026-03-11 03:59:50.000,15.6
2026-03-11 03:59:50.000,10.8
2026-03-11 03:59:52.000,10.8
2026-03-11 03:59:52.000,13.2
2026-03-11 03:59:54.000,13.2
2026-03-11 03:59:54.000,9.6
2026-03-11 04:00:00.000,9.6
2026-03-11 04:00:00.000,8.4
2026-03-11 04:00:06.000,8.4
2026-03-11 04:00:06.000,9.6
2026-03-11 04:00:10.000,9.6
2026-03-11 04:00:10.000,10.8
2026-03-11 04:00:12.000,10.8
2026-03-11 04:00:12.000,13.2
2026-03-11 04:00:14.000,13.2
2026-03-11 04:00:14.000,19.2
2026-03-11 04:00:16.000,19.2
2026-03-11 04:00:16.000,20.4
2026-03-11 04:00:18.000,20.4
2026-03-11 04:00:18.000,26.4
2026-03-11 04:00:22.000,26.4
2026-03-11 04:00:22.000,30
2026-03-11 04:00:24.000,30
2026-03-11 04:00:24.000,28.8
2026-03-11 04:00:26.000,28.8
2026-03-11 04:00:26.000,31.2
2026-03-11 04:00:46.000,31.2
2026-03-11 04:00:46.000,32.4
2026-03-11 04:00:48.000,32.4
2026-03-11 04:00:48.000,31.2
2026-03-11 04:00:54.000,31.2
2026-03-11 04:00:54.000,32.4
2026-03-11 04:00:56.000,32.4
2026-03-11 04:00:56.000,31.2
2026-03-11 04:00:58.000,31.2
2026-03-11 04:00:58.000,26.4
2026-03-11 04:01:00.000,26.4
2026-03-11 04:01:00.000,27.6
2026-03-11 04:01:02.000,27.6
2026-03-11 04:01:02.000,25.2
2026-03-11 04:01:06.000,25.2
2026-03-11 04:01:06.000,24
2026-03-11 04:01:08.000,24
2026-03-11 04:01:08.000,22.8
2026-03-11 04:02:12.000,22.8
2026-03-11 04:02:12.000,24
2026-03-11 04:02:14.000,24
2026-03-11 04:02:14.000,22.8
2026-03-11 04:02:46.000,22.8
2026-03-11 04:02:46.000,20.4
2026-03-11 04:02:48.000,20.4
2026-03-11 04:02:48.000,19.2
2026-03-11 04:03:04.000,19.2
2026-03-11 04:03:04.000,20.4
2026-03-11 04:03:14.000,20.4
2026-03-11 04:03:14.000,21.6
2026-03-11 04:03:18.000,21.6
2026-03-11 04:03:18.000,22.8
2026-03-11 04:03:22.000,22.8
2026-03-11 04:03:22.000,21.6
2026-03-11 04:03:30.000,21.6
2026-03-11 04:03:30.000,22.8
2026-03-11 04:03:42.000,22.8
2026-03-11 04:03:42.000,24
2026-03-11 04:04:06.000,24
2026-03-11 04:04:06.000,25.2
2026-03-11 04:04:12.000,25.2
2026-03-11 04:04:12.000,24
2026-03-11 04:04:14.000,24
2026-03-11 04:04:14.000,25.2
2026-03-11 04:04:48.000,25.2
2026-03-11 04:04:48.000,24
2026-03-11 04:04:50.000,24
2026-03-11 04:04:50.000,25.2
2026-03-11 04:04:52.000,25.2
2026-03-11 04:04:52.000,24
2026-03-11 04:04:54.000,24
2026-03-11 04:04:54.000,25.2
2026-03-11 04:05:36.000,25.2
2026-03-11 04:05:36.000,26.4
2026-03-11 04:05:40.000,26.4
2026-03-11 04:05:40.000,25.2
2026-03-11 04:06:30.000,25.2
2026-03-11 04:06:30.000,26.4
2026-03-11 04:06:34.000,26.4
2026-03-11 04:06:34.000,25.2
2026-03-11 04:06:38.000,25.2
2026-03-11 04:06:38.000,24
2026-03-11 04:06:54.000,24
2026-03-11 04:06:54.000,25.2
2026-03-11 04:07:24.000,25.2
2026-03-11 04:07:24.000,24
2026-03-11 04:07:30.000,24
2026-03-11 04:07:30.000,25.2
2026-03-11 04:07:48.000,25.2
2026-03-11 04:07:48.000,26.4
2026-03-11 04:07:50.000,26.4
2026-03-11 04:07:50.000,25.2
2026-03-11 04:08:02.000,25.2
2026-03-11 04:08:02.000,26.4
2026-03-11 04:08:06.000,26.4
2026-03-11 04:08:06.000,25.2
2026-03-11 04:08:10.000,25.2
2026-03-11 04:08:10.000,18
2026-03-11 04:08:12.000,18
2026-03-11 04:08:12.000,19.2
2026-03-11 04:08:14.000,19.2
2026-03-11 04:08:14.000,15.6
2026-03-11 04:08:16.000,15.6
2026-03-11 04:08:16.000,14.4
2026-03-11 04:08:18.000,14.4
2026-03-11 04:08:18.000,16.8
2026-03-11 04:08:28.000,16.8
2026-03-11 04:08:28.000,18
2026-03-11 04:08:56.000,18
2026-03-11 04:08:56.000,16.8
2026-03-11 04:09:00.000,16.8
2026-03-11 04:09:00.000,18
2026-03-11 04:09:04.000,18
2026-03-11 04:09:04.000,16.8
2026-03-11 04:09:06.000,16.8
2026-03-11 04:09:06.000,18
2026-03-11 04:09:28.000,18
2026-03-11 04:09:28.000,16.8
2026-03-11 04:09:30.000,16.8
2026-03-11 04:09:30.000,18
2026-03-11 04:09:42.000,18
2026-03-11 04:09:42.000,16.8
2026-03-11 04:09:52.000,16.8
2026-03-11 04:09:52.000,18
2026-03-11 04:10:00.000,18
2026-03-11 04:10:00.000,16.8
2026-03-11 04:10:12.000,16.8
2026-03-11 04:10:12.000,18
2026-03-11 04:10:28.000,18
2026-03-11 04:10:28.000,16.8
2026-03-11 04:10:52.000,16.8
2026-03-11 04:10:52.000,18
2026-03-11 04:11:06.000,18
2026-03-11 04:11:06.000,16.8
2026-03-11 04:11:20.000,16.8
2026-03-11 04:11:20.000,18
2026-03-11 04:11:24.000,18
2026-03-11 04:11:24.000,16.8
2026-03-11 04:11:40.000,16.8
2026-03-11 04:11:40.000,18
2026-03-11 04:11:42.000,18
2026-03-11 04:11:42.000,16.8
2026-03-11 04:11:44.000,16.8
2026-03-11 04:11:44.000,18
2026-03-11 04:11:56.000,18
2026-03-11 04:11:56.000,16.8
2026-03-11 04:12:28.000,16.8
2026-03-11 04:12:28.000,18
2026-03-11 04:12:32.000,18
2026-03-11 04:12:32.000,16.8
2026-03-11 04:12:36.000,16.8
2026-03-11 04:12:36.000,18
2026-03-11 04:12:38.000,18
2026-03-11 04:12:38.000,16.8
2026-03-11 04:12:54.000,16.8
2026-03-11 04:12:54.000,15.6
2026-03-11 04:13:00.000,15.6
2026-03-11 04:13:00.000,16.8
2026-03-11 04:13:06.000,16.8
2026-03-11 04:13:06.000,18
2026-03-11 04:13:08.000,18
2026-03-11 04:13:08.000,16.8
2026-03-11 04:13:10.000,16.8
2026-03-11 04:13:10.000,18
2026-03-11 04:13:16.000,18
2026-03-11 04:13:16.000,16.8
2026-03-11 04:13:20.000,16.8
2026-03-11 04:13:20.000,15.6
2026-03-11 04:13:22.000,15.6
2026-03-11 04:13:22.000,16.8
2026-03-11 04:13:28.000,16.8
2026-03-11 04:13:28.000,18
2026-03-11 04:13:32.000,18
2026-03-11 04:13:32.000,15.6
2026-03-11 04:13:34.000,15.6
2026-03-11 04:13:34.000,16.8
2026-03-11 04:13:42.000,16.8
2026-03-11 04:13:42.000,18
2026-03-11 04:13:52.000,18
2026-03-11 04:13:52.000,16.8
2026-03-11 04:13:56.000,16.8
2026-03-11 04:13:56.000,18
2026-03-11 04:14:00.000,18
2026-03-11 04:14:00.000,19.2
2026-03-11 04:14:08.000,19.2
2026-03-11 04:14:08.000,18
2026-03-11 04:14:10.000,18
2026-03-11 04:14:10.000,16.8
2026-03-11 04:14:16.000,16.8
2026-03-11 04:14:16.000,18
2026-03-11 04:14:20.000,18
2026-03-11 04:14:20.000,19.2
2026-03-11 04:14:22.000,19.2
2026-03-11 04:14:22.000,20.4
2026-03-11 04:14:24.000,20.4
2026-03-11 04:14:24.000,21.6
2026-03-11 04:14:26.000,21.6
2026-03-11 04:14:26.000,24
2026-03-11 04:14:32.000,24
2026-03-11 04:14:32.000,25.2
2026-03-11 04:14:36.000,25.2
2026-03-11 04:14:36.000,24
2026-03-11 04:14:40.000,24
2026-03-11 04:14:40.000,22.8
2026-03-11 04:14:42.000,22.8
2026-03-11 04:14:42.000,24
2026-03-11 04:14:44.000,24
2026-03-11 04:14:44.000,22.8
2026-03-11 04:14:48.000,22.8
2026-03-11 04:14:48.000,21.6
2026-03-11 04:14:50.000,21.6
2026-03-11 04:14:50.000,20.4
2026-03-11 04:14:54.000,20.4
2026-03-11 04:14:54.000,19.2
2026-03-11 04:14:58.000,19.2
2026-03-11 04:14:58.000,18
2026-03-11 04:15:06.000,18
2026-03-11 04:15:06.000,16.8
2026-03-11 04:15:56.000,16.8
2026-03-11 04:15:56.000,15.6
2026-03-11 04:15:58.000,15.6
2026-03-11 04:15:58.000,16.8
2026-03-11 04:16:08.000,16.8
2026-03-11 04:16:08.000,18
2026-03-11 04:16:20.000,18
2026-03-11 04:16:20.000,19.2
2026-03-11 04:16:22.000,19.2
2026-03-11 04:16:22.000,20.4
2026-03-11 04:16:24.000,20.4
2026-03-11 04:16:24.000,14.4
2026-03-11 04:16:26.000,14.4
2026-03-11 04:16:26.000,13.2
2026-03-11 04:16:28.000,13.2
2026-03-11 04:16:28.000,16.8
2026-03-11 04:16:32.000,16.8
2026-03-11 04:16:32.000,20.4
2026-03-11 04:16:34.000,20.4
2026-03-11 04:16:34.000,24
2026-03-11 04:16:36.000,24
2026-03-11 04:16:36.000,28.8
2026-03-11 04:16:38.000,28.8
2026-03-11 04:16:38.000,33.6
2026-03-11 04:16:40.000,33.6
2026-03-11 04:16:40.000,38.4
2026-03-11 04:16:42.000,38.4
2026-03-11 04:16:42.000,42
2026-03-11 04:16:46.000,42
2026-03-11 04:16:46.000,43.2
2026-03-11 04:16:50.000,43.2
2026-03-11 04:16:50.000,44.4
2026-03-11 04:16:52.000,44.4
2026-03-11 04:16:52.000,43.2
2026-03-11 04:16:56.000,43.2
2026-03-11 04:16:56.000,42
2026-03-11 04:17:00.000,42
2026-03-11 04:17:00.000,40.8
2026-03-11 04:17:10.000,40.8
2026-03-11 04:17:10.000,39.6
2026-03-11 04:17:12.000,39.6
2026-03-11 04:17:12.000,40.8
2026-03-11 04:17:20.000,40.8
2026-03-11 04:17:20.000,42
2026-03-11 04:17:26.000,42
2026-03-11 04:17:26.000,40.8
2026-03-11 04:17:28.000,40.8
2026-03-11 04:17:28.000,42
2026-03-11 04:17:30.000,42
2026-03-11 04:17:30.000,40.8
2026-03-11 04:17:36.000,40.8
2026-03-11 04:17:36.000,42
2026-03-11 04:17:46.000,42
2026-03-11 04:17:46.000,40.8
2026-03-11 04:17:50.000,40.8
2026-03-11 04:17:50.000,42
2026-03-11 04:17:52.000,42
2026-03-11 04:17:52.000,40.8
2026-03-11 04:17:56.000,40.8
2026-03-11 04:17:56.000,42
2026-03-11 04:18:02.000,42
2026-03-11 04:18:02.000,39.6
2026-03-11 04:18:04.000,39.6
2026-03-11 04:18:04.000,34.8
2026-03-11 04:18:06.000,34.8
2026-03-11 04:18:06.000,24
2026-03-11 04:18:08.000,24
2026-03-11 04:18:08.000,22.8
2026-03-11 04:18:10.000,22.8
2026-03-11 04:18:10.000,19.2
2026-03-11 04:18:26.000,19.2
2026-03-11 04:18:26.000,20.4
2026-03-11 04:18:28.000,20.4
2026-03-11 04:18:28.000,24
2026-03-11 04:18:30.000,24
2026-03-11 04:18:30.000,30
2026-03-11 04:18:32.000,30
2026-03-11 04:18:32.000,27.6
2026-03-11 04:18:34.000,27.6
2026-03-11 04:18:34.000,31.2
2026-03-11 04:18:36.000,31.2
2026-03-11 04:18:36.000,30
2026-03-11 04:18:40.000,30
2026-03-11 04:18:40.000,31.2
2026-03-11 04:18:44.000,31.2
2026-03-11 04:18:44.000,32.4
2026-03-11 04:18:50.000,32.4
2026-03-11 04:18:50.000,33.6
2026-03-11 04:18:56.000,33.6
2026-03-11 04:18:56.000,34.8
2026-03-11 04:19:00.000,34.8
2026-03-11 04:19:00.000,36
2026-03-11 04:19:02.000,36
2026-03-11 04:19:02.000,34.8
2026-03-11 04:19:14.000,34.8
2026-03-11 04:19:14.000,36
2026-03-11 04:19:16.000,36
2026-03-11 04:19:16.000,34.8
2026-03-11 04:19:28.000,34.8
2026-03-11 04:19:28.000,33.6
2026-03-11 04:19:32.000,33.6
2026-03-11 04:19:32.000,34.8
2026-03-11 04:19:34.000,34.8
2026-03-11 04:19:34.000,32.4
2026-03-11 04:19:36.000,32.4
2026-03-11 04:19:36.000,25.2
2026-03-11 04:19:38.000,25.2
2026-03-11 04:19:38.000,21.6
2026-03-11 04:19:40.000,21.6
2026-03-11 04:19:40.000,18
2026-03-11 04:19:42.000,18
2026-03-11 04:19:42.000,21.6
2026-03-11 04:19:44.000,21.6
2026-03-11 04:19:44.000,20.4
2026-03-11 04:19:46.000,20.4
2026-03-11 04:19:46.000,19.2
2026-03-11 04:19:50.000,19.2
2026-03-11 04:19:50.000,18
2026-03-11 04:20:00.000,18
2026-03-11 04:20:00.000,21.6
2026-03-11 04:20:02.000,21.6
2026-03-11 04:20:02.000,19.2
2026-03-11 04:20:04.000,19.2
2026-03-11 04:20:04.000,20.4
2026-03-11 04:20:06.000,20.4
2026-03-11 04:20:06.000,19.2
2026-03-11 04:20:08.000,19.2
2026-03-11 04:20:08.000,22.8
2026-03-11 04:20:10.000,22.8
2026-03-11 04:20:10.000,28.8
2026-03-11 04:20:12.000,28.8
2026-03-11 04:20:12.000,10.8
2026-03-11 04:20:14.000,10.8
2026-03-11 04:20:14.000,12
2026-03-11 04:20:18.000,12
2026-03-11 04:20:18.000,13.2
2026-03-11 04:20:20.000,13.2
2026-03-11 04:20:20.000,14.4
2026-03-11 04:20:24.000,14.4
2026-03-11 04:20:24.000,22.8
2026-03-11 04:20:26.000,22.8
2026-03-11 04:20:26.000,27.6
2026-03-11 04:20:28.000,27.6
2026-03-11 04:20:28.000,30
2026-03-11 04:20:30.000,30
2026-03-11 04:20:30.000,32.4
2026-03-11 04:20:38.000,32.4
2026-03-11 04:20:38.000,33.6
2026-03-11 04:20:40.000,33.6
2026-03-11 04:20:40.000,34.8
2026-03-11 04:20:48.000,34.8
2026-03-11 04:20:48.000,33.6
2026-03-11 04:20:52.000,33.6
2026-03-11 04:20:52.000,32.4
2026-03-11 04:21:08.000,32.4
2026-03-11 04:21:08.000,33.6
2026-03-11 04:21:22.000,33.6
2026-03-11 04:21:22.000,32.4
2026-03-11 04:21:44.000,32.4
2026-03-11 04:21:44.000,31.2
2026-03-11 04:21:46.000,31.2
2026-03-11 04:21:46.000,30
2026-03-11 04:21:48.000,30
2026-03-11 04:21:48.000,26.4
2026-03-11 04:21:52.000,26.4
2026-03-11 04:21:52.000,22.8
2026-03-11 04:21:56.000,22.8
2026-03-11 04:21:56.000,19.2
2026-03-11 04:21:58.000,19.2
2026-03-11 04:21:58.000,18
2026-03-11 04:22:00.000,18
2026-03-11 04:22:00.000,19.2
2026-03-11 04:22:02.000,19.2
2026-03-11 04:22:02.000,16.8
2026-03-11 04:22:06.000,16.8
2026-03-11 04:22:06.000,14.4
2026-03-11 04:22:10.000,14.4
2026-03-11 04:22:10.000,13.2
2026-03-11 04:22:12.000,13.2
2026-03-11 04:22:12.000,12
2026-03-11 04:22:18.000,12
2026-03-11 04:22:18.000,13.2
2026-03-11 04:22:22.000,13.2
2026-03-11 04:22:22.000,16.8
2026-03-11 04:22:24.000,16.8
2026-03-11 04:22:24.000,21.6
2026-03-11 04:22:26.000,21.6
2026-03-11 04:22:26.000,24
2026-03-11 04:22:28.000,24
2026-03-11 04:22:28.000,25.2
2026-03-11 04:22:30.000,25.2
2026-03-11 04:22:30.000,27.6
2026-03-11 04:22:34.000,27.6
2026-03-11 04:22:34.000,28.8
2026-03-11 04:22:44.000,28.8
2026-03-11 04:22:44.000,30
2026-03-11 04:22:46.000,30
2026-03-11 04:22:46.000,27.6
2026-03-11 04:22:48.000,27.6
2026-03-11 04:22:48.000,19.2
2026-03-11 04:22:50.000,19.2
2026-03-11 04:22:50.000,18
2026-03-11 04:22:52.000,18
2026-03-11 04:22:52.000,24
2026-03-11 04:22:54.000,24
2026-03-11 04:22:54.000,22.8
2026-03-11 04:22:56.000,22.8
2026-03-11 04:22:56.000,21.6
2026-03-11 04:22:58.000,21.6
2026-03-11 04:22:58.000,19.2
2026-03-11 04:23:02.000,19.2
2026-03-11 04:23:02.000,16.8
2026-03-11 04:23:04.000,16.8
2026-03-11 04:23:04.000,18
2026-03-11 04:23:06.000,18
2026-03-11 04:23:06.000,15.6
2026-03-11 04:23:08.000,15.6
2026-03-11 04:23:08.000,13.2
2026-03-11 04:23:10.000,13.2
2026-03-11 04:23:10.000,15.6
2026-03-11 04:23:12.000,15.6
2026-03-11 04:23:12.000,14.4
2026-03-11 04:23:28.000,14.4
2026-03-11 04:23:28.000,15.6
2026-03-11 04:24:36.000,15.6
2026-03-11 04:24:36.000,16.8
2026-03-11 04:24:40.000,16.8
2026-03-11 04:24:40.000,15.6
2026-03-11 04:25:20.000,15.6
2026-03-11 04:25:20.000,16.8
2026-03-11 04:25:28.000,16.8
2026-03-11 04:25:28.000,15.6
2026-03-11 04:26:06.000,15.6
2026-03-11 04:26:06.000,16.8
2026-03-11 04:26:12.000,16.8
2026-03-11 04:26:12.000,15.6
2026-03-11 04:27:00.000,15.6
2026-03-11 04:27:00.000,16.8
2026-03-11 04:27:02.000,16.8
2026-03-11 04:27:02.000,15.6
2026-03-11 04:27:06.000,15.6
2026-03-11 04:27:06.000,16.8
2026-03-11 04:27:08.000,16.8
2026-03-11 04:27:08.000,15.6
2026-03-11 04:27:46.000,15.6
2026-03-11 04:27:46.000,16.8
2026-03-11 04:27:52.000,16.8
2026-03-11 04:27:52.000,15.6
2026-03-11 04:28:42.000,15.6
2026-03-11 04:28:42.000,16.8
2026-03-11 04:28:48.000,16.8
2026-03-11 04:28:48.000,15.6
2026-03-11 04:29:30.000,15.6
2026-03-11 04:29:30.000,16.8
2026-03-11 04:29:38.000,16.8
2026-03-11 04:29:38.000,15.6
2026-03-11 04:30:20.000,15.6
2026-03-11 04:30:20.000,16.8
2026-03-11 04:30:28.000,16.8
2026-03-11 04:30:28.000,15.6
2026-03-11 04:30:36.000,15.6
2026-03-11 04:30:36.000,16.8
2026-03-11 04:30:38.000,16.8
2026-03-11 04:30:38.000,15.6
2026-03-11 04:31:14.000,15.6
2026-03-11 04:31:14.000,16.8
2026-03-11 04:31:16.000,16.8
2026-03-11 04:31:16.000,15.6
2026-03-11 04:31:52.000,15.6
2026-03-11 04:31:52.000,16.8
2026-03-11 04:31:54.000,16.8
2026-03-11 04:31:54.000,18
2026-03-11 04:32:00.000,18
2026-03-11 04:32:00.000,15.6
2026-03-11 04:32:02.000,15.6
2026-03-11 04:32:02.000,18
2026-03-11 04:32:04.000,18
2026-03-11 04:32:04.000,14.4
2026-03-11 04:32:08.000,14.4
2026-03-11 04:32:08.000,15.6
2026-03-11 04:32:14.000,15.6
2026-03-11 04:32:14.000,16.8
2026-03-11 04:32:20.000,16.8
2026-03-11 04:32:20.000,15.6
2026-03-11 04:32:32.000,15.6
2026-03-11 04:32:32.000,16.8
2026-03-11 04:32:38.000,16.8
2026-03-11 04:32:38.000,21.6
2026-03-11 04:32:40.000,21.6
2026-03-11 04:32:40.000,22.8
2026-03-11 04:32:42.000,22.8
2026-03-11 04:32:42.000,4.8
2026-03-11 04:32:44.000,4.8
2026-03-11 04:32:44.000,8.4
2026-03-11 04:32:46.000,8.4
2026-03-11 04:32:46.000,9.6
2026-03-11 04:32:48.000,9.6
2026-03-11 04:32:48.000,12
2026-03-11 04:32:50.000,12
2026-03-11 04:32:50.000,13.2
2026-03-11 04:32:56.000,13.2
2026-03-11 04:32:56.000,14.4
2026-03-11 04:33:04.000,14.4
2026-03-11 04:33:04.000,15.6
2026-03-11 04:33:12.000,15.6
2026-03-11 04:33:12.000,16.8
2026-03-11 04:33:14.000,16.8
2026-03-11 04:33:14.000,18
2026-03-11 04:33:24.000,18
2026-03-11 04:33:24.000,16.8
2026-03-11 04:33:32.000,16.8
2026-03-11 04:33:32.000,15.6
2026-03-11 04:33:44.000,15.6
2026-03-11 04:33:44.000,16.8
2026-03-11 04:33:46.000,16.8
2026-03-11 04:33:46.000,15.6
2026-03-11 04:33:48.000,15.6
2026-03-11 04:33:48.000,18
2026-03-11 04:33:50.000,18
2026-03-11 04:33:50.000,19.2
2026-03-11 04:33:52.000,19.2
2026-03-11 04:33:52.000,21.6
2026-03-11 04:33:56.000,21.6
2026-03-11 04:33:56.000,16.8
2026-03-11 04:34:00.000,16.8
2026-03-11 04:34:00.000,13.2
2026-03-11 04:34:02.000,13.2
2026-03-11 04:34:02.000,12
2026-03-11 04:34:04.000,12
2026-03-11 04:34:04.000,13.2
2026-03-11 04:34:20.000,13.2
2026-03-11 04:34:20.000,14.4
2026-03-11 04:34:24.000,14.4
2026-03-11 04:34:24.000,15.6
2026-03-11 04:34:28.000,15.6
2026-03-11 04:34:28.000,19.2
2026-03-11 04:34:30.000,19.2
2026-03-11 04:34:30.000,16.8
2026-03-11 04:34:34.000,16.8
2026-03-11 04:34:34.000,15.6
2026-03-11 04:34:40.000,15.6
2026-03-11 04:34:40.000,14.4
2026-03-11 04:35:02.000,14.4
2026-03-11 04:35:02.000,15.6
2026-03-11 04:35:20.000,15.6
2026-03-11 04:35:20.000,14.4
2026-03-11 04:35:44.000,14.4
2026-03-11 04:35:44.000,15.6
2026-03-11 04:36:00.000,15.6
2026-03-11 04:36:00.000,14.4
2026-03-11 04:36:20.000,14.4
2026-03-11 04:36:20.000,15.6
2026-03-11 04:36:42.000,15.6
2026-03-11 04:36:42.000,14.4
2026-03-11 04:37:02.000,14.4
2026-03-11 04:37:02.000,15.6
2026-03-11 04:37:20.000,15.6
2026-03-11 04:37:20.000,14.4
2026-03-11 04:37:38.000,14.4
2026-03-11 04:37:38.000,15.6
2026-03-11 04:37:56.000,15.6
2026-03-11 04:37:56.000,14.4
2026-03-11 04:38:06.000,14.4
2026-03-11 04:38:06.000,15.6
2026-03-11 04:38:08.000,15.6
2026-03-11 04:38:08.000,14.4
2026-03-11 04:38:10.000,14.4
2026-03-11 04:38:10.000,15.6
2026-03-11 04:38:18.000,15.6
2026-03-11 04:38:18.000,21.6
2026-03-11 04:38:22.000,21.6
2026-03-11 04:38:22.000,15.6
2026-03-11 04:38:24.000,15.6
2026-03-11 04:38:24.000,10.8
2026-03-11 04:38:26.000,10.8
2026-03-11 04:38:26.000,3.6
2026-03-11 04:38:28.000,3.6
2026-03-11 04:38:28.000,7.2
2026-03-11 04:38:30.000,7.2
2026-03-11 04:38:30.000,9.6
2026-03-11 04:38:32.000,9.6
2026-03-11 04:38:32.000,13.2
2026-03-11 04:38:34.000,13.2
2026-03-11 04:38:34.000,14.4
2026-03-11 04:38:36.000,14.4
2026-03-11 04:38:36.000,15.6
2026-03-11 04:38:38.000,15.6
2026-03-11 04:38:38.000,18
2026-03-11 04:38:42.000,18
2026-03-11 04:38:42.000,25.2
2026-03-11 04:38:44.000,25.2
2026-03-11 04:38:44.000,28.8
2026-03-11 04:38:46.000,28.8
2026-03-11 04:38:46.000,34.8
2026-03-11 04:38:48.000,34.8
2026-03-11 04:38:48.000,38.4
2026-03-11 04:38:50.000,38.4
2026-03-11 04:38:50.000,44.4
2026-03-11 04:38:54.000,44.4
2026-03-11 04:38:54.000,48
2026-03-11 04:38:58.000,48
2026-03-11 04:38:58.000,49.2
2026-03-11 04:39:00.000,49.2
2026-03-11 04:39:00.000,50.4
2026-03-11 04:39:04.000,50.4
2026-03-11 04:39:04.000,51.6
2026-03-11 04:39:10.000,51.6
2026-03-11 04:39:10.000,52.8
2026-03-11 04:39:14.000,52.8
2026-03-11 04:39:14.000,54
2026-03-11 04:39:20.000,54
2026-03-11 04:39:20.000,55.2
2026-03-11 04:39:22.000,55.2
2026-03-11 04:39:22.000,56.4
2026-03-11 04:39:24.000,56.4
2026-03-11 04:39:24.000,55.2
2026-03-11 04:39:26.000,55.2
2026-03-11 04:39:26.000,54
2026-03-11 04:39:32.000,54
2026-03-11 04:39:32.000,52.8
2026-03-11 04:39:38.000,52.8
2026-03-11 04:39:38.000,54
2026-03-11 04:39:42.000,54
2026-03-11 04:39:42.000,55.2
2026-03-11 04:39:46.000,55.2
2026-03-11 04:39:46.000,56.4
2026-03-11 04:39:52.000,56.4
2026-03-11 04:39:52.000,55.2
2026-03-11 04:40:00.000,55.2
2026-03-11 04:40:00.000,51.6
2026-03-11 04:40:02.000,51.6
2026-03-11 04:40:02.000,36
2026-03-11 04:40:04.000,36
2026-03-11 04:40:04.000,22.8
2026-03-11 04:40:06.000,22.8
2026-03-11 04:40:06.000,20.4
2026-03-11 04:40:08.000,20.4
2026-03-11 04:40:08.000,18
2026-03-11 04:40:10.000,18
2026-03-11 04:40:10.000,20.4
2026-03-11 04:40:12.000,20.4
2026-03-11 04:40:12.000,19.2
2026-03-11 04:40:24.000,19.2
2026-03-11 04:40:24.000,20.4
2026-03-11 04:40:30.000,20.4
2026-03-11 04:40:30.000,21.6
2026-03-11 04:40:42.000,21.6
2026-03-11 04:40:42.000,20.4
2026-03-11 04:40:50.000,20.4
2026-03-11 04:40:50.000,19.2
2026-03-11 04:41:02.000,19.2
2026-03-11 04:41:02.000,20.4
2026-03-11 04:41:06.000,20.4
2026-03-11 04:41:06.000,21.6
2026-03-11 04:41:16.000,21.6
2026-03-11 04:41:16.000,20.4
2026-03-11 04:41:30.000,20.4
2026-03-11 04:41:30.000,19.2
2026-03-11 04:41:32.000,19.2
2026-03-11 04:41:32.000,20.4
2026-03-11 04:41:44.000,20.4
2026-03-11 04:41:44.000,21.6
2026-03-11 04:41:56.000,21.6
2026-03-11 04:41:56.000,20.4
2026-03-11 04:42:00.000,20.4
2026-03-11 04:42:00.000,19.2
2026-03-11 04:42:02.000,19.2
2026-03-11 04:42:02.000,20.4
2026-03-11 04:42:22.000,20.4
2026-03-11 04:42:22.000,21.6
2026-03-11 04:42:34.000,21.6
2026-03-11 04:42:34.000,22.8
2026-03-11 04:42:42.000,22.8
2026-03-11 04:42:42.000,24
2026-03-11 04:42:46.000,24
2026-03-11 04:42:46.000,25.2
2026-03-11 04:43:04.000,25.2
2026-03-11 04:43:04.000,26.4
2026-03-11 04:43:16.000,26.4
2026-03-11 04:43:16.000,25.2
2026-03-11 04:43:38.000,25.2
2026-03-11 04:43:38.000,26.4
2026-03-11 04:44:24.000,26.4
2026-03-11 04:44:24.000,27.6
2026-03-11 04:44:42.000,27.6
2026-03-11 04:44:42.000,28.8
2026-03-11 04:44:44.000,28.8
2026-03-11 04:44:44.000,27.6
2026-03-11 04:44:46.000,27.6
2026-03-11 04:44:46.000,28.8
2026-03-11 04:45:20.000,28.8
2026-03-11 04:45:20.000,30
2026-03-11 04:45:32.000,30
2026-03-11 04:45:32.000,31.2
2026-03-11 04:45:34.000,31.2
2026-03-11 04:45:34.000,34.8
2026-03-11 04:45:38.000,34.8
2026-03-11 04:45:38.000,37.2
2026-03-11 04:45:42.000,37.2
2026-03-11 04:45:42.000,38.4
2026-03-11 04:45:44.000,38.4
2026-03-11 04:45:44.000,39.6
2026-03-11 04:45:52.000,39.6
2026-03-11 04:45:52.000,40.8
2026-03-11 04:46:18.000,40.8
